id,outlet,url,published_at,title,lead,rubric,language,country
a87670cbc9ec,interfax,https://www.interfax.ru/russia/1065721,2025-12-29 00:00:00,Подписан закон о совместном использовании телеком-операторами базовых станций в селах и на дорогах,,,ru,RU
6bff39749137,interfax,https://www.interfax.ru/russia/1065713,2025-12-29 00:00:00,РФ пересмотрит переговорную позицию после попытки атаки на резиденцию президента,,,ru,RU
3daad55acb34,interfax,https://www.interfax.ru/russia/1065712,2025-12-29 00:00:00,Бывшего свердловского вице-губернатора Чемезова могут перевести под домашний арест,,,ru,RU
35eea18e8977,interfax,https://www.interfax.ru/russia/1065714,2025-12-29 00:00:00,Грушко назвал атаку БПЛА на резиденцию президента попыткой подорвать переговоры,,,ru,RU
979fd24d4f91,interfax,https://www.interfax.ru/moscow/1065715,2025-12-29 00:00:00,В Москве пробки достигали восьми баллов,,,ru,RU
9817c7bed4e1,interfax,https://www.interfax.ru/world/1065716,2025-12-29 00:00:00,Минэнерго США перенесло публикацию данных о запасах нефти,,,ru,RU
4b04234bfedb,interfax,https://www.interfax.ru/business/1065717,2025-12-29 00:00:00,Индекс МосБиржи упал к 2740 пунктах на словах Лаврова о пересмотре переговорной позиции,,,ru,RU
77a5b4d9eb10,interfax,https://www.interfax.ru/business/1065718,2025-12-29 00:00:00,"Brent подорожала до $61,97 за баррель",,,ru,RU
e59beddd9576,interfax,https://www.interfax.ru/russia/1065719,2025-12-29 00:00:00,В Белом доме сообщили о состоявшемся в понедельник разговоре Трампа и Путина,,,ru,RU
7a6d5ce503ae,interfax,https://www.interfax.ru/photo/7342,2025-12-29 00:00:00,10Фотохроника 27 марта,,,ru,RU
85d792d7e64d,interfax,https://www.interfax.ru/business/1065711,2025-12-29 00:00:00,Опрошенные FT экономисты связывают будущее экономики Европы с бюджетной политикой ФРГ,,,ru,RU
0847baafc09c,interfax,https://www.interfax.ru/russia/1065720,2025-12-29 00:00:00,В МИД России изучают ситуацию вокруг уголовного дела француза Винатье,,,ru,RU
19e4e773bc2e,interfax,https://www.interfax.ru/russia/1065722,2025-12-29 00:00:00,Электроснабжение Запорожской АЭС по резервной линии восстановлено,,,ru,RU
8ecb258afedb,interfax,https://www.interfax.ru/russia/1065724,2025-12-29 00:00:00,Ушаков сообщил о шоке Трампа от новости об атаке на резиденцию Путина,,,ru,RU
26ab398c95dc,interfax,https://www.interfax.ru/russia/1065725,2025-12-29 00:00:00,Власти США сообщили Путину об основных итогах переговоров в Мар-а-Лаго,,,ru,RU
c99873e6c296,interfax,https://www.interfax.ru/business/1065726,2025-12-29 00:00:00,Ведущие американские ИИ-стартапы в 2025 г. привлекли рекордные $150 млрд,,,ru,RU
b67f7ec64b11,interfax,https://www.interfax.ru/russia/1065727,2025-12-29 00:00:00,Путин подписал указ о призыве 261 тыс. человек на военную службу в 2026 г.,,,ru,RU
111c16b11150,interfax,https://www.interfax.ru/business/1065728,2025-12-29 00:00:00,Промпроизводство в Индии в ноябре выросло максимально более чем за два года,,,ru,RU
5581712ce060,interfax,https://www.interfax.ru/russia/1065729,2025-12-29 00:00:00,"Ушаков заявил, что США предлагали Украине не прикрываться идеей временного прекращения огня",,,ru,RU
ecf43a1ea9b4,interfax,https://www.interfax.ru/russia/1065730,2025-12-29 00:00:00,Новобранцев-срочников будут отправлять в войска по-прежнему дважды в год,,,ru,RU
e6d958c5f20b,interfax,https://www.interfax.ru/russia/1065731,2025-12-29 00:00:00,В Кремле надеются на понимание США на фоне пересмотра переговорной позиции,,,ru,RU
cd8375048032,interfax,https://www.interfax.ru/business/1065723,2025-12-29 00:00:00,"Рубль на ""Мосбирже"" подешевел к юаню",,,ru,RU
3fc471997e90,interfax,https://www.interfax.ru/russia/1065732,2025-12-29 00:00:00,В России с 2026 года будет проводиться Неделя космоса,,,ru,RU
31f5fa884d63,interfax,https://www.interfax.ru/russia/1065710,2025-12-29 00:00:00,Лавров заявил о попытке Киева атаковать новгородскую резиденцию президента,,,ru,RU
7cc7770cc4d3,interfax,https://www.interfax.ru/business/1065708,2025-12-29 00:00:00,"""Газпром"" и Литва договорились о транзите газа в Калининград до конца 2030 года",,,ru,RU
c8e0c817178a,interfax,https://www.interfax.ru/news/2025/12/28/,2025-12-29 00:00:00,←28 декабря,,,ru,RU
a813c92f3f9d,interfax,https://www.interfax.ru/russia/1065687,2025-12-29 00:00:00,"Путин отметил эффективность группировок ""Запад"" и ""Юг"" ВС России",,,ru,RU
c7ac957a32ce,interfax,https://www.interfax.ru/russia/1065688,2025-12-29 00:00:00,Путин заявил о необходимости завершить ликвидацию группировки ВСУ на краснолиманском направлении,,,ru,RU
598e207c4438,interfax,https://www.interfax.ru/business/1065690,2025-12-29 00:00:00,"""Ястребы"" на заседании ЦБ в декабре пеняли на риски бюджета",,,ru,RU
b9d21201f80e,interfax,https://www.interfax.ru/russia/1065691,2025-12-29 00:00:00,"Путин отметил поэтапность выполнения задач по освобождению Донбасса, Запорожской и Херсонской областей",,,ru,RU
6dcb5fc0f878,interfax,https://www.interfax.ru/russia/1065693,2025-12-29 00:00:00,"Министр обороны РФ заявил, что в зоне СВО все идет очень динамично",,,ru,RU
e0a18f248245,interfax,https://www.interfax.ru/russia/1065694,2025-12-29 00:00:00,Путин отметил многолетнюю подготовку ВСУ к обороне Запорожской области,,,ru,RU
d142a73a5687,interfax,https://www.interfax.ru/russia/1065695,2025-12-29 00:00:00,Подразделения КНДР помогли в разминировании трех районов Курской области,,,ru,RU
20a0018cf4f7,interfax,https://www.interfax.ru/russia/1065696,2025-12-29 00:00:00,Путин ожидает овладения Вооруженными силами РФ агломерацией Славянск-Краматорск,,,ru,RU
e38e285b3c4f,interfax,https://www.interfax.ru/russia/1065709,2025-12-29 00:00:00,Генпрокуратура России признала нежелательным американский университет Джорджа Вашингтона,,,ru,RU
135d16731f85,interfax,https://www.interfax.ru/russia/1065698,2025-12-29 00:00:00,"Группировка ""Днепр"" за два месяца взяла под контроль пять населенных пунктов",,,ru,RU
802d70755011,interfax,https://www.interfax.ru/russia/1065700,2025-12-29 00:00:00,Герасимов сообщил о наступлении широким фронтом в направлении Славянска,,,ru,RU
40a8e3ea123e,interfax,https://www.interfax.ru/russia/1065701,2025-12-29 00:00:00,Российские военные заявили о контроле над 40-45% Константиновки,,,ru,RU
2bdb4c340ab6,interfax,https://www.interfax.ru/world/1065702,2025-12-29 00:00:00,США сосредоточили близ Карибского моря семь эскадрилий боевых истребителей,,,ru,RU
b55c5f9335d6,interfax,https://www.interfax.ru/business/1065703,2025-12-29 00:00:00,"Правила покупки ЦФА ""квалами"" и ""неквалами"" изменятся в начале 2026 года",,,ru,RU
919fa8390461,interfax,https://www.interfax.ru/business/1065704,2025-12-29 00:00:00,Инвестпрограмма РЖД на 2026 год утверждена в объеме на 20% ниже 2025 года,,,ru,RU
bb8f5af2db1d,interfax,https://www.interfax.ru/world/1065705,2025-12-29 00:00:00,Армения и Турция упростили выдачу виз владельцам дипломатических и служебных паспортов,,,ru,RU
053c3b361efc,interfax,https://www.interfax.ru/world/1065612,2025-12-29 00:00:00,Что произошло в мире науки. Вечерний дайджест,,,ru,RU
2bf43eef5452,interfax,https://www.interfax.ru/russia/1065706,2025-12-29 00:00:00,В Самаре фигуранты дела о нападении на депутата Госдумы Матвеева освобождены,,,ru,RU
f2dff8813521,interfax,https://www.interfax.ru/business/1065707,2025-12-29 00:00:00,"EMC может купить у ""Севергрупп"" клиники ""Скандинавия"", оплатив сделку акциями допэмиссии",,,ru,RU
0ee1517138eb,interfax,https://www.interfax.ru/russia/1065697,2025-12-29 00:00:00,Транспортная субсидия для экспортеров ННЭ в 2026 году не превысит 11% от стоимости товара,,,ru,RU
b4eb141a8601,interfax,https://www.interfax.ru/russia/1080776,2025-12-29 00:00:00,"""НОВАТЭК"" наращивает компетенции и опыт в вопросе безопасности своих объектов",,,ru,RU
ef0741ca9692,interfax,https://www.interfax.ru/world/1065733,2025-12-29 00:00:00,"В ХАМАС подтвердили гибель лидера бригад ""Аль-Кассам""",,,ru,RU
1df170c6102c,interfax,https://www.interfax.ru/world/1065736,2025-12-29 00:00:00,Латвия достроила барьер на границе с Россией,,,ru,RU
d36b4cc457db,interfax,https://www.interfax.ru/photo/7282,2025-12-29 00:00:00,12Снегопад в Москве,,,ru,RU
93ebed7f4b4d,interfax,https://www.interfax.ru/photo/7288,2025-12-29 00:00:00,9Зимовка лебедей в Алтайском крае,,,ru,RU
a73bc0b60d18,interfax,https://www.interfax.ru/photo/7297,2025-12-29 00:00:00,10Венецианский карнавал,,,ru,RU
a6a0d9b9cce0,interfax,https://www.interfax.ru/world/1065735,2025-12-29 00:00:00,Брижит Бардо похоронят 7 января в Сен-Тропе,,,ru,RU
a64de0698610,interfax,https://www.interfax.ru/photo/7337,2025-12-29 00:00:00,13Весна в Москве,,,ru,RU
4d4ed61b1ede,interfax,https://www.interfax.ru/photo/7341,2025-12-29 00:00:00,10Лучшие фото недели,,,ru,RU
a7114e0a02fa,interfax,https://www.interfax.ru/world/1065756,2025-12-29 00:00:00,Китайские бомбардировщики выполнили полеты вблизи Тайваня,,,ru,RU
ff37d7fc30cd,interfax,https://www.interfax.ru/russia/1065755,2025-12-29 00:00:00,Пятеро организаторов незаконной легализации мигрантов осуждены в Дагестане,,,ru,RU
3a66c4ad2809,interfax,https://www.interfax.ru/russia/1065754,2025-12-29 00:00:00,Международный фестиваль молодежи пройдет в сентябре 2026 года в Екатеринбурге,,,ru,RU
31bab79de8cb,interfax,https://www.interfax.ru/russia/1065753,2025-12-29 00:00:00,Зюганов выступил за жесткий и быстрый ответ на попытки атаковать резиденцию президента РФ,,,ru,RU
3ff5e4113a8d,interfax,https://www.interfax.ru/russia/1065752,2025-12-29 00:00:00,Кабмин утвердил строительство новых мощностей для покрытия энергодефицита в Москве и на Юге РФ,,,ru,RU
e99a12543db1,interfax,https://www.interfax.ru/russia/1065751,2025-12-29 00:00:00,Все задержанные поезда в Крым и обратно вошли в график или прибыли в пункты назначения,,,ru,RU
529c5e67ed96,interfax,https://www.interfax.ru/russia/1065750,2025-12-29 00:00:00,Международный муниципальный форум будет проводиться в России ежегодно,,,ru,RU
a090427c1bbb,interfax,https://www.interfax.ru/photo/7304,2025-12-29 00:00:00,12Олимпиада-2026 в Италии,,,ru,RU
935ecf0552c6,interfax,https://www.interfax.ru/world/1065748,2025-12-29 00:00:00,"Трамп отметил, что несколько сложных вопросов по Украине остаются нерешенными",,,ru,RU
f8b49dc059a5,interfax,https://www.interfax.ru/world/1065749,2025-12-29 00:00:00,Трамп недавно услышал о попытке атаковать резиденцию Путина,,,ru,RU
0a7977a02f08,interfax,https://www.interfax.ru/russia/1065734,2025-12-29 00:00:00,"Что произошло за день: понедельник, 29 декабря",,,ru,RU
128e05d18ff2,interfax,https://www.interfax.ru/russia/1065737,2025-12-29 00:00:00,Позицию МИД об ответе на попытки Киева атаковать резиденцию президента поддержали в Госдуме,,,ru,RU
87144f529771,interfax,https://www.interfax.ru/world/1065738,2025-12-29 00:00:00,В Абхазии восстановили прерванное из-за снегопада энергоснабжение,,,ru,RU
0ce7a36a8fda,interfax,https://www.interfax.ru/russia/1065739,2025-12-29 00:00:00,В Белгородской области в результате ударов дронов пострадали пять человек,,,ru,RU
c64ac29e9d1d,interfax,https://www.interfax.ru/russia/1065740,2025-12-29 00:00:00,"Глава думской фракции ""ЕР"" заявил о попытке Киева спровоцировать ситуацию в условиях переговоров",,,ru,RU
6d8e0feaa53e,interfax,https://www.interfax.ru/moscow/1080606,2025-12-29 00:00:00,Воздух в Москве в выходные может прогреться до плюс 17 градусов,,,ru,RU
fdc91c80429c,interfax,https://www.interfax.ru/russia/1065743,2025-12-29 00:00:00,Первыми получателями российской мРНК-вакцины против рака станут пациенты с меланомой,,,ru,RU
a12d4a3c61e0,interfax,https://www.interfax.ru/russia/1065742,2025-12-29 00:00:00,"Минздрав анонсировал запуск реализации лекарств через ""Почту России"" в 2026 году",,,ru,RU
74a3eba38c69,interfax,https://www.interfax.ru/russia/1065745,2025-12-29 00:00:00,Минобороны России раскрыло подробности атаки дронов на резиденцию президента,,,ru,RU
3b66c3d6a694,interfax,https://www.interfax.ru/russia/1065746,2025-12-29 00:00:00,"Михаил Ковальчук переназначен президентом НИЦ ""Курчатовский институт"" еще на 5 лет",,,ru,RU
900d782b3818,interfax,https://www.interfax.ru/russia/1065747,2025-12-29 00:00:00,Москва приветствует договоренности о прекращении огня между Таиландом и Камбоджей,,,ru,RU
3ec1e2979f9c,interfax,https://www.interfax.ru/world/1065741,2025-12-29 00:00:00,Лукашенко подписал закон о бюджете Белоруссии на 2026 год,,,ru,RU
ccb4794d33f9,interfax,https://www.interfax.ru/business/1065882,2025-12-30 00:00:00,Рубль ослаб по итогам торгов перед длительными новогодними каникулами,,,ru,RU
0f0b02b339af,interfax,https://www.interfax.ru/russia/1065883,2025-12-30 00:00:00,Сервис по посадке на самолет по биометрии протестируют в Шереметьево и Пулково в 2026-27 гг.,,,ru,RU
db5180cb0a57,interfax,https://www.interfax.ru/business/1065881,2025-12-30 00:00:00,Скидки на российскую нефть Urals к концу декабря выросли на $6/барр.,,,ru,RU
c8b56e77d5d6,interfax,https://www.interfax.ru/business/1065880,2025-12-30 00:00:00,Рынок акций РФ завершил последние декабрьские торги ростом к 2770п по индексу МосБиржи,,,ru,RU
9e1dd685ead5,interfax,https://www.interfax.ru/world/1065879,2025-12-30 00:00:00,США сняли санкции с бывшего зампреда Сбера,,,ru,RU
e361bceddffc,interfax,https://www.interfax.ru/world/1065877,2025-12-30 00:00:00,"Премьер Польши заявил, что мир на Украине ""уже не за горами""",,,ru,RU
11e6676192f5,interfax,https://www.interfax.ru/russia/1065878,2025-12-30 00:00:00,Белоусов назвал российскую армию самой боеспособной в мире,,,ru,RU
3b03d955f186,interfax,https://www.interfax.ru/business/1065874,2025-12-30 00:00:00,ЦБ весной проведет обследование структуры акционеров и контролирующих лиц финорганизаций,,,ru,RU
d7d3c496b2a2,interfax,https://www.interfax.ru/russia/1065871,2025-12-30 00:00:00,ПИР-Центр и МГИМО презентовали цифровое издание Security Index Yearbook 2026-2027,,,ru,RU
db3f3745c137,interfax,https://www.interfax.ru/world/1065872,2025-12-30 00:00:00,Глава ЕК назвала главной гарантией безопасности Украины ее присоединение к Евросоюзу,,,ru,RU
45614fc1e9f3,interfax,https://www.interfax.ru/world/1065870,2025-12-30 00:00:00,"Air China купит 60 самолетов Airbus за $9,5 млрд",,,ru,RU
182c927ac35c,interfax,https://www.interfax.ru/world/1065868,2025-12-30 00:00:00,Dongfeng выпустил более миллиона электромобилей в 2025 году,,,ru,RU
388ee69524e6,interfax,https://www.interfax.ru/business/1065869,2025-12-30 00:00:00,ЦБ в 2026 году проведет обследование вложений финорганизаций в криптовалюты,,,ru,RU
f131d8dd50d4,interfax,https://www.interfax.ru/moscow/1065865,2025-12-30 00:00:00,В Москве произошел сбой на красной ветке метро из-за человека на пути,,,ru,RU
661042b55c7f,interfax,https://www.interfax.ru/russia/1065864,2025-12-30 00:00:00,"В Кремле сообщили, что Пезешкиан в разговоре с Путиным осудил атаку на резиденцию",,,ru,RU
852d92431f89,interfax,https://www.interfax.ru/russia/1065863,2025-12-30 00:00:00,"ФСБ сообщила о ликвидации при задержании жителя Нальчика, готовившего диверсию",,,ru,RU
f4a39d225d7a,interfax,https://www.interfax.ru/world/1065875,2025-12-30 00:00:00,ОАЭ отрицают обвинения Эр-Рияда в попытках обострения конфликта в Йемене,,,ru,RU
c2209fce3a13,interfax,https://www.interfax.ru/russia/1065866,2025-12-30 00:00:00,Умер иллюзионист Эмиль Кио,,,ru,RU
090759ae1930,interfax,https://www.interfax.ru/russia/1065853,2025-12-30 00:00:00,"Один человек погиб, четверо ранены при атаках БПЛА в Белгородской области",,,ru,RU
142e11cc1d4f,interfax,https://www.interfax.ru/business/1065861,2025-12-30 00:00:00,"Российские рыбаки в 2025 году снизили вылов рыбы до 4,6 млн т",,,ru,RU
39a631081e23,interfax,https://www.interfax.ru/russia/1065837,2025-12-30 00:00:00,Несколько поездов задерживаются на Кубани из-за падения обломков БПЛА,,,ru,RU
6df08035e59c,interfax,https://www.interfax.ru/world/1065838,2025-12-30 00:00:00,Два танкера столкнулись из-за шторма в акватории порта Стамбула,,,ru,RU
736c9e98fb10,interfax,https://www.interfax.ru/business/1065839,2025-12-30 00:00:00,"""Росспиртпром"" получил разрешение ФАС на покупку 100% акций АО ""Татспиртпром""",,,ru,RU
78af30cf6871,interfax,https://www.interfax.ru/world/1065840,2025-12-30 00:00:00,В Южной Корее одобрили начало эксплуатации атомного блока мощностью 1400 МВт,,,ru,RU
fe904d50a8fa,interfax,https://www.interfax.ru/business/1065841,2025-12-30 00:00:00,Никель подорожал до максимума с марта на планах Индонезии сократить добычу,,,ru,RU
f62ee14f7a09,interfax,https://www.interfax.ru/business/1065844,2025-12-30 00:00:00,Пошлина на экспорт пшеницы из РФ с 14 января будет нулевой,,,ru,RU
fc6c38ea2d11,interfax,https://www.interfax.ru/russia/1065843,2025-12-30 00:00:00,Токаев в разговоре с Путиным осудил атаку БПЛА на резиденцию президента России,,,ru,RU
47dd564155cd,interfax,https://www.interfax.ru/russia/1065842,2025-12-30 00:00:00,"Суд арестовал доли бывшего топ-менеджера ""Роснано"" Аветисяна в нескольких компаниях",,,ru,RU
623c8b92a883,interfax,https://www.interfax.ru/business/1065845,2025-12-30 00:00:00,Переходный период к единой регистрации медизделий в ЕАЭС продлен до конца 2027 г.,,,ru,RU
b5348211c7fb,interfax,https://www.interfax.ru/business/1065846,2025-12-30 00:00:00,ЦБ продлил рекомендации банкам реструктурировать кредиты компаний и ИП,,,ru,RU
51766760d158,interfax,https://www.interfax.ru/russia/1065847,2025-12-30 00:00:00,"Путин подписал указ о спецсборах граждан, пребывающих в мобилизационном резерве ВС РФ",,,ru,RU
ceca90ea50f7,interfax,https://www.interfax.ru/russia/1065848,2025-12-30 00:00:00,Бывшего свердловского вице-губернатора освободили из СИЗО под домашний арест,,,ru,RU
55c3c64bd9f8,interfax,https://www.interfax.ru/russia/1065849,2025-12-30 00:00:00,ФСБ сообщила о предотвращении нападения на школу в Адыгее,,,ru,RU
936baa29b99f,interfax,https://www.interfax.ru/world/1065850,2025-12-30 00:00:00,В сирийской Латакии ввели комендантский час после нападений в алавитских кварталах,,,ru,RU
96eaa5049b96,interfax,https://www.interfax.ru/russia/1065851,2025-12-30 00:00:00,Два человека ранены в результате атаки дрона в ЛНР,,,ru,RU
1a5d9b14fa47,interfax,https://www.interfax.ru/world/1065852,2025-12-30 00:00:00,Таиланд обвинил Камбоджу в нарушении перемирия и отложил освобождение 18 пленных,,,ru,RU
d7797800917d,interfax,https://www.interfax.ru/russia/1065855,2025-12-30 00:00:00,Володин оценил потери Украины с пропавшими без вести примерно в 2 млн человек,,,ru,RU
e45103fa0fb4,interfax,https://www.interfax.ru/world/1065857,2025-12-30 00:00:00,В КНР назвали свои учения вблизи Тайваня предупреждением для сторонников независимости,,,ru,RU
ffb66fb8abc4,interfax,https://www.interfax.ru/business/1065856,2025-12-30 00:00:00,"Челябинский металлургический комбинат ""Мечела"" обратился за господдержкой",,,ru,RU
8269cbe05314,interfax,https://www.interfax.ru/russia/1065858,2025-12-30 00:00:00,Россияне совершили почти 83 млн турпоездок по стране за 11 месяцев,,,ru,RU
a2d616e12ae0,interfax,https://www.interfax.ru/russia/1065859,2025-12-30 00:00:00,"Лавров заявил, что успех переговоров по урегулированию невозможен без прекращения Киевом своей преступной политики",,,ru,RU
febae29a34a3,interfax,https://www.interfax.ru/russia/1065860,2025-12-30 00:00:00,"МВД предложило унифицировать данные ведомств о мигрантах в ""Цифровом профиле""",,,ru,RU
0e3a344aba09,interfax,https://www.interfax.ru/business/1065862,2025-12-30 00:00:00,"ЦБ повысил оценку внешнего долга РФ на 1 октября до $308,1 млрд с $305 млрд",,,ru,RU
4a6d910426ac,interfax,https://www.interfax.ru/russia/1065884,2025-12-30 00:00:00,Кабмин РФ продлил запрет на вывоз технической серы до конца марта,,,ru,RU
c70b8b128e8d,interfax,https://www.interfax.ru/world/1065885,2025-12-30 00:00:00,"Глава ГК ""Ташир"" Карапетян освобожден из-под стражи и помещен под домашний арест",,,ru,RU
354c6e86081d,interfax,https://www.interfax.ru/russia/1065867,2025-12-30 00:00:00,В калужском аэропорту введены ограничения на прием и выпуск самолетов,,,ru,RU
4c7b59364913,interfax,https://www.interfax.ru/world/1065887,2025-12-30 00:00:00,Астронавты NASA в январе дважды выйдут в космос с борта МКС для монтажных работ,,,ru,RU
5de5f8197050,interfax,https://www.interfax.ru/business/1065886,2025-12-30 00:00:00,"Росстат подтвердил оценку роста ВВП РФ в III квартале на уровне 0,6%",,,ru,RU
5ca7fe520e64,interfax,https://www.interfax.ru/russia/1065905,2025-12-30 00:00:00,21 БПЛА сбит и подавлен в 7 муниципалитетах Московской области,,,ru,RU
e634acb65ec8,interfax,https://www.interfax.ru/russia/1065904,2025-12-30 00:00:00,Три человека пострадали в Белгородской области в результате украинских атак,,,ru,RU
e5eb9dde9b39,interfax,https://www.interfax.ru/moscow/1065903,2025-12-30 00:00:00,Аэропорт Внуково возобновил работу,,,ru,RU
217d55aac628,interfax,https://www.interfax.ru/russia/1065902,2025-12-30 00:00:00,Большая часть Запорожской области обесточена после атак ВСУ,,,ru,RU
c0ba8690a38d,interfax,https://www.interfax.ru/world/1065900,2025-12-30 00:00:00,Беспилотник-разведчик ВМС США провел новый полет вблизи Венесуэлы,,,ru,RU
b94933e66b0d,interfax,https://www.interfax.ru/moscow/1065901,2025-12-30 00:00:00,Сбит пятый летевший на Москву беспилотник,,,ru,RU
a099dbc0855c,interfax,https://www.interfax.ru/russia/1065899,2025-12-30 00:00:00,"В аэропорту ""Внуково"" введены временные ограничения",,,ru,RU
2e843f4ee0c1,interfax,https://www.interfax.ru/russia/1065898,2025-12-30 00:00:00,В МИД РФ назвали тревожными очередные угрозы нанесения военных ударов по Ирану,,,ru,RU
4ef8d3550a65,interfax,https://www.interfax.ru/russia/1065906,2025-12-30 00:00:00,Допограничения введены в аэропорту Геленджика,,,ru,RU
24e2d5676754,interfax,https://www.interfax.ru/world/1065896,2025-12-30 00:00:00,Из немецкого банка похитили ценности на десятки миллионов евро,,,ru,RU
7f0764982172,interfax,https://www.interfax.ru/moscow/1065897,2025-12-30 00:00:00,"Аэропорт ""Внуково"" принимает и отправляет рейсы по согласованию с соответствующими органами",,,ru,RU
08172103f81f,interfax,https://www.interfax.ru/world/1065890,2025-12-30 00:00:00,США ввели санкции против Ирана и Венесуэлы за торговлю дронами,,,ru,RU
83a644b423f4,interfax,https://www.interfax.ru/world/1065891,2025-12-30 00:00:00,ЕС призвал Китай и Тайвань урегулировать через диалог напряженность между сторонами,,,ru,RU
2f183258e343,interfax,https://www.interfax.ru/business/1065893,2025-12-30 00:00:00,"Минфин ожидает, что параметры финплана позволят РЖД сохранить финансовую стабильность",,,ru,RU
4683b6a8ffc8,interfax,https://www.interfax.ru/russia/1065889,2025-12-30 00:00:00,"В МИД РФ выразили протест дипломатам из Латвии, Литвы и Эстонии",,,ru,RU
3029f2acb221,interfax,https://www.interfax.ru/russia/1065888,2025-12-30 00:00:00,"Что произошло за день: вторник, 30 декабря",,,ru,RU
c4a7e7046843,interfax,https://www.interfax.ru/russia/1065894,2025-12-30 00:00:00,"До четырех выросло число сбитых БПЛА, летевших на Москву",,,ru,RU
d700b2f98441,interfax,https://www.interfax.ru/russia/1065895,2025-12-30 00:00:00,Минобороны РФ сообщило о поражении 109 беспилотников над регионами,,,ru,RU
731d0cc10452,interfax,https://www.interfax.ru/russia/1065945,2025-12-31 00:00:00,"Здания кадетского корпуса, техникума и психдиспансера повреждены при атаке БПЛА в Туапсе",,,ru,RU
bb073794e3a4,interfax,https://www.interfax.ru/russia/1065940,2025-12-31 00:00:00,Попытка атаки на резиденцию Путина была предпринята Киевом по нескольким направлениям,,,ru,RU
05ef23e5ee6d,interfax,https://www.interfax.ru/culture/1065941,2025-12-31 00:00:00,Большой театр намерен открыть театрально-концертный зал на Никольской улице в Москве,,,ru,RU
d9545457283c,interfax,https://www.interfax.ru/russia/1065942,2025-12-31 00:00:00,Минобороны РФ сообщило об ударах по связанным с ВПК Украины объектам энергетики,,,ru,RU
0c29879715e3,interfax,https://www.interfax.ru/russia/1065943,2025-12-31 00:00:00,Военные РФ заявили о срыве трех украинских попыток прорыва в Купянск,,,ru,RU
92ceca3376db,interfax,https://www.interfax.ru/russia/1065944,2025-12-31 00:00:00,Режим ЧС введен в Майкопе и пяти районах Адыгеи из-за сильного снегопада,,,ru,RU
d439ae551418,interfax,https://www.interfax.ru/world/1065938,2025-12-31 00:00:00,Президент Таджикистана осудил атаку украинских БПЛА на резиденцию Путина,,,ru,RU
dcec26d8fcac,interfax,https://www.interfax.ru/russia/1065939,2025-12-31 00:00:00,"Военные РФ заявили, что для атаки на резиденцию Путина Киев запускал дроны из Сумской и Черниговской областей",,,ru,RU
0ad2d30569b7,interfax,https://www.interfax.ru/world/1065951,2025-12-31 00:00:00,Польша направила $86 млн на производство мин для установки на границе с РФ и Белоруссией,,,ru,RU
e922044e3b4e,interfax,https://www.interfax.ru/world/1065948,2025-12-31 00:00:00,"Лукашенко допустил, что целью атаки на резиденцию Путина был срыв мирного процесса по Украине",,,ru,RU
f66eb28ebe87,interfax,https://www.interfax.ru/russia/1065949,2025-12-31 00:00:00,Свыше 20 рейсов задерживаются в аэропортах Юга России,,,ru,RU
58946a23b978,interfax,https://www.interfax.ru/moscow/1065950,2025-12-31 00:00:00,Бензин и ДТ в 2025 г. подорожали на АЗС Москвы в среднем на 6 рублей за литр,,,ru,RU
88210fff0ac3,interfax,https://www.interfax.ru/moscow/1065952,2025-12-31 00:00:00,В Москве к 5 января может выпасть до 25 см снега,,,ru,RU
65399db81f5d,interfax,https://www.interfax.ru/world/1065953,2025-12-31 00:00:00,Кабмин Франции намерен добиваться запрета на соцсети для детей младше 15 лет,,,ru,RU
cb756ca6ce67,interfax,https://www.interfax.ru/world/1065955,2025-12-31 00:00:00,В Финском заливе поврежден телекоммуникационный кабель между Хельсинки и Таллином,,,ru,RU
7590f51ef8af,interfax,https://www.interfax.ru/russia/1065954,2025-12-31 00:00:00,"Один человек погиб, один ранен при обрушении кровли дома из-за снега на Кубани",,,ru,RU
3ae5ed811f9a,interfax,https://www.interfax.ru/russia/1065937,2025-12-31 00:00:00,В России утвержден новый национальный проект по биоэкономике,,,ru,RU
e4cad395a711,interfax,https://www.interfax.ru/russia/1065956,2025-12-31 00:00:00,Владимир Путин выступил с новогодним обращением к россиянам,,,ru,RU
7cd0d1bdcec6,interfax,https://www.interfax.ru/world/1065947,2025-12-31 00:00:00,Автобус с российскими туристами попал в ДТП в Таиланде,,,ru,RU
0a320562c8b6,interfax,https://www.interfax.ru/world/1065936,2025-12-31 00:00:00,"Лукашенко назвал атаку на резиденцию Путина ""дичайшим терроризмом"" на госуровне",,,ru,RU
818070acfb68,interfax,https://www.interfax.ru/russia/1065924,2025-12-31 00:00:00,Три человека ранены после обстрела Шебекинского округа Белгородской области,,,ru,RU
a5f1768dfa1c,interfax,https://www.interfax.ru/russia/1065934,2025-12-31 00:00:00,В аэропортах Краснодара и Геленджика сняли ограничения на работу,,,ru,RU
98a6fd94411c,interfax,https://www.interfax.ru/russia/1065912,2025-12-31 00:00:00,Аэропорты Геленджика и Калуги вернулись к штатной работе,,,ru,RU
a87caf35e9d3,interfax,https://www.interfax.ru/russia/1065913,2025-12-31 00:00:00,"Причал, оборудование НПЗ и пять домов повреждены в Туапсе после атаки БПЛА",,,ru,RU
ed15a12eef2f,interfax,https://www.interfax.ru/russia/1065914,2025-12-31 00:00:00,Приостановили работу аэропорты Геленджика и Ярославля,,,ru,RU
b6ca290e534a,interfax,https://www.interfax.ru/russia/1065915,2025-12-31 00:00:00,"Герасимов проверил ход выполнения задач группировкой ""Север""",,,ru,RU
dfcdb38fb3f8,interfax,https://www.interfax.ru/russia/1065916,2025-12-31 00:00:00,Герасимов заявил о достижении самых высоких темпов российского наступления в зоне СВО,,,ru,RU
18c03608471e,interfax,https://www.interfax.ru/russia/1065917,2025-12-31 00:00:00,Морской пассажирский транспорт возобновил работу в Севастополе,,,ru,RU
da9a8674bbd0,interfax,https://www.interfax.ru/russia/1065918,2025-12-31 00:00:00,Герасимов сообщил о задаче расширить в 2026 году полосу безопасности на Украине,,,ru,RU
278abb73940f,interfax,https://www.interfax.ru/russia/1065919,2025-12-31 00:00:00,Ограничения отменены в аэропорту Геленджика,,,ru,RU
330edb8512d5,interfax,https://www.interfax.ru/world/1065920,2025-12-31 00:00:00,"Что случилось этой ночью: среда, 31 декабря",,,ru,RU
3258a3fcf687,interfax,https://www.interfax.ru/russia/1065935,2025-12-31 00:00:00,Правительство РФ расширило возможности поддержки ветеранов СВО и членов их семей,,,ru,RU
245d9a182c5a,interfax,https://www.interfax.ru/world/1065921,2025-12-31 00:00:00,Туркменистан осудил украинскую атаку на резиденцию президента РФ,,,ru,RU
4cea2d1c6a22,interfax,https://www.interfax.ru/russia/1065923,2025-12-31 00:00:00,Российские военные перехватили и уничтожили за ночь 86 беспилотников ВСУ,,,ru,RU
9823ac9344cb,interfax,https://www.interfax.ru/russia/1065959,2025-12-31 00:00:00,Один человек погиб и трое ранены при атаке украинского дрона в белгородском селе,,,ru,RU
c4866273b63f,interfax,https://www.interfax.ru/business/1065925,2025-12-31 00:00:00,"РФ продлила действие экспортной пошлины на ""влажные"" пиломатериалы еще на 3 года",,,ru,RU
eff85367410f,interfax,https://www.interfax.ru/world/1065926,2025-12-31 00:00:00,РФ и Абхазия подписали соглашение о содействии социально-экономическому развитию республики до 2030 года,,,ru,RU
fa00e844ced4,interfax,https://www.interfax.ru/world/1065927,2025-12-31 00:00:00,"Путин заявил, что Россия и Туркменистан продолжат развивать стратегическое партнёрство",,,ru,RU
6ad9ba0b2a74,interfax,https://www.interfax.ru/russia/1065928,2025-12-31 00:00:00,В аэропортах Краснодара и Геленджика введены временные ограничения,,,ru,RU
a0f918a78a6e,interfax,https://www.interfax.ru/russia/1065929,2025-12-31 00:00:00,Более 20 поездов задерживается из-за непогоды в Краснодарском крае,,,ru,RU
86a707ab592b,interfax,https://www.interfax.ru/russia/1065930,2025-12-31 00:00:00,Кабмин продлил действие меры поддержки туроператоров в сфере выездного туризма,,,ru,RU
373ec5dd54c5,interfax,https://www.interfax.ru/world/1065931,2025-12-31 00:00:00,В Грузии задержана партия героина на $20 млн,,,ru,RU
900e4e5e0d71,interfax,https://www.interfax.ru/world/1065922,2025-12-31 00:00:00,"Нетаньяху заявил, что Израиль не ищет эскалации с Ираном",,,ru,RU
82837a8aeb83,interfax,https://www.interfax.ru/russia/1065957,2025-12-31 00:00:00,Кабмин разрешил регионам устанавливать бизнесу пониженные ставки при упрощенной системе налогообложения,,,ru,RU
5abf6b109295,interfax,https://www.interfax.ru/russia/1065946,2025-12-31 00:00:00,"Группировки войск РФ ""Центр"", ""Южная"" и ""Север"" улучшили позиции в зоне СВО",,,ru,RU
db2d4e8710ef,interfax,https://www.interfax.ru/world/1065961,2025-12-31 00:00:00,"NYT узнала, что Трамп положительно отнесся к подготовленным при участии ЦРУ ударам по энергоинфраструктуре РФ",,,ru,RU
19b18b79f299,interfax,https://www.interfax.ru/russia/1065958,2025-12-31 00:00:00,"""Почта России"" сможет осуществлять фармдеятельность в отделениях, расположенных в селах, где нет аптек",,,ru,RU
df5597f6f25e,interfax,https://www.interfax.ru/russia/1065981,2025-12-31 00:00:00,Домодедово обслуживает рейсы по согласованию,,,ru,RU
37c5156cda7d,interfax,https://www.interfax.ru/russia/1065978,2025-12-31 00:00:00,Аэропорт Ижевска приостановил работу,,,ru,RU
753143372074,interfax,https://www.interfax.ru/russia/1065977,2025-12-31 00:00:00,Аэропорт Саратова возобновил работу,,,ru,RU
325ef30220af,interfax,https://www.interfax.ru/world/1065976,2025-12-31 00:00:00,"Уиткофф обсудил гарантии безопасности для Киева с представителями стран Европы, украинскими властями",,,ru,RU
6efed5c9c169,interfax,https://www.interfax.ru/russia/1065975,2025-12-31 00:00:00,Более 50 поездов задерживаются из-за снегопадов на Кубани,,,ru,RU
db3949055c83,interfax,https://www.interfax.ru/russia/1065960,2025-12-31 00:00:00,"Что произошло за день: среда, 31 декабря",,,ru,RU
76e2cc1e2fcb,interfax,https://www.interfax.ru/russia/1065974,2025-12-31 00:00:00,Администрация Кубани поможет в доставке питания пассажирам застрявших из-за снегопада поездов,,,ru,RU
71b50e33a1fc,interfax,https://www.interfax.ru/russia/1065979,2025-12-31 00:00:00,Минобороны РФ сообщило об уничтожении с утра среды 53 дронов ВСУ,,,ru,RU
9999af02bb33,interfax,https://www.interfax.ru/world/1065972,2025-12-31 00:00:00,Лукашенко и Путин обсудили атаку украинских БПЛА на резиденцию президента РФ,,,ru,RU
bd0086b14199,interfax,https://www.interfax.ru/russia/1065970,2025-12-31 00:00:00,Два БПЛА уничтожены над Воронежской областью,,,ru,RU
da77f236ed84,interfax,https://www.interfax.ru/world/1065969,2025-12-31 00:00:00,ОАЭ начали вывод войск из аэропорта в Йемене,,,ru,RU
cf511e79bcf4,interfax,https://www.interfax.ru/world/1065968,2025-12-31 00:00:00,"Власти Финляндии задержали экипаж и судно, шедшее из России в Израиль",,,ru,RU
1ec0890f01c8,interfax,https://www.interfax.ru/russia/1065966,2025-12-31 00:00:00,"В аэропортах Саратова, Пензы и Самары введены временные ограничения",,,ru,RU
0c34612cfa49,interfax,https://www.interfax.ru/world/1065965,2025-12-31 00:00:00,Белоруссия продлила запрет на импорт ряда товаров из недружественных стран,,,ru,RU
3114a7d8068b,interfax,https://www.interfax.ru/world/1065963,2025-12-31 00:00:00,"Лукашенко заявил, что против Путина готовился теракт",,,ru,RU
f3190012f298,interfax,https://www.interfax.ru/russia/1065971,2025-12-31 00:00:00,В РФ утверждена стратегия устойчивого развития Приазовья на период до 2040 года,,,ru,RU
e53cf32f70af,interfax,https://www.interfax.ru/world/1065962,2025-12-31 00:00:00,В Эстонии заявили о повреждении четырех международных кабелей в Финском заливе,,,ru,RU
e1fefdc1c086,interfax,https://www.interfax.ru/russia/1066035,2026-01-01 00:00:00,Ограничения на прием и отправку самолетов сняты в аэропорту Краснодара,,,ru,RU
2fdc409644ee,interfax,https://www.interfax.ru/russia/1066037,2026-01-01 00:00:00,Ребенок погиб при атаке дроном ВСУ автомобиля в Херсонской области,,,ru,RU
1ced3629cc82,interfax,https://www.interfax.ru/russia/1066039,2026-01-01 00:00:00,С утра над регионами России нейтрализованы 58 дронов ВСУ,,,ru,RU
9a2aa80ca590,interfax,https://www.interfax.ru/russia/1066040,2026-01-01 00:00:00,Временные ограничения на прием и отправку самолетов введены в аэропорту Сочи,,,ru,RU
c26b65543264,interfax,https://www.interfax.ru/russia/1066041,2026-01-01 00:00:00,Аэропорт Самары возобновил прием и выпуск рейсов,,,ru,RU
7b267657ed33,interfax,https://www.interfax.ru/russia/1066042,2026-01-01 00:00:00,Три человека ранены при атаке дрона на коммерческий объект под Белгородом,,,ru,RU
dc939fae6a2a,interfax,https://www.interfax.ru/world/1066046,2026-01-01 00:00:00,"Пентагон более чем в 2,5 раза увеличил заказ на производство Tomahawk",,,ru,RU
f7e1d96ec79e,interfax,https://www.interfax.ru/business/1066044,2026-01-01 00:00:00,"Газпром получил разрешение на строительство отвода от ""Силы Сибири"" к столице БАМа Тынде",,,ru,RU
fba24352f82b,interfax,https://www.interfax.ru/russia/1066045,2026-01-01 00:00:00,МИД РФ пообещал неотвратимое наказание за атаку на мирных жителей в Херсонской области,,,ru,RU
db4c371c30d3,interfax,https://www.interfax.ru/moscow/1066047,2026-01-01 00:00:00,В ночь на 2 января в Москве похолодает до минус 17 градусов,,,ru,RU
99c1bf5ad065,interfax,https://www.interfax.ru/russia/1066048,2026-01-01 00:00:00,Лавров заявил о важном значении развития силовой компоненты ОДКБ,,,ru,RU
0898dc3b3d2c,interfax,https://www.interfax.ru/russia/1066049,2026-01-01 00:00:00,Аэропорты Сочи и Краснодара возобновили штатную работу,,,ru,RU
b34bdf26c840,interfax,https://www.interfax.ru/russia/1066033,2026-01-01 00:00:00,Собянин заявил о готовности Москвы помочь пострадавшим в Херсонской области,,,ru,RU
19dccb674f8f,interfax,https://www.interfax.ru/russia/1066043,2026-01-01 00:00:00,Москалькова призвала Верховного комиссара ООН по правам человека осудить удар по Херсонской области,,,ru,RU
18198eeaf1eb,interfax,https://www.interfax.ru/russia/1066032,2026-01-01 00:00:00,Движение поездов в Краснодарском крае из-за непогоды организовано по временной схеме,,,ru,RU
5cd01ed923f4,interfax,https://www.interfax.ru/russia/1066023,2026-01-01 00:00:00,Массовый налет украинских БПЛА совершен по резервуарному парку в Татарстане,,,ru,RU
c5f93f2ac1cd,interfax,https://www.interfax.ru/russia/1066030,2026-01-01 00:00:00,В России ожидают осуждения мировыми лидерами удара по селу в Херсонской области,,,ru,RU
f81c20e188a7,interfax,https://www.interfax.ru/russia/1066014,2026-01-01 00:00:00,Военно-Грузинскую дорогу закрыли для всех видов транспорта в Северной Осетии,,,ru,RU
c9bc8f141429,interfax,https://www.interfax.ru/russia/1066015,2026-01-01 00:00:00,"Акциз на табак в РФ в 2026 г. повышен на 7%, на сигареты - на 11,3%",,,ru,RU
58ffa0c2ec4b,interfax,https://www.interfax.ru/moscow/1066016,2026-01-01 00:00:00,В новогоднюю ночь в Москве родились 18 мальчиков и 26 девочек,,,ru,RU
fe61ab462c8a,interfax,https://www.interfax.ru/russia/1066017,2026-01-01 00:00:00,В больницы после атаки на Херсонскую область обратились 26 человек,,,ru,RU
dea22c8bc26e,interfax,https://www.interfax.ru/world/1066018,2026-01-01 00:00:00,Несколько человек погибло при пожаре в баре на горнолыжном курорте в Швейцарии,,,ru,RU
b5e394e20ab8,interfax,https://www.interfax.ru/russia/1066019,2026-01-01 00:00:00,"Обломки БПЛА упали на территории промпредприятия на Кубани, пострадавших нет",,,ru,RU
30b63f3b37b8,interfax,https://www.interfax.ru/russia/1066020,2026-01-01 00:00:00,Российские военные за сутки сбили украинский истребитель и 250 дронов,,,ru,RU
0d66a183fe4e,interfax,https://www.interfax.ru/russia/1066021,2026-01-01 00:00:00,Минобороны РФ заявило об отражении двух атак ВСУ в районе Купянска,,,ru,RU
5df5cb7cc17a,interfax,https://www.interfax.ru/russia/1066052,2026-01-01 00:00:00,Многоквартирный дом поврежден в Сочи обломками БПЛА,,,ru,RU
5705de069f7a,interfax,https://www.interfax.ru/russia/1066024,2026-01-01 00:00:00,"В Херсонской области по уточненным данным погибли 24 человека, 29 пострадали",,,ru,RU
ea3e0785f9a8,interfax,https://www.interfax.ru/russia/1066025,2026-01-01 00:00:00,В МИД РФ назвали спланированной заранее атаку украинских БПЛА в Херсонской области,,,ru,RU
7c6b7678c073,interfax,https://www.interfax.ru/world/1066026,2026-01-01 00:00:00,Первая в году магнитная буря на Земле ожидается в ночь на 3 января,,,ru,RU
8e59ccf46a7d,interfax,https://www.interfax.ru/russia/1066027,2026-01-01 00:00:00,"В России повысились минимальные цены на водку, коньяк и бренди",,,ru,RU
b616541cfe62,interfax,https://www.interfax.ru/russia/1066028,2026-01-01 00:00:00,"Свыше 2,1 млн россиян посетили новогодние гуляния в РФ",,,ru,RU
83a93222c856,interfax,https://www.interfax.ru/russia/1066029,2026-01-01 00:00:00,Двое подростков погибли в Свердловской области после попытки растопить печь,,,ru,RU
b13d305daf8e,interfax,https://www.interfax.ru/russia/1066031,2026-01-01 00:00:00,Россия передаст США доказательства БПЛА-атак Украины резиденции президента РФ,,,ru,RU
4fac0df781bf,interfax,https://www.interfax.ru/world/1066053,2026-01-01 00:00:00,Пожар в баре в Швейцарии унес жизни примерно 40 человек,,,ru,RU
239412f076d0,interfax,https://www.interfax.ru/russia/1066065,2026-01-01 00:00:00,Минобороны РФ сообщило о ликвидации 201 беспилотника ВСУ с 16:00,,,ru,RU
9165db3fcacd,interfax,https://www.interfax.ru/russia/1066056,2026-01-01 00:00:00,"Что произошло за день: четверг, 1 января",,,ru,RU
30eaa9a51db3,interfax,https://www.interfax.ru/russia/1066055,2026-01-01 00:00:00,"Начальник ГРУ передал военному атташе США в Москве сведения о дроне, атаковавшем резиденцию президента РФ",,,ru,RU
9bf072bd5edc,interfax,https://www.interfax.ru/world/1066010,2026-01-01 00:00:00,Белоруссия откроет посольство в Словакии,,,ru,RU
ea9e7bb58432,interfax,https://www.interfax.ru/russia/1065998,2026-01-01 00:00:00,Аэропорты Калуги и Тамбова возобновили работу,,,ru,RU
3c42e862725f,interfax,https://www.interfax.ru/russia/1066000,2026-01-01 00:00:00,Аэропорт Краснодара возобновил работу,,,ru,RU
eaeb27b95eb7,interfax,https://www.interfax.ru/russia/1066001,2026-01-01 00:00:00,В Херсонской области погибли 24 человека после удара ВСУ,,,ru,RU
c41ab9200b0b,interfax,https://www.interfax.ru/world/1066003,2026-01-01 00:00:00,Трамп пожелал мира на Земле на Новый год,,,ru,RU
3bc0f798d646,interfax,https://www.interfax.ru/business/1066004,2026-01-01 00:00:00,ГОСТ на фермерскую продукцию вступает в действие в РФ с 1 января 2026 года,,,ru,RU
79a0cb042d37,interfax,https://www.interfax.ru/russia/1066005,2026-01-01 00:00:00,СК возбудил дело о теракте после гибели 24 человек в Херсонской области,,,ru,RU
9a66453cde8a,interfax,https://www.interfax.ru/world/1065996,2026-01-01 00:00:00,"США нанесли удары по двум судам, подозреваемым в перевозке наркотиков",,,ru,RU
0e70d310dc6b,interfax,https://www.interfax.ru/russia/1066009,2026-01-01 00:00:00,Временные ограничения введены в аэропортах Казани и Нижнекамска,,,ru,RU
f221cfeb0b35,interfax,https://www.interfax.ru/russia/1066007,2026-01-01 00:00:00,"""Уралвагонзавод"" отправил российским военным партию танков Т-90М",,,ru,RU
aacbe4c7b400,interfax,https://www.interfax.ru/russia/1066058,2026-01-01 00:00:00,Губернатор Херсонской области доложил Путину о ситуации после атаки ВСУ,,,ru,RU
508abbd64158,interfax,https://www.interfax.ru/world/1066059,2026-01-01 00:00:00,Американские БПЛА с увеличенным боекомлектом начали летать в Карибском бассейне,,,ru,RU
a0a9609c6dd8,interfax,https://www.interfax.ru/russia/1066060,2026-01-01 00:00:00,На подлете к столице уничтожен еще один беспилотник,,,ru,RU
2e4fa22454ec,interfax,https://www.interfax.ru/russia/1066011,2026-01-01 00:00:00,В больницах Херсонской области и Крыма находятся 13 пострадавших от ночного удара ВСУ,,,ru,RU
549fc2448244,interfax,https://www.interfax.ru/russia/1066062,2026-01-01 00:00:00,Приостановлено обслуживание рейсов в аэропорту Саратова,,,ru,RU
b598ad8e153a,interfax,https://www.interfax.ru/russia/1066064,2026-01-01 00:00:00,Тульской губернатор сообщил об уничтожении 14 украинских БПЛА,,,ru,RU
7ce03735d509,interfax,https://www.interfax.ru/world/1066013,2026-01-01 00:00:00,Болгария вступает в зону евро,,,ru,RU
9df4a21d4231,interfax,https://www.interfax.ru/russia/1066061,2026-01-01 00:00:00,Гинухский перевал закрыли для движения в Дагестане из-за обильного снегопада,,,ru,RU
24ffc1eb163c,interfax,https://www.interfax.ru/russia/1066117,2026-01-02 00:00:00,Отправка семи поездов по сообщению с Большим Сочи задержана из-за непогоды,,,ru,RU
3292917119c8,interfax,https://www.interfax.ru/russia/1066112,2026-01-02 00:00:00,Фигура Деда Мороза загорелась в Уфе после запущенного фейерверка,,,ru,RU
3fd5800055e3,interfax,https://www.interfax.ru/moscow/1066116,2026-01-02 00:00:00,"Две массовые аварии произошли на МКАД, движение затруднено",,,ru,RU
fa6397943a37,interfax,https://www.interfax.ru/russia/1066115,2026-01-02 00:00:00,Аэропорты Нижнекамска и Кирова приостановили прием и выпуск воздушных судов,,,ru,RU
d1097a6a1d21,interfax,https://www.interfax.ru/world/1066111,2026-01-02 00:00:00,Дональд Трамп заявил об отличном состоянии здоровья,,,ru,RU
cf1bf0a2852a,interfax,https://www.interfax.ru/russia/1066110,2026-01-02 00:00:00,Беспилотник сбит в Татарстане,,,ru,RU
8e38ec3a987c,interfax,https://www.interfax.ru/russia/1066108,2026-01-02 00:00:00,Глава Тульской области рассказал об устранении последствий атаки БПЛА,,,ru,RU
34c64fe1c481,interfax,https://www.interfax.ru/russia/1066107,2026-01-02 00:00:00,Число направленных в больницы Крыма после теракта в Херсонской области возросло до 14,,,ru,RU
3432e09672c6,interfax,https://www.interfax.ru/russia/1066106,2026-01-02 00:00:00,Аэропорты Казани и Чебоксар приостановили прием и выпуск воздушных судов,,,ru,RU
d4dee9cd93a2,interfax,https://www.interfax.ru/russia/1066104,2026-01-02 00:00:00,Две женщины и мужчина ранены в результате ударов ВСУ в Белгородской области,,,ru,RU
0d383a2c8586,interfax,https://www.interfax.ru/russia/1066103,2026-01-02 00:00:00,Аэропорты в Ярославле и Тамбове возобновили работу,,,ru,RU
68c8845d3d1f,interfax,https://www.interfax.ru/russia/1066102,2026-01-02 00:00:00,Минобороны РФ сообщило о пяти сбитых дронах ВСУ над регионами страны,,,ru,RU
4fc562589775,interfax,https://www.interfax.ru/russia/1066101,2026-01-02 00:00:00,Пункты обогрева открывают в Апшеронском районе Кубани из-за отсутствия электричества,,,ru,RU
743e465d6555,interfax,https://www.interfax.ru/world/1066109,2026-01-02 00:00:00,Иранские официальные лица раскритиковали Трампа за угрозы в адрес Тегерана,,,ru,RU
9d818d0ca4be,interfax,https://www.interfax.ru/russia/1066105,2026-01-02 00:00:00,Власти Херсонской области выплатят компенсации пострадавшим и семьям погибших из-за атаки ВСУ,,,ru,RU
cec524647e3b,interfax,https://www.interfax.ru/russia/1066087,2026-01-02 00:00:00,Две женщины ранены при ракетном обстреле Белгорода,,,ru,RU
c2bb4984e405,interfax,https://www.interfax.ru/business/1066100,2026-01-02 00:00:00,"""Домодедово"" в 2025 году сократило трафик на 11%",,,ru,RU
e9df6058f426,interfax,https://www.interfax.ru/russia/1066072,2026-01-02 00:00:00,Аэропорты Пензы и Саратова вернулись к штатной работе,,,ru,RU
b564dbab17ab,interfax,https://www.interfax.ru/russia/1066073,2026-01-02 00:00:00,Три человека стали жертвами пожара в приморском селе,,,ru,RU
d7ce8f4ebd96,interfax,https://www.interfax.ru/world/1066074,2026-01-02 00:00:00,"Трамп сообщил, что ежедневно принимает увеличенную дозу аспирина",,,ru,RU
de485d3ee7ae,interfax,https://www.interfax.ru/world/1066076,2026-01-02 00:00:00,Каракас готов обсуждать с Вашингтоном соглашение по борьбе с наркоторговлей,,,ru,RU
685cb19bce7d,interfax,https://www.interfax.ru/russia/1066077,2026-01-02 00:00:00,Российские военные перехватили и уничтожили за ночь 64 украинских БПЛА,,,ru,RU
f791105e178d,interfax,https://www.interfax.ru/russia/1066078,2026-01-02 00:00:00,Число жертв удара ВСУ в Херсонской области увеличилось до 27 человек,,,ru,RU
eeabe2f9fb5c,interfax,https://www.interfax.ru/russia/1066081,2026-01-02 00:00:00,Несколько домов получили повреждения в Тульской области после отражения атаки БПЛА,,,ru,RU
5fd1d0d0f879,interfax,https://www.interfax.ru/russia/1066082,2026-01-02 00:00:00,Женщина пропала во время айс-флоатинга под Мурманском,,,ru,RU
967563be8294,interfax,https://www.interfax.ru/moscow/1066083,2026-01-02 00:00:00,Более 90 тыс. артефактов обнаружили московские археологи в 2025 году,,,ru,RU
3df86dd01134,interfax,https://www.interfax.ru/moscow/1066084,2026-01-02 00:00:00,Снегопад в Москве сохранится до 5 января включительно,,,ru,RU
70971698ad0c,interfax,https://www.interfax.ru/russia/1066085,2026-01-02 00:00:00,ВТБ стал банком-оператором Пушкинской карты,,,ru,RU
e77ee895d316,interfax,https://www.interfax.ru/moscow/1066086,2026-01-02 00:00:00,"Кинопарк ""Москино"" в 2025 году стал почти вдвое больше",,,ru,RU
ce9bd7ab76dd,interfax,https://www.interfax.ru/moscow/1066089,2026-01-02 00:00:00,"До трех выросло число сбитых в пятницу БПЛА, летевших на Москву",,,ru,RU
9cd2222db9ea,interfax,https://www.interfax.ru/russia/1066091,2026-01-02 00:00:00,Военные РФ заявили о массированном и шести групповых ударах по военным целям на Украине за неделю,,,ru,RU
cfbaff0856bb,interfax,https://www.interfax.ru/russia/1066092,2026-01-02 00:00:00,"Минобороны заявило о нейтрализации за неделю 1,6 тыс. дронов ВСУ",,,ru,RU
a4312501b130,interfax,https://www.interfax.ru/russia/1066094,2026-01-02 00:00:00,Российские военные заявили о срыве за неделю 16 атак ВСУ в районе Купянска,,,ru,RU
cc03f0cb6506,interfax,https://www.interfax.ru/world/1066093,2026-01-02 00:00:00,Трамп пригрозил Ирану прийти на помощь участникам протестов в стране в случае их убийства,,,ru,RU
cef06d66e9a1,interfax,https://www.interfax.ru/russia/1066095,2026-01-02 00:00:00,Российские войска за неделю взяли под контроль девять населенных пунктов,,,ru,RU
2a5269be75f7,interfax,https://www.interfax.ru/business/1066096,2026-01-02 00:00:00,"МКБ требует 7 млрд руб. у владельцев обанкроченной нефтегазовой компании ""Горный""",,,ru,RU
da649ad74b87,interfax,https://www.interfax.ru/russia/1066097,2026-01-02 00:00:00,Три человека пострадали в Запорожской области в результате обстрела ВСУ,,,ru,RU
93554431d185,interfax,https://www.interfax.ru/russia/1066098,2026-01-02 00:00:00,Пассажиропоток авиакомпаний РФ в 2025 году снизился почти на 3%,,,ru,RU
6fd3039868ed,interfax,https://www.interfax.ru/russia/1066099,2026-01-02 00:00:00,Четыре города в ЛНР остались без электричества из-за атак ВСУ по энергокомплексу,,,ru,RU
b2a964ad58a3,interfax,https://www.interfax.ru/business/1066090,2026-01-02 00:00:00,ИТОГИ ГОДА: Фондовый рынок на американских горках,,,ru,RU
efd76e80ce21,interfax,https://www.interfax.ru/world/1066118,2026-01-02 00:00:00,Польша возглавила постоянную военно-морскую группу НАТО на Балтике,,,ru,RU
8a7c7bb51cc5,interfax,https://www.interfax.ru/russia/1066122,2026-01-02 00:00:00,Аэропорты Казани и Нижнекамска возобновили прием и выпуск рейсов,,,ru,RU
00278fa195c0,interfax,https://www.interfax.ru/world/1066120,2026-01-02 00:00:00,"СМИ сообщили, что Венесуэла получила иранские ударные беспилотники Mohajer-6",,,ru,RU
7e35feb3b027,interfax,https://www.interfax.ru/russia/1066080,2026-01-02 00:00:00,"Что произошло за день: пятница, 2 января",,,ru,RU
33344cbd62f1,interfax,https://www.interfax.ru/russia/1066141,2026-01-02 00:00:00,Ограничения на прием и выпуск самолетов введены в аэропорту Краснодара,,,ru,RU
0ec81d946876,interfax,https://www.interfax.ru/russia/1066140,2026-01-02 00:00:00,Свыше 20 тыс. жителей Адыгеи остаются без света из-за непогоды,,,ru,RU
397295e67da1,interfax,https://www.interfax.ru/russia/1066139,2026-01-02 00:00:00,Три человека погибли при столкновении аэролодки с мостом в Ленобласти,,,ru,RU
bafecbc3e2e7,interfax,https://www.interfax.ru/russia/1066138,2026-01-02 00:00:00,ДТП с участием рейсового автобуса произошло в Удмуртии,,,ru,RU
6ff3b53880da,interfax,https://www.interfax.ru/russia/1066136,2026-01-02 00:00:00,Военные уничтожили с 14:00 над российскими регионами 11 дронов ВСУ,,,ru,RU
fbf552d244b7,interfax,https://www.interfax.ru/russia/1066135,2026-01-02 00:00:00,"Минобороны заявило, что Россия не наносила ударов в черте Харькова",,,ru,RU
0068291647e2,interfax,https://www.interfax.ru/russia/1066123,2026-01-02 00:00:00,Аэропорт Саратова временно ограничил прием и отправку рейсов,,,ru,RU
9b79932d10f6,interfax,https://www.interfax.ru/russia/1066134,2026-01-02 00:00:00,Аэропорт Волгограда приостановил работу,,,ru,RU
5740fb279446,interfax,https://www.interfax.ru/moscow/1066131,2026-01-02 00:00:00,В Москве к утру 3 января выпадет еще четыре сантиметра снега,,,ru,RU
098868b0ce4e,interfax,https://www.interfax.ru/russia/1066129,2026-01-02 00:00:00,Транскам открыли для легкового транспорта,,,ru,RU
b869bce5639b,interfax,https://www.interfax.ru/world/1066128,2026-01-02 00:00:00,Эрдоган планирует 5 января обсудить с Трампом украинский конфликт и ситуацию в Газе,,,ru,RU
7bc951a53812,interfax,https://www.interfax.ru/russia/1066127,2026-01-02 00:00:00,Ограничения в аэропорту Ижевска сняты,,,ru,RU
61c2016f4404,interfax,https://www.interfax.ru/russia/1066126,2026-01-02 00:00:00,"Мантуров отметил, что планы поставок вооружения армии РФ на 2026 г. обеспечены ресурсами",,,ru,RU
39eba3778cbb,interfax,https://www.interfax.ru/world/1066125,2026-01-02 00:00:00,Буданов принял предложение Зеленского возглавить офис президента Украины,,,ru,RU
1e14547db449,interfax,https://www.interfax.ru/world/1066124,2026-01-02 00:00:00,Сильное землетрясение произошло у тихоокеанского побережья Мексики,,,ru,RU
38b80b5794d4,interfax,https://www.interfax.ru/world/1066133,2026-01-02 00:00:00,Космические силы США в 2026 г. запустят спутники для тестирования орбитальной дозаправки,,,ru,RU
bd6934fbb655,interfax,https://www.interfax.ru/moscow/1066239,2026-01-03 00:00:00,"До шести выросло число сбитых дронов, летевших на столицу",,,ru,RU
a48b3fb71db1,interfax,https://www.interfax.ru/world/1066237,2026-01-03 00:00:00,"Трамп заявил о намерении США управлять Венесуэлой до тех пор, пока там не пройдет передача власти",,,ru,RU
be60c13ab451,interfax,https://www.interfax.ru/moscow/1066236,2026-01-03 00:00:00,"До двух выросло число сбитых БПЛА, летевших на столицу",,,ru,RU
53fe448a1766,interfax,https://www.interfax.ru/russia/1066246,2026-01-03 00:00:00,"Зарубежная выручка ""Росатома"" в 2025 году составила $16,5 млрд",,,ru,RU
138d28767279,interfax,https://www.interfax.ru/world/1066233,2026-01-03 00:00:00,Трамп намерен добиваться участия компаний США в работе нефтяного сектора Венесуэлы,,,ru,RU
4ae54f4a1722,interfax,https://www.interfax.ru/moscow/1066240,2026-01-03 00:00:00,Общее число перехваченных летевших на Москву БПЛА выросло до семи,,,ru,RU
9974e19d8edb,interfax,https://www.interfax.ru/world/1066234,2026-01-03 00:00:00,Президент США обнародовал фотографию захваченного Мадуро,,,ru,RU
53500abe3c38,interfax,https://www.interfax.ru/russia/1066163,2026-01-03 00:00:00,"Что произошло за день: суббота, 3 января",,,ru,RU
6f00e89d04b3,interfax,https://www.interfax.ru/world/1066249,2026-01-03 00:00:00,"Трамп рассказал, что в момент захвата Мадуро находился в президентском дворце",,,ru,RU
2e1a6330440f,interfax,https://www.interfax.ru/russia/1066242,2026-01-03 00:00:00,Аэропорты Ярославля и Иванова временно не обслуживают рейсы,,,ru,RU
02cf0bd5cfe3,interfax,https://www.interfax.ru/world/1066243,2026-01-03 00:00:00,"Трамп не считает, что оппозиционный лидер Мачадо смогла бы возглавить Венесуэлу",,,ru,RU
7b3585de195b,interfax,https://www.interfax.ru/world/1066244,2026-01-03 00:00:00,"Трамп отметил, что в украинском урегулировании наметился прогресс",,,ru,RU
dba88d46611e,interfax,https://www.interfax.ru/world/1066245,2026-01-03 00:00:00,"Рубио провел разговор с вице-президентом Венесуэлы, она готова сотрудничать",,,ru,RU
45ee46a02bc5,interfax,https://www.interfax.ru/russia/1066207,2026-01-03 00:00:00,"Число машин в ожидании досмотра перед Крымским мостом превысило 1,5 тыс.",,,ru,RU
d32240f8634e,interfax,https://www.interfax.ru/russia/1066247,2026-01-03 00:00:00,"""Росатом"" ожидает в 2026 году физпуски на АЭС в Бангладеш, Китае, Турции",,,ru,RU
41315d06d9c4,interfax,https://www.interfax.ru/world/1066248,2026-01-03 00:00:00,Минск и Москва договорились о координации усилий по возвращению ситуации в Венесуэле в правовое русло,,,ru,RU
47356f2f355a,interfax,https://www.interfax.ru/world/1066232,2026-01-03 00:00:00,Спикер Палаты представителей счел оправданной операцию США против Венесуэлы,,,ru,RU
bb00ae7cb933,interfax,https://www.interfax.ru/world/1066241,2026-01-03 00:00:00,"Генерал Кейн заявил, что операция в Венесуэле планировалась несколько месяцев",,,ru,RU
d63af23a4cbb,interfax,https://www.interfax.ru/russia/1066231,2026-01-03 00:00:00,Два десятка населенных пунктов Адыгеи остаются без света из-за непогоды,,,ru,RU
69fdd4e676ac,interfax,https://www.interfax.ru/russia/1066222,2026-01-03 00:00:00,Лавров выразил Делси Родригес солидарность с народом Венесуэлы перед лицом вооруженной агрессии,,,ru,RU
6bd1024361c7,interfax,https://www.interfax.ru/world/1066228,2026-01-03 00:00:00,МИД КНР осудил действия США в Венесуэле,,,ru,RU
be176bc5b316,interfax,https://www.interfax.ru/world/1066210,2026-01-03 00:00:00,Генпрокурор США заявила о предъявлении обвинений Мадуро и его жене,,,ru,RU
5a40c00bef7f,interfax,https://www.interfax.ru/russia/1066211,2026-01-03 00:00:00,В Пензенской области из-за метели ограничили движение на участках федеральных автотрасс,,,ru,RU
f2a0a2e728a4,interfax,https://www.interfax.ru/world/1066212,2026-01-03 00:00:00,"CNN узнал, что США не предупреждали Колумбию о готовившейся операции в Венесуэле",,,ru,RU
4b2abb438143,interfax,https://www.interfax.ru/russia/1066213,2026-01-03 00:00:00,Двое детей убиты в Иркутской области,,,ru,RU
0c1db9f2913e,interfax,https://www.interfax.ru/russia/1066214,2026-01-03 00:00:00,"Медведев саркастически назвал удары по Венесуэле ""примером"" миротворчества США",,,ru,RU
d04db57e6589,interfax,https://www.interfax.ru/world/1066215,2026-01-03 00:00:00,"Камбоджа призвала Таиланд отвести войска из пограничных районов, занятых с начала перемирия",,,ru,RU
50c63b700a1c,interfax,https://www.interfax.ru/russia/1066217,2026-01-03 00:00:00,Автобус с пассажирами опрокинулся в Тульской области,,,ru,RU
347f6ecf7924,interfax,https://www.interfax.ru/world/1066218,2026-01-03 00:00:00,"СМИ сообщили, что операция США в Венесуэле не затронула нефтяную промышленность",,,ru,RU
f631ae83e62c,interfax,https://www.interfax.ru/russia/1066220,2026-01-03 00:00:00,"Косачев отметил, что Венесуэла интересует США как мировой лидер по запасам нефти",,,ru,RU
e57af4a39704,interfax,https://www.interfax.ru/world/1066219,2026-01-03 00:00:00,"Вэнс заявил, что Трамп не раз предлагал урегулировать ситуацию с Венесуэлой с ясными требованиями",,,ru,RU
c9effe65e131,interfax,https://www.interfax.ru/world/1066221,2026-01-03 00:00:00,NYT сообщила о помощи источника ЦРУ в правительстве Венесуэлы в захвате Мадуро,,,ru,RU
e6f24c6dfbcd,interfax,https://www.interfax.ru/world/1066250,2026-01-03 00:00:00,Лавров и Рыженков в телефонном разговоре осудили агрессию США против Венесуэлы,,,ru,RU
0891984c0478,interfax,https://www.interfax.ru/world/1066223,2026-01-03 00:00:00,"Трамп заявил, что Мадуро в итоге захотел переговоров, но США пошли на операцию в Венесуэле",,,ru,RU
3bed646b73b7,interfax,https://www.interfax.ru/russia/1066224,2026-01-03 00:00:00,МИД РФ призвал руководство США освободить Мадуро и его супругу,,,ru,RU
639d66c04756,interfax,https://www.interfax.ru/russia/1066225,2026-01-03 00:00:00,Военно-Грузинскую дорогу открыли для легковых машин и автобусов,,,ru,RU
2e99ab93be8c,interfax,https://www.interfax.ru/world/1066226,2026-01-03 00:00:00,"CNN сообщил, что США начали готовиться к операции по захвату Мадуро в середине декабря",,,ru,RU
c2811de296f7,interfax,https://www.interfax.ru/world/1066227,2026-01-03 00:00:00,В МИД Франции назвали противоречащим международному праву захват Мадуро спецназом США,,,ru,RU
9209dffac7aa,interfax,https://www.interfax.ru/russia/1066229,2026-01-03 00:00:00,Энергетики в Псковской области восстановили около тысячи подстанций,,,ru,RU
62038287cd8f,interfax,https://www.interfax.ru/world/1066251,2026-01-03 00:00:00,Президент США не планирует военных операций против Кубы,,,ru,RU
447a34eb3fbb,interfax,https://www.interfax.ru/world/1066260,2026-01-03 00:00:00,Президент Мексики ожидает от стран Латинской Америки общей позиции по событиям в Венесуэле,,,ru,RU
9dfdddec2bc6,interfax,https://www.interfax.ru/world/1066253,2026-01-03 00:00:00,"США не разместят войска в Венесуэле, если вице-президент Родригес будет сотрудничать с Вашингтоном",,,ru,RU
aafeba4b5ca5,interfax,https://www.interfax.ru/world/1066198,2026-01-03 00:00:00,Лукашенко осудил нападение США на Венесуэлу,,,ru,RU
4eaae1b12ab4,interfax,https://www.interfax.ru/world/1066199,2026-01-03 00:00:00,"Оппозиция в Венесуэле не исключила ""согласованного ухода"" Мадуро",,,ru,RU
088c94a2430c,interfax,https://www.interfax.ru/russia/1066201,2026-01-03 00:00:00,Самолет с российскими туристами из Каракаса приземлился во Внуково с задержкой,,,ru,RU
4353e9221bff,interfax,https://www.interfax.ru/russia/1066252,2026-01-03 00:00:00,Очереди машин перед Крымским мостом устранены,,,ru,RU
3854db9d2e7b,interfax,https://www.interfax.ru/world/1066202,2026-01-03 00:00:00,"Аятолла Хаменеи заявил, что за экономическими проблемами стоят противники Ирана",,,ru,RU
74b2a339d888,interfax,https://www.interfax.ru/world/1066203,2026-01-03 00:00:00,В МИД Тринидада и Тобаго отвергли причастность к операции США в Венесуэле,,,ru,RU
47135ed2e9a1,interfax,https://www.interfax.ru/russia/1066204,2026-01-03 00:00:00,Резервная линия питания ЗАЭС отключена,,,ru,RU
129df99a7ad1,interfax,https://www.interfax.ru/russia/1066205,2026-01-03 00:00:00,МИД РФ призвал незамедлительно внести ясность в ситуацию с президентом Венесуэлы,,,ru,RU
ba93d7a73ef0,interfax,https://www.interfax.ru/russia/1066206,2026-01-03 00:00:00,Три федеральные автотрассы закрыты из-за непогоды в Саратовской области,,,ru,RU
066a842b5643,interfax,https://www.interfax.ru/russia/1066266,2026-01-03 00:00:00,Над регионами РФ с 16:00 нейтрализованы 103 украинских беспилотника,,,ru,RU
2f8f3501ce8b,interfax,https://www.interfax.ru/moscow/1066265,2026-01-03 00:00:00,"Ограничения введены в аэропорту ""Жуковский""",,,ru,RU
0632b93aeb3c,interfax,https://www.interfax.ru/moscow/1066200,2026-01-03 00:00:00,Температура в Москве начнет постепенно понижаться в начале следующей недели,,,ru,RU
f9ebbe4f5f6a,interfax,https://www.interfax.ru/world/1066263,2026-01-03 00:00:00,"ABC News сообщил, что Мадуро доставят на базу Гуантанамо перед отправкой в США",,,ru,RU
85566ad6e043,interfax,https://www.interfax.ru/world/1066264,2026-01-03 00:00:00,"Макрон считает события в Венесуэле ""избавлением от диктатуры""",,,ru,RU
2c8b2aa5410c,interfax,https://www.interfax.ru/russia/1066254,2026-01-03 00:00:00,Количество пострадавших в ДТП в Тульской области увеличилось до 14,,,ru,RU
75f338ec513a,interfax,https://www.interfax.ru/russia/1066255,2026-01-03 00:00:00,"""Росатом"" планирует IPO ""Медскана"" в 2026 году",,,ru,RU
0635946e8852,interfax,https://www.interfax.ru/world/1066256,2026-01-03 00:00:00,Вице-президент Венесуэлы потребовала от США освободить Мадуро,,,ru,RU
ee4ba06cc708,interfax,https://www.interfax.ru/moscow/1066257,2026-01-03 00:00:00,Число сбитых на подлете к Москве БПЛА выросло до 12,,,ru,RU
39cd55b76b46,interfax,https://www.interfax.ru/world/1066208,2026-01-03 00:00:00,"CNN сообщил, что Трамп дал разрешение на операцию по захвату Мадуро несколько дней назад",,,ru,RU
6294aae5d4a3,interfax,https://www.interfax.ru/moscow/1066259,2026-01-03 00:00:00,"Росавиация ввела ограничения в столичном аэропорту ""Внуково""",,,ru,RU
b1ee31732a98,interfax,https://www.interfax.ru/russia/1066209,2026-01-03 00:00:00,Более 200 российских туристов планировали вылететь в Венесуэлу 5 января,,,ru,RU
49c4475adab1,interfax,https://www.interfax.ru/world/1066261,2026-01-03 00:00:00,"Родригес заявила, что Венесуэла никогда не будет ничьей колонией",,,ru,RU
8c79879a9bd5,interfax,https://www.interfax.ru/moscow/1066262,2026-01-03 00:00:00,Число сбитых на подлете к Москве БПЛА достигло 18,,,ru,RU
52bb1b3dec36,interfax,https://www.interfax.ru/world/1066258,2026-01-03 00:00:00,Президент Чили осудил действия США в Венесуэле,,,ru,RU
b15460adc2ad,interfax,https://www.interfax.ru/moscow/1066359,2026-01-04 00:00:00,Число сбитых на подлете к Москве беспилотников увеличилось до 36,,,ru,RU
fdd854c49005,interfax,https://www.interfax.ru/world/1066357,2026-01-04 00:00:00,Рубио посчитал преждевременными разговоры о выборах в Венесуэле,,,ru,RU
23a66c3ef6af,interfax,https://www.interfax.ru/moscow/1066355,2026-01-04 00:00:00,"Сбито уже 32 БПЛА, летевших к Москве",,,ru,RU
1a08e6e27d62,interfax,https://www.interfax.ru/world/1066354,2026-01-04 00:00:00,Алиев обсудил с делегацией законодателей США перспективы развития отношений с Вашингтоном,,,ru,RU
0689fd4ddcc3,interfax,https://www.interfax.ru/world/1066353,2026-01-04 00:00:00,"Финляндия дала санкцию на арест члена экипажа судна Fitburg, подозреваемого в повреждении кабеля",,,ru,RU
39397c009131,interfax,https://www.interfax.ru/moscow/1066352,2026-01-04 00:00:00,"До 25 возросло число уничтоженных беспилотников, атаковавших Москву",,,ru,RU
ef5e71e08a98,interfax,https://www.interfax.ru/moscow/1066349,2026-01-04 00:00:00,Число уничтоженных БПЛА на подлете к Москве увеличилось до 24,,,ru,RU
801a93ea333c,interfax,https://www.interfax.ru/world/1066350,2026-01-04 00:00:00,Рубио назвал огромной проблемой правительство Кубы,,,ru,RU
2cdecd3bafa3,interfax,https://www.interfax.ru/business/1066348,2026-01-04 00:00:00,"В ""Морском порту Геленджик"" сменился гендиректор",,,ru,RU
147856fe763a,interfax,https://www.interfax.ru/russia/1066347,2026-01-04 00:00:00,Больше тысячи машин скопилось в очереди перед Крымским мостом,,,ru,RU
68ebb458cc16,interfax,https://www.interfax.ru/moscow/1066343,2026-01-04 00:00:00,Ограничения введены в аэропортах Домодедово и Жуковский,,,ru,RU
f7ff42866f2b,interfax,https://www.interfax.ru/world/1066338,2026-01-04 00:00:00,Авиакомпании возобновляют перелеты над Карибским морем,,,ru,RU
0c269b502a80,interfax,https://www.interfax.ru/moscow/1066337,2026-01-04 00:00:00,Число сбитых на подлете к Москве беспилотников выросло до 16,,,ru,RU
e02bea6f5930,interfax,https://www.interfax.ru/russia/1066351,2026-01-04 00:00:00,Мужчина и двое детей погибли на железнодорожном перегоне в Усолье-Сибирском,,,ru,RU
df63b5a9af48,interfax,https://www.interfax.ru/russia/1066344,2026-01-04 00:00:00,Аэропорт Нижнего Новгорода обслуживает рейсы по согласованию с соответствующими органами,,,ru,RU
ae7c9b8d6484,interfax,https://www.interfax.ru/world/1066325,2026-01-04 00:00:00,Папа римский призвал к защите суверенитета Венесуэлы и прав ее граждан,,,ru,RU
044a7c42cb1d,interfax,https://www.interfax.ru/world/1066336,2026-01-04 00:00:00,Баку и Анкара подписали соглашение о поставках 33 млрд куб. м. газа с месторождения Апшерон,,,ru,RU
1b628a12e944,interfax,https://www.interfax.ru/world/1066308,2026-01-04 00:00:00,Китай по итогам 11 месяцев занял почти 90% в закупках рапсового масла в РФ,,,ru,RU
26b7b35edb51,interfax,https://www.interfax.ru/russia/1066309,2026-01-04 00:00:00,Восстановлено движение по пяти федеральным трассам в Саратовской области,,,ru,RU
25998341d8d9,interfax,https://www.interfax.ru/world/1066312,2026-01-04 00:00:00,"Рубио, Хегсет и замглавы аппарата Белого дома разрабатывают систему управления Венесуэлы",,,ru,RU
595600f60bcc,interfax,https://www.interfax.ru/russia/1066314,2026-01-04 00:00:00,Небольшое землетрясение произошло в Сочи,,,ru,RU
bfbb531466b0,interfax,https://www.interfax.ru/world/1066316,2026-01-04 00:00:00,"Йеменские войска вошли в административный центр провинции Хадрамаут, занятой бойцами ЮПС",,,ru,RU
b4770002ca9d,interfax,https://www.interfax.ru/russia/1066313,2026-01-04 00:00:00,Четыре человека погибли в ДТП с 10 автомобилями в Татарстане,,,ru,RU
a82d0b6a6dc6,interfax,https://www.interfax.ru/russia/1066317,2026-01-04 00:00:00,Военные РФ сообщили о перехвате 11 беспилотников в трех областях,,,ru,RU
a217e593ecff,interfax,https://www.interfax.ru/russia/1066318,2026-01-04 00:00:00,Число выдворенных из РФ мигрантов в 2025 году сократилось более чем на треть,,,ru,RU
be3ad9883384,interfax,https://www.interfax.ru/culture/1066319,2026-01-04 00:00:00,"""Буратино"" и ""Простоквашино"" заработали в прокате более 1 млрд рублей",,,ru,RU
d19acf1e5352,interfax,https://www.interfax.ru/world/1066315,2026-01-04 00:00:00,Директор Института Латинской Америки: пока судьба всех активов в Венесуэле остается неизменной,,,ru,RU
53110d583c3e,interfax,https://www.interfax.ru/world/1066320,2026-01-04 00:00:00,Столица суданской провинции Северный Кордофан осталась без электричества после налета дронов,,,ru,RU
239c41f9aa6a,interfax,https://www.interfax.ru/russia/1066321,2026-01-04 00:00:00,Два мирных жителя пострадали от атак БПЛА в Белгородской области,,,ru,RU
5e9cac3a11c0,interfax,https://www.interfax.ru/russia/1066322,2026-01-04 00:00:00,Аэропорт Калуги приостановил работу,,,ru,RU
1ccc3ea40ae3,interfax,https://www.interfax.ru/russia/1066323,2026-01-04 00:00:00,Один человек пострадал при взрыве газа в жилом доме на Урале,,,ru,RU
a16d1a0b682b,interfax,https://www.interfax.ru/moscow/1066324,2026-01-04 00:00:00,За сутки в Москве может выпасть до 2 см снега,,,ru,RU
25786599ff31,interfax,https://www.interfax.ru/business/1066326,2026-01-04 00:00:00,"""Восьмерка"" ОПЕК+ начала встречу по обсуждению плана добычи нефти на февраль",,,ru,RU
830504a5a64a,interfax,https://www.interfax.ru/russia/1066327,2026-01-04 00:00:00,"Двое школьников погибли в Татарстане, упав в колодец",,,ru,RU
561ba926dab4,interfax,https://www.interfax.ru/world/1066328,2026-01-04 00:00:00,Франция завершает создание эскадрильи боевых дронов,,,ru,RU
fdb2890c4e99,interfax,https://www.interfax.ru/business/1066329,2026-01-04 00:00:00,ОПЕК+ сохранит декабрьские квоты по добыче нефти на февраль и март 2026 года,,,ru,RU
c54e58e7f1aa,interfax,https://www.interfax.ru/moscow/1066331,2026-01-04 00:00:00,"Сбит беспилотник, летевший к Москве",,,ru,RU
26e1ebfbd8de,interfax,https://www.interfax.ru/russia/1066332,2026-01-04 00:00:00,До трех человек выросло число пострадавших при взрыве газа в доме на Урале,,,ru,RU
6c8aebb3b23c,interfax,https://www.interfax.ru/russia/1066333,2026-01-04 00:00:00,Трасса Р-239 временно закрыта в Оренбургской области из-за снегопада,,,ru,RU
928db46559b0,interfax,https://www.interfax.ru/world/1066335,2026-01-04 00:00:00,Нетаньяху призвал вывезти обогащенный уран из Ирана,,,ru,RU
6dc85ba30674,interfax,https://www.interfax.ru/moscow/1066360,2026-01-04 00:00:00,В аэропорту Внуково сняты временные ограничения,,,ru,RU
394e8f479dc4,interfax,https://www.interfax.ru/moscow/1066361,2026-01-04 00:00:00,"Число уничтоженных БПЛА, летевших на Москву, выросло до 39",,,ru,RU
85e8502b0a48,interfax,https://www.interfax.ru/world/1066345,2026-01-04 00:00:00,Следующее заседание восьми стран ОПЕК+ состоится 1 февраля,,,ru,RU
aa593a0f3961,interfax,https://www.interfax.ru/world/1066363,2026-01-04 00:00:00,Сенатор США сообщил о переговорах Рубио с Венесуэлой о создании временного правительства,,,ru,RU
1aa7e9a8c566,interfax,https://www.interfax.ru/russia/1066362,2026-01-04 00:00:00,Энергоснабжение восстановили в двух населенных пунктах Туапсинского района Кубани,,,ru,RU
eee1f5a15713,interfax,https://www.interfax.ru/russia/1066379,2026-01-04 00:00:00,Минобороны РФ сообщило о нейтрализации за вечер 41 беспилотника ВСУ,,,ru,RU
4fc027f5ba16,interfax,https://www.interfax.ru/world/1066378,2026-01-04 00:00:00,Мадуро предстанет перед американским федеральным судом в Нью-Йорке в понедельник,,,ru,RU
5f792430aedb,interfax,https://www.interfax.ru/world/1066377,2026-01-04 00:00:00,В ЕС заявили о необходимости соблюдать в Венесуэле принципы международного права,,,ru,RU
64bf0cbbcb7d,interfax,https://www.interfax.ru/russia/1066376,2026-01-04 00:00:00,В аэропорту Волгограда сняты временные ограничения,,,ru,RU
5a78840e9f87,interfax,https://www.interfax.ru/russia/1066374,2026-01-04 00:00:00,Пять человек пострадали из-за взрыва газа в Чечне,,,ru,RU
83748a3a75d8,interfax,https://www.interfax.ru/world/1066372,2026-01-04 00:00:00,"Трамп заявил, что Гренландия нужна США для обороны",,,ru,RU
ec5c68fb0f6b,interfax,https://www.interfax.ru/russia/1066371,2026-01-04 00:00:00,Аэропорт Домодедово возобновил работу,,,ru,RU
fd26ece64db4,interfax,https://www.interfax.ru/world/1066375,2026-01-04 00:00:00,"Эрдоган и саудовский кронпринц обсудили урегулирование в Йемене, Сомали и Газе",,,ru,RU
2350647cc928,interfax,https://www.interfax.ru/russia/1066369,2026-01-04 00:00:00,Семь многоэтажек в Калуге остались без воды в результате аварии,,,ru,RU
f927aab603f7,interfax,https://www.interfax.ru/russia/1066368,2026-01-04 00:00:00,Четыре московских аэропорта за два часа воскресенья обслужили 129 рейсов,,,ru,RU
9625b5a6e034,interfax,https://www.interfax.ru/russia/1066367,2026-01-04 00:00:00,Российские военные за день уничтожили 253 беспилотника,,,ru,RU
b36e490d4623,interfax,https://www.interfax.ru/russia/1066366,2026-01-04 00:00:00,Российские туристы застряли на острове Сокотра в Йемене,,,ru,RU
d707a2276431,interfax,https://www.interfax.ru/russia/1066365,2026-01-04 00:00:00,"Число уничтоженных БПЛА, атаковавших Москву, увеличилось до 40",,,ru,RU
2ec16139249e,interfax,https://www.interfax.ru/russia/1066364,2026-01-04 00:00:00,Все федеральные и региональные трассы открыты в Саратовской области,,,ru,RU
1b88f39e47f6,interfax,https://www.interfax.ru/world/1066330,2026-01-04 00:00:00,"Что произошло за день: воскресенье, 4 января",,,ru,RU
16f87b91bf38,interfax,https://www.interfax.ru/world/1066370,2026-01-04 00:00:00,"Трамп пригрозил принять меры против Делси Родригес, если она не будет сотрудничать",,,ru,RU
2f6184b32687,interfax,https://www.interfax.ru/business/1066457,2026-01-05 00:00:00,"Мировые кассовые сборы третьего ""Аватара"" превысили $1 млрд",,,ru,RU
7b800a6004f8,interfax,https://www.interfax.ru/business/1066451,2026-01-05 00:00:00,Цена меди на Лондонской бирже металлов впервые превысила $13 тыс. за тонну,,,ru,RU
4940f90d2992,interfax,https://www.interfax.ru/russia/1066452,2026-01-05 00:00:00,Аэропорты Жуковский и Домодедово временно не обслуживают рейсы,,,ru,RU
451a6719abd1,interfax,https://www.interfax.ru/world/1066454,2026-01-05 00:00:00,Мадуро содержится в СИЗО в Нью-Йорке в общей камере,,,ru,RU
d66206e8f3fc,interfax,https://www.interfax.ru/russia/1066455,2026-01-05 00:00:00,Грузовое судно село на мель близ Таманского полуострова,,,ru,RU
08c8ce6283a7,interfax,https://www.interfax.ru/moscow/1066458,2026-01-05 00:00:00,"Уничтожены два беспилотника, летевшие на Москву",,,ru,RU
4636ea8c06e9,interfax,https://www.interfax.ru/world/1066460,2026-01-05 00:00:00,Мадуро доставлен в американский суд для первого слушания по делу о наркоторговле,,,ru,RU
3024ba76c7dc,interfax,https://www.interfax.ru/business/1066462,2026-01-05 00:00:00,Число новых регистраций самозанятых в декабре стало рекордно низким почти за 5 лет,,,ru,RU
cd40f5fc72fc,interfax,https://www.interfax.ru/world/1066468,2026-01-05 00:00:00,"Глава Еврокомиссии примет участие в совещании ""коалиции желающих"" по Украине",,,ru,RU
f70c0456c419,interfax,https://www.interfax.ru/business/1066464,2026-01-05 00:00:00,Рынок акций РФ начал год с умеренного снижения,,,ru,RU
99acc1575cca,interfax,https://www.interfax.ru/russia/1066463,2026-01-05 00:00:00,РФ призвала к освобождению Мадуро и переговорам между США и Венесуэлой,,,ru,RU
21a7b7f4552c,interfax,https://www.interfax.ru/business/1066465,2026-01-05 00:00:00,Рубль умеренно подешевел на фоне пониженной активности торгов и геополитических рисков,,,ru,RU
79fda52424b6,interfax,https://www.interfax.ru/russia/1066466,2026-01-05 00:00:00,Постпред РФ в ООН назвал циничной операцию США в Венесуэле,,,ru,RU
ecb6d08504af,interfax,https://www.interfax.ru/world/1066467,2026-01-05 00:00:00,Колумбийский президент пообещал взять в руки оружие в ответ на угрозы Трампа,,,ru,RU
ba243dccf167,interfax,https://www.interfax.ru/russia/1066469,2026-01-05 00:00:00,Москва закрыла въезд на территорию РФ для 28 канадских граждан,,,ru,RU
ddcfdb440106,interfax,https://www.interfax.ru/russia/1066449,2026-01-05 00:00:00,"Минобороны РФ сообщило о 50 украинских БПЛА, нейтрализованных за 5 часов",,,ru,RU
b5b3a20b256d,interfax,https://www.interfax.ru/world/1066472,2026-01-05 00:00:00,"Сын Мадуро уверен, что его отец вернется на родину",,,ru,RU
fff32a05311a,interfax,https://www.interfax.ru/world/1066459,2026-01-05 00:00:00,"В ЕК заявили, что операция США в Венесуэле создает возможность для демократического перехода",,,ru,RU
b58885ef0ccd,interfax,https://www.interfax.ru/business/1066447,2026-01-05 00:00:00,"Аналитики ожидают, что продажи электромобилей в мире в 2026 г. вырастут минимальными темпами с 2020 г.",,,ru,RU
7fe39f319b7f,interfax,https://www.interfax.ru/russia/1066440,2026-01-05 00:00:00,Ограничения вновь вводятся на автодорогах Башкирии из-за непогоды,,,ru,RU
631db0630aa9,interfax,https://www.interfax.ru/russia/1066444,2026-01-05 00:00:00,Путин дал поручения по развитию технологий искусственного интеллекта,,,ru,RU
ad60655c5833,interfax,https://www.interfax.ru/russia/1066421,2026-01-05 00:00:00,Минобороны РФ заявило о взятии под контроль села Грабовское в Сумской области,,,ru,RU
48a408c287ee,interfax,https://www.interfax.ru/russia/1066424,2026-01-05 00:00:00,"Восстановлено электроснабжение более чем 1,5 тыс. домов в Краснодарском крае",,,ru,RU
a0087d402849,interfax,https://www.interfax.ru/russia/1066423,2026-01-05 00:00:00,"Военные РФ, создавая зону безопасности в Сумской и Харьковской областях, продвигаются вперед",,,ru,RU
9cb6e303aa08,interfax,https://www.interfax.ru/business/1066427,2026-01-05 00:00:00,Акции Chevron дорожали на 10% на фоне событий вокруг Венесуэлы,,,ru,RU
2969957ca61c,interfax,https://www.interfax.ru/russia/1066426,2026-01-05 00:00:00,"Росавиация уверена в поставке трех Ил-114 в 2026 г., передача МС-21 и SJ-100 увязана с сертификацией",,,ru,RU
dd8e828a2c0d,interfax,https://www.interfax.ru/business/1066429,2026-01-05 00:00:00,Золото и другие драгметаллы дорожают на фоне событий вокруг Венесуэлы,,,ru,RU
39f0c0025680,interfax,https://www.interfax.ru/russia/1066430,2026-01-05 00:00:00,Поставку в Россию 40 кг кокаина из Латинской Америки пресекли в Петербурге,,,ru,RU
1a2f69c9ffff,interfax,https://www.interfax.ru/russia/1066432,2026-01-05 00:00:00,Пассажирские поезда задерживаются из-за аварии грузового поезда на Транссибе в Приамурье,,,ru,RU
2c54c983a056,interfax,https://www.interfax.ru/russia/1066428,2026-01-05 00:00:00,"Пассажиропоток авиакомпаний РФ в 2026 г. ожидается на уровне 110,4 млн человек",,,ru,RU
f94b2d5248e2,interfax,https://www.interfax.ru/world/1066433,2026-01-05 00:00:00,Заседание Совета глав МВД стран СНГ пройдёт в Душанбе,,,ru,RU
ac372d8dc8e7,interfax,https://www.interfax.ru/world/1066435,2026-01-05 00:00:00,США сосредоточатся на пяти ключевых ядерных программах,,,ru,RU
dc9c07684dc4,interfax,https://www.interfax.ru/world/1066436,2026-01-05 00:00:00,Швейцария заморозила активы Мадуро,,,ru,RU
cdd914c2c5c1,interfax,https://www.interfax.ru/world/1066471,2026-01-05 00:00:00,"Постпред США при ООН заявил, что Штаты хотят для Венесуэлы лучшего будущего",,,ru,RU
0fcf901c6b24,interfax,https://www.interfax.ru/russia/1066441,2026-01-05 00:00:00,Российским туроператорам рекомендовали приостановить продажу туров в Венесуэлу,,,ru,RU
795b36ead397,interfax,https://www.interfax.ru/world/1066443,2026-01-05 00:00:00,"В ЕС считают, что Гонсалес и Мачадо должны принять участие в демократическом переходе в Венесуэле",,,ru,RU
d15eee0094d5,interfax,https://www.interfax.ru/russia/1066442,2026-01-05 00:00:00,Путин дал поручения по улучшению демографической ситуации и росту экономики,,,ru,RU
3cc7eefeda1d,interfax,https://www.interfax.ru/world/1066439,2026-01-05 00:00:00,"Орбан заявил, что Венгрия не будет финансировать Украину",,,ru,RU
ea344175d2b8,interfax,https://www.interfax.ru/russia/1066448,2026-01-05 00:00:00,Женщина госпитализирована после атаки БПЛА на Елец,,,ru,RU
cec88dec0a8a,interfax,https://www.interfax.ru/russia/1066438,2026-01-05 00:00:00,В РФ прорабатывают программу льготного лизинга судов под замену ветхого флота с участием ФНБ,,,ru,RU
81ca582c2ef3,interfax,https://www.interfax.ru/world/1066446,2026-01-05 00:00:00,ЕС будет выступать в защиту целостности Дании в связи с заявлениями Трампа о Гренландии,,,ru,RU
3949ec3dfe3a,interfax,https://www.interfax.ru/world/1066473,2026-01-05 00:00:00,Мадуро предстал перед судом в Нью-Йорке,,,ru,RU
248038fa4f58,interfax,https://www.interfax.ru/russia/1066456,2026-01-05 00:00:00,Почти 50 беспилотников уничтожены над Белгородской областью за сутки,,,ru,RU
a32a04acd65c,interfax,https://www.interfax.ru/russia/1066476,2026-01-05 00:00:00,Над регионами РФ за четыре часа нейтрализовали 42 дрона ВСУ,,,ru,RU
a2c5403f2df6,interfax,https://www.interfax.ru/russia/1066453,2026-01-05 00:00:00,"Что произошло за день: понедельник, 5 января",,,ru,RU
063dbc89bd98,interfax,https://www.interfax.ru/world/1066490,2026-01-05 00:00:00,"Эрдоган заявил, что предостерег Трампа от рискованных действий в Венесуэле",,,ru,RU
c982c08f7749,interfax,https://www.interfax.ru/world/1066489,2026-01-05 00:00:00,Азербайджан нацелен на стабилизацию добычи нефти,,,ru,RU
9fb25da89acc,interfax,https://www.interfax.ru/russia/1066488,2026-01-05 00:00:00,Калужский аэропорт временно приостановил работу,,,ru,RU
77152144ecbf,interfax,https://www.interfax.ru/russia/1066487,2026-01-05 00:00:00,Аэропорты Жуковский и Домодедово работают штатно,,,ru,RU
8fc30ad7632c,interfax,https://www.interfax.ru/russia/1066486,2026-01-05 00:00:00,Два мирных жителя погибли в результате атаки БПЛА в Белгородской области,,,ru,RU
88078d21a35c,interfax,https://www.interfax.ru/world/1066483,2026-01-05 00:00:00,"Алиев заявил, что Армения получит доступ к железным дорогам РФ через Азербайджан",,,ru,RU
28220cd8aa53,interfax,https://www.interfax.ru/world/1066484,2026-01-05 00:00:00,Делси Родригес стала временным президентом Венесуэлы,,,ru,RU
9b2e406a6d6f,interfax,https://www.interfax.ru/russia/1066491,2026-01-05 00:00:00,Вечером над регионами РФ сбито 55 дронов,,,ru,RU
077d8aa7d510,interfax,https://www.interfax.ru/world/1066481,2026-01-05 00:00:00,Главы Евросовета и Еврокомиссии посетят ряд стран Ближнего Востока,,,ru,RU
819fc8486f13,interfax,https://www.interfax.ru/russia/1066480,2026-01-05 00:00:00,"Число уничтоженных БПЛА, летевших на Москву, увеличилось до трех",,,ru,RU
fc79045ffd44,interfax,https://www.interfax.ru/world/1066479,2026-01-05 00:00:00,Мадуро и его супруга в суде в Нью-Йорке не признали вину,,,ru,RU
c79100566495,interfax,https://www.interfax.ru/world/1066478,2026-01-05 00:00:00,Решение о кредите Украине в 90 млрд евро ожидается в ближайшие недели,,,ru,RU
fd466388cad3,interfax,https://www.interfax.ru/russia/1066470,2026-01-05 00:00:00,Володин предложил создавать оздоровительные лагеря для детей при крупных предприятиях,,,ru,RU
3ba9f3113751,interfax,https://www.interfax.ru/russia/1066474,2026-01-05 00:00:00,В новогодние праздники в РФ увеличилось число обращений к медикам,,,ru,RU
ee8fcaa44293,interfax,https://www.interfax.ru/world/1066482,2026-01-05 00:00:00,"Госдеп США объявил всё Западное полушарие ""зоной американских интересов""",,,ru,RU
792c22c456fc,interfax,https://www.interfax.ru/world/1066477,2026-01-05 00:00:00,Адвокат Мадуро пока не планирует добиваться его освобождения под залог,,,ru,RU
de9a40dacf27,interfax,https://www.interfax.ru/world/1066574,2026-01-06 00:00:00,"Каллас заявила, что ее конфликт с фон дер Ляйен вызван межведомственными противоречиями",,,ru,RU
8164f1e7a449,interfax,https://www.interfax.ru/business/1066575,2026-01-06 00:00:00,Президент Азербайджана заявил о планах увеличить экспорт газа,,,ru,RU
194fef8fb796,interfax,https://www.interfax.ru/russia/1066576,2026-01-06 00:00:00,Москва выступает за деэскалацию вокруг Венесуэлы на основе диалога и Устава ООН,,,ru,RU
5d0e2833e062,interfax,https://www.interfax.ru/business/1066577,2026-01-06 00:00:00,Фондовые индексы США растут,,,ru,RU
a2a2bffef67d,interfax,https://www.interfax.ru/business/1066578,2026-01-06 00:00:00,"Цена меди обновила рекорд, никель подорожал до максимума за 15 месяцев",,,ru,RU
0ae65cc7bd18,interfax,https://www.interfax.ru/business/1066579,2026-01-06 00:00:00,"Цены на нефть вновь перешли к снижению, Brent торгуется около $61,4 за баррель",,,ru,RU
47ce7d7e2a6a,interfax,https://www.interfax.ru/world/1066580,2026-01-06 00:00:00,Президент Мексики выступила против силы в решении международных проблем,,,ru,RU
61cfbbb6d20e,interfax,https://www.interfax.ru/russia/1066584,2026-01-06 00:00:00,Движение по Крымскому мосту возобновлено,,,ru,RU
9f4216cf588c,interfax,https://www.interfax.ru/business/1066582,2026-01-06 00:00:00,Рынок акций РФ во вторник просел к 2745п по индексу МосБиржи перед Рождеством,,,ru,RU
8d385181fbce,interfax,https://www.interfax.ru/business/1066585,2026-01-06 00:00:00,Рубль укрепился во вторник на фоне пониженной активности торгов,,,ru,RU
cb38c022abc1,interfax,https://www.interfax.ru/russia/1066586,2026-01-06 00:00:00,Роспотребнадзор приостановил ввоз в РФ детских сухих смесей Нестле,,,ru,RU
f2a8555a686f,interfax,https://www.interfax.ru/world/1066588,2026-01-06 00:00:00,"Трамп опасается, что демократы объявят ему импичмент в случае победы на выборах",,,ru,RU
046bd046cf54,interfax,https://www.interfax.ru/business/1066589,2026-01-06 00:00:00,Президент США заявил о сокращении Индией импорта нефти из РФ,,,ru,RU
99ad52ac840b,interfax,https://www.interfax.ru/culture/1066571,2026-01-06 00:00:00,Столицами европейской культуры 2026 года будут финский Оулу и словацкий Тренчин,,,ru,RU
65dd6acd2314,interfax,https://www.interfax.ru/business/1066581,2026-01-06 00:00:00,Европейские рынки акций растут,,,ru,RU
6c78b3486f4e,interfax,https://www.interfax.ru/business/1066570,2026-01-06 00:00:00,Рынок акций РФ к вечеру сохраняет безыдейный боковик у 2750 п. по индексу МосБиржи,,,ru,RU
bc69c98e3566,interfax,https://www.interfax.ru/russia/1066561,2026-01-06 00:00:00,"""Нестле Россия"" из предосторожности отзывает ограниченное количество партий детского питания",,,ru,RU
4298c17032b4,interfax,https://www.interfax.ru/world/1066568,2026-01-06 00:00:00,Эксперты сообщили о размещении США в Европе около 100 модифицированных ядерных авиабомб,,,ru,RU
9dcfad066cf4,interfax,https://www.interfax.ru/business/1066550,2026-01-06 00:00:00,Рынки акций Европы продолжают расти во вторник,,,ru,RU
fb98bb8ce514,interfax,https://www.interfax.ru/russia/1066551,2026-01-06 00:00:00,"""Роскосмос"" опубликовал снимок туманности ""Рождественская ёлка""",,,ru,RU
002b0e4bd3e7,interfax,https://www.interfax.ru/russia/1066552,2026-01-06 00:00:00,"Восстановлено электроснабжение в домах 2,3 тыс. жителей Краснодарского края",,,ru,RU
6dcca50d9041,interfax,https://www.interfax.ru/russia/1066553,2026-01-06 00:00:00,Все трассы открыты после временных ограничений в Башкирии,,,ru,RU
743af0c34742,interfax,https://www.interfax.ru/russia/1066554,2026-01-06 00:00:00,Четверо человек погибли в результате аварии в ХМАО,,,ru,RU
15ed3245a22d,interfax,https://www.interfax.ru/business/1066556,2026-01-06 00:00:00,Азиатские рынки акций завершили торги в плюсе,,,ru,RU
2e727e49e202,interfax,https://www.interfax.ru/business/1066558,2026-01-06 00:00:00,"Нефть перешла к умеренному росту, Brent торгуется выше $62 за баррель",,,ru,RU
60b4a73589d9,interfax,https://www.interfax.ru/moscow/1066569,2026-01-06 00:00:00,В рождественскую ночь московское метро будет работать до двух ночи,,,ru,RU
721a968a708c,interfax,https://www.interfax.ru/russia/1066559,2026-01-06 00:00:00,Дело о гибели человека при взрыве бытового газа возбуждено в Твери,,,ru,RU
197b2679ce3e,interfax,https://www.interfax.ru/russia/1066525,2026-01-06 00:00:00,"Что произошло за день: вторник, 6 января",,,ru,RU
923cebaafb86,interfax,https://www.interfax.ru/russia/1066562,2026-01-06 00:00:00,"С начала года группировка ""Запад"" уничтожила до 70 единиц техники и вооружения ВСУ в Купянском районе",,,ru,RU
5df720f4f00e,interfax,https://www.interfax.ru/russia/1066563,2026-01-06 00:00:00,Первые три запуска модулей Российской орбитальной станции переведут с Восточного на Байконур,,,ru,RU
aab9df986cce,interfax,https://www.interfax.ru/russia/1066564,2026-01-06 00:00:00,"""Протон-М"", ""Ангара-А5М"" и ""Союз-2.1б"" используют при развертывании орбитальной станции",,,ru,RU
0f1033814dba,interfax,https://www.interfax.ru/business/1066565,2026-01-06 00:00:00,Колебания курса рубля во вторник днем незначительные,,,ru,RU
41d3ccab35d6,interfax,https://www.interfax.ru/business/1066566,2026-01-06 00:00:00,"Bosch инвестирует 2,5 млрд евро к концу 2027 г. в разработку и внедрение ИИ-технологий",,,ru,RU
3e6a45debe8a,interfax,https://www.interfax.ru/world/1066567,2026-01-06 00:00:00,ЕС продолжит контакты с властями Венесуэлы,,,ru,RU
1cba67505e2a,interfax,https://www.interfax.ru/business/1066560,2026-01-06 00:00:00,Саудовская Аравия в феврале снизит цены на нефть для всех регионов,,,ru,RU
b804c2716b09,interfax,https://www.interfax.ru/russia/1066590,2026-01-06 00:00:00,"Российские военные сбили 11 дронов ВСУ над Крымом, Черным и Азовским морями",,,ru,RU
14ba004a5611,interfax,https://www.interfax.ru/world/1066599,2026-01-06 00:00:00,США намерены руководить мониторингом режима прекращения огня на Украине,,,ru,RU
66728de06cf9,interfax,https://www.interfax.ru/world/1066592,2026-01-06 00:00:00,Yemenia Airways запустят рейсы с острова Сокотра в Саудовскую Аравию,,,ru,RU
c7e5a06b40d7,interfax,https://www.interfax.ru/russia/1066537,2026-01-06 00:00:00,Восстановлено движение поездов по одному из путей на Транссибе после схода вагонов в Приамурье,,,ru,RU
372beb545f91,interfax,https://www.interfax.ru/world/1066538,2026-01-06 00:00:00,Спикер парламента Грузии озвучил позицию властей страны в связи с событиями в Венесуэле,,,ru,RU
8ae4cce6e0b3,interfax,https://www.interfax.ru/world/1066539,2026-01-06 00:00:00,Министры обороны Польши и Франции обсудили ситуацию с безопасностью в Европе,,,ru,RU
3858781edc9e,interfax,https://www.interfax.ru/russia/1066541,2026-01-06 00:00:00,Ряд поездов задержан после атаки БПЛА в Воронежской области,,,ru,RU
a104355253e4,interfax,https://www.interfax.ru/moscow/1066591,2026-01-06 00:00:00,"Пожарные не обнаружили возгорания в ТЦ ""РИО"" на юге Москвы",,,ru,RU
9e42e5925db4,interfax,https://www.interfax.ru/russia/1066542,2026-01-06 00:00:00,"Самолет ""Аэрофлота"" не смог вылететь из Барнаула в Москву из-за неполадки",,,ru,RU
fab874bcca0e,interfax,https://www.interfax.ru/russia/1066543,2026-01-06 00:00:00,Мужчина ранен при атаке дрона в Белгородской области,,,ru,RU
cc5427f89076,interfax,https://www.interfax.ru/russia/1066544,2026-01-06 00:00:00,"Аэропорты Ижевска, Перми и Ярославля работают в штатном режиме",,,ru,RU
81633e66a5e4,interfax,https://www.interfax.ru/business/1066545,2026-01-06 00:00:00,Венесуэле для восстановления добычи нефти до 3 млн б/с к 2040 г. потребуется $183 млрд,,,ru,RU
6329bac7a134,interfax,https://www.interfax.ru/russia/1066311,2026-01-06 00:00:00,Россия и мир: 2026. Тренды внешней политики,,,ru,RU
21d6b4065da6,interfax,https://www.interfax.ru/world/1066546,2026-01-06 00:00:00,Досудебное расследование за призывы к атакам на КТК начато в Казахстане,,,ru,RU
dd43d328ce3a,interfax,https://www.interfax.ru/world/1066540,2026-01-06 00:00:00,"Премьер Дании предположила, что притязания США на Гренландию могут завершиться распадом НАТО",,,ru,RU
be26ba59ccc1,interfax,https://www.interfax.ru/russia/1066549,2026-01-06 00:00:00,"Минобороны заявило о продвижении группировки ""Восток"" вглубь обороны ВСУ",,,ru,RU
53506c79b17b,interfax,https://www.interfax.ru/russia/1066547,2026-01-06 00:00:00,Минобороны РФ сообщило об ударах по местам хранения беспилотников дальнего действия ВСУ,,,ru,RU
b3f00dc3c5de,interfax,https://www.interfax.ru/russia/1066593,2026-01-06 00:00:00,Аэропорт Калуги возобновил работу,,,ru,RU
4a739c2a4aea,interfax,https://www.interfax.ru/russia/1066594,2026-01-06 00:00:00,Над Калужской областью сбито еще 16 БПЛА,,,ru,RU
c92d871257d0,interfax,https://www.interfax.ru/russia/1066595,2026-01-06 00:00:00,Электроснабжение восстановлено в Туапсинском округе Краснодарского края,,,ru,RU
2b14b94dfb5f,interfax,https://www.interfax.ru/world/1066596,2026-01-06 00:00:00,Уиткофф заявил о прогрессе на консультациях по гарантиям безопасности Украины,,,ru,RU
a8d21b5b7f3b,interfax,https://www.interfax.ru/russia/1066548,2026-01-06 00:00:00,Российские военные за сутки сбили 360 дронов ВСУ,,,ru,RU
a3e06f853b06,interfax,https://www.interfax.ru/world/1066598,2026-01-06 00:00:00,ФРГ не планирует размещать военных на Украине,,,ru,RU
8561e2c5a89e,interfax,https://www.interfax.ru/world/1066601,2026-01-06 00:00:00,"Уиткофф заявил, что работа над документами о гарантиях безопасности Украины в основном завершена",,,ru,RU
db1fbe6e437d,interfax,https://www.interfax.ru/russia/1066602,2026-01-06 00:00:00,Нефтебаза подверглась атаке БПЛА в Белгородской области,,,ru,RU
06ee83e4def1,interfax,https://www.interfax.ru/world/1066603,2026-01-06 00:00:00,"Макрон заявил, что в ближайшие недели возобновит диалог с Путиным",,,ru,RU
500ac69bdc25,interfax,https://www.interfax.ru/world/1066597,2026-01-06 00:00:00,"Макрон, Стармер и Зеленский подписали документ о размещении на Украине многонациональных сил",,,ru,RU
0784429d1741,interfax,https://www.interfax.ru/russia/1066678,2026-01-07 00:00:00,Аэропорт Волгограда возобновил обслуживание рейсов,,,ru,RU
98d3d8cc043b,interfax,https://www.interfax.ru/world/1066677,2026-01-07 00:00:00,В Бельгии надеются на инициативы для урегулирования ситуации вокруг Гренландии,,,ru,RU
c1d6d0c6a335,interfax,https://www.interfax.ru/world/1066676,2026-01-07 00:00:00,"Трамп заявил, что США всегда будут вместе с НАТО",,,ru,RU
187984e6d845,interfax,https://www.interfax.ru/world/1066675,2026-01-07 00:00:00,Военные США сообщили о задержании танкера Sophia в Карибском море,,,ru,RU
e314e4593d0f,interfax,https://www.interfax.ru/world/1066674,2026-01-07 00:00:00,"Глава американского Минэнерго заявил, что венесуэльскую нефть будут продавать США",,,ru,RU
8f734116f108,interfax,https://www.interfax.ru/world/1066670,2026-01-07 00:00:00,"CNBC узнал, что США ослабят санкции против Венесуэлы, поставки ее нефти продолжатся",,,ru,RU
db5094c1bec8,interfax,https://www.interfax.ru/world/1066672,2026-01-07 00:00:00,"EUCOM заявило, что операция по захвату танкера под флагом РФ завершена",,,ru,RU
84622b3ad203,interfax,https://www.interfax.ru/world/1066668,2026-01-07 00:00:00,В Алеппо возобновились бои между правительственными силами Сирии и курдским ополчением,,,ru,RU
e504c365f319,interfax,https://www.interfax.ru/world/1066667,2026-01-07 00:00:00,Национальное бюро расследований Финляндии арестовало сухогруз Fitburg,,,ru,RU
7e6dbfcd01d9,interfax,https://www.interfax.ru/business/1066665,2026-01-07 00:00:00,ОПЕК получила обновленные графики компенсаций за сверхдобычу от четырех стран,,,ru,RU
6017c72890b2,interfax,https://www.interfax.ru/russia/1066664,2026-01-07 00:00:00,Контакт с ЛЭП стал причиной крушения вертолета в Пермском крае,,,ru,RU
a44c90041f3b,interfax,https://www.interfax.ru/russia/1066673,2026-01-07 00:00:00,После отравления спортсменов в гостинице в Сочи открыли уголовное дело,,,ru,RU
70f4618e72b4,interfax,https://www.interfax.ru/world/1066666,2026-01-07 00:00:00,WSJ сообщила о попытке США захватить танкера под флагом РФ,,,ru,RU
8cd6abbb327f,interfax,https://www.interfax.ru/world/1066679,2026-01-07 00:00:00,Министр обороны Великобритании сообщил о помощи США в задержании танкера Marinera,,,ru,RU
f21d3dc0dbdd,interfax,https://www.interfax.ru/business/1066631,2026-01-07 00:00:00,Chevron и Quantum Energy Partners готовят предложение о покупке зарубежных активов ЛУКОЙЛа,,,ru,RU
a4a869e4ba24,interfax,https://www.interfax.ru/moscow/1066661,2026-01-07 00:00:00,За два дня высота сугробов в Москве вырастет на 30 см,,,ru,RU
4bd263151c72,interfax,https://www.interfax.ru/world/1066659,2026-01-07 00:00:00,"СМИ сообщили, что обсуждения в Белом доме судьбы Гренландии ведутся на ранних стадиях",,,ru,RU
526ee1b84089,interfax,https://www.interfax.ru/world/1066657,2026-01-07 00:00:00,"Axios узнал, что для США приоритетом являются не выборы в Венесуэле, а поставки нефти",,,ru,RU
80bf8df0eb4e,interfax,https://www.interfax.ru/russia/1066658,2026-01-07 00:00:00,Частный вертолет разбился в Прикамье,,,ru,RU
7717fdd60261,interfax,https://www.interfax.ru/moscow/1066656,2026-01-07 00:00:00,Снег и сильный ветер до 18 м/с ожидаются в Москве 8 и 9 января,,,ru,RU
79bfe4a99ebb,interfax,https://www.interfax.ru/world/1066655,2026-01-07 00:00:00,Сирийские военные ввели комендантский час в двух курдских кварталах Алеппо,,,ru,RU
dfd27aa699fc,interfax,https://www.interfax.ru/world/1066654,2026-01-07 00:00:00,Финляндия сняла подозрения с судна Fitburg в ввозе подсанкционной стали,,,ru,RU
788d5183fffa,interfax,https://www.interfax.ru/russia/1066653,2026-01-07 00:00:00,Двенадцать дронов ликвидировано за сутки в Белгородской области,,,ru,RU
f04f90bce614,interfax,https://www.interfax.ru/russia/1066652,2026-01-07 00:00:00,Рождественские богослужения прошли без происшествий в 6 тыс. населенных пунктов РФ,,,ru,RU
41723467aaf8,interfax,https://www.interfax.ru/world/1066651,2026-01-07 00:00:00,"Глава МИД Ирана отметил, что для переговоров с США еще не время",,,ru,RU
aa3b86ed2f81,interfax,https://www.interfax.ru/world/1066649,2026-01-07 00:00:00,"МИД Франции заявил, что будущее Гренландии должно определяться ее властями и властями Дании",,,ru,RU
34d2e04753c5,interfax,https://www.interfax.ru/moscow/1066648,2026-01-07 00:00:00,Синоптики спрогнозировали сильный снег и метель в Москве 8 и 9 января,,,ru,RU
6ef3cfe63b44,interfax,https://www.interfax.ru/world/1066663,2026-01-07 00:00:00,Пожар со взрывом произошел на нефтебазе SOCAR Petroleum,,,ru,RU
26bf1870bcf8,interfax,https://www.interfax.ru/russia/1066647,2026-01-07 00:00:00,Группа юных спортсменов отравилась в гостинице Сочи,,,ru,RU
2ec2678f057f,interfax,https://www.interfax.ru/world/1066642,2026-01-07 00:00:00,"В Финляндии заявили, что сухогруз Fitburg может продолжить рейс после устранения недостатков",,,ru,RU
1b159db3a6f4,interfax,https://www.interfax.ru/russia/1066645,2026-01-07 00:00:00,"Военные сообщили о продвижении группировки войск ""Восток"" вглубь обороны ВСУ",,,ru,RU
4381e347f771,interfax,https://www.interfax.ru/world/1066641,2026-01-07 00:00:00,"В йеменском ЮПС заявили, что его лидер остается в Адене",,,ru,RU
78d3db370366,interfax,https://www.interfax.ru/world/1066640,2026-01-07 00:00:00,Китай осуждает действия США в отношении Венесуэлы,,,ru,RU
63e289852c05,interfax,https://www.interfax.ru/russia/1066637,2026-01-07 00:00:00,БПЛА уничтожен в Северной Осетии,,,ru,RU
3f5a170a6c16,interfax,https://www.interfax.ru/russia/1066636,2026-01-07 00:00:00,Снегопады прогнозируются в регионах центра европейской части России,,,ru,RU
3624b509b8d5,interfax,https://www.interfax.ru/moscow/1066635,2026-01-07 00:00:00,Движение поездов на фиолетовой ветке московского метро восстановлено,,,ru,RU
3c9ccc9dd615,interfax,https://www.interfax.ru/world/1066633,2026-01-07 00:00:00,В Эстонии планируют достроить инфраструктуру на границе с РФ к концу 2027 г.,,,ru,RU
c88feca4ee31,interfax,https://www.interfax.ru/moscow/1066632,2026-01-07 00:00:00,Движение поездов на фиолетовой ветке метро прервано из-за падения человека на рельсы,,,ru,RU
7f422676f2b3,interfax,https://www.interfax.ru/world/1066630,2026-01-07 00:00:00,WSJ сообщила о разговоре Рубио с конгрессменами о намерении США купить Гренландию,,,ru,RU
f6abed4625bf,interfax,https://www.interfax.ru/russia/1066680,2026-01-07 00:00:00,"Минтранс сообщил, что танкер Marinera получил временное разрешение использовать флаг РФ",,,ru,RU
bb0865ada21a,interfax,https://www.interfax.ru/russia/1066643,2026-01-07 00:00:00,Военные РФ нанесли удары по местам запуска дронов и складам боеприпасов ВСУ,,,ru,RU
3cfd736dfc64,interfax,https://www.interfax.ru/russia/1066682,2026-01-07 00:00:00,Роспотребнадзор сообщил о единичных случаях заболевания детей в гостинице Сочи,,,ru,RU
363939221e94,interfax,https://www.interfax.ru/russia/1066681,2026-01-07 00:00:00,МИД РФ потребовал не препятствовать возвращению на родину находящихся на Marinera россиян,,,ru,RU
87680e29d424,interfax,https://www.interfax.ru/russia/1066698,2026-01-07 00:00:00,Силы ПВО в течение трех часов сбили девять БПЛА над регионами РФ и Черным морем,,,ru,RU
7316ee823b67,interfax,https://www.interfax.ru/russia/1066697,2026-01-07 00:00:00,Аэропорт Краснодара не обслуживает рейсы,,,ru,RU
5ce22cc7a268,interfax,https://www.interfax.ru/world/1066694,2026-01-07 00:00:00,Захваченный США танкер под российским флагом направляется в Великобританию,,,ru,RU
94c4f8014a1f,interfax,https://www.interfax.ru/russia/1066693,2026-01-07 00:00:00,Два частных дома повреждены после атаки БПЛА в Волгоградской области,,,ru,RU
fa2da5293d19,interfax,https://www.interfax.ru/world/1066692,2026-01-07 00:00:00,Глава ЕК связала приоритеты кипрского председательства в ЕС с перспективами Украины и Молдавии,,,ru,RU
a0ee1482b91d,interfax,https://www.interfax.ru/world/1066696,2026-01-07 00:00:00,Трамп выразил недовольство скоростью производства вооружения в США,,,ru,RU
9548ccd9a7e8,interfax,https://www.interfax.ru/russia/1066689,2026-01-07 00:00:00,Аэропорт Волгограда возобновил работу,,,ru,RU
0e1749855de4,interfax,https://www.interfax.ru/world/1066688,2026-01-07 00:00:00,"Белый дом заявил, что экипаж танкера Marinera предстанет перед судом в США",,,ru,RU
6faf5f041535,interfax,https://www.interfax.ru/world/1066687,2026-01-07 00:00:00,Рубио встретится с властями Дании на следующей неделе для обсуждения Гренландии,,,ru,RU
f5633f1ec33c,interfax,https://www.interfax.ru/russia/1066685,2026-01-07 00:00:00,В заведениях общепита в Херсонской области запретили проведение массовых мероприятий,,,ru,RU
602483e4eb44,interfax,https://www.interfax.ru/world/1066684,2026-01-07 00:00:00,США начали продажу венесуэльской нефти на мировом рынке,,,ru,RU
54c6dcbba8bb,interfax,https://www.interfax.ru/russia/1066683,2026-01-07 00:00:00,СКР назвал неисправность и ошибку пилота возможной причиной падения вертолета в Прикамье,,,ru,RU
1a441829889c,interfax,https://www.interfax.ru/russia/1066690,2026-01-07 00:00:00,"Теплоснабжение свыше 1,3 тыс. жителей поселка в Прикамье восстановлено после аварии",,,ru,RU
c242c92c4a29,interfax,https://www.interfax.ru/business/1066762,2026-01-08 00:00:00,WSJ сообщила о планах США за счет Венесуэлы сбить цены на нефть до $50 за баррель,,,ru,RU
3894ac823c7c,interfax,https://www.interfax.ru/russia/1066728,2026-01-08 00:00:00,Над Краснодарским краем нейтрализованы 11 беспилотников,,,ru,RU
6b1bc253b8e5,interfax,https://www.interfax.ru/world/1066727,2026-01-08 00:00:00,Рынки акций АТР не демонстрируют единой динамики в четверг,,,ru,RU
2f096185c548,interfax,https://www.interfax.ru/russia/1066726,2026-01-08 00:00:00,Атаку БПЛА отразили в Таганроге и пяти районах Ростовской области,,,ru,RU
9b977e77a285,interfax,https://www.interfax.ru/russia/1066758,2026-01-08 00:00:00,В Прикамье по факту крушения вертолета Robinson возбуждено уголовное дело,,,ru,RU
17140e317f5d,interfax,https://www.interfax.ru/culture/1066759,2026-01-08 00:00:00,"Мариинский театр представит в Москве 14 января оперу ""Ночь перед Рождеством""",,,ru,RU
7cdb68ffc35d,interfax,https://www.interfax.ru/russia/1066760,2026-01-08 00:00:00,Москва призвала Вашингтон вернуться к нормам международного судоходства,,,ru,RU
3da89a657c4d,interfax,https://www.interfax.ru/russia/1066763,2026-01-08 00:00:00,В Удмуртии с ДТП с двумя Lada Granta погибли двое,,,ru,RU
baf140f77be3,interfax,https://www.interfax.ru/russia/1066771,2026-01-08 00:00:00,Баскетболиста Даниила Касаткина обменяли на француза Лорана Винатье,,,ru,RU
60ba2503daa8,interfax,https://www.interfax.ru/russia/1066764,2026-01-08 00:00:00,В Коми перевернулся экскурсионный автобус с детьми,,,ru,RU
4b6d2cf9f2cc,interfax,https://www.interfax.ru/world/1066766,2026-01-08 00:00:00,Астронавты NASA отложили выход с МКС в открытый космос,,,ru,RU
f75291a04504,interfax,https://www.interfax.ru/business/1066767,2026-01-08 00:00:00,ExxonMobil договаривается о разведке углеводородов на шельфе Турции,,,ru,RU
7bb2836e3671,interfax,https://www.interfax.ru/russia/1066768,2026-01-08 00:00:00,В Белгородской области в результате удара БПЛА по машине пострадали два человека,,,ru,RU
83ec882f01b2,interfax,https://www.interfax.ru/world/1066770,2026-01-08 00:00:00,Миссия Crew-11 может вернуться с МКС на Землю досрочно,,,ru,RU
1ef267cc7d97,interfax,https://www.interfax.ru/russia/1066730,2026-01-08 00:00:00,Отравление детей в сочинской гостинице вызвал норовирус,,,ru,RU
296e9c17c903,interfax,https://www.interfax.ru/business/1066772,2026-01-08 00:00:00,Эксперт спрогнозировал дальнейшее снижение потребления рыбы в России,,,ru,RU
940e4b8e935b,interfax,https://www.interfax.ru/world/1066773,2026-01-08 00:00:00,"Тбилиси выясняет, есть ли на борту танкера Marinera граждане Грузии",,,ru,RU
7353947ab499,interfax,https://www.interfax.ru/business/1066774,2026-01-08 00:00:00,Внешнеторговый дефицит США в октябре сократился до минимума с 2009 года,,,ru,RU
98a363749998,interfax,https://www.interfax.ru/business/1066765,2026-01-08 00:00:00,"Нефтекомпании США хотят ""серьезных гарантий"" для инвестирования в Венесуэлу",,,ru,RU
c935412b8974,interfax,https://www.interfax.ru/russia/1066731,2026-01-08 00:00:00,Отменены ограничения для аэропортов Краснодара и Геленджика,,,ru,RU
43b7b180e66c,interfax,https://www.interfax.ru/business/1066740,2026-01-08 00:00:00,"Основная сессия на российском рынке акций открылась снижением индексов на 0,9%",,,ru,RU
6efb1d7e0187,interfax,https://www.interfax.ru/moscow/1066733,2026-01-08 00:00:00,В Москве в 2026 году запустят второй трамвайный диаметр длиной 33 км,,,ru,RU
1c0762560406,interfax,https://www.interfax.ru/world/1066775,2026-01-08 00:00:00,В Брюсселе заявили о праве стран ЕС проводить инспекции российских судов,,,ru,RU
68da77591f97,interfax,https://www.interfax.ru/russia/1066756,2026-01-08 00:00:00,Москва квалифицирует как прямую угрозу размещение на Украине иностранных военных,,,ru,RU
197bfd60011c,interfax,https://www.interfax.ru/moscow/1066755,2026-01-08 00:00:00,В Москве менее чем за двое суток может выпасть две трети месячной нормы снега,,,ru,RU
575718fa1214,interfax,https://www.interfax.ru/business/1066753,2026-01-08 00:00:00,Саудовская нефтехимическая компания SABIC продает активы в ЕС и Америке,,,ru,RU
05360cd89e71,interfax,https://www.interfax.ru/russia/1066752,2026-01-08 00:00:00,В Приангарье в столкновении грузовика и внедорожника погибли четверо,,,ru,RU
fd0c06f726a7,interfax,https://www.interfax.ru/russia/1066751,2026-01-08 00:00:00,Минобороны сообщило о взятии под контроль села Братское в Днепропетровской области,,,ru,RU
82890fca9250,interfax,https://www.interfax.ru/world/1066750,2026-01-08 00:00:00,"Трамп не знает, когда Венесуэла станет самостоятельной",,,ru,RU
6ce37206e625,interfax,https://www.interfax.ru/russia/1066749,2026-01-08 00:00:00,В станице на Кубани обломки БПЛА повредили линию электропередачи,,,ru,RU
565520c3057e,interfax,https://www.interfax.ru/russia/1066732,2026-01-08 00:00:00,Аэропорт Сочи задерживает вылет 20 рейсов,,,ru,RU
b00264b64331,interfax,https://www.interfax.ru/moscow/1066748,2026-01-08 00:00:00,"В Москве 12-18 января пройдет ""музейная неделя""",,,ru,RU
32d9ca960246,interfax,https://www.interfax.ru/business/1066745,2026-01-08 00:00:00,Россия почти утроила экспорт перьев птиц и пуха в Японию,,,ru,RU
6e67120708d2,interfax,https://www.interfax.ru/world/1066744,2026-01-08 00:00:00,Politico сообщило о подготовке дипломатов ЕС к противостоянию с Трампом по Гренландии,,,ru,RU
36fc3925e099,interfax,https://www.interfax.ru/russia/1066743,2026-01-08 00:00:00,Задерживаются шесть поездов по сообщению с Крымом,,,ru,RU
dd185c60f595,interfax,https://www.interfax.ru/business/1066741,2026-01-08 00:00:00,"Рубль на ""Мосбирже"" умеренно дешевеет к юаню",,,ru,RU
c5d08b5c129c,interfax,https://www.interfax.ru/russia/1066739,2026-01-08 00:00:00,В России будет создана цифровая платформа рыбохозяйственного комплекса и АПК,,,ru,RU
44489e0572b3,interfax,https://www.interfax.ru/russia/1066757,2026-01-08 00:00:00,В Калужской области в ДТП погибли четыре человека,,,ru,RU
686b308d1b8c,interfax,https://www.interfax.ru/russia/1066737,2026-01-08 00:00:00,Чиновники обдумают ускорение инфраструктурных проектов по экспорту продукции АПК по воде,,,ru,RU
9a0d9bcc6651,interfax,https://www.interfax.ru/russia/1066735,2026-01-08 00:00:00,Для иностранцев введут ответственность за уклонение от медосвидетельствования,,,ru,RU
e5bd983ff997,interfax,https://www.interfax.ru/world/1066747,2026-01-08 00:00:00,WSJ сообщила о продолжении дискуссий в США об использовании венесуэльской нефти,,,ru,RU
0f7da759c3a9,interfax,https://www.interfax.ru/russia/1066778,2026-01-08 00:00:00,Направлявшийся в Москву самолет Utair вернулся в Дубай по техническим причинам,,,ru,RU
1466735eb377,interfax,https://www.interfax.ru/world/1066791,2026-01-08 00:00:00,Дмитриев провел встречу с Уиткоффом и Кушнером в Париже,,,ru,RU
4ea0f5dbb4ac,interfax,https://www.interfax.ru/russia/1066781,2026-01-08 00:00:00,Вторая группа россиян сможет улететь с йеменского острова Сокотра 10 января,,,ru,RU
104762a19902,interfax,https://www.interfax.ru/world/1066795,2026-01-08 00:00:00,Президент США собирается добиться фактического контроля над Гренландией,,,ru,RU
af8ff4ba40e6,interfax,https://www.interfax.ru/world/1066794,2026-01-08 00:00:00,Трамп планирует более выгодный договор с Россией в случае завершения действия ДСНВ,,,ru,RU
5566323c7c46,interfax,https://www.interfax.ru/russia/1066793,2026-01-08 00:00:00,В Севастополе морской пассажирский транспорт приостановил работу из-за непогоды,,,ru,RU
b728452bbfb0,interfax,https://www.interfax.ru/world/1066792,2026-01-08 00:00:00,Евросоюз призвал к сдержанности стороны вооруженных столкновений в Сирии,,,ru,RU
7eba63af2354,interfax,https://www.interfax.ru/russia/1066790,2026-01-08 00:00:00,В Саратовской области закрыли участки четырех федеральных трасс,,,ru,RU
5df93a8aa6e4,interfax,https://www.interfax.ru/world/1066789,2026-01-08 00:00:00,"Макрон отметил, что США отворачиваются от союзников и отступают от международных правил",,,ru,RU
4597246ccfbe,interfax,https://www.interfax.ru/moscow/1066788,2026-01-08 00:00:00,Аэропорты Москвы задержали больше 70 рейсов из-за снегопада,,,ru,RU
19d1466c9827,interfax,https://www.interfax.ru/business/1066786,2026-01-08 00:00:00,Курс рубля к юаню к концу торгов четверга отыграл дневные потери,,,ru,RU
8858e675a00d,interfax,https://www.interfax.ru/russia/1066785,2026-01-08 00:00:00,Въезд грузовиков в Тулу ограничен из-за снегопада,,,ru,RU
5436504ba027,interfax,https://www.interfax.ru/world/1066784,2026-01-08 00:00:00,Брюссель не наблюдает ухудшения отношений ЕС и США,,,ru,RU
c361bcbdf8df,interfax,https://www.interfax.ru/business/1066783,2026-01-08 00:00:00,Индекс МосБиржи просел ниже 2720 пунктов на геополитической напряженности,,,ru,RU
2c1721c5d774,interfax,https://www.interfax.ru/world/1066782,2026-01-08 00:00:00,Макрон поблагодарил французских дипломатов за возвращение Винатье на родину,,,ru,RU
e57c3b862745,interfax,https://www.interfax.ru/russia/1066780,2026-01-08 00:00:00,Глава Грайворонского округа ранен в результате атаки дрона,,,ru,RU
95dd8a83d598,interfax,https://www.interfax.ru/russia/1066787,2026-01-08 00:00:00,В Волгоградской области в столкновении трех машин погибли семь человек,,,ru,RU
22ae4d74d01a,interfax,https://www.interfax.ru/russia/1066779,2026-01-08 00:00:00,В Нижнем Тагиле после пожара на мебельной фабрике нашли погибшего,,,ru,RU
ccd4addbb4e5,interfax,https://www.interfax.ru/russia/1066880,2026-01-09 00:00:00,Восстановлено электроснабжение большей части обесточенных районов Брянской области,,,ru,RU
4c314f043d4b,interfax,https://www.interfax.ru/moscow/1066881,2026-01-09 00:00:00,В Москве ожидается похолодание до 20 градусов мороза с 14 января,,,ru,RU
5c314bf88ba9,interfax,https://www.interfax.ru/russia/1066874,2026-01-09 00:00:00,"""Россети"" назвали регионы с наиболее сложной обстановкой с электричеством в связи с непогодой",,,ru,RU
6d045d3f22ea,interfax,https://www.interfax.ru/russia/1066877,2026-01-09 00:00:00,Нарушенное непогодой электроснабжение восстанавливают в Ярославской области,,,ru,RU
39a54a56ba9a,interfax,https://www.interfax.ru/world/1066875,2026-01-09 00:00:00,"Глава Колумбии заявил, что страна рассчитывает на диалог с США, но готова и к партизанской войне",,,ru,RU
2b91fecebc3e,interfax,https://www.interfax.ru/business/1066883,2026-01-09 00:00:00,Рынок акций РФ к вечеру остается в боковике в ожидании новостей на фоне низкой активности торгов,,,ru,RU
f1a04ae5fb46,interfax,https://www.interfax.ru/world/1066879,2026-01-09 00:00:00,Полный парад ближайших к Земле планет соберется около Солнца к 22 января,,,ru,RU
ca46822b4d34,interfax,https://www.interfax.ru/business/1066886,2026-01-09 00:00:00,Фондовые индексы США растут в начале торгов,,,ru,RU
12ff2a8e45d4,interfax,https://www.interfax.ru/russia/1066895,2026-01-09 00:00:00,Мантуров заявил о полном импортозамещении в производстве канатных дорог в РФ,,,ru,RU
218ac651b709,interfax,https://www.interfax.ru/russia/1066889,2026-01-09 00:00:00,Электроснабжение более 90% оставшихся без света жителей Калужской области восстановлено,,,ru,RU
49fadc700de1,interfax,https://www.interfax.ru/business/1066890,2026-01-09 00:00:00,"Цены на нефть прибавляют более 2%, Brent выше $63,2 за баррель",,,ru,RU
f85de1b85f02,interfax,https://www.interfax.ru/russia/1066891,2026-01-09 00:00:00,РФ и Венесуэла подтвердили настрой на продолжение контактов по линии оборонных ведомств,,,ru,RU
b38df13cda94,interfax,https://www.interfax.ru/world/1066892,2026-01-09 00:00:00,МАГАТЭ начало консультации с РФ и Украиной о прекращении огня возле ЗАЭС для ремонта,,,ru,RU
cc84bc47e315,interfax,https://www.interfax.ru/business/1066893,2026-01-09 00:00:00,Рынок акций РФ в пятницу подрос к 2725п по индексу Мосбиржи в рамках коррекции,,,ru,RU
430794682641,interfax,https://www.interfax.ru/world/1066894,2026-01-09 00:00:00,США сообщили о задержании танкера Olina,,,ru,RU
9567cc02a6b3,interfax,https://www.interfax.ru/business/1066873,2026-01-09 00:00:00,Рубль к середине дня умеренно подорожал,,,ru,RU
daae66eeef1d,interfax,https://www.interfax.ru/russia/1066896,2026-01-09 00:00:00,Последствия аварий на энергосетях Калужской области устранены,,,ru,RU
365a5baae5bf,interfax,https://www.interfax.ru/business/1066897,2026-01-09 00:00:00,"Рубль подорожал в пятницу, вернувшись к уровням конца декабря",,,ru,RU
24c1ca864cc9,interfax,https://www.interfax.ru/world/1066887,2026-01-09 00:00:00,ЕС и Сирия определили направления восстановления сотрудничества,,,ru,RU
0b225aa62544,interfax,https://www.interfax.ru/russia/1066872,2026-01-09 00:00:00,Число жертв ДТП с автобусом в Коми возросло до двух,,,ru,RU
8fd61c96fa68,interfax,https://www.interfax.ru/world/1066866,2026-01-09 00:00:00,Российские боевые корабли прибыли в ЮАР для участия в международных манёврах,,,ru,RU
6439a097b49e,interfax,https://www.interfax.ru/russia/1066870,2026-01-09 00:00:00,"Самолет АК ""Россия"" выкатился за пределы ВПП аэропорта Архангельск",,,ru,RU
f532ff2b96a3,interfax,https://www.interfax.ru/news/2026/01/10/,2026-01-09 00:00:00,10 января→,,,ru,RU
3415b1ac8431,interfax,https://www.interfax.ru/business/1066849,2026-01-09 00:00:00,"ООН прогнозирует рост экономики Азербайджана в 2026 году на 2,7%",,,ru,RU
3dc58c3cf582,interfax,https://www.interfax.ru/russia/1066850,2026-01-09 00:00:00,МИД приветствовал решение Трампа освободить двух граждан РФ из экипажа танкера Marinera,,,ru,RU
01455238ff30,interfax,https://www.interfax.ru/business/1066851,2026-01-09 00:00:00,Азиатские фондовые индексы в основном завершили торги в плюсе,,,ru,RU
7b30433799ab,interfax,https://www.interfax.ru/russia/1066853,2026-01-09 00:00:00,Военные РФ с 3 по 9 января нанесли массированный и четыре групповых удара по объектам на Украине,,,ru,RU
f2b34201480d,interfax,https://www.interfax.ru/russia/1066854,2026-01-09 00:00:00,Минобороны РФ заявило о взятии за неделю под контроль пяти населенных пунктов в зоне СВО,,,ru,RU
39d06f8baece,interfax,https://www.interfax.ru/russia/1066855,2026-01-09 00:00:00,"Средства ПВО за неделю нейтрализовали более 1,3 тыс. дронов ВСУ",,,ru,RU
77aa6bd8c1b0,interfax,https://www.interfax.ru/russia/1066857,2026-01-09 00:00:00,На Кубани восстановлено нарушенное непогодой электроснабжение,,,ru,RU
3d78ec5d1d8d,interfax,https://www.interfax.ru/russia/1066871,2026-01-09 00:00:00,Соглашение РФ с Белоруссией о защите граждан от преследования иностранными государствами внесено в Думу,,,ru,RU
b310746d3107,interfax,https://www.interfax.ru/russia/1066858,2026-01-09 00:00:00,Минобороны РФ сообщило о продвижении вглубь обороны ВСУ на ряде направлений,,,ru,RU
96bc5e4a2569,interfax,https://www.interfax.ru/business/1066860,2026-01-09 00:00:00,ЦБ РФ оценит два новых показателя рынка платежей,,,ru,RU
7e70aa1aa045,interfax,https://www.interfax.ru/business/1066861,2026-01-09 00:00:00,Китайский автопроизводитель Geely рассматривает возможность выхода на рынок США,,,ru,RU
0ced5451e17e,interfax,https://www.interfax.ru/business/1066864,2026-01-09 00:00:00,Сербская NIS готовится к возобновлению приема нефти и запуску НПЗ,,,ru,RU
20a908973a03,interfax,https://www.interfax.ru/business/1066898,2026-01-09 00:00:00,Рынки акций Европы в основном растут в пятницу,,,ru,RU
1e145ea0a238,interfax,https://www.interfax.ru/business/1066867,2026-01-09 00:00:00,"Цены на нефть продолжают расти, Brent у $62,4 за баррель",,,ru,RU
885081af9ddf,interfax,https://www.interfax.ru/business/1066868,2026-01-09 00:00:00,"Азербайджан отправил в Армению вторую партию бензина и дизтоплива объемом 2,7 тыс. т",,,ru,RU
49ff2156862c,interfax,https://www.interfax.ru/world/1066865,2026-01-09 00:00:00,Беспорядки в Иране: обстановка накаляется,,,ru,RU
a7d92c7f2d13,interfax,https://www.interfax.ru/russia/1066869,2026-01-09 00:00:00,"В Белгородской области заявили, что дефицита топлива из-за отключения электроэнергии нет",,,ru,RU
2c1a50353b15,interfax,https://www.interfax.ru/business/1066859,2026-01-09 00:00:00,Рынок акций РФ днем дрейфует в боковике после утреннего коррекционного роста,,,ru,RU
10703bbffde0,interfax,https://www.interfax.ru/world/1066899,2026-01-09 00:00:00,Пришедший с Атлантики шторм обрушился на Британию и Францию,,,ru,RU
5d0754b28a9c,interfax,https://www.interfax.ru/world/1066903,2026-01-09 00:00:00,Большинство россиян покинули остров Сокотра,,,ru,RU
dabfd4db56cc,interfax,https://www.interfax.ru/russia/1066901,2026-01-09 00:00:00,Минобороны РФ сообщило о поражении восьми беспилотников ВСУ,,,ru,RU
1a63714b3764,interfax,https://www.interfax.ru/world/1066900,2026-01-09 00:00:00,Делегация США прибыла в Каракас для работ по возможному открытию посольства,,,ru,RU
e8eb8ed63562,interfax,https://www.interfax.ru/world/1066914,2026-01-09 00:00:00,В ЕС подтвердили солидарность с Данией по вопросу Гренландии,,,ru,RU
2df5ed6a9ef4,interfax,https://www.interfax.ru/world/1066919,2026-01-09 00:00:00,Трамп доволен сотрудничеством с властями Венесуэлы,,,ru,RU
bc295d9ec317,interfax,https://www.interfax.ru/world/1066912,2026-01-09 00:00:00,"Трамп заявил, что встретится с президентом Колумбии в начале февраля",,,ru,RU
befd9c5c8c09,interfax,https://www.interfax.ru/russia/1066918,2026-01-09 00:00:00,МИД РФ отверг обвинения России в повреждении здания посольства Катара в Киеве,,,ru,RU
cb449adef778,interfax,https://www.interfax.ru/russia/1066917,2026-01-09 00:00:00,Движение ограничено на участке федеральной трассы в Ярославской области из-за циклона,,,ru,RU
163ec1fd77ea,interfax,https://www.interfax.ru/russia/1066911,2026-01-09 00:00:00,Обрывы ЛЭП и падения деревьев фиксируются в Орловской области из-за циклона,,,ru,RU
943205e73b23,interfax,https://www.interfax.ru/russia/1066910,2026-01-09 00:00:00,Смоленские коммунальщики переходят на круглосуточную работу из-за снегопада,,,ru,RU
483b5017535e,interfax,https://www.interfax.ru/russia/1066916,2026-01-09 00:00:00,Двое суток потребуется для устранения последствий циклона во Владимирской области,,,ru,RU
ca81a1db14e0,interfax,https://www.interfax.ru/world/1066907,2026-01-09 00:00:00,"Глава ЕК считает, что соглашение ЕС и МЕРКОСУР создаст крупнейшую зону свободной торговли",,,ru,RU
82921242eb8d,interfax,https://www.interfax.ru/world/1066908,2026-01-09 00:00:00,"Глава МИД Венесуэлы заявил, что посол РФ заверил его в поддержке Москвы",,,ru,RU
c2e2035c58fb,interfax,https://www.interfax.ru/russia/1066906,2026-01-09 00:00:00,Восстановлено электроснабжение более 90% пострадавших от непогоды потребителей Ярославской области,,,ru,RU
19b634776e14,interfax,https://www.interfax.ru/world/1066905,2026-01-09 00:00:00,Глава Евросовета приветствовал утверждение соглашения между ЕС и МЕРКОСУР,,,ru,RU
05e852771d44,interfax,https://www.interfax.ru/world/1066904,2026-01-09 00:00:00,Суд в Польше 12 января рассмотрит вопрос об экстрадиции российского археолога Бутягина,,,ru,RU
bce7dbacca1c,interfax,https://www.interfax.ru/russia/1066902,2026-01-09 00:00:00,Четыре человека ранены при атаке БПЛА автобуса на Белгородчине,,,ru,RU
727d838d0c5b,interfax,https://www.interfax.ru/russia/1066909,2026-01-09 00:00:00,Аэропорт Тамбова временно не обслуживает рейсы,,,ru,RU
9eefabc42fe9,interfax,https://www.interfax.ru/russia/1066950,2026-01-10 00:00:00,Авиарейсы задерживаются в аэропортах девяти городов Сибири,,,ru,RU
087949433c7c,interfax,https://www.interfax.ru/russia/1066949,2026-01-10 00:00:00,"Авиакомпания ""Россия"" из-за ограничений в Шереметьево отменяет часть рейсов",,,ru,RU
85fd82327821,interfax,https://www.interfax.ru/russia/1066947,2026-01-10 00:00:00,Более 60 единиц багажа не были загружены при отправлении UT 716 Дубай - Москва,,,ru,RU
b1648ed6ac95,interfax,https://www.interfax.ru/russia/1066948,2026-01-10 00:00:00,"Авиакомпания ""Победа"" отменяет ряд рейсов из-за ограничений в московском Шереметьево",,,ru,RU
2f224041dff4,interfax,https://www.interfax.ru/russia/1066946,2026-01-10 00:00:00,"Аэропорты Грозного, Магаса и Сочи приостановили работу",,,ru,RU
03105a47f39c,interfax,https://www.interfax.ru/news/2026/01/11/,2026-01-10 00:00:00,11 января→,,,ru,RU
49e00b079d27,interfax,https://www.interfax.ru/russia/1066984,2026-01-10 00:00:00,"Аэропорты Владикавказа, Грозного и Магаса возобновили работу",,,ru,RU
5775b0899a89,interfax,https://www.interfax.ru/world/1066987,2026-01-10 00:00:00,Литва инвестирует 100 млн евро в строительство полигона в Сувалкском коридоре,,,ru,RU
a5db6c63db2c,interfax,https://www.interfax.ru/russia/1066986,2026-01-10 00:00:00,Два хутора обесточены в Ростовской области из-за атаки БПЛА,,,ru,RU
a894a8bdaa1b,interfax,https://www.interfax.ru/russia/1066988,2026-01-10 00:00:00,Аэропорт Махачкалы временно не принимает и не отправляет рейсы,,,ru,RU
06797365b8b3,interfax,https://www.interfax.ru/russia/1066989,2026-01-10 00:00:00,"""Аэрофлот"" планирует 11 января восстановить штатное выполнение суточного плана полетов в/из ""Шереметьево""",,,ru,RU
f4e9a10df513,interfax,https://www.interfax.ru/russia/1066990,2026-01-10 00:00:00,Тридцать три беспилотника нейтрализованы с 09:00 до 16:00 над регионами России,,,ru,RU
2dad3ef5e75f,interfax,https://www.interfax.ru/world/1066991,2026-01-10 00:00:00,"Макрон, Мерц и Стармер осудили действия властей Ирана в отношении манифестантов",,,ru,RU
785d4651e7ae,interfax,https://www.interfax.ru/world/1066951,2026-01-10 00:00:00,Завершен плановый ремонт второго энергоблока БелАЭС,,,ru,RU
13488b4dd50a,interfax,https://www.interfax.ru/russia/1066995,2026-01-10 00:00:00,Военно-Грузинскую дорогу открыли для легкового транспорта и автобусов,,,ru,RU
076f232a77ba,interfax,https://www.interfax.ru/world/1066985,2026-01-10 00:00:00,Наследник шахской династии Ирана призвал иранцев к захвату городов,,,ru,RU
76ce4d17c28c,interfax,https://www.interfax.ru/russia/1066952,2026-01-10 00:00:00,Аэропорт Сочи возобновил работу,,,ru,RU
e6eede91298c,interfax,https://www.interfax.ru/world/1066966,2026-01-10 00:00:00,"NASA сообщило, что миссия Crew-11 вернется на Землю не ранее 15 января",,,ru,RU
e4a1f1cd513f,interfax,https://www.interfax.ru/russia/1066958,2026-01-10 00:00:00,"Минобороны сообщило о поражении дронов над Адыгеей, Крымом и Костромской областью",,,ru,RU
6a9b86673fc1,interfax,https://www.interfax.ru/russia/1066997,2026-01-10 00:00:00,Транскам открыли для всех видов транспорта после непогоды,,,ru,RU
5fb864e72e93,interfax,https://www.interfax.ru/moscow/1066981,2026-01-10 00:00:00,Снегопад в московском регионе привел к отмене 35 авиарейсов и задержке около восьмидесяти,,,ru,RU
fe528a8a7c08,interfax,https://www.interfax.ru/russia/1066978,2026-01-10 00:00:00,Турмаршрут Золотое кольцо расширят на 49 населенных пунктов,,,ru,RU
76762d16b7d5,interfax,https://www.interfax.ru/world/1066977,2026-01-10 00:00:00,Около 40% датчан не исключили возможности силовых мер США в отношении Гренландии,,,ru,RU
9c827347521b,interfax,https://www.interfax.ru/russia/1066974,2026-01-10 00:00:00,Двадцать рейсов задерживаются в аэропорту Калининграда,,,ru,RU
533e32ccaa72,interfax,https://www.interfax.ru/world/1066973,2026-01-10 00:00:00,"Ракету с кораблем для лунной миссии ""Артемида-2"" вывезут на стартовую площадку 17 января",,,ru,RU
712be924bd66,interfax,https://www.interfax.ru/russia/1066972,2026-01-10 00:00:00,"Военные группировки ""Восток"" продвинулись вглубь обороны ВСУ",,,ru,RU
2177d98ad186,interfax,https://www.interfax.ru/russia/1066970,2026-01-10 00:00:00,Около 30 рейсов задержаны и отменены в Пулково на фоне непогоды,,,ru,RU
5b115e8ecd02,interfax,https://www.interfax.ru/russia/1066969,2026-01-10 00:00:00,В аэропорту Шереметьево сняты ограничения на прилет воздушных судов,,,ru,RU
bf995022ef19,interfax,https://www.interfax.ru/russia/1066968,2026-01-10 00:00:00,Движение по Крымскому мосту перекрыто,,,ru,RU
8e0ad67d0a3d,interfax,https://www.interfax.ru/world/1066965,2026-01-10 00:00:00,"""Роскосмос"" сообщил, что NASA планирует возвращение экипажа Crew-11 на 14 января",,,ru,RU
6f0d1d826150,interfax,https://www.interfax.ru/world/1066963,2026-01-10 00:00:00,Польша по-прежнему не будет принимать на границе с Белоруссией заявления на международную защиту,,,ru,RU
9e432cbfbbf8,interfax,https://www.interfax.ru/russia/1066962,2026-01-10 00:00:00,Кабмин планирует выделить 1 млрд руб. на поддержку льготников в 2026 г. в рамках социальной газификации,,,ru,RU
334b511d19e2,interfax,https://www.interfax.ru/moscow/1066961,2026-01-10 00:00:00,Температуру в батареях в Москве повысят из-за похолодания,,,ru,RU
2455d76a442d,interfax,https://www.interfax.ru/russia/1066960,2026-01-10 00:00:00,Более 20 рейсов задерживаются в аэропортах Уральского федерального округа,,,ru,RU
87ef405e7b54,interfax,https://www.interfax.ru/russia/1066953,2026-01-10 00:00:00,Жилой дом поврежден в результате падения обломков БПЛА в Калужской области,,,ru,RU
f590bd0484d1,interfax,https://www.interfax.ru/russia/1066998,2026-01-10 00:00:00,Кишечная инфекция выявлена у туристов на курорте в Шерегеше,,,ru,RU
dc77d1fe47ef,interfax,https://www.interfax.ru/world/1066954,2026-01-10 00:00:00,"Что случилось этой ночью: суббота, 10 января",,,ru,RU
4d5bb63f2067,interfax,https://www.interfax.ru/russia/1067002,2026-01-10 00:00:00,В аэропорту Тамбова ввели ограничения,,,ru,RU
83eb155c6566,interfax,https://www.interfax.ru/russia/1067000,2026-01-10 00:00:00,Морской пассажирский транспорт в воскресенье приостановит работу в Севастополе,,,ru,RU
c3726200296d,interfax,https://www.interfax.ru/russia/1067017,2026-01-10 00:00:00,Силы ПВО за три часа сбили 33 беспилотника над четырьмя регионами РФ,,,ru,RU
e77de599fdbd,interfax,https://www.interfax.ru/russia/1067015,2026-01-10 00:00:00,Два человека ранены при атаке десяти БПЛА на Воронеж,,,ru,RU
40bdd67dc8e6,interfax,https://www.interfax.ru/world/1067013,2026-01-10 00:00:00,Один человек пострадал из-за схода снежной лавины в Грузии,,,ru,RU
11b24247dd63,interfax,https://www.interfax.ru/world/1067012,2026-01-10 00:00:00,"Трамп заявил о готовности ""помочь"" иранцам",,,ru,RU
fc8c2cf81dfd,interfax,https://www.interfax.ru/moscow/1067016,2026-01-10 00:00:00,"ДТП произошло на МКАД, движение затруднено",,,ru,RU
26b72478cee4,interfax,https://www.interfax.ru/world/1067008,2026-01-10 00:00:00,Трамп подписал указ о защите в США доходов от венесуэльской нефти,,,ru,RU
7f273c2acb44,interfax,https://www.interfax.ru/russia/1067006,2026-01-10 00:00:00,Калужский аэропорт временно не принимает самолеты,,,ru,RU
5433d561f89b,interfax,https://www.interfax.ru/russia/1067005,2026-01-10 00:00:00,Борт из Красноярска в Сочи вернулся в аэропорт вылета по техническим причинам,,,ru,RU
429ccbf40e39,interfax,https://www.interfax.ru/world/1067003,2026-01-10 00:00:00,СМИ сообщили об участии в захвате танкера Marinera двух ракетных эсминцев США,,,ru,RU
283769283864,interfax,https://www.interfax.ru/russia/1067009,2026-01-10 00:00:00,Энергоснабжение восстановлено в Орловской области после циклона,,,ru,RU
ae161b8f4c86,interfax,https://www.interfax.ru/russia/1067054,2026-01-11 00:00:00,"Командование МКС в понедельник перейдет космонавту ""Роскосмоса""",,,ru,RU
07ee3d10e8bd,interfax,https://www.interfax.ru/russia/1067047,2026-01-11 00:00:00,Минобороны сообщило об отражении за сутки двух атак ВСУ на купянском направлении,,,ru,RU
bf72908d86aa,interfax,https://www.interfax.ru/russia/1067048,2026-01-11 00:00:00,Военные заявили о взятии под контроль села Белогорье Запорожской области,,,ru,RU
c3a49a7a24f7,interfax,https://www.interfax.ru/russia/1067049,2026-01-11 00:00:00,Российские военные сообщили об ударах по задействованным в интересах ВСУ объектам,,,ru,RU
a6008a210193,interfax,https://www.interfax.ru/russia/1067050,2026-01-11 00:00:00,Легковому транспорту разрешили проезд по Военно-Грузинской дороге,,,ru,RU
5e23327044ce,interfax,https://www.interfax.ru/russia/1067052,2026-01-11 00:00:00,Минобороны сообщило об улучшении позиций российских войск в зоне СВО,,,ru,RU
47ee593e6e25,interfax,https://www.interfax.ru/russia/1067053,2026-01-11 00:00:00,Первый рассвет встретили в Мурманске после полярной ночи,,,ru,RU
95fe136efef0,interfax,https://www.interfax.ru/russia/1067055,2026-01-11 00:00:00,В Дагестане восстановлено движение на закрытой из-за схода лавины дороге,,,ru,RU
25a30a6cb0a0,interfax,https://www.interfax.ru/russia/1067060,2026-01-11 00:00:00,Военные РФ за год провели около 500 тыс. сеансов управления космическими аппаратами,,,ru,RU
abf96f24b1b3,interfax,https://www.interfax.ru/world/1067057,2026-01-11 00:00:00,"Минск начал готовить рамочное соглашение с ""Росатомом"" о третьем энергоблоке БелАЭС",,,ru,RU
d03ff0e4ce3c,interfax,https://www.interfax.ru/world/1067058,2026-01-11 00:00:00,NASA подтвердило возможность возвращения миссии Crew-11 с МКС 15 января,,,ru,RU
33ecd7871612,interfax,https://www.interfax.ru/business/1067059,2026-01-11 00:00:00,"""Газпром"" сообщил о первом в 2026 году рекорде суточных поставок газа в Китай",,,ru,RU
840698299b2a,interfax,https://www.interfax.ru/russia/1067046,2026-01-11 00:00:00,Магнитная буря с сильными полярными сияниями произошла ночью,,,ru,RU
3267016c3cc9,interfax,https://www.interfax.ru/russia/1067062,2026-01-11 00:00:00,ДТП с девятью пострадавшими произошло в Карелии,,,ru,RU
1dceb7326937,interfax,https://www.interfax.ru/moscow/1067061,2026-01-11 00:00:00,"Гидрометцентр предупредил, что снег будет идти в Москве до следующих выходных",,,ru,RU
53d29c89ef7f,interfax,https://www.interfax.ru/russia/1067063,2026-01-11 00:00:00,В МИД РФ осудили атаку ВСУ на мирное население российских регионов,,,ru,RU
39a236964fd8,interfax,https://www.interfax.ru/business/1067056,2026-01-11 00:00:00,"Эксперты прогнозируют рост производства мяса в РФ в 2025 г. на 1,2%",,,ru,RU
466e0556ca2f,interfax,https://www.interfax.ru/moscow/1067044,2026-01-11 00:00:00,В Москве открылся городской зарядный хаб для электромобилей,,,ru,RU
0f31d9797f9f,interfax,https://www.interfax.ru/world/1066993,2026-01-11 00:00:00,Эксперт: что стоит за внешнеполитической активностью США,,,ru,RU
2f990509ea62,interfax,https://www.interfax.ru/world/1067043,2026-01-11 00:00:00,Израиль рассматривает возможность новой наступательной операции в Газе в марте,,,ru,RU
e52eee2c94b2,interfax,https://www.interfax.ru/world/1067018,2026-01-11 00:00:00,EС призвал стороны конфликта в Сирии соблюдать прекращение огня,,,ru,RU
57f30721ba07,interfax,https://www.interfax.ru/russia/1067019,2026-01-11 00:00:00,Два человека стали жертвами пожара в частном доме на Ставрополье,,,ru,RU
182dc717e126,interfax,https://www.interfax.ru/russia/1067022,2026-01-11 00:00:00,Четыре человека ранены после атаки БПЛА в Воронежской области,,,ru,RU
a85ef1aefb85,interfax,https://www.interfax.ru/moscow/1067023,2026-01-11 00:00:00,Движение на внешней стороне 53 км МКАД восстановлено,,,ru,RU
d7cdc1fafa5d,interfax,https://www.interfax.ru/russia/1067026,2026-01-11 00:00:00,Российские военнослужащие отразили контратаку ВСУ в районе Купянска,,,ru,RU
53b536d794be,interfax,https://www.interfax.ru/russia/1067027,2026-01-11 00:00:00,В зоне СВО за сутки уничтожено свыше 40 пунктов управления беспилотной авиацией украинской армии,,,ru,RU
a1eba7b087d4,interfax,https://www.interfax.ru/world/1067029,2026-01-11 00:00:00,Один человек погиб при пожаре в многоэтажном доме в Гонконге,,,ru,RU
febaa2acb708,interfax,https://www.interfax.ru/russia/1067045,2026-01-11 00:00:00,Теплоснабжение в свердловской Кушве восстановлено после аварии,,,ru,RU
3a0c5d0f5147,interfax,https://www.interfax.ru/world/1067030,2026-01-11 00:00:00,"Что случилось этой ночью: воскресенье, 11 января",,,ru,RU
9cae93861892,interfax,https://www.interfax.ru/russia/1067032,2026-01-11 00:00:00,В Свердловской области почти 11 тысяч человек остались без тепла из-за аварии,,,ru,RU
c73a7a7afa85,interfax,https://www.interfax.ru/russia/1067033,2026-01-11 00:00:00,Движение транспорта приостановлено на Военно-Грузинской дороге из-за лавин,,,ru,RU
5bef05e433d8,interfax,https://www.interfax.ru/russia/1067037,2026-01-11 00:00:00,Пострадавшая при атаке БПЛА на Воронеж скончалась в реанимации,,,ru,RU
1664ce3cdf80,interfax,https://www.interfax.ru/russia/1067064,2026-01-11 00:00:00,Запорожская область оказалась частично обесточена,,,ru,RU
7c97f1ab7a6d,interfax,https://www.interfax.ru/world/1067038,2026-01-11 00:00:00,Парламент Ирана экстренно собрался на фоне протестов,,,ru,RU
6325ae416e46,interfax,https://www.interfax.ru/world/1067040,2026-01-11 00:00:00,Иран пригрозил ударами по Израилю и базам США в случае атаки Вашингтона,,,ru,RU
4777e4a52d2e,interfax,https://www.interfax.ru/russia/1067042,2026-01-11 00:00:00,Лавина сошла на горную автодорогу в Дагестане,,,ru,RU
59d6d5f2d92c,interfax,https://www.interfax.ru/russia/1067031,2026-01-11 00:00:00,Ограничения из-за непогоды введены на федтрассе в Башкирии и Челябинской области,,,ru,RU
bccd5b9574ac,interfax,https://www.interfax.ru/world/1067066,2026-01-11 00:00:00,"Трамп предупредил, что Куба останется без венесуэльской нефти",,,ru,RU
99ab7005e727,interfax,https://www.interfax.ru/world/1067028,2026-01-11 00:00:00,"NYT сообщила, что Трамп рассматривает несколько сценариев ударов по Ирану",,,ru,RU
048d1a4b06c0,interfax,https://www.interfax.ru/world/1067068,2026-01-11 00:00:00,Президент Ирана обвинил Израиль и США во внутриполитическом кризисе в стране,,,ru,RU
788ab95882dd,interfax,https://www.interfax.ru/russia/1067035,2026-01-11 00:00:00,Что произошло за каникулы. Главное,,,ru,RU
16f74a315a79,interfax,https://www.interfax.ru/world/1067085,2026-01-11 00:00:00,Трамп во вторник обсудит с Советом нацбезопасности действия в отношении Ирана,,,ru,RU
8ec25a55554e,interfax,https://www.interfax.ru/world/1067084,2026-01-11 00:00:00,"Швеция инвестирует 1,4 млрд евро в новую систему противовоздушной обороны",,,ru,RU
b1d411c140b4,interfax,https://www.interfax.ru/world/1067081,2026-01-11 00:00:00,"Глава Минэнерго США заявил, что гарантий безопасности нефтяных компаний в Венесуэле нет",,,ru,RU
73f21fddea4c,interfax,https://www.interfax.ru/world/1067079,2026-01-11 00:00:00,Ракета SpaceX вывела на орбиту телескоп НАСА Pandora для изучения атмосфер 20 экзопланет,,,ru,RU
aadfcc1504d4,interfax,https://www.interfax.ru/russia/1067077,2026-01-11 00:00:00,Ликвидировано открытое горение на нефтебазе под Волгоградом,,,ru,RU
b21b20c6c275,interfax,https://www.interfax.ru/world/1067082,2026-01-11 00:00:00,Германия планирует выступить с инициативой по созданию миссии НАТО в Гренландии,,,ru,RU
cbe0239061bb,interfax,https://www.interfax.ru/moscow/1067071,2026-01-11 00:00:00,Подмосковным водителям рекомендовали отказаться от поездок из-за нового снегопада,,,ru,RU
8ac8bfc87612,interfax,https://www.interfax.ru/russia/1067073,2026-01-11 00:00:00,Восстановлено нарушенное в четырех районах Курской области энергоснабжение,,,ru,RU
3aa49a823f7e,interfax,https://www.interfax.ru/world/1067072,2026-01-11 00:00:00,Министр обороны Бельгии выступил против планов США установить контроль над Гренландией,,,ru,RU
442a5c81853c,interfax,https://www.interfax.ru/moscow/1067069,2026-01-11 00:00:00,В работе воздушного транспорта в столичном регионе возможны корректировки из-за снега,,,ru,RU
54d748abbf66,interfax,https://www.interfax.ru/russia/1067067,2026-01-11 00:00:00,Энергоснабжение нарушено в ряде приграничных районов Курской области,,,ru,RU
f3dd12c9093f,interfax,https://www.interfax.ru/world/1067076,2026-01-11 00:00:00,Президент Кубы заявил о готовности своей страны противостоять США,,,ru,RU
b018d7b0921f,interfax,https://www.interfax.ru/business/1067230,2026-01-12 00:00:00,"Объем торгов Мосбиржи в декабре вырос на 36,6% до 194,4 трлн рублей",,,ru,RU
7e06ffee5fb7,interfax,https://www.interfax.ru/world/1067223,2026-01-12 00:00:00,В Польше размещено около 10 тыс. военнослужащих из стран НАТО,,,ru,RU
2867788ed436,interfax,https://www.interfax.ru/russia/1067225,2026-01-12 00:00:00,Программа госгарантий ОМС на 2026 г. определила критерии эффективности работы медстраховщиков,,,ru,RU
99fdaca345d8,interfax,https://www.interfax.ru/digital/1067226,2026-01-12 00:00:00,Более 1 тыс. DDoS-атак отражено специалистами РКН в декабре,,,ru,RU
86adb6a9e000,interfax,https://www.interfax.ru/world/1067227,2026-01-12 00:00:00,В НАТО не намерены отказываться от стремления включить Украину в альянс,,,ru,RU
41eed821f7dd,interfax,https://www.interfax.ru/world/1067229,2026-01-12 00:00:00,Президент Кубы заявил о контактах с США исключительно по иммиграционным вопросам,,,ru,RU
8849ff80fe95,interfax,https://www.interfax.ru/world/1067228,2026-01-12 00:00:00,Президент Мексики обсудила с Трампом вопросы безопасности и борьбу с наркоторговлей,,,ru,RU
126d111e47e7,interfax,https://www.interfax.ru/business/1067231,2026-01-12 00:00:00,Индекс МосБиржи просел ниже 2700 пунктов впервые с 9 декабря,,,ru,RU
85b5e98450ea,interfax,https://www.interfax.ru/world/1067238,2026-01-12 00:00:00,Финляндия и Швеция предложили ЕС ввести новые ограничения на экспорт в РФ,,,ru,RU
561d1e1968b3,interfax,https://www.interfax.ru/world/1067233,2026-01-12 00:00:00,Швейцария задействует около 5 тыс. военных для обеспечения безопасности ВЭФ,,,ru,RU
ede950dca475,interfax,https://www.interfax.ru/business/1067234,2026-01-12 00:00:00,Wildberries-Russ приобрела несколько юрлиц для строительства собственных ЦОДов,,,ru,RU
b2a45824cc97,interfax,https://www.interfax.ru/world/1067235,2026-01-12 00:00:00,Аракчи и Уиткофф в выходные обсуждали ситуацию в Иране,,,ru,RU
1221707a2e3f,interfax,https://www.interfax.ru/business/1067236,2026-01-12 00:00:00,Скидки на нефть РФ в январе остались почти на декабрьских уровнях,,,ru,RU
8a19863ffb34,interfax,https://www.interfax.ru/world/1067237,2026-01-12 00:00:00,Глава ЕК и председатель Евросовета подпишут 17 января торговое соглашение ЕС с МЕРКОСУР,,,ru,RU
246313c8b0bd,interfax,https://www.interfax.ru/world/1067224,2026-01-12 00:00:00,Минобороны КНР сообщило о начале учений с участием России и ЮАР,,,ru,RU
90f724c31c59,interfax,https://www.interfax.ru/russia/1067239,2026-01-12 00:00:00,Движение всех видов транспорта приостановят на Транскаме из-за непогоды,,,ru,RU
e2a80cd5ba79,interfax,https://www.interfax.ru/business/1067240,2026-01-12 00:00:00,Рынок акций РФ начал неделю со снижения к 2700п по индексу МосБиржи,,,ru,RU
bc8a8c9602f6,interfax,https://www.interfax.ru/business/1067241,2026-01-12 00:00:00,Рубль в понедельник немного опустился к юаню,,,ru,RU
b975e0bdf678,interfax,https://www.interfax.ru/world/1067232,2026-01-12 00:00:00,Суд в Варшаве до 4 марта продлил арест российскому археологу Бутягину,,,ru,RU
c940e0aaab10,interfax,https://www.interfax.ru/business/1067221,2026-01-12 00:00:00,"РФ в 2025 году сократила выпуск готового проката на 4,4%, в декабре на 2,6%",,,ru,RU
b1a393c760c2,interfax,https://www.interfax.ru/russia/1067215,2026-01-12 00:00:00,"Бастрыкин заинтересовался делом о гибели обнинского пенсионера, обварившегося в душе",,,ru,RU
999ff9bc78ca,interfax,https://www.interfax.ru/business/1067219,2026-01-12 00:00:00,Цены на российских АЗС значительно выросли в новогодние каникулы,,,ru,RU
aea5ec92f0a7,interfax,https://www.interfax.ru/russia/1067198,2026-01-12 00:00:00,"В ЛНР в результате удара дрона пострадали два сотрудника ""Луганскгаза""",,,ru,RU
c5b41594e0ed,interfax,https://www.interfax.ru/digital/1067199,2026-01-12 00:00:00,РКН хочет привлечь к ответственности 33 операторов за пропуск нефильтрованного трафика,,,ru,RU
d0232a9b126e,interfax,https://www.interfax.ru/business/1067200,2026-01-12 00:00:00,Трейдеры Vitol и Trafigura предлагают нефть Венесуэлы компаниям Китая и Индии,,,ru,RU
7d6d37a18607,interfax,https://www.interfax.ru/russia/1067203,2026-01-12 00:00:00,Работа аэропорта Краснодара ограничена из соображений безопасности,,,ru,RU
2cdc5b1b1111,interfax,https://www.interfax.ru/world/1067204,2026-01-12 00:00:00,"В Индии заявляют, что при оборонных закупках ориентируются не на идеологию",,,ru,RU
19cd95355972,interfax,https://www.interfax.ru/business/1067205,2026-01-12 00:00:00,Мировые продажи чипов в ноябре выросли на 30% и достигли рекорда,,,ru,RU
65edc4707a10,interfax,https://www.interfax.ru/russia/1067206,2026-01-12 00:00:00,Крымский мост открыли для движения автотранспорта,,,ru,RU
19772aa31d88,interfax,https://www.interfax.ru/world/1067207,2026-01-12 00:00:00,Экс-премьер Грузии Гарибашвили осужден на пять лет,,,ru,RU
b7a4664bdb8f,interfax,https://www.interfax.ru/russia/1067209,2026-01-12 00:00:00,"С 2020 г. в РФ заблокировали более 117 тыс. сайтов, нелегально торгующих лекарствами",,,ru,RU
b3e55a1f1cbe,interfax,https://www.interfax.ru/russia/1067208,2026-01-12 00:00:00,В России ввели новые направления господдержки малого агробизнеса,,,ru,RU
3a50f78a01f8,interfax,https://www.interfax.ru/russia/1067210,2026-01-12 00:00:00,Дума может расширить кредитные каникулы для бизнеса на УСН в период налоговой реформы,,,ru,RU
4aabc08246f3,interfax,https://www.interfax.ru/russia/1067211,2026-01-12 00:00:00,Участников СВО при диспансеризации будет обследовать медицинский психолог,,,ru,RU
3186b5f9301d,interfax,https://www.interfax.ru/world/1067212,2026-01-12 00:00:00,ЕК подтвердила планы начать выплаты Киеву кредита в 90 млрд евро во II квартале,,,ru,RU
7ae349be8e24,interfax,https://www.interfax.ru/business/1067213,2026-01-12 00:00:00,Мишустин назвал малый агробизнес первоочередным получателем господдержки,,,ru,RU
9d4bd4517cf2,interfax,https://www.interfax.ru/russia/1067214,2026-01-12 00:00:00,"Военные РФ сообщили, что ударом ""Орешника"" вывели из строя Львовский авиазавод",,,ru,RU
1df19e7d0536,interfax,https://www.interfax.ru/moscow/1067216,2026-01-12 00:00:00,В Подмосковье глава округа Клин возглавила Химки,,,ru,RU
4d94b2ca7c01,interfax,https://www.interfax.ru/world/1067217,2026-01-12 00:00:00,IATA изменила правила провоза пауэрбанков на борту самолетов,,,ru,RU
3dec97b999d3,interfax,https://www.interfax.ru/russia/1067218,2026-01-12 00:00:00,Российская ПВО за восемь часов сбила 19 дронов над регионами,,,ru,RU
67ebcec22bf9,interfax,https://www.interfax.ru/world/1067220,2026-01-12 00:00:00,"Продажи автомобилей Mercedes-Benz упали на 9,2% в 2025 году",,,ru,RU
1a2305afe106,interfax,https://www.interfax.ru/world/1067222,2026-01-12 00:00:00,Сербская NIS планирует возобновить переработку нефти 16 января,,,ru,RU
a73c1b264dd6,interfax,https://www.interfax.ru/russia/1067243,2026-01-12 00:00:00,Автобус с детьми попал в ДТП под Челябинском,,,ru,RU
85129cafa7c6,interfax,https://www.interfax.ru/business/1067242,2026-01-12 00:00:00,Капитализация Alphabet впервые превысила $4 трлн,,,ru,RU
ac2b75f27736,interfax,https://www.interfax.ru/russia/1067245,2026-01-12 00:00:00,Шойгу осудил очередную попытку внешних сил вмешаться во внутренние дела Ирана,,,ru,RU
2d571c3700b4,interfax,https://www.interfax.ru/business/1067244,2026-01-12 00:00:00,"Торги по продаже аэропорта ""Домодедово"" назначены на 20 января",,,ru,RU
3d61dd3e5f50,interfax,https://www.interfax.ru/russia/1067267,2026-01-12 00:00:00,С вечера понедельника российские военные уничтожили над регионами РФ 78 дронов ВСУ,,,ru,RU
eec362907ec7,interfax,https://www.interfax.ru/world/1067265,2026-01-12 00:00:00,Космонавт Сергей Кудь-Сверчков принял командование МКС,,,ru,RU
af43e298c661,interfax,https://www.interfax.ru/world/1067264,2026-01-12 00:00:00,ЕС готовится ужесточить санкции в отношении Ирана,,,ru,RU
22fb4ed764f4,interfax,https://www.interfax.ru/world/1067262,2026-01-12 00:00:00,"Сын Трампа заявил, что безопасность всего Запада зависит от Гренландии",,,ru,RU
b29c84faf8c1,interfax,https://www.interfax.ru/world/1067259,2026-01-12 00:00:00,Нефтяные танкеры будут покидать порты Венесуэлы только с разрешения США,,,ru,RU
52a9c0c2ede4,interfax,https://www.interfax.ru/world/1067258,2026-01-12 00:00:00,"Белый дом отметил готовность Трампа и к силовому сценарию в Иране, и дипломатии",,,ru,RU
20f47b2a26c8,interfax,https://www.interfax.ru/world/1067257,2026-01-12 00:00:00,"Аракчи подтвердил, что находится в контакте с Уиткоффом",,,ru,RU
6f17e1cbb63d,interfax,https://www.interfax.ru/world/1067261,2026-01-12 00:00:00,ЕС обеспокоен обстановкой на юге Йемена и призывает к диалогу,,,ru,RU
a4f06a9b7655,interfax,https://www.interfax.ru/world/1067255,2026-01-12 00:00:00,Сомали отменяет соглашения о сотрудничестве с ОАЭ по обороне и безопасности,,,ru,RU
23a0bbc45b04,interfax,https://www.interfax.ru/business/1067254,2026-01-12 00:00:00,"Поставки ""Газпрома"" в страны Центральной Азии в 2025 году выросли на 22%, в Грузию – на 40%",,,ru,RU
72aff822f070,interfax,https://www.interfax.ru/business/1067252,2026-01-12 00:00:00,"""Газпром"" в 2025 году поставил в Китай газа впервые больше, чем в западном направлении",,,ru,RU
a57a7d39d937,interfax,https://www.interfax.ru/russia/1067251,2026-01-12 00:00:00,Движение по Крымскому мосту перекрыто второй раз за день,,,ru,RU
e5f84eaeade0,interfax,https://www.interfax.ru/world/1067249,2026-01-12 00:00:00,"Гренландия активизирует усилия, чтобы ее оборона обеспечивалась в рамках НАТО",,,ru,RU
00236c92b44f,interfax,https://www.interfax.ru/world/1067248,2026-01-12 00:00:00,Минсельхоз США сохранил прогноз экспорта пшеницы из РФ в этом сельхозгоду на уровне 44 млн т,,,ru,RU
b6a07defe80e,interfax,https://www.interfax.ru/world/1067247,2026-01-12 00:00:00,В Анкаре предостерегли от внешнего вмешательства в ситуацию в Иране,,,ru,RU
c7cb1cdf0128,interfax,https://www.interfax.ru/culture/1067256,2026-01-12 00:00:00,"Русский музей, Третьяковка и Эрмитаж были самыми посещаемыми музеями в новогодние каникулы",,,ru,RU
9c98be619927,interfax,https://www.interfax.ru/business/1067414,2026-01-13 00:00:00,"Brent подорожала до $65,54 за баррель на заявлениях Трампа по Ирану",,,ru,RU
2b1722bfa886,interfax,https://www.interfax.ru/russia/1067383,2026-01-13 00:00:00,Лавров обсудил с главой МИД Белоруссии двустороннее сотрудничество,,,ru,RU
bc9fad198053,interfax,https://www.interfax.ru/business/1067381,2026-01-13 00:00:00,ЦБ РФ запустил сервис для анонимного информирования об инсайде и манипулировании,,,ru,RU
a7a186c748fc,interfax,https://www.interfax.ru/russia/1067380,2026-01-13 00:00:00,Минфин 14 января проведет аукционы по размещению ОФЗ 26253 и 26225,,,ru,RU
890f32f57889,interfax,https://www.interfax.ru/world/1067411,2026-01-13 00:00:00,В Эстонии открыли первый завод по производству боеприпасов,,,ru,RU
97a8230eadc0,interfax,https://www.interfax.ru/russia/1067412,2026-01-13 00:00:00,"На нацпроект по обеспечению продбезопасности в 2026 году заложено 19,8 млрд рублей",,,ru,RU
869f256743c7,interfax,https://www.interfax.ru/russia/1067413,2026-01-13 00:00:00,Экс-зампреда ивановского правительства подозревают в превышении полномочий,,,ru,RU
f48b54fa6217,interfax,https://www.interfax.ru/business/1067416,2026-01-13 00:00:00,Рынок акций РФ просел ниже 2700п по индексу МосБиржи на фоне смешанных факторов,,,ru,RU
f62f82b2ba42,interfax,https://www.interfax.ru/world/1067426,2026-01-13 00:00:00,США рекомендовали курдам в Сирии перестать оказывать сопротивление,,,ru,RU
b8c9f80eee82,interfax,https://www.interfax.ru/business/1067420,2026-01-13 00:00:00,"Рубль слегка опустился в паре с юанем, несмотря на уверенное подорожание нефти",,,ru,RU
da768c439b2a,interfax,https://www.interfax.ru/world/1067424,2026-01-13 00:00:00,"В Казахстане сообщили об атаке БПЛА на два танкера в Черном море, погрузка в тот момент не шла",,,ru,RU
ecc02b6e74f9,interfax,https://www.interfax.ru/business/1067425,2026-01-13 00:00:00,"Всемирный банк прогнозирует рост ВВП России в 2026 г. на 0,8%, в 2027 г. - на 1%",,,ru,RU
5b14c1568c9b,interfax,https://www.interfax.ru/world/1067422,2026-01-13 00:00:00,"ОАЭ не ясно, как США смогут реализовать пошлины в 25% в отношении сотрудничающих с Ираном стран",,,ru,RU
baed60dec30f,interfax,https://www.interfax.ru/russia/1067428,2026-01-13 00:00:00,Женщина погибла в Таганроге из-за атаки БПЛА,,,ru,RU
5ac259c5aed2,interfax,https://www.interfax.ru/world/1067429,2026-01-13 00:00:00,"Казахстан снизил отгрузку нефти через КТК в декабре из-за непогоды и атак, перенаправив ее",,,ru,RU
c2acf9b6e9a4,interfax,https://www.interfax.ru/business/1067384,2026-01-13 00:00:00,"Международные резервы РФ с 19 по 26 декабря увеличились на $11,3 млрд",,,ru,RU
7cf28d5cb348,interfax,https://www.interfax.ru/business/1067430,2026-01-13 00:00:00,Microsoft обещает не перекладывать на потребителей расходы на инфраструктуру для ее ЦОД в США,,,ru,RU
6bd710673106,interfax,https://www.interfax.ru/world/1067418,2026-01-13 00:00:00,"В ЕК считают оправданной финансовую помощь Сирии, несмотря на ее внутриполитические проблемы",,,ru,RU
dbfd65f82108,interfax,https://www.interfax.ru/world/1067385,2026-01-13 00:00:00,Суд начал рассматривать апелляцию Марин Ле Пен на запрет ее участия в выборах,,,ru,RU
ed1379470381,interfax,https://www.interfax.ru/russia/1067395,2026-01-13 00:00:00,После инцидента с катером на Пхукете в больнице остаются четверо российских туристов,,,ru,RU
f1bce3baf85c,interfax,https://www.interfax.ru/business/1067387,2026-01-13 00:00:00,"Ученые сообщили, что острова и архипелаги Арктики могут сформировать новые минерально-сырьевые центры РФ",,,ru,RU
bdff6a9fe358,interfax,https://www.interfax.ru/russia/1067409,2026-01-13 00:00:00,Москва считает недопустимой возможность нанесения военных ударов США по Ирану,,,ru,RU
c1ee12beb08e,interfax,https://www.interfax.ru/russia/1067410,2026-01-13 00:00:00,Военные РФ нейтрализовали за пять часов 40 украинских беспилотников,,,ru,RU
b7fd4905f5ba,interfax,https://www.interfax.ru/world/1067408,2026-01-13 00:00:00,Сирийская армия потребовала от курдов уйти с востока провинции Алеппо,,,ru,RU
62ea5bd6069a,interfax,https://www.interfax.ru/world/1067406,2026-01-13 00:00:00,Трамп призвал протестующих в Иране захватывать органы власти и пообещал помощь,,,ru,RU
aa55e8a09b05,interfax,https://www.interfax.ru/business/1067407,2026-01-13 00:00:00,"Всемирный банк прогнозирует рост мирового ВВП в 2026 году на 2,6%",,,ru,RU
15a0f11b284e,interfax,https://www.interfax.ru/russia/1067405,2026-01-13 00:00:00,Аэропорт Краснодара остановил обслуживание рейсов,,,ru,RU
55ae9bc2b695,interfax,https://www.interfax.ru/world/1067404,2026-01-13 00:00:00,"В случае необходимости выбора Гренландия предпочтет Данию, а не США",,,ru,RU
fb8085e27dd4,interfax,https://www.interfax.ru/russia/1067403,2026-01-13 00:00:00,"РФ передала ""дочку"" Rockwool во временное управление компании ""Развитие строительных активов""",,,ru,RU
49db81c1fb80,interfax,https://www.interfax.ru/world/1067386,2026-01-13 00:00:00,Спецпрокурор запросил смертную казнь для экс-президента Южной Кореи Юн Сок Еля,,,ru,RU
9ca1c9ab601a,interfax,https://www.interfax.ru/russia/1067401,2026-01-13 00:00:00,Дело о гибели младенцев в новокузнецком роддоме будет расследовать центральный аппарат СК,,,ru,RU
3481196d58b4,interfax,https://www.interfax.ru/russia/1067398,2026-01-13 00:00:00,Более 52 тыс. СМИ зарегистрировано в РФ,,,ru,RU
180cdec90749,interfax,https://www.interfax.ru/world/1067396,2026-01-13 00:00:00,Заседание мониторингового комитета ОПЕК+ назначено на 1 февраля,,,ru,RU
6381c35f7b97,interfax,https://www.interfax.ru/business/1067394,2026-01-13 00:00:00,Meta уволит более 1 тыс. человек в подразделении виртуальной реальности,,,ru,RU
093cd98bd9af,interfax,https://www.interfax.ru/world/1067390,2026-01-13 00:00:00,Япония и Южная Корея укрепят сотрудничество в сфере экономической безопасности,,,ru,RU
1bd27ff68316,interfax,https://www.interfax.ru/russia/1067391,2026-01-13 00:00:00,"""Роскосмос"" опубликовал спутниковые снимки снежного циклона над Камчаткой",,,ru,RU
cc3a6749b85e,interfax,https://www.interfax.ru/business/1067431,2026-01-13 00:00:00,ЦБ РФ хочет получать от банков больше данных о трансграничных переводах физлиц,,,ru,RU
4b90cdafd751,interfax,https://www.interfax.ru/russia/1067389,2026-01-13 00:00:00,Метр снега выпал в Петербурге с начала зимы,,,ru,RU
716b493e3191,interfax,https://www.interfax.ru/culture/1067382,2026-01-13 00:00:00,Музей колоколов в Валдае в феврале откроется после реконструкции,,,ru,RU
ff7569cea63e,interfax,https://www.interfax.ru/world/1067402,2026-01-13 00:00:00,Каллас рассчитывает на введение 20-го пакета санкций против России в феврале,,,ru,RU
c55bd33273bf,interfax,https://www.interfax.ru/russia/1067423,2026-01-13 00:00:00,Постпред РФ при международных организациях в Вене заявил о неготовности США к продлению договора о СНВ,,,ru,RU
058ab4afe1dd,interfax,https://www.interfax.ru/russia/1067397,2026-01-13 00:00:00,В Брянской области в результате атаки БПЛА по машине ранен мужчина,,,ru,RU
c42db05b3bb3,interfax,https://www.interfax.ru/business/1067433,2026-01-13 00:00:00,"Минэнерго США оценивает снижение добычи нефти в Венесуэле из-за блокады в 0,6 млн б/с",,,ru,RU
849b3eac4b5f,interfax,https://www.interfax.ru/business/1067434,2026-01-13 00:00:00,"Минэнерго США повысило прогноз цены нефти Brent на 2026 г. до $55,87 за баррель",,,ru,RU
3dd9fb1da524,interfax,https://www.interfax.ru/world/1067452,2026-01-13 00:00:00,"Трамп пока не решил, нужны ли удары по Ирану",,,ru,RU
1f2a74847dc1,interfax,https://www.interfax.ru/world/1067449,2026-01-13 00:00:00,"Глава МИД Армении и госсекретарь США приняли заявление о рамках реализации ""Маршрута Трампа""",,,ru,RU
83eae89903c6,interfax,https://www.interfax.ru/world/1067445,2026-01-13 00:00:00,Трамп предложил американцам и гражданам стран-союзниц США покинуть Иран,,,ru,RU
69a1e4003139,interfax,https://www.interfax.ru/world/1067444,2026-01-13 00:00:00,СМИ сообщили о тайной встрече Уиткоффа с наследником шахской династии Ирана,,,ru,RU
48a2dc4a4753,interfax,https://www.interfax.ru/russia/1067443,2026-01-13 00:00:00,"Минэнерго США понизило прогноз цены газа на Henry Hub в 2026 г. до $3,46/Mbtu",,,ru,RU
50b3f7c87f01,interfax,https://www.interfax.ru/world/1067441,2026-01-13 00:00:00,США и Катар открыли центр по координации противовоздушной и противоракетной обороны,,,ru,RU
be53c5199a3d,interfax,https://www.interfax.ru/russia/1067448,2026-01-13 00:00:00,"Иранские спецслужбы заявили о перехвате ""незаконной"" партии комплектов оборудования Starlink",,,ru,RU
de5676e5dd94,interfax,https://www.interfax.ru/world/1067440,2026-01-13 00:00:00,Активисты сообщили о гибели более 12 тыс. человек в ходе подавления протестов в Иране,,,ru,RU
e30b848e77ef,interfax,https://www.interfax.ru/world/1067439,2026-01-13 00:00:00,Трамп обсудит с командой по нацбезопасности дальнейшие шаги в отношении Ирана,,,ru,RU
866aa90d2a1e,interfax,https://www.interfax.ru/business/1067438,2026-01-13 00:00:00,В США понизили прогноз роста мирового спроса на ЖУВ на 2026 г. на 100 тыс. б/с,,,ru,RU
23797dcafcf3,interfax,https://www.interfax.ru/business/1067432,2026-01-13 00:00:00,"Средняя максимальная ставка по вкладам топ-10 банков РФ в конце декабря снизилась до 15,28%",,,ru,RU
ca1b7e08e163,interfax,https://www.interfax.ru/world/1067435,2026-01-13 00:00:00,"Добыча нефти в США в 2025 году достигла рекордных 13,61 млн б/с",,,ru,RU
e9f76072ab79,interfax,https://www.interfax.ru/russia/1067436,2026-01-13 00:00:00,Российские военные вечером во вторник уничтожили 33 беспилотника ВСУ,,,ru,RU
9b41c3fd6412,interfax,https://www.interfax.ru/business/1067437,2026-01-13 00:00:00,Мировое производство ЖУВ в 2025 г. выросло на 3 млн б/с,,,ru,RU
e64be186ad0a,interfax,https://www.interfax.ru/world/1067629,2026-01-14 00:00:00,"ОПЕК сообщила, что Саудовская Аравия в 2025 г. обогнала Россию по добыче нефти",,,ru,RU
7b04932e5917,interfax,https://www.interfax.ru/russia/1067622,2026-01-14 00:00:00,Россия в 2025 году увеличила экспорт мяса и мясопродуктов почти на 11%,,,ru,RU
42f1041874ea,interfax,https://www.interfax.ru/world/1067623,2026-01-14 00:00:00,Египет расширит военную миссию в Сомали из-за признания Израилем независимости Сомалиленда,,,ru,RU
3e88bd65eaf3,interfax,https://www.interfax.ru/culture/1067624,2026-01-14 00:00:00,Назначены новые руководители Пушкинского музея и Третьяковской галереи,,,ru,RU
e3f6e8008134,interfax,https://www.interfax.ru/russia/1067625,2026-01-14 00:00:00,"Связанная с девелопером ""Брусника"" фирма купила бывшую землю IKEA под Челябинском",,,ru,RU
b0569fbe7bcc,interfax,https://www.interfax.ru/world/1067626,2026-01-14 00:00:00,"США приостановят оформление иммиграционных виз для граждан 75 стран, включая РФ",,,ru,RU
748c09e0cadb,interfax,https://www.interfax.ru/russia/1067628,2026-01-14 00:00:00,Президенты России и Бразилии обсудили ситуацию вокруг Венесуэлы,,,ru,RU
cec03552549c,interfax,https://www.interfax.ru/business/1067627,2026-01-14 00:00:00,Запасы газа в ПХГ ЕС упали до 53% и стремятся к историческому минимуму,,,ru,RU
ec7a91b7d80b,interfax,https://www.interfax.ru/business/1067631,2026-01-14 00:00:00,"Суд взыскал в доход РФ 18,07% акций головной компании ГК ""КДВ""",,,ru,RU
b47a00f7385c,interfax,https://www.interfax.ru/russia/1067639,2026-01-14 00:00:00,"Минэкономразвития отметило ускорение годовой инфляции на 12 января до 6,27%",,,ru,RU
6f421b741452,interfax,https://www.interfax.ru/world/1067633,2026-01-14 00:00:00,"Запасы нефти в США неожиданно выросли на 3,39 млн баррелей",,,ru,RU
c56558bab86f,interfax,https://www.interfax.ru/world/1067634,2026-01-14 00:00:00,Россия поднялась на четыре пункта в рейтинге паспортов мира от Henley & Partners,,,ru,RU
a513fa73d745,interfax,https://www.interfax.ru/business/1067635,2026-01-14 00:00:00,Рынок акций РФ в среду превысил 2700 пунктов по индексу МосБиржи,,,ru,RU
5517e66323d5,interfax,https://www.interfax.ru/business/1067636,2026-01-14 00:00:00,"Росстат сообщил, что инфляция в РФ с 1 по 12 января составила 1,26%",,,ru,RU
4cb9712257f2,interfax,https://www.interfax.ru/business/1067638,2026-01-14 00:00:00,"Цены новых легковых авто в РФ 1-12 января выросли на 1,3-1,5%",,,ru,RU
459219d7abd9,interfax,https://www.interfax.ru/business/1067637,2026-01-14 00:00:00,"Цены на бензин в РФ с 1 по 12 января выросли на 1,18%",,,ru,RU
59cdf90437e6,interfax,https://www.interfax.ru/world/1067620,2026-01-14 00:00:00,WP указала на нехватку военных ресурсов у США для операции против Ирана,,,ru,RU
6da6bb3d6fa9,interfax,https://www.interfax.ru/business/1067640,2026-01-14 00:00:00,"Цены на огурцы в РФ с 1 по 12 января выросли на 21,3%, на помидоры - на 13,6%",,,ru,RU
33d0650b44e4,interfax,https://www.interfax.ru/world/1067632,2026-01-14 00:00:00,"В западных разведслужбах полагают, что США, скорее всего, решатся атаковать Иран",,,ru,RU
1f76a94f3fc1,interfax,https://www.interfax.ru/world/1067619,2026-01-14 00:00:00,Трамп требует от НАТО повлиять на Данию для пресечения активности России и Китая в Арктике,,,ru,RU
b3668c96bd6c,interfax,https://www.interfax.ru/world/1067611,2026-01-14 00:00:00,Службы МЧС Туркменистана спасли 14 человек с терпящего бедствие иранского судна,,,ru,RU
0b7f74ccd3b6,interfax,https://www.interfax.ru/moscow/1067617,2026-01-14 00:00:00,Бывшая председатель Москомархитектуры возглавила Институт Генплана Москвы,,,ru,RU
14cd8fd27fb7,interfax,https://www.interfax.ru/world/1067598,2026-01-14 00:00:00,Франция откроет консульство в Гренландии,,,ru,RU
a31b3a37238a,interfax,https://www.interfax.ru/business/1067599,2026-01-14 00:00:00,"ОПЕК сохранила оценку роста спроса на нефть в мире в 2026 г. на уровне 1,38 млн б/с",,,ru,RU
4dcd7a0acd7e,interfax,https://www.interfax.ru/world/1067601,2026-01-14 00:00:00,Макрон предупредил о беспрецедентных последствиях в случае нарушения суверенитета Гренландии,,,ru,RU
baddecbb3aa7,interfax,https://www.interfax.ru/business/1067602,2026-01-14 00:00:00,Добыча ОПЕК+ в декабре отстала от плана на 780 тыс. б/с,,,ru,RU
505721ee9312,interfax,https://www.interfax.ru/business/1067604,2026-01-14 00:00:00,ОПЕК отметила снижение экспорта нефти из России и Центральной Азии в ноябре на 5%,,,ru,RU
e476d5ec14b9,interfax,https://www.interfax.ru/business/1067603,2026-01-14 00:00:00,ОПЕК сохранила оценку роста добычи жидких углеводородов странами не-ОПЕК+ на 2026 г.,,,ru,RU
64b2dbee5d69,interfax,https://www.interfax.ru/russia/1067605,2026-01-14 00:00:00,Хуснуллин доложил Путину о росте подачи воды в ДНР за счет двух новых водоводов,,,ru,RU
503d6b0d6bf9,interfax,https://www.interfax.ru/world/1067600,2026-01-14 00:00:00,Премьер-министр Японии планирует распустить парламент в конце января,,,ru,RU
a8ae96c8e2e9,interfax,https://www.interfax.ru/moscow/1067606,2026-01-14 00:00:00,"Станция ""Сокольники"" БКЛ работает штатно после ложного срабатывания пожарной сигнализации",,,ru,RU
fa7c77c392bf,interfax,https://www.interfax.ru/russia/1067607,2026-01-14 00:00:00,Регионы просят об увеличении в 2026 г. бюджетных кредитов на северный завоз в 3 раза,,,ru,RU
bdee45bdc23a,interfax,https://www.interfax.ru/world/1067608,2026-01-14 00:00:00,Ереван через Анкару передал Дамаску приговоренных к пожизненному заключению граждан Сирии,,,ru,RU
d077ab5ce707,interfax,https://www.interfax.ru/business/1067609,2026-01-14 00:00:00,"Индия в IV квартале увеличила импорт хлопка в 2,6 раза - до рекорда",,,ru,RU
ec2126dea0c6,interfax,https://www.interfax.ru/russia/1067610,2026-01-14 00:00:00,Один человек пострадал при атаке БПЛА на Таганрог,,,ru,RU
640c91ee889a,interfax,https://www.interfax.ru/business/1067642,2026-01-14 00:00:00,Рубль в среду вырос в паре с юанем на фоне позитивной динамики цен на нефть,,,ru,RU
145d89bf163c,interfax,https://www.interfax.ru/business/1067612,2026-01-14 00:00:00,"ФТС в 2025 году перечислила в бюджет РФ более 5,9 трлн рублей - 99% от плана",,,ru,RU
3a179bd29f60,interfax,https://www.interfax.ru/russia/1067613,2026-01-14 00:00:00,Банки обяжут отчитываться об операциях по снятию наличных без согласия клиента,,,ru,RU
05ccb8e0690c,interfax,https://www.interfax.ru/russia/1067615,2026-01-14 00:00:00,"Иван Макушок назначен пресс-секретарем АФК ""Система""",,,ru,RU
bf52ae1ea96f,interfax,https://www.interfax.ru/world/1067614,2026-01-14 00:00:00,Дамаск перебрасывает военных в Алеппо к территориям под контролем курдов,,,ru,RU
59e6d9954753,interfax,https://www.interfax.ru/world/1067616,2026-01-14 00:00:00,США выводят часть персонала с базы в Катаре после угрозы со стороны Ирана,,,ru,RU
df6442e3a227,interfax,https://www.interfax.ru/business/1067618,2026-01-14 00:00:00,"Частные инвесторы в 2025 г. вложили в ценные бумаги на МосБирже рекордные 2,5 трлн руб.",,,ru,RU
30ec7c8d3d4a,interfax,https://www.interfax.ru/world/1067645,2026-01-14 00:00:00,Турция ведет диалог с США и Ираном с целью снизить напряженность между ними,,,ru,RU
fccb64a28e82,interfax,https://www.interfax.ru/russia/1067641,2026-01-14 00:00:00,ФАС направила запросы ряду компаний по поводу цен на тепличные овощи,,,ru,RU
4e309b674be3,interfax,https://www.interfax.ru/world/1067648,2026-01-14 00:00:00,Дания направляет в Гренландию передовые военные подразделения,,,ru,RU
6d7c748c3e98,interfax,https://www.interfax.ru/russia/1067647,2026-01-14 00:00:00,"МИД РФ осудил атаку на танкеры, зафрахтованные для перевозки казахстанской нефти",,,ru,RU
f22a25a66040,interfax,https://www.interfax.ru/world/1067668,2026-01-14 00:00:00,Иран и Израиль при посредничестве РФ договорились не атаковать друг друга,,,ru,RU
3645aa789462,interfax,https://www.interfax.ru/world/1067667,2026-01-14 00:00:00,"Трамп заявил, что в Иране прекратилась гибель людей",,,ru,RU
3db4bab9db6c,interfax,https://www.interfax.ru/russia/1067666,2026-01-14 00:00:00,Ограничения введены в аэропорту Калуги,,,ru,RU
487b95b83bd8,interfax,https://www.interfax.ru/world/1067665,2026-01-14 00:00:00,Встреча главы МИД Дании с госсекретарем США не уладила разногласий по Гренландии,,,ru,RU
990a322744fd,interfax,https://www.interfax.ru/business/1067663,2026-01-14 00:00:00,"Лицензия для продажи зарубежных активов ""ЛУКОЙЛа"" продлена до 28 февраля",,,ru,RU
f4d4310c2d17,interfax,https://www.interfax.ru/world/1067662,2026-01-14 00:00:00,Национальное собрание Франции отклонило вотумы недоверия правительству,,,ru,RU
9e039bceabbb,interfax,https://www.interfax.ru/world/1067661,2026-01-14 00:00:00,США выводят ВВС из Персидского залива на фоне угрозы военной конфронтации с Ираном,,,ru,RU
7b778a11efc1,interfax,https://www.interfax.ru/world/1067664,2026-01-14 00:00:00,Лула да Силва и Путин обсудили подготовку к заседанию двусторонней комиссии высокого уровня,,,ru,RU
99bba12b1c93,interfax,https://www.interfax.ru/world/1067657,2026-01-14 00:00:00,Военнослужащие из Швеции и Норвегии отправились на учения в Гренландию,,,ru,RU
ccfa6a187678,interfax,https://www.interfax.ru/world/1067656,2026-01-14 00:00:00,"На юге Кипра, где пропал экс-глава ""Уралкалия"", обнаружено неопознанное тело",,,ru,RU
1a9b52a7885a,interfax,https://www.interfax.ru/russia/1067655,2026-01-14 00:00:00,"Косачев считает, что Трампу не обойтись без Конгресса, если США станут стороной соглашений по Украине",,,ru,RU
39b665606fb3,interfax,https://www.interfax.ru/russia/1067654,2026-01-14 00:00:00,Военные РФ сообщили о нейтрализации над регионами 39 украинских дронов,,,ru,RU
58bf35787192,interfax,https://www.interfax.ru/world/1067652,2026-01-14 00:00:00,Уиткофф объявил о начале второй фазы урегулирования в Газе,,,ru,RU
82c44a3f6e5f,interfax,https://www.interfax.ru/business/1067651,2026-01-14 00:00:00,"Минсельхоз отметил, что январские цены производителей на томаты и огурцы ниже прошлогодних",,,ru,RU
ee61a36b4640,interfax,https://www.interfax.ru/world/1067649,2026-01-14 00:00:00,Премьер Гренландии призвал отложить дебаты о независимости острова из-за кризиса с США,,,ru,RU
2a9268c13d31,interfax,https://www.interfax.ru/russia/1067658,2026-01-14 00:00:00,Ряд населенных пунктов в ЛНР остались без света из-за удара дронами по энергообъекту,,,ru,RU
dffd9a3212ca,interfax,https://www.interfax.ru/russia/1067825,2026-01-15 00:00:00,В РФ за 15 лет привлекли к ответственности за коррупцию 8 тысяч лиц с особым статусом,,,ru,RU
fd8eb4eb6c22,interfax,https://www.interfax.ru/russia/1067823,2026-01-15 00:00:00,Думский комитет предложил уточнить отчетность банков и МФО о долгах граждан,,,ru,RU
270c5bd5fb52,interfax,https://www.interfax.ru/business/1067794,2026-01-15 00:00:00,"Уставный капитал ТМК после перехода на единую акцию увеличится на 4,5%",,,ru,RU
1b1072907421,interfax,https://www.interfax.ru/russia/1067821,2026-01-15 00:00:00,Путин принял в Кремле верительные грамоты у послов зарубежных государств,,,ru,RU
37c9e6b743a8,interfax,https://www.interfax.ru/russia/1067822,2026-01-15 00:00:00,"РФ приступила к проработке проведения в 2026 г. III саммита ""Россия - Африка""",,,ru,RU
ee2340d8c23a,interfax,https://www.interfax.ru/world/1067816,2026-01-15 00:00:00,Оман создал международный финансовый центр в Маскате,,,ru,RU
eb99800dca9e,interfax,https://www.interfax.ru/russia/1067827,2026-01-15 00:00:00,Москва заявила о приверженности долгосрочному сотрудничеству с Тегераном,,,ru,RU
bdd2d1f82307,interfax,https://www.interfax.ru/russia/1067824,2026-01-15 00:00:00,Финансовый фонд при правительстве Канады признан нежелательным в РФ,,,ru,RU
f935a5b6abe6,interfax,https://www.interfax.ru/russia/1067829,2026-01-15 00:00:00,МИД РФ заявил об абсолютной недоговороспособности ЕС по урегулированию на Украине,,,ru,RU
46159dc2ea61,interfax,https://www.interfax.ru/russia/1067835,2026-01-15 00:00:00,Главврач Новокузнецкой клинической больницы №1 отправлен под домашний арест,,,ru,RU
92b75681d8e8,interfax,https://www.interfax.ru/world/1067830,2026-01-15 00:00:00,Amazon.com запустила европейский облачный сервис с инфраструктурой полностью внутри ЕС,,,ru,RU
9cbd68971d8e,interfax,https://www.interfax.ru/russia/1067831,2026-01-15 00:00:00,В Минэкономразвития РФ попросили туристов воздержаться от поездок в Иран,,,ru,RU
5d1ccc44b770,interfax,https://www.interfax.ru/culture/1067832,2026-01-15 00:00:00,Российский национальный оркестр выступит в Москве вместе со скрипачом Равилем Ислямовым,,,ru,RU
37a8a561c14f,interfax,https://www.interfax.ru/world/1067826,2026-01-15 00:00:00,Сирийские военные открыли у Евфрата гуманитарный коридор с подконтрольных курдам территорий,,,ru,RU
97c0f817dd8e,interfax,https://www.interfax.ru/business/1067833,2026-01-15 00:00:00,"Южная Корея в 2025 году снизила импорт рыбы из РФ на 3,6% до 270,7 тыс. т",,,ru,RU
1a69ec99ca7e,interfax,https://www.interfax.ru/russia/1067834,2026-01-15 00:00:00,Организованный турпоток по России почти не вырос в новогодние каникулы,,,ru,RU
571a9515773d,interfax,https://www.interfax.ru/russia/1067796,2026-01-15 00:00:00,В Сыктывкаре потушили пожар в центре подготовки МВД,,,ru,RU
c99e7e5d2dec,interfax,https://www.interfax.ru/business/1067837,2026-01-15 00:00:00,Рост экономической активности в РФ в конце 2025 года был выше темпов середины года,,,ru,RU
56713c222ee0,interfax,https://www.interfax.ru/russia/1067839,2026-01-15 00:00:00,В МИД РФ назвали незаконным уголовное преследование Мадуро в США,,,ru,RU
3f305b40eb52,interfax,https://www.interfax.ru/russia/1067828,2026-01-15 00:00:00,"Нефтяники РФ в 2025 г. получили из бюджета по демпферу вдвое меньше, чем в 2024 г.",,,ru,RU
3f876654fe16,interfax,https://www.interfax.ru/russia/1067795,2026-01-15 00:00:00,В РФ хотят усилить ответственность операторов за нарушения при продаже sim-карт,,,ru,RU
bb8d391c5775,interfax,https://www.interfax.ru/russia/1067805,2026-01-15 00:00:00,Москва призывает решать разногласия вокруг Гренландии через переговоры,,,ru,RU
bcf67719da15,interfax,https://www.interfax.ru/russia/1067798,2026-01-15 00:00:00,Инвестиции во внедрение в АПК РФ малой газовой генерации в 2025 г. превысили 6 млрд руб.,,,ru,RU
da062ec72222,interfax,https://www.interfax.ru/world/1067838,2026-01-15 00:00:00,"Израиль нанес удары по объектам ""Хезболлы"" в Ливане",,,ru,RU
bb43420dc569,interfax,https://www.interfax.ru/russia/1067820,2026-01-15 00:00:00,Путин заявил о готовности РФ к восстановлению отношений с европейскими странами,,,ru,RU
f212048ee202,interfax,https://www.interfax.ru/world/1067819,2026-01-15 00:00:00,Португалия временно закроет посольство в Иране,,,ru,RU
11ac61a24aaf,interfax,https://www.interfax.ru/business/1067815,2026-01-15 00:00:00,"Минфин РФ увеличит продажу валюты/золота в 2,3 раза, до 12,8 млрд руб./день",,,ru,RU
3b984779c274,interfax,https://www.interfax.ru/russia/1067817,2026-01-15 00:00:00,Путин предложил предметно обсудить инициативы Москвы по архитектуре безопасности,,,ru,RU
a2b37b329f4b,interfax,https://www.interfax.ru/business/1067812,2026-01-15 00:00:00,"""Победа"" в 2025 году нарастила трафик на 0,7%",,,ru,RU
4cb559509c27,interfax,https://www.interfax.ru/world/1067809,2026-01-15 00:00:00,Дипломатия ближневосточных стран помогла снизить напряженность между США и Ираном,,,ru,RU
f41aacdd19cb,interfax,https://www.interfax.ru/business/1067814,2026-01-15 00:00:00,Путин отметил тесную координацию России и Саудовской Аравии в рамках ОПЕК+,,,ru,RU
61be52151db8,interfax,https://www.interfax.ru/russia/1067813,2026-01-15 00:00:00,В МИД России назвали неприемлемым шантаж США в отношении Кубы,,,ru,RU
5b6704b621e9,interfax,https://www.interfax.ru/world/1067797,2026-01-15 00:00:00,Макрон намерен до 2030 года выделить на военные нужды дополнительно 36 млрд евро,,,ru,RU
0da37aaff49f,interfax,https://www.interfax.ru/russia/1067811,2026-01-15 00:00:00,Путин заявил о готовности России к борьбе с угрозами в мире вместе с партнерами,,,ru,RU
f7f3700e7cf3,interfax,https://www.interfax.ru/world/1067808,2026-01-15 00:00:00,Министры обороны стран НАТО встретятся в Брюсселе 12 февраля,,,ru,RU
ea0b4bf55548,interfax,https://www.interfax.ru/business/1067807,2026-01-15 00:00:00,Maersk возобновляет движение судов по Красному морю и Суэцкому каналу,,,ru,RU
ff70852a46b8,interfax,https://www.interfax.ru/russia/1067806,2026-01-15 00:00:00,Федеральная поддержка рынка газомоторного топлива расширена еще на пять регионов,,,ru,RU
c3ed00a0536b,interfax,https://www.interfax.ru/russia/1067804,2026-01-15 00:00:00,Над Белгородской и Курской областями нейтрализованы 10 беспилотников,,,ru,RU
d8cb3378aa9f,interfax,https://www.interfax.ru/business/1067803,2026-01-15 00:00:00,Банки РФ начали готовиться к изменениям в программе семейной ипотеки,,,ru,RU
ff0ed5d515dd,interfax,https://www.interfax.ru/russia/1067802,2026-01-15 00:00:00,Комитет Госдумы не поддержал идею льготного НДС на продукты переработки овощей,,,ru,RU
05c2c2d5bef2,interfax,https://www.interfax.ru/russia/1067801,2026-01-15 00:00:00,Штрафы за неустановку систем контроля выбросов предприятий могут повысить в 10-20 раз,,,ru,RU
1935971928e5,interfax,https://www.interfax.ru/russia/1067800,2026-01-15 00:00:00,В Запорожской области в результате удара БПЛА по машине погибли сотрудники аптечной сети,,,ru,RU
fa0d4b47f548,interfax,https://www.interfax.ru/world/1067799,2026-01-15 00:00:00,Незаконная миграция в страны ЕС сократилась в прошлом году на 26%,,,ru,RU
f9eea39b54c0,interfax,https://www.interfax.ru/russia/1067810,2026-01-15 00:00:00,В МИД РФ возложили на НАТО ответственность за рост напряженности в Арктике,,,ru,RU
0d3207b0153f,interfax,https://www.interfax.ru/world/1067840,2026-01-15 00:00:00,США намерены добиться от Мексики допуска американских военных к рейдам против наркоторговцев,,,ru,RU
a7092ee1a783,interfax,https://www.interfax.ru/business/1067784,2026-01-15 00:00:00,"Mitsubishi Electric продаст сегмент автокомпонентов за $1,9 млрд",,,ru,RU
a7e7a3360301,interfax,https://www.interfax.ru/russia/1067843,2026-01-15 00:00:00,Военно-Грузинскую дорогу закрыли для большегрузов,,,ru,RU
da755b4b25d2,interfax,https://www.interfax.ru/world/1067841,2026-01-15 00:00:00,В США заявили о задержании последнего из нелегально действующих в Карибском бассейне танкеров,,,ru,RU
eb7de987234c,interfax,https://www.interfax.ru/world/1067863,2026-01-15 00:00:00,Еврокомиссия одобрила национальные планы обороны восьми государств-членов ЕС,,,ru,RU
90e672b7a8ff,interfax,https://www.interfax.ru/world/1067861,2026-01-15 00:00:00,В Белом доме заявили о тесных контактах с Каракасом,,,ru,RU
fda275b4a341,interfax,https://www.interfax.ru/russia/1067860,2026-01-15 00:00:00,Лидер хуситов заявил о подготовке ударов по связанным с Израилем целям в Сомалиленде,,,ru,RU
1e06a64b830d,interfax,https://www.interfax.ru/russia/1067856,2026-01-15 00:00:00,Международный форум обеспечения коллективной безопасности в рамках председательства РФ в ОДКБ пройдет в Москве,,,ru,RU
d84daddebe8e,interfax,https://www.interfax.ru/world/1067855,2026-01-15 00:00:00,"Верховный суд Германии допускает, что ""Северные потоки"" подорвали по заказу Украины",,,ru,RU
68844a67297c,interfax,https://www.interfax.ru/russia/1067854,2026-01-15 00:00:00,Аэропорты Краснодара и Геленджика возобновили обслуживание рейсов,,,ru,RU
c14db9802e99,interfax,https://www.interfax.ru/world/1067853,2026-01-15 00:00:00,ХАМАС согласно передать власть над сектором Газа технократической администрации,,,ru,RU
a0ae151f76a9,interfax,https://www.interfax.ru/world/1067852,2026-01-15 00:00:00,Сокращения персонала в ведущих банках США в 2025 г. стали максимальными за 9 лет,,,ru,RU
43fd452b936f,interfax,https://www.interfax.ru/russia/1067857,2026-01-15 00:00:00,Госпитализированы 18 пострадавших в инциденте в центре подготовки МВД в Коми,,,ru,RU
8f14680b408d,interfax,https://www.interfax.ru/world/1067849,2026-01-15 00:00:00,Канада и Китай намерены расширять сотрудничество в сфере энергетики,,,ru,RU
d2d74f719e59,interfax,https://www.interfax.ru/world/1067848,2026-01-15 00:00:00,Ирак не разрешит другим странам использовать его территорию для атак,,,ru,RU
385e4073c585,interfax,https://www.interfax.ru/world/1067847,2026-01-15 00:00:00,США ввели санкции против 11 граждан Ирана и 13 организаций,,,ru,RU
5e2339a302eb,interfax,https://www.interfax.ru/business/1067846,2026-01-15 00:00:00,Рубль завершил ростом торги в четверг,,,ru,RU
18ef0d49fd70,interfax,https://www.interfax.ru/world/1067845,2026-01-15 00:00:00,Войска НАТО намерены присутствовать в Гренландии на постоянной основе,,,ru,RU
2bf04ef19220,interfax,https://www.interfax.ru/business/1067844,2026-01-15 00:00:00,Рынок акций РФ консолидировался на рубеже 2700п по индексу МосБиржи,,,ru,RU
19ed2eb49304,interfax,https://www.interfax.ru/culture/1067836,2026-01-15 00:00:00,Оркестр и хор Мариинского театра выступят в Москве,,,ru,RU
1ec5f8e11260,interfax,https://www.interfax.ru/russia/1067851,2026-01-15 00:00:00,Три человека ранены в результате атак БПЛА в Белгородской области,,,ru,RU
d7ede9c9f449,interfax,https://www.interfax.ru/russia/1067842,2026-01-15 00:00:00,В аэропортах Краснодара и Геленджика ограничили обслуживание рейсов,,,ru,RU
a0d16d0a5146,interfax,https://www.interfax.ru/business/1068024,2026-01-16 00:00:00,"Красная икра в декабре 2025 года подешевела на 0,5%",,,ru,RU
87474e87236f,interfax,https://www.interfax.ru/business/1068023,2026-01-16 00:00:00,"Курятина в России в 2025 году подорожала на 5,3%, яйца подешевели на 20%",,,ru,RU
4e2a01c868f6,interfax,https://www.interfax.ru/business/1068022,2026-01-16 00:00:00,"Бензин в 2025 году подорожал на 10,78%, выше инфляции",,,ru,RU
acd844793331,interfax,https://www.interfax.ru/business/1068018,2026-01-16 00:00:00,Германская RWЕ договорилась о покупке 1 млн т СПГ/г на 20 лет у Texas LNG,,,ru,RU
ac83f6b228d0,interfax,https://www.interfax.ru/russia/1068020,2026-01-16 00:00:00,Главы МИД РФ и Омана обсудили по телефону эскалацию напряженности вокруг Ирана,,,ru,RU
6a90cc7f2360,interfax,https://www.interfax.ru/business/1068019,2026-01-16 00:00:00,Индекс МосБиржи превысил 2730 пунктов на геополитических надеждах,,,ru,RU
04a6c40cc89e,interfax,https://www.interfax.ru/world/1068025,2026-01-16 00:00:00,Трамп пригрозил пошлинами странам за попытки помешать США присоединить Гренландию,,,ru,RU
8816910befaa,interfax,https://www.interfax.ru/business/1068021,2026-01-16 00:00:00,"Росстат оценил инфляцию в 2025 году в 5,59%",,,ru,RU
5a83d033b14d,interfax,https://www.interfax.ru/russia/1068028,2026-01-16 00:00:00,В Сочи несколько поездов задерживались из-за схода грунта на пути,,,ru,RU
7c42b22401ad,interfax,https://www.interfax.ru/russia/1068037,2026-01-16 00:00:00,В Запорожской области почти 37 тысяч абонентов остались без света,,,ru,RU
60cdfc69baac,interfax,https://www.interfax.ru/russia/1068030,2026-01-16 00:00:00,"В доход государства обращено имущество экс-мэра Сочи Копайгородского на 1,6 млрд рублей",,,ru,RU
f28dded2cf8f,interfax,https://www.interfax.ru/russia/1068032,2026-01-16 00:00:00,Путин приехал на московскую выставку гражданских транспортных беспилотников,,,ru,RU
91d4fbe9ef66,interfax,https://www.interfax.ru/world/1068031,2026-01-16 00:00:00,Президент Мексики заявила о помощи США в борьбе с наркоторговлей и нелегальной миграцией,,,ru,RU
4b5f42ae6f98,interfax,https://www.interfax.ru/moscow/1068033,2026-01-16 00:00:00,В Москве первую линию метро с поездами в режиме автоведения запустят в 2030 году,,,ru,RU
966a945e3e20,interfax,https://www.interfax.ru/russia/1068034,2026-01-16 00:00:00,"В России с 1 февраля более 40 выплат, пособий и компенсаций проиндексируют на 5,6%",,,ru,RU
4f093c9c3c46,interfax,https://www.interfax.ru/russia/1068035,2026-01-16 00:00:00,"До 2031 года на орбиту планируется запустить 99 спутников ""Зоркий-М2""",,,ru,RU
b6647f9a4964,interfax,https://www.interfax.ru/world/1068036,2026-01-16 00:00:00,В Берлине ждут скорого разрешения кризиса вокруг Гренландии,,,ru,RU
e0a94f262274,interfax,https://www.interfax.ru/world/1068017,2026-01-16 00:00:00,Финляндия предоставит Украине военную помощь на 98 миллионов евро,,,ru,RU
5f709915955e,interfax,https://www.interfax.ru/world/1068038,2026-01-16 00:00:00,Власти Ирана сообщили о задержании 3 тысяч человек с начала протестов,,,ru,RU
60495b1e78f6,interfax,https://www.interfax.ru/business/1068029,2026-01-16 00:00:00,"В Европе цены на газ за неделю выросли больше, чем за два года",,,ru,RU
35da8c013bb9,interfax,https://www.interfax.ru/world/1068016,2026-01-16 00:00:00,Совет ЕС продлил на год санкции против пособников ХАМАСа,,,ru,RU
fe93cf2e0e87,interfax,https://www.interfax.ru/russia/1068006,2026-01-16 00:00:00,Умер основатель сети ресторанов Ginza Project Вадим Лапин,,,ru,RU
895279a434c7,interfax,https://www.interfax.ru/business/1068014,2026-01-16 00:00:00,"Силуанов сообщил, что федеральный бюджет в 2025 г. исполнен с дефицитом 2,6% ВВП",,,ru,RU
5deed37c3508,interfax,https://www.interfax.ru/business/1067992,2026-01-16 00:00:00,"Международные резервы России в 2025 году выросли на 23,9% до рекордных $754,9 млрд",,,ru,RU
3bd67ee248c9,interfax,https://www.interfax.ru/moscow/1067993,2026-01-16 00:00:00,Морозы до минус 27 градусов прогнозируются в Московском регионе в выходные,,,ru,RU
0b35c559e1d7,interfax,https://www.interfax.ru/russia/1067995,2026-01-16 00:00:00,МИД РФ рекомендовал воздержаться от поездок в Молдавию,,,ru,RU
44b54bf90c12,interfax,https://www.interfax.ru/world/1067994,2026-01-16 00:00:00,Канада и Китай договорились развивать сотрудничество в сфере энергетики,,,ru,RU
cea568c5565e,interfax,https://www.interfax.ru/business/1067999,2026-01-16 00:00:00,Ozon планирует создать собственную ЦФА-платформу,,,ru,RU
4c3cf3029195,interfax,https://www.interfax.ru/russia/1067997,2026-01-16 00:00:00,РФ представит на выставке в ОАЭ более 200 экспонатов продукции военного назначения,,,ru,RU
ff1eac2e96ec,interfax,https://www.interfax.ru/russia/1068000,2026-01-16 00:00:00,МВД предложило увеличить срок пребывания в РФ международных перевозчиков до 180 дней в году,,,ru,RU
4d561a31f871,interfax,https://www.interfax.ru/world/1068001,2026-01-16 00:00:00,Канада согласилась снизить пошлины на электромобили из Китая,,,ru,RU
f47aa4ae9f33,interfax,https://www.interfax.ru/russia/1068002,2026-01-16 00:00:00,"В РФ ужесточат требования к работе операторов связи с ГИС ""Антифрод"" и продаже SIM-карт",,,ru,RU
9aa55958d4af,interfax,https://www.interfax.ru/business/1068015,2026-01-16 00:00:00,Минсельхоз возобновляет льготное кредитование строительства теплиц,,,ru,RU
f67c5f0da467,interfax,https://www.interfax.ru/world/1068003,2026-01-16 00:00:00,В Каире начал работу палестинский комитет по управлению Газой,,,ru,RU
4bb3088dffe1,interfax,https://www.interfax.ru/moscow/1068005,2026-01-16 00:00:00,В Москве в ночь на 19 января 35 маршрутов транспорта продлят работу,,,ru,RU
785cdc28f98a,interfax,https://www.interfax.ru/moscow/1068039,2026-01-16 00:00:00,Дептранс Москвы сообщил о снятии части перекрытий на дорогах,,,ru,RU
45d785aaf651,interfax,https://www.interfax.ru/moscow/1068007,2026-01-16 00:00:00,В Москве ряд дорог временно перекрыт для транспорта,,,ru,RU
65029552a7a9,interfax,https://www.interfax.ru/russia/1068008,2026-01-16 00:00:00,Глава Минсельхоза спрогнозировала увеличение сбора зерна в 2026 году,,,ru,RU
be32f523546f,interfax,https://www.interfax.ru/world/1068010,2026-01-16 00:00:00,Директор ЦРУ встретился в Каракасе с временным президентом Венесуэлы,,,ru,RU
04c70580def9,interfax,https://www.interfax.ru/russia/1068011,2026-01-16 00:00:00,Российская ПВО сбила за шесть часов 63 беспилотника,,,ru,RU
5cbcc50d7489,interfax,https://www.interfax.ru/russia/1068009,2026-01-16 00:00:00,Пошлина на экспорт из РФ пшеницы с 21 января останется нулевой,,,ru,RU
d54e90b5488b,interfax,https://www.interfax.ru/business/1068012,2026-01-16 00:00:00,"Brent торгуется у $64,3 за баррель",,,ru,RU
0c96e38a7ba9,interfax,https://www.interfax.ru/world/1068013,2026-01-16 00:00:00,Евросоюз призвал Израиль остановить проект поселения E1,,,ru,RU
8f0fe1cb3961,interfax,https://www.interfax.ru/russia/1068004,2026-01-16 00:00:00,Суд продолжит рассматривать иск ЦБ РФ к Euroclear на 200 млрд 4 марта,,,ru,RU
23e3924c88ca,interfax,https://www.interfax.ru/world/1068040,2026-01-16 00:00:00,Трамп и Нетаньяху второй раз за два дня обсудили Иран,,,ru,RU
44b226802e57,interfax,https://www.interfax.ru/russia/1067998,2026-01-16 00:00:00,Иноагентами признаны Аркадий Дубнов и Иван Курилла,,,ru,RU
84d8e1a4e803,interfax,https://www.interfax.ru/russia/1068043,2026-01-16 00:00:00,Путин призвал ускорить введение сквозной идентификации беспилотных систем во всех средах,,,ru,RU
13c7a8b7e281,interfax,https://www.interfax.ru/world/1068061,2026-01-16 00:00:00,Латвия и Швеция заключили соглашение об укреплении оборонного сотрудничества,,,ru,RU
0653e27928dd,interfax,https://www.interfax.ru/russia/1068060,2026-01-16 00:00:00,Российские военные сбили 23 БПЛА за вечер пятницы,,,ru,RU
0511d9fdb490,interfax,https://www.interfax.ru/russia/1068058,2026-01-16 00:00:00,280 многоэтажек в Бердянске Запорожской области остались без отопления,,,ru,RU
40f325183068,interfax,https://www.interfax.ru/world/1068057,2026-01-16 00:00:00,Куба готова к равноправному и уважительному диалогу с США,,,ru,RU
c1ee86425aab,interfax,https://www.interfax.ru/world/1068056,2026-01-16 00:00:00,ЕС призывал иранские власти прекратить применение смертных приговоров,,,ru,RU
aab888a671cc,interfax,https://www.interfax.ru/world/1068041,2026-01-16 00:00:00,"Гренландия нужна Соединенным Штатам для эффективности ПРО ""Золотой купол""",,,ru,RU
0fc197e58ff2,interfax,https://www.interfax.ru/russia/1068053,2026-01-16 00:00:00,Путин призвал наращивать экспорт беспилотных систем для укрепления этой индустрии,,,ru,RU
31ff79e637f8,interfax,https://www.interfax.ru/moscow/1068054,2026-01-16 00:00:00,В Москве первое беспилотное речное пассажирское судно могут запустить в 2028 году,,,ru,RU
a992dfa84a61,interfax,https://www.interfax.ru/russia/1068051,2026-01-16 00:00:00,Путин призвал ввести в юридическое поле роботов-доставщиков,,,ru,RU
06dd3d1de76a,interfax,https://www.interfax.ru/moscow/1068055,2026-01-16 00:00:00,В Москве отменили ограничения движения рядом с Кремлем,,,ru,RU
d89b7f06b1ed,interfax,https://www.interfax.ru/russia/1068052,2026-01-16 00:00:00,Президент ждет предложения по повышению эффективности отрасли автономных систем,,,ru,RU
657d9c77a33b,interfax,https://www.interfax.ru/russia/1068048,2026-01-16 00:00:00,Путин призвал переходить к повсеместному использованию автономных транспортных средств,,,ru,RU
82e5456b80b5,interfax,https://www.interfax.ru/russia/1068050,2026-01-16 00:00:00,Правительству поручено привлекать участников СВО к развитию беспилотников в мирной жизни,,,ru,RU
c02914859c86,interfax,https://www.interfax.ru/russia/1068047,2026-01-16 00:00:00,Роскомнадзор отрицает новые ограничения в отношении Telegram,,,ru,RU
4cd31dde5756,interfax,https://www.interfax.ru/russia/1068046,2026-01-16 00:00:00,Президент потребовал в десятки раз нарастить использование автономных систем во всех сферах,,,ru,RU
75aee0774982,interfax,https://www.interfax.ru/world/1068045,2026-01-16 00:00:00,Трамп поблагодарил власти Ирана за отказ от казни протестовавших,,,ru,RU
0bc7db3b0ffd,interfax,https://www.interfax.ru/russia/1068044,2026-01-16 00:00:00,Путин потребовал ликвидировать отставание от других стран в развитии беспилотных систем,,,ru,RU
e6bbcf67fafb,interfax,https://www.interfax.ru/russia/1068042,2026-01-16 00:00:00,Президент поручил Москве делиться с регионами опытом в создании беспилотных систем,,,ru,RU
5ec7fd9c3aba,interfax,https://www.interfax.ru/moscow/1068049,2026-01-16 00:00:00,Мэрия Москвы ждет роста числа роботов-доставщиков к концу 2026 года до 3000,,,ru,RU
9de988793cc9,interfax,https://www.interfax.ru/russia/1068108,2026-01-17 00:00:00,Глава Ульяновской области сообщил о подготовке к спуску на воду новой АПЛ,,,ru,RU
9942c61fc6f9,interfax,https://www.interfax.ru/russia/1068107,2026-01-17 00:00:00,МАГАТЭ сообщило о согласии Украины и РФ на временное перемирие для ремонта ЛЭП к ЗАЭС,,,ru,RU
3f2aa1db762b,interfax,https://www.interfax.ru/russia/1068106,2026-01-17 00:00:00,Калужский аэропорт открыт для приема самолетов,,,ru,RU
fcf90218b215,interfax,https://www.interfax.ru/russia/1068103,2026-01-17 00:00:00,В Крыму уменьшат наружное освещение для снижения нагрузки на электросети из-за морозов,,,ru,RU
5fcf633d6646,interfax,https://www.interfax.ru/world/1068101,2026-01-17 00:00:00,Более ста человек погибли на юге Африки в результате наводнений,,,ru,RU
9c9ddbc0f4ad,interfax,https://www.interfax.ru/russia/1068104,2026-01-17 00:00:00,Ребенок и пенсионерка погибли на пожаре в Удмуртии,,,ru,RU
3bed67863de8,interfax,https://www.interfax.ru/russia/1068105,2026-01-17 00:00:00,"Военные РФ посетили Сан-Томе и Принсипи, Экваториальную Гвинею и Камерун для обсуждения ВТС",,,ru,RU
3e71f5e03921,interfax,https://www.interfax.ru/russia/1068109,2026-01-17 00:00:00,Восемь человек пострадали при взрыве газового баллона в кафе на Ставрополье,,,ru,RU
e23cd9acba2c,interfax,https://www.interfax.ru/russia/1068121,2026-01-17 00:00:00,Три человека находятся в тяжелом состоянии после взрыва газа в кафе на Ставрополье,,,ru,RU
a0f9dccca860,interfax,https://www.interfax.ru/world/1068111,2026-01-17 00:00:00,Глава Минобороны Бельгии отказался считать переброску войск в Гренландию сдерживанием США,,,ru,RU
265a8d2c679e,interfax,https://www.interfax.ru/russia/1068114,2026-01-17 00:00:00,Пострадавшие при взрыве газа в кафе на Ставрополье получили травмы и ожоги,,,ru,RU
5e28e71ce288,interfax,https://www.interfax.ru/russia/1068115,2026-01-17 00:00:00,Приграничный район Курской области остался без электричества,,,ru,RU
a904349e169b,interfax,https://www.interfax.ru/russia/1068116,2026-01-17 00:00:00,Минобороны РФ сообщило о нейтрализации 24 дронов ВСУ над регионами страны,,,ru,RU
a38d3997cf8d,interfax,https://www.interfax.ru/russia/1068117,2026-01-17 00:00:00,"Ростовские власти предупредили, что подъезд дома, атакованного БПЛА, может обрушиться",,,ru,RU
3febd4c9b72c,interfax,https://www.interfax.ru/russia/1068118,2026-01-17 00:00:00,"Две девушки погибли в Новгородской области, катаясь на ""ватрушке""",,,ru,RU
5e6b13feec6c,interfax,https://www.interfax.ru/world/1068120,2026-01-17 00:00:00,Конгрессмены США прибыли в Данию с целью снизить напряженность в ситуации вокруг Гренландии,,,ru,RU
b57ef47eef01,interfax,https://www.interfax.ru/world/1068100,2026-01-17 00:00:00,Курды обвинили Дамаск в нарушении соглашения об отводе курдских сил в провинции Алеппо,,,ru,RU
bc0ab786717a,interfax,https://www.interfax.ru/world/1068110,2026-01-17 00:00:00,"Хаменеи заявил, что возлагает ответственность на Трампа за беспорядки и гибель людей в Иране",,,ru,RU
ff76e87c772b,interfax,https://www.interfax.ru/russia/1068099,2026-01-17 00:00:00,"Военные РФ сообщили, что есть условия для продвижения вглубь Запорожской области",,,ru,RU
51792d50c877,interfax,https://www.interfax.ru/russia/1068089,2026-01-17 00:00:00,В Думу внесены законопроекты об уголовной ответственности за нарушение правил продажи сим-карт,,,ru,RU
2bd41a7cda6d,interfax,https://www.interfax.ru/russia/1068097,2026-01-17 00:00:00,Несколько группировок войск РФ улучшили позиции в зоне СВО,,,ru,RU
4e61e7e915d5,interfax,https://www.interfax.ru/world/1068076,2026-01-17 00:00:00,Ракета SpaceX стартовала на орбиту со спутниками оптико-электронной разведки США,,,ru,RU
261967ee7e02,interfax,https://www.interfax.ru/russia/1068077,2026-01-17 00:00:00,В аэропорту Саратова сняты ограничения,,,ru,RU
2f94a9c97c99,interfax,https://www.interfax.ru/russia/1068079,2026-01-17 00:00:00,Поезда задерживаются в Новосибирской области из-за неисправности опоры сети,,,ru,RU
8c30bcd312c8,interfax,https://www.interfax.ru/moscow/1068081,2026-01-17 00:00:00,Новое похолодание начнется в Москве с четверга,,,ru,RU
4e2af1d64c5b,interfax,https://www.interfax.ru/russia/1068080,2026-01-17 00:00:00,"Суд приговорил жителя Челябинска к 5,5 годам колонии по делу о пропаганде терроризма",,,ru,RU
85189bda1336,interfax,https://www.interfax.ru/world/1068082,2026-01-17 00:00:00,"Суд в Армении вновь освободил главу ГК ""Ташир"" Карапетяна из СИЗО и поместил под домашний арест",,,ru,RU
41b5eb948d16,interfax,https://www.interfax.ru/world/1068084,2026-01-17 00:00:00,"В США опасаются, что власти Сирии планируют операцию против курдского ополчения",,,ru,RU
5b667efeeddd,interfax,https://www.interfax.ru/world/1068083,2026-01-17 00:00:00,Новые правила игры глобального мира,,,ru,RU
9784224a602f,interfax,https://www.interfax.ru/world/1068086,2026-01-17 00:00:00,США предложили создать Совет мира для Украины на основе опыта нормализации ситуации в Газе,,,ru,RU
764f5cf1d4c2,interfax,https://www.interfax.ru/russia/1068087,2026-01-17 00:00:00,Два муниципалитета ЛНР частично обесточены из-за атаки БПЛА ВСУ на энергосистему региона,,,ru,RU
96a909fae0c2,interfax,https://www.interfax.ru/world/1068088,2026-01-17 00:00:00,"Новая китайская ракета ""Церера-2"" потерпела неудачу в ходе первого запуска",,,ru,RU
135278bcc4ef,interfax,https://www.interfax.ru/world/1068122,2026-01-17 00:00:00,Президенты Турции и Египта приглашены в Совет мира по Газе,,,ru,RU
6daef9e5fd13,interfax,https://www.interfax.ru/world/1068090,2026-01-17 00:00:00,"Трамп 13 января приказал готовиться к удару по Ирану, но передумал из-за возражений",,,ru,RU
0532464a96fd,interfax,https://www.interfax.ru/russia/1068091,2026-01-17 00:00:00,ФСБ сообщила о предотвращении нападения на полицейских в КБР,,,ru,RU
2ff3e81f98a9,interfax,https://www.interfax.ru/russia/1068092,2026-01-17 00:00:00,Шесть пострадавших в инциденте в центре подготовки МВД в Коми доставлены на лечение в Москву,,,ru,RU
8fa5f28d1a06,interfax,https://www.interfax.ru/world/1068093,2026-01-17 00:00:00,В полиции Уганды опровергли арест кандидата от оппозиции на выборах президента,,,ru,RU
9e1879d2e103,interfax,https://www.interfax.ru/russia/1068095,2026-01-17 00:00:00,Военные РФ установили контроль над двумя селами в ДНР и Запорожской области,,,ru,RU
ab090aa1392d,interfax,https://www.interfax.ru/russia/1068094,2026-01-17 00:00:00,Минобороны РФ заявило об уничтожении за сутки 214 дронов ВСУ,,,ru,RU
ab2cd9dba25e,interfax,https://www.interfax.ru/russia/1068096,2026-01-17 00:00:00,Российские военные нейтрализовали с 8:00 утра над регионами 10 дронов ВСУ,,,ru,RU
65a370702dfc,interfax,https://www.interfax.ru/russia/1068098,2026-01-17 00:00:00,Минобороны заявило об ударах по связанным с ВСУ транспортным и энергообъектам,,,ru,RU
1f8a30bf8db9,interfax,https://www.interfax.ru/russia/1068123,2026-01-17 00:00:00,В торговом центре Ангарска произошел пожар,,,ru,RU
c444cd386382,interfax,https://www.interfax.ru/russia/1068112,2026-01-17 00:00:00,Взрыв в кафе на Ставрополье произошел из-за разгерметизации газового баллона,,,ru,RU
e91df1fa7ffe,interfax,https://www.interfax.ru/russia/1068125,2026-01-17 00:00:00,Пять округов на полдня 18 января обесточат в Белгородской области,,,ru,RU
af598af3131a,interfax,https://www.interfax.ru/world/1068124,2026-01-17 00:00:00,Действующий президент Уганды Мусевени победил на выборах главы государства,,,ru,RU
34e6b0e05d43,interfax,https://www.interfax.ru/world/1068146,2026-01-17 00:00:00,В ЕС увидели в угрозах Трампа опасность для трансатлантических отношений,,,ru,RU
6ac1b936fbc4,interfax,https://www.interfax.ru/world/1068144,2026-01-17 00:00:00,Премьер Швеции раскритиковал Трампа за угрозы повысить пошлины,,,ru,RU
25c5f5ad9bce,interfax,https://www.interfax.ru/world/1068143,2026-01-17 00:00:00,Макрон ответил на угрозы Трампа ввести пошлины из-за Гренландии,,,ru,RU
f011bdcefc7f,interfax,https://www.interfax.ru/russia/1068141,2026-01-17 00:00:00,В Севастополе приостановил работу паром,,,ru,RU
2911bd16565e,interfax,https://www.interfax.ru/russia/1068139,2026-01-17 00:00:00,Площадь пожара в ТЦ в Ангарске достигла 2 тыс. кв. м,,,ru,RU
607c858c961e,interfax,https://www.interfax.ru/world/1068138,2026-01-17 00:00:00,ЕС и МЕРКОСУР подписали соглашение о партнерстве и торговое соглашение,,,ru,RU
034bdb8e046b,interfax,https://www.interfax.ru/russia/1068137,2026-01-17 00:00:00,Значительная часть Запорожской области вновь обесточена после украинского удара,,,ru,RU
82bec167d273,interfax,https://www.interfax.ru/russia/1068145,2026-01-17 00:00:00,Минобороны РФ сообщило о ликвидации 34 украинских БПЛА,,,ru,RU
94c59fdbbae3,interfax,https://www.interfax.ru/world/1068130,2026-01-17 00:00:00,"В Пенсильвании ребенок застрелил отца, после того как у него забрали приставку",,,ru,RU
443f1b5cb187,interfax,https://www.interfax.ru/russia/1068135,2026-01-17 00:00:00,Российские военные с 15:00 субботы нейтрализовали 40 украинских дронов,,,ru,RU
63d665a4cf71,interfax,https://www.interfax.ru/russia/1068133,2026-01-17 00:00:00,Начальник центра подготовки МВД в Коми задержан по делу о пожаре,,,ru,RU
5f60fdb0d2e6,interfax,https://www.interfax.ru/world/1068132,2026-01-17 00:00:00,Трамп объявил о пошлинах в отношении ряда стран Европы из-за ситуации с Гренландией,,,ru,RU
bd5b084d688a,interfax,https://www.interfax.ru/world/1068129,2026-01-17 00:00:00,Многотысячная демонстрация прошла в Дании против планов Трампа относительно Гренландии,,,ru,RU
8862d31cf91d,interfax,https://www.interfax.ru/world/1068128,2026-01-17 00:00:00,Эстония в 2026 году потратит рекордные в своей истории суммы на оборону,,,ru,RU
9077be609644,interfax,https://www.interfax.ru/russia/1068136,2026-01-17 00:00:00,Более 300 тысяч человек остались без света в Херсонской области после обстрела,,,ru,RU
4ef79f0251f2,interfax,https://www.interfax.ru/russia/1068127,2026-01-17 00:00:00,Мужчина ранен в Белгородской области из-за детонации дрона,,,ru,RU
edf26b457168,interfax,https://www.interfax.ru/russia/1068180,2026-01-18 00:00:00,Минобороны сообщило о 220 сбитых за сутки дронах ВСУ,,,ru,RU
8b17a6c1b14b,interfax,https://www.interfax.ru/russia/1068181,2026-01-18 00:00:00,Обломки беспилотника обнаружены в Пензенской области,,,ru,RU
e7f28b795623,interfax,https://www.interfax.ru/russia/1068182,2026-01-18 00:00:00,"Минобороны РФ заявило, что российские войска за сутки улучшили позиции в зоне СВО",,,ru,RU
3037a1f7db81,interfax,https://www.interfax.ru/russia/1068183,2026-01-18 00:00:00,Движение по Южсибу восстановили в Хакасии после замены лопнувшего от мороза рельса,,,ru,RU
0abfe9cd60fa,interfax,https://www.interfax.ru/russia/1068184,2026-01-18 00:00:00,Путин на неделе примет участие в мероприятии ко Дню российского студенчества,,,ru,RU
b50e5d45e9d8,interfax,https://www.interfax.ru/russia/1068185,2026-01-18 00:00:00,Четыре человека погибли из-за столкновения поезда и легковушки в Псковской области,,,ru,RU
30964736121a,interfax,https://www.interfax.ru/russia/1068189,2026-01-18 00:00:00,"Сенатор Косачев уверен, что создание ""альтернативной ООН"" стало бы ударом по миропорядку",,,ru,RU
a908d97dbf8a,interfax,https://www.interfax.ru/world/1068188,2026-01-18 00:00:00,СМИ сообщили о готовности Катара участвовать в Совете мира по Газе под руководством Трампа,,,ru,RU
9da0a00c9d00,interfax,https://www.interfax.ru/world/1068191,2026-01-18 00:00:00,Восемь человек погибли при сходе лавин в австрийских Альпах,,,ru,RU
f20b328c67c4,interfax,https://www.interfax.ru/world/1068193,2026-01-18 00:00:00,"Глава МИД Дании обсудит в Норвегии, Швеции и Великобритании ситуацию вокруг Гренландии",,,ru,RU
f643f7cbadcb,interfax,https://www.interfax.ru/world/1068194,2026-01-18 00:00:00,"Опрос показал, что французы всё больше разочаровываются в Макроне",,,ru,RU
dbc30879283b,interfax,https://www.interfax.ru/russia/1068179,2026-01-18 00:00:00,Военные РФ нанесли удары по объектам энергетики и транспортной инфраструктуры Украины,,,ru,RU
cf233944e43b,interfax,https://www.interfax.ru/russia/1068187,2026-01-18 00:00:00,Женщина погибла при детонации FPV-дрона в белгородском селе,,,ru,RU
d6a909e6a64e,interfax,https://www.interfax.ru/russia/1068178,2026-01-18 00:00:00,Cемь БПЛА уничтожены над территорией Северной Осетии,,,ru,RU
c2af5b375005,interfax,https://www.interfax.ru/russia/1068169,2026-01-18 00:00:00,В Минпросвещения РФ назвали ключевые критерии оценивания поведения школьников,,,ru,RU
8943eba1ab0e,interfax,https://www.interfax.ru/world/1068175,2026-01-18 00:00:00,Трамп собирается брать по $1 млрд за превышающее 3-летний срок участие в Совете мира по Газе,,,ru,RU
50f2616f84e4,interfax,https://www.interfax.ru/russia/1068174,2026-01-18 00:00:00,Два города и несколько поселков в Ростовской области остались без воды из-за аварии,,,ru,RU
19550fa33bb8,interfax,https://www.interfax.ru/russia/1068173,2026-01-18 00:00:00,Обломки дрона повредили ЛЭП в одном из районов Кубани,,,ru,RU
1188c5fb0b77,interfax,https://www.interfax.ru/russia/1068172,2026-01-18 00:00:00,Один человек пострадал в результате атаки БПЛА в Туапсе,,,ru,RU
b7296313e7bf,interfax,https://www.interfax.ru/russia/1068171,2026-01-18 00:00:00,Три человека пострадали в Беслане из-за падения обломков БПЛА,,,ru,RU
8a95971c74a9,interfax,https://www.interfax.ru/world/1068119,2026-01-18 00:00:00,Замдиректора ИМЭМО им. Примакова: в мире создается новая мультивалютная система,,,ru,RU
9ae7e1a4cda6,interfax,https://www.interfax.ru/business/1068195,2026-01-18 00:00:00,"КНР в ноябре нарастила импорт СПГ на 19% - до нового рекорда в 8,48 млн тонн",,,ru,RU
b72f9b4c141f,interfax,https://www.interfax.ru/russia/1068168,2026-01-18 00:00:00,Полсотни дронов ликвидировано за сутки в Курской области,,,ru,RU
8081bf24f735,interfax,https://www.interfax.ru/russia/1068166,2026-01-18 00:00:00,Электроснабжение Херсонской области восстановлено по резервной схеме,,,ru,RU
741344cf43a5,interfax,https://www.interfax.ru/russia/1068164,2026-01-18 00:00:00,Аэропорт Ульяновска снова обслуживает рейсы,,,ru,RU
27ca5ae23540,interfax,https://www.interfax.ru/russia/1068163,2026-01-18 00:00:00,"Обломки БПЛА повредили крышу пятиэтажки в Беслане, есть пострадавший",,,ru,RU
6adbada8c03f,interfax,https://www.interfax.ru/russia/1068162,2026-01-18 00:00:00,"В Барнауле вынужденно сел Boeing, летевший из Сочи в Кемерово",,,ru,RU
6f9114ef9812,interfax,https://www.interfax.ru/russia/1068160,2026-01-18 00:00:00,Два БПЛА уничтожено над Орловской областью,,,ru,RU
6ff038ac3630,interfax,https://www.interfax.ru/russia/1068159,2026-01-18 00:00:00,Пожар в торговом центре в Ангарске потушен,,,ru,RU
b5d986fe2df5,interfax,https://www.interfax.ru/russia/1068176,2026-01-18 00:00:00,Товарные составы задержаны из-за лопнувшего от мороза рельса в Хакасии,,,ru,RU
0a410e846be0,interfax,https://www.interfax.ru/russia/1068196,2026-01-18 00:00:00,В Белгородской области за сутки ликвидировали 36 беспилотников ВСУ,,,ru,RU
7004404131e4,interfax,https://www.interfax.ru/russia/1068157,2026-01-18 00:00:00,Воздушную атаку отразили минувшей ночью в двух районах в Ростовской области,,,ru,RU
38fb1acefcae,interfax,https://www.interfax.ru/world/1068199,2026-01-18 00:00:00,"Французский министр предупредила, что последствия тарифов США почувствуют и в Штатах",,,ru,RU
aa5422a17880,interfax,https://www.interfax.ru/world/1068197,2026-01-18 00:00:00,Несколько стран НАТО выпустили заявление в поддержку Гренландии на фоне угроз Трампа,,,ru,RU
d01835ef3412,interfax,https://www.interfax.ru/russia/1068148,2026-01-18 00:00:00,Временные ограничения введены в аэропортах Волгограда и Тамбова,,,ru,RU
36db02de7871,interfax,https://www.interfax.ru/world/1068149,2026-01-18 00:00:00,Постпреды ЕС в воскресенье обсудят Гренландию,,,ru,RU
09834f068578,interfax,https://www.interfax.ru/world/1068150,2026-01-18 00:00:00,Британский премьер считает ошибкой анонсированные Трампом пошлины против Европы,,,ru,RU
ec7c9ac6cc19,interfax,https://www.interfax.ru/world/1068151,2026-01-18 00:00:00,Ракета с кораблем американской лунной миссии Artemis II установлена на стартовой площадке,,,ru,RU
2e6f6b1b111b,interfax,https://www.interfax.ru/russia/1068152,2026-01-18 00:00:00,"Краснодарский аэропорт приостановил работу, тамбовский возобновил",,,ru,RU
06f7c5a73da3,interfax,https://www.interfax.ru/russia/1068153,2026-01-18 00:00:00,Аэропорты Пензы и Ульяновска не принимают и не отправляют самолеты,,,ru,RU
51517449f12c,interfax,https://www.interfax.ru/russia/1068154,2026-01-18 00:00:00,Почти 70 пунктов управления дронами ВСУ уничтожено за сутки в зоне СВО,,,ru,RU
77653b79d702,interfax,https://www.interfax.ru/russia/1068155,2026-01-18 00:00:00,"Временно не работают аэропорты Владикавказа, Грозного и Магаса",,,ru,RU
419c111df7c3,interfax,https://www.interfax.ru/moscow/1068158,2026-01-18 00:00:00,Специальные площадки для крещенских купаний откроют в Москве,,,ru,RU
b68c8619175d,interfax,https://www.interfax.ru/russia/1068156,2026-01-18 00:00:00,Возобновил работу аэропорт Пензы,,,ru,RU
fd5f7d617c0b,interfax,https://www.interfax.ru/world/1068206,2026-01-18 00:00:00,ЕС может ввести пошлины на товары из США на фоне ситуации с Гренландией,,,ru,RU
2fbed60599d0,interfax,https://www.interfax.ru/russia/1068205,2026-01-18 00:00:00,"После ДТП на трассе М-4 ""Дон"" в Ростовской области обрушился пешеходный мост",,,ru,RU
a35350ccf623,interfax,https://www.interfax.ru/russia/1068204,2026-01-18 00:00:00,Один человек пострадал в результате взрыва газа в жилом доме в Челябинской области,,,ru,RU
aab203e003ef,interfax,https://www.interfax.ru/world/1068202,2026-01-18 00:00:00,Трамп обсудил ситуацию вокруг Гренландии с генсеком НАТО,,,ru,RU
0e8775e4a76c,interfax,https://www.interfax.ru/world/1068147,2026-01-18 00:00:00,"Президент Финляндии заявил, что страна продолжит поддерживать Данию и Гренландию",,,ru,RU
0b871332cde7,interfax,https://www.interfax.ru/russia/1068359,2026-01-19 00:00:00,Парламентские слушания о развитии ИИ пройдут в Госдуме 9 апреля,,,ru,RU
d67ea0815d1d,interfax,https://www.interfax.ru/russia/1068362,2026-01-19 00:00:00,Штрафы для компаний за нарушения при майнинге могут составлять до 10 млн рублей,,,ru,RU
8d125b59fd7c,interfax,https://www.interfax.ru/moscow/1068361,2026-01-19 00:00:00,В Москве на МЦД-2 произошел сбой в движении,,,ru,RU
195b47029666,interfax,https://www.interfax.ru/russia/1068363,2026-01-19 00:00:00,Банк России введет минимальную долю закупок российских банкоматов,,,ru,RU
f63551c14f38,interfax,https://www.interfax.ru/business/1068364,2026-01-19 00:00:00,"""Росатом"" ведет подготовку к началу эксплуатации первого энергоблока АЭС Аккую",,,ru,RU
3732818056d8,interfax,https://www.interfax.ru/world/1068365,2026-01-19 00:00:00,"В Париже считают, что США остро нуждаются в Европе",,,ru,RU
7fdac852eaac,interfax,https://www.interfax.ru/business/1068368,2026-01-19 00:00:00,"MOL договорилась с ""Газпром нефтью"" о покупке ее 56,15% сербской NIS",,,ru,RU
9301564b3590,interfax,https://www.interfax.ru/world/1068367,2026-01-19 00:00:00,"Трамп посоветовал Европе сосредоточиться на украинском конфликте, а не на Гренландии",,,ru,RU
5ce7ce4ce56f,interfax,https://www.interfax.ru/business/1068370,2026-01-19 00:00:00,Рынок акций РФ начал неделю с роста выше 2750п по индексу МосБиржи,,,ru,RU
dbcaeadc7925,interfax,https://www.interfax.ru/business/1068371,2026-01-19 00:00:00,Рубль немного укрепился в паре с юанем в ожидании внешнеполитического позитива,,,ru,RU
9ec32eb68bbf,interfax,https://www.interfax.ru/business/1068369,2026-01-19 00:00:00,Численность субъектов МСП в РФ обновила исторический максимум,,,ru,RU
0065f33d0a55,interfax,https://www.interfax.ru/world/1068375,2026-01-19 00:00:00,"На ЗАЭС возобновлена подача электроэнергии по высоковольтной линии ""Ферросплавная-1""",,,ru,RU
8ad5f3794878,interfax,https://www.interfax.ru/business/1068380,2026-01-19 00:00:00,ЦБ РФ на четверть сократит сеть по обслуживанию наличных к 2028 году,,,ru,RU
c16f045c3965,interfax,https://www.interfax.ru/business/1068360,2026-01-19 00:00:00,Банк России отметил сокращение числа жалоб на блокировку карт,,,ru,RU
8709487cc548,interfax,https://www.interfax.ru/world/1068373,2026-01-19 00:00:00,"Среднедушевые доходы в Китае в 2025 г. выросли на 5%, расходы - на 4,4%",,,ru,RU
182383308494,interfax,https://www.interfax.ru/business/1068356,2026-01-19 00:00:00,Госдума 26 марта планирует рассмотреть годовой отчет ЦБ,,,ru,RU
b6e0e3477687,interfax,https://www.interfax.ru/world/1068357,2026-01-19 00:00:00,В Иерусалиме ищут причину массового отравления в детском саду,,,ru,RU
298df674e175,interfax,https://www.interfax.ru/news/2026/01/20/,2026-01-19 00:00:00,20 января→,,,ru,RU
cdafa5e340e9,interfax,https://www.interfax.ru/business/1068331,2026-01-19 00:00:00,"Дефицит бюджета РФ в 2025 году составил 5,65 трлн рублей, или 2,6% ВВП",,,ru,RU
aaa74ca1975c,interfax,https://www.interfax.ru/world/1068333,2026-01-19 00:00:00,Трамп предложил Лукашенко войти в состав Совета мира по Газе,,,ru,RU
bc361a604a27,interfax,https://www.interfax.ru/business/1068334,2026-01-19 00:00:00,Объем сделок на первых спот-торгах зерном в РФ составил почти 16 млн руб.,,,ru,RU
26032200a71e,interfax,https://www.interfax.ru/russia/1068332,2026-01-19 00:00:00,"Суд отклонил жалобу Euroclear Bank на решение взыскать в пользу ""Транснефти"" $85 млн",,,ru,RU
cd3eb6dd6166,interfax,https://www.interfax.ru/world/1068336,2026-01-19 00:00:00,В сирийской армии обвинили курдское ополчение в нарушении перемирия,,,ru,RU
71ffe5af7d36,interfax,https://www.interfax.ru/russia/1068335,2026-01-19 00:00:00,Военные РФ сообщили о нейтрализации 16 БПЛА над Белгородской и Курской областями,,,ru,RU
a23d9131ad74,interfax,https://www.interfax.ru/russia/1068337,2026-01-19 00:00:00,Госдума заслушает отчет правительства о работе в 2025 году в конце февраля,,,ru,RU
99a03722a184,interfax,https://www.interfax.ru/russia/1068338,2026-01-19 00:00:00,"Юрфирма из Франции, передававшая материалы в МУС, признана в РФ нежелательной организацией",,,ru,RU
93d934090fe0,interfax,https://www.interfax.ru/world/1068339,2026-01-19 00:00:00,Еврокомиссия не отказывается от американского СПГ,,,ru,RU
27158316aa88,interfax,https://www.interfax.ru/russia/1068340,2026-01-19 00:00:00,В белгородском селе в результате удара дрона по жилому дому погиб мужчина,,,ru,RU
4fc64f378da4,interfax,https://www.interfax.ru/russia/1068341,2026-01-19 00:00:00,Тюменский пенсионер отдал мошенникам золотые слитки на 15 млн рублей,,,ru,RU
534824dda92d,interfax,https://www.interfax.ru/business/1068343,2026-01-19 00:00:00,"Венгерская MOL и ""Газпром"" согласовали условия продажи сербской NIS",,,ru,RU
d3b5dce3d1ba,interfax,https://www.interfax.ru/russia/1068345,2026-01-19 00:00:00,РЖД и Кузбасс могут заключить соглашение о вывозе на восток не менее 60 млн т угля,,,ru,RU
1d8b2ab057f8,interfax,https://www.interfax.ru/russia/1068344,2026-01-19 00:00:00,"РФ проясняет детали предложения о Совете мира по Газе, в том числе по внесению $1 млрд за место в структуре",,,ru,RU
c46cf08ede7b,interfax,https://www.interfax.ru/business/1068346,2026-01-19 00:00:00,Китай в 2025 году снизил выплавку стали до минимума за семь лет,,,ru,RU
9a50266ef6d0,interfax,https://www.interfax.ru/world/1068348,2026-01-19 00:00:00,"Мерц заявил, что от пошлин Трампа пострадают не только европейцы, но и американцы",,,ru,RU
d1e3b57eedc6,interfax,https://www.interfax.ru/business/1068349,2026-01-19 00:00:00,В Еврокомиссии не обеспокоены объемом запасов газа в хранилищах,,,ru,RU
f676b40e7881,interfax,https://www.interfax.ru/business/1068350,2026-01-19 00:00:00,"Мексиканская Grupo Carso купит долю ""ЛУКОЙЛа"" в проекте в Мексике",,,ru,RU
87d667e44e78,interfax,https://www.interfax.ru/business/1068352,2026-01-19 00:00:00,"Brent подешевела до $63,78 за баррель",,,ru,RU
6dc1adb837e7,interfax,https://www.interfax.ru/business/1068353,2026-01-19 00:00:00,"Объем ФНБ в декабре вырос на 156 млрд рублей, до 13,415 трлн рублей",,,ru,RU
a8f4e6ed34af,interfax,https://www.interfax.ru/business/1068354,2026-01-19 00:00:00,Минфин хотел бы предложить рынку более длинные ОФЗ в юанях,,,ru,RU
6c1f5a09db70,interfax,https://www.interfax.ru/business/1068355,2026-01-19 00:00:00,"ЦБ РФ хочет ввести запрет на изготовление предметов, схожих с банкнотами",,,ru,RU
d1aedbe96631,interfax,https://www.interfax.ru/russia/1068378,2026-01-19 00:00:00,В ДНР 650 тыс. жителей остаются без электричества из-за ударов по энергосистеме,,,ru,RU
1cc461c1f44d,interfax,https://www.interfax.ru/world/1068383,2026-01-19 00:00:00,Умер модельер Валентино Гаравани,,,ru,RU
0b0677df2160,interfax,https://www.interfax.ru/business/1068372,2026-01-19 00:00:00,De Beers впервые с конца 2024 года снизила цены на алмазы,,,ru,RU
6054cc43ae98,interfax,https://www.interfax.ru/russia/1068382,2026-01-19 00:00:00,Депутаты предложили ввести самозапрет на платежи в компьютерных играх,,,ru,RU
cddfb8636466,interfax,https://www.interfax.ru/russia/1068399,2026-01-19 00:00:00,Саратовский аэропорт приостановил обслуживание рейсов,,,ru,RU
a237455e518d,interfax,https://www.interfax.ru/russia/1068398,2026-01-19 00:00:00,Минобороны РФ заявило о нейтрализации с 20:00 над регионами 47 украинских дронов,,,ru,RU
cc522f148905,interfax,https://www.interfax.ru/culture/1068358,2026-01-19 00:00:00,"""Камерата РНО"" отметит 270-летие со дня рождения Моцарта",,,ru,RU
b8b9d25a4a3d,interfax,https://www.interfax.ru/world/1068396,2026-01-19 00:00:00,Генсек НАТО обсудил с главой Минобороны Дании и главой МИД Гренландии вопросы Арктики,,,ru,RU
f1e93016b9d5,interfax,https://www.interfax.ru/world/1068393,2026-01-19 00:00:00,Страны восточной Европы страдают от низких температур,,,ru,RU
9fd588b9cd11,interfax,https://www.interfax.ru/world/1068392,2026-01-19 00:00:00,"В ЕК заявили, что ЕС разделяет цель инициированного Трампом Совета мира по Газе",,,ru,RU
149520908d35,interfax,https://www.interfax.ru/world/1068391,2026-01-19 00:00:00,"Президент Финляндии не верит, что США пойдут на военный захват Гренландии",,,ru,RU
4c2a350a068a,interfax,https://www.interfax.ru/world/1068390,2026-01-19 00:00:00,Франция пока не намерена принимать приглашение США в Совет мира по Газе,,,ru,RU
3003b16663a2,interfax,https://www.interfax.ru/world/1068395,2026-01-19 00:00:00,Президент Грузии помиловал 159 заключенных,,,ru,RU
5879fa7ee3b8,interfax,https://www.interfax.ru/world/1068388,2026-01-19 00:00:00,Власти Ирана пообещали сделать все возможное для решения экономических проблем граждан,,,ru,RU
d4427f77f66e,interfax,https://www.interfax.ru/world/1068385,2026-01-19 00:00:00,ЕС предпочитает диалог и сдержанность в ситуации вокруг Гренландии,,,ru,RU
7f67342fd707,interfax,https://www.interfax.ru/world/1068381,2026-01-19 00:00:00,Бессент назвал подготовку Европой ответа на пошлины США неразумным решением,,,ru,RU
d1de1d35393a,interfax,https://www.interfax.ru/world/1068386,2026-01-19 00:00:00,Президент Болгарии решил уйти в отставку,,,ru,RU
b53d7fa021cd,interfax,https://www.interfax.ru/russia/1068379,2026-01-19 00:00:00,В МИД РФ выразили соболезнования в связи с железнодорожной катастрофой в Испании,,,ru,RU
aa7c4bc6424c,interfax,https://www.interfax.ru/world/1068384,2026-01-19 00:00:00,Жители Гренландии скупают снаряжение и продукты на фоне американской угрозы,,,ru,RU
49f54292a888,interfax,https://www.interfax.ru/russia/1068377,2026-01-19 00:00:00,"Фракция ""Единой России"" 26 января встретится с Мишустиным в преддверии его отчета в Госдуме",,,ru,RU
c07bc0caecd9,interfax,https://www.interfax.ru/business/1068389,2026-01-19 00:00:00,Цены на уран выросли до максимального уровня за 17 месяцев,,,ru,RU
e8a850c6eae5,interfax,https://www.interfax.ru/world/1068574,2026-01-20 00:00:00,Лукашенко надеется повлиять на украинское руководство через Совет мира,,,ru,RU
683d48dbfbe2,interfax,https://www.interfax.ru/moscow/1068573,2026-01-20 00:00:00,В Люберцах начали сносить сельхозрынок у станции МЦД-3,,,ru,RU
708b705774d9,interfax,https://www.interfax.ru/business/1068572,2026-01-20 00:00:00,Рынок акций просел ниже 2740 пунктов по индексу МосБиржи,,,ru,RU
31108d47d985,interfax,https://www.interfax.ru/russia/1068567,2026-01-20 00:00:00,Минфин не поддержал идею обязательных Chinese Walls в инвесткомпаниях для защиты инсайда,,,ru,RU
2f41d927a997,interfax,https://www.interfax.ru/business/1068569,2026-01-20 00:00:00,Банк России отметил сдержанный прирост требований к организациям в декабре,,,ru,RU
0a19a71f1a09,interfax,https://www.interfax.ru/russia/1068568,2026-01-20 00:00:00,"ПАО ""Акрон"" включено в перечень экономически значимых организаций",,,ru,RU
9db4a6f67322,interfax,https://www.interfax.ru/business/1068576,2026-01-20 00:00:00,Турция ведет переговоры c Chevron о совместной разведке нефти и газа,,,ru,RU
8223ac54e920,interfax,https://www.interfax.ru/world/1068570,2026-01-20 00:00:00,Лукашенко подписал документ о присоединении Белоруссии к Совету мира,,,ru,RU
67a4b9a8c06b,interfax,https://www.interfax.ru/world/1068575,2026-01-20 00:00:00,ЕК предложила меры по дальнейшему укреплению кибербезопасности ЕС,,,ru,RU
107197b5405d,interfax,https://www.interfax.ru/world/1068588,2026-01-20 00:00:00,"Трамп заявил, что спас НАТО от отправки на ""свалку истории""",,,ru,RU
fdd82cf4992f,interfax,https://www.interfax.ru/business/1068578,2026-01-20 00:00:00,"Рубль на ""Мосбирже"" почти не изменился к юаню",,,ru,RU
4424b2ecba66,interfax,https://www.interfax.ru/russia/1068580,2026-01-20 00:00:00,В Брянской области в результате ударов дронов-камикадзе по машине погибли двое,,,ru,RU
83f088469565,interfax,https://www.interfax.ru/world/1068581,2026-01-20 00:00:00,Датский депутат предупредил США о войне с Данией в случае вторжения в Гренландию,,,ru,RU
4813225f1029,interfax,https://www.interfax.ru/russia/1068582,2026-01-20 00:00:00,Тариф на прокачку нефти от ВСТО на Комсомольский НПЗ предложено поднять на 31% до 2027 года,,,ru,RU
67b2aad64c27,interfax,https://www.interfax.ru/russia/1068583,2026-01-20 00:00:00,В Коми 52 населенных пункта остались без света из-за аварии,,,ru,RU
6c381c8a2ea8,interfax,https://www.interfax.ru/russia/1068584,2026-01-20 00:00:00,Крымский мост перекрыли второй раз за день,,,ru,RU
7410343f13b6,interfax,https://www.interfax.ru/world/1068589,2026-01-20 00:00:00,Алиев сообщил о запросе от Армении на транзит грузов через Азербайджан в Россию,,,ru,RU
88bdbbcd846c,interfax,https://www.interfax.ru/world/1068566,2026-01-20 00:00:00,"Президент Финляндии надеется, что кризис с Гренландией удастся разрешить",,,ru,RU
93b5f8724267,interfax,https://www.interfax.ru/business/1068577,2026-01-20 00:00:00,"Дефицит консолидированного бюджета РФ в январе-ноябре увеличился до 4,864 трлн рублей",,,ru,RU
bf5bfbdb13de,interfax,https://www.interfax.ru/russia/1068565,2026-01-20 00:00:00,В Шебекине в результате удара дрона погиб мужчина,,,ru,RU
0df686adf199,interfax,https://www.interfax.ru/world/1068554,2026-01-20 00:00:00,"Бессент считает, что передача архипелага Чагос Маврикию показывает, почему Гренландия должна быть частью США",,,ru,RU
231053c435a0,interfax,https://www.interfax.ru/russia/1068563,2026-01-20 00:00:00,Red Wings задерживает несколько рейсов на Шри-Ланку из-за обслуживания самолета,,,ru,RU
5d875db6553f,interfax,https://www.interfax.ru/russia/1068540,2026-01-20 00:00:00,Вынесен приговор двум соучастникам подрыва машины экс-сотрудника СБУ в Москве,,,ru,RU
dc8a73db1986,interfax,https://www.interfax.ru/business/1068542,2026-01-20 00:00:00,Российские производители мяса озабочены резким ростом импорта курятины из Китая,,,ru,RU
13bd744e9d8f,interfax,https://www.interfax.ru/world/1068544,2026-01-20 00:00:00,"На набережной в Стамбуле нашли тело, предположительно, пловца Свечникова",,,ru,RU
5640f28578d3,interfax,https://www.interfax.ru/culture/1068545,2026-01-20 00:00:00,Более 350 тыс. человек посетили выставку Репина в Китае,,,ru,RU
130263212371,interfax,https://www.interfax.ru/world/1068546,2026-01-20 00:00:00,Макрон призвал страны Европы выстраивать экономический суверенитет,,,ru,RU
f8ec27d03c31,interfax,https://www.interfax.ru/world/1068547,2026-01-20 00:00:00,Военный бюджет Киргизии увеличился с 2018 года на 300%,,,ru,RU
60148ee1b4e4,interfax,https://www.interfax.ru/russia/1068549,2026-01-20 00:00:00,В РСТ опасаются снижения турпотока из РФ в Абхазию из-за изменения правил въезда,,,ru,RU
1a0d9454cec5,interfax,https://www.interfax.ru/russia/1068550,2026-01-20 00:00:00,Аэропорт Краснодара ограничил работу,,,ru,RU
f728c1562db7,interfax,https://www.interfax.ru/russia/1068552,2026-01-20 00:00:00,Комитет Госдумы предложил уточнить порядок оборота сельхозземель в ООПТ,,,ru,RU
4b1dde5e5c5f,interfax,https://www.interfax.ru/russia/1068548,2026-01-20 00:00:00,"Каллас заявила, что ЕС на стороне Гренландии в вопросе защиты ее суверенитета",,,ru,RU
b5dd3ddf87c9,interfax,https://www.interfax.ru/russia/1068553,2026-01-20 00:00:00,"ФНС потребовала от совладельца ""Суммы"" Зиявудина Магомедова более 60 млн рублей",,,ru,RU
e87e5552b5f4,interfax,https://www.interfax.ru/business/1068555,2026-01-20 00:00:00,"Китай в 2025 году снизил импорт российского мороженого на 15%, до $2,3 млн",,,ru,RU
513e4b6adaf0,interfax,https://www.interfax.ru/russia/1068585,2026-01-20 00:00:00,Белгородский губернатор сообщил о еще одном погибшем и двух раненых,,,ru,RU
3b49121e2a71,interfax,https://www.interfax.ru/world/1068556,2026-01-20 00:00:00,"Глава Минфина США пока не знает, введут ли санкции против Китая за покупку нефти у России",,,ru,RU
f890050819ff,interfax,https://www.interfax.ru/russia/1068557,2026-01-20 00:00:00,Аэропорт Геленджика перестал обслуживать рейсы,,,ru,RU
7842a46f5551,interfax,https://www.interfax.ru/world/1068558,2026-01-20 00:00:00,В Финляндии планируют к концу года построить забор на границе с Россией,,,ru,RU
f913e5c12bd3,interfax,https://www.interfax.ru/business/1068559,2026-01-20 00:00:00,Экспорт российской молочной продукции в 2025 году сократился на 5%,,,ru,RU
76920ad956a1,interfax,https://www.interfax.ru/world/1068560,2026-01-20 00:00:00,"Банк Англии считает, что действия Трампа могут негативно повлиять на финстабильность в Британии",,,ru,RU
0b765d71a482,interfax,https://www.interfax.ru/world/1068562,2026-01-20 00:00:00,Премьер-министр Гренландии не может полностью исключить нападение США,,,ru,RU
aa7cbd7fa0fb,interfax,https://www.interfax.ru/business/1068564,2026-01-20 00:00:00,"Группа Volkswagen снизила годовые продажи автомобилей на 0,5%",,,ru,RU
3a39b1373938,interfax,https://www.interfax.ru/business/1068591,2026-01-20 00:00:00,Реальный эффективный курс рубля вырос в 2025 году на 28%,,,ru,RU
e93b5c8c4049,interfax,https://www.interfax.ru/world/1068590,2026-01-20 00:00:00,"Высший суд Израиля запретил вскрытие младенцев, умерших в Иерусалиме",,,ru,RU
f0d68dfac0a5,interfax,https://www.interfax.ru/russia/1068607,2026-01-20 00:00:00,Склад горит в Подмосковье на площади 700 кв. м,,,ru,RU
a71f0f86e6f8,interfax,https://www.interfax.ru/russia/1068611,2026-01-20 00:00:00,Многоквартирный дом горит в Тахтамукайском районе Адыгеи после прилета БПЛА,,,ru,RU
745c2fc33845,interfax,https://www.interfax.ru/russia/1068610,2026-01-20 00:00:00,Помощник главы по безопасности Грайворонского округа погиб в результате атаки ВСУ,,,ru,RU
0b5c910d801c,interfax,https://www.interfax.ru/russia/1068609,2026-01-20 00:00:00,Минобороны РФ заявило о ликвидации вечером 53 украинских беспилотников,,,ru,RU
d1cba26ebb5d,interfax,https://www.interfax.ru/world/1068608,2026-01-20 00:00:00,Трамп не поедет на переговоры в формате G7 в Париже на этой неделе,,,ru,RU
0ae1ab365a99,interfax,https://www.interfax.ru/business/1068587,2026-01-20 00:00:00,Китай в 2025 году увеличил на 51% импорт алюминия из России,,,ru,RU
71b9b17cdc0c,interfax,https://www.interfax.ru/world/1068606,2026-01-20 00:00:00,"Президент США считает, что сможет достигнуть своих целей в Гренландии",,,ru,RU
6540f8517836,interfax,https://www.interfax.ru/world/1068605,2026-01-20 00:00:00,"Трамп заявил, что не нужно отказываться от ООН",,,ru,RU
02402902d7c9,interfax,https://www.interfax.ru/business/1068603,2026-01-20 00:00:00,Генпрокуратура просит суд обратить в доход РФ активы Вороновского и Дорошенко,,,ru,RU
6ade2e3bf237,interfax,https://www.interfax.ru/world/1068604,2026-01-20 00:00:00,"Трамп сомневается, что союзники по НАТО придут на помощь США",,,ru,RU
07ebad65c75a,interfax,https://www.interfax.ru/business/1068598,2026-01-20 00:00:00,"Реальный эффективный курс рубля в декабре вырос на 2,1%, в 2025 г. - на 28%",,,ru,RU
93cb6c417262,interfax,https://www.interfax.ru/russia/1068597,2026-01-20 00:00:00,Дмитриев назвал переговоры с США в Давосе очень конструктивными,,,ru,RU
2e1362721ea2,interfax,https://www.interfax.ru/russia/1068596,2026-01-20 00:00:00,Крымский мост снова открыли для автотранспорта,,,ru,RU
ed9992c63ea4,interfax,https://www.interfax.ru/culture/1068595,2026-01-20 00:00:00,В Петербурге в бывшей Англиканской церкви открылась вторая сцена Театра имени Шаляпина,,,ru,RU
3e88d738a46c,interfax,https://www.interfax.ru/business/1068593,2026-01-20 00:00:00,Сербия ждет от OFAC лицензии на продолжение работы NIS,,,ru,RU
81b98048a6bc,interfax,https://www.interfax.ru/world/1068594,2026-01-20 00:00:00,Европарламент решил заморозить ратификацию торгового соглашения с США,,,ru,RU
0ba3702da347,interfax,https://www.interfax.ru/world/1068592,2026-01-20 00:00:00,Лукашенко заявил о готовности США покупать белорусский хлоркалий,,,ru,RU
660a687079c8,interfax,https://www.interfax.ru/russia/1068600,2026-01-20 00:00:00,Объекты энергетики повреждены после обстрела в Белгородской области,,,ru,RU
72f169ede4e1,interfax,https://www.interfax.ru/russia/1068836,2026-01-21 00:00:00,В РФ предлагается изменить правила назначения единого пособия многодетным семьям,,,ru,RU
80222c850481,interfax,https://www.interfax.ru/business/1068837,2026-01-21 00:00:00,Рубль в среду вырос к юаню и обновил максимум с конца декабря,,,ru,RU
47cf4631c746,interfax,https://www.interfax.ru/world/1068835,2026-01-21 00:00:00,Трамп призвал западные страны беречь культурное наследие в эпоху перемен,,,ru,RU
ef2b6f512699,interfax,https://www.interfax.ru/russia/1068852,2026-01-21 00:00:00,Глава Палестины Аббас прибыл в Москву,,,ru,RU
27a941957690,interfax,https://www.interfax.ru/world/1068803,2026-01-21 00:00:00,"Трамп убежден в желании и Путина, и Зеленского урегулировать конфликт",,,ru,RU
d26701574ebe,interfax,https://www.interfax.ru/world/1068804,2026-01-21 00:00:00,Президент США заявил о значительном прогрессе в ядерной энергетике,,,ru,RU
cef6e93aaa01,interfax,https://www.interfax.ru/russia/1068839,2026-01-21 00:00:00,Телеком-операторы и Почта России не попадут под запрет на идентификацию клиентов платежными агентами,,,ru,RU
dc455f49f403,interfax,https://www.interfax.ru/business/1068833,2026-01-21 00:00:00,"Цены на мясо кур в РФ с 13 по 19 января снизились на 0,1%, яйца подорожали на 0,2%",,,ru,RU
400afb0cd8a7,interfax,https://www.interfax.ru/russia/1068841,2026-01-21 00:00:00,В Адыгее при разборе завалов на месте атаки БПЛА нашли останки погибшего,,,ru,RU
f2b870c0f09d,interfax,https://www.interfax.ru/world/1068851,2026-01-21 00:00:00,Глава МИД Дании после выступления Трампа заявил о сохранении проблемы с Гренландией,,,ru,RU
2ca7903a8f15,interfax,https://www.interfax.ru/business/1068844,2026-01-21 00:00:00,Золото обновило рекорд из-за ситуации вокруг Гренландии,,,ru,RU
7c1ebb767ea2,interfax,https://www.interfax.ru/russia/1068845,2026-01-21 00:00:00,Запас лекарств в РФ превысил трехмесячный уровень,,,ru,RU
1c019dacc275,interfax,https://www.interfax.ru/russia/1068846,2026-01-21 00:00:00,"Хуснуллин заявил, что в РФ в 2025 году построили рекордные 149 млн кв. м недвижимости",,,ru,RU
bd83dea95d87,interfax,https://www.interfax.ru/world/1068847,2026-01-21 00:00:00,В Казахстане создадут комиссию по конституционной реформе,,,ru,RU
ebd7a813beaf,interfax,https://www.interfax.ru/russia/1068848,2026-01-21 00:00:00,Доля отечественных лекарств на рынке РФ составила 63%,,,ru,RU
77da4cea8cf9,interfax,https://www.interfax.ru/russia/1068849,2026-01-21 00:00:00,Кабмин прорабатывает компенсации затрат на клинические исследования уникальных препаратов,,,ru,RU
bfa6ef2a8435,interfax,https://www.interfax.ru/world/1068850,2026-01-21 00:00:00,Восемь мусульманских стран заявили о решении вступить в Совет мира,,,ru,RU
bb9853cdc486,interfax,https://www.interfax.ru/world/1068805,2026-01-21 00:00:00,"Трамп заверил, что не будет применять силу для получения контроля над Гренландией",,,ru,RU
ee6d42cb5a62,interfax,https://www.interfax.ru/russia/1068842,2026-01-21 00:00:00,"Проект по отпуску лекарств через ""Почту России"" планируют принять до конца января",,,ru,RU
9751c4fd6f96,interfax,https://www.interfax.ru/world/1068806,2026-01-21 00:00:00,"Трамп отметил, что Венесуэле не помогли при операции США оборонные системы РФ и КНР",,,ru,RU
816a328530c4,interfax,https://www.interfax.ru/world/1068818,2026-01-21 00:00:00,"Трамп заявил, что подошел ""сравнительно близко"" к решению украинского кризиса",,,ru,RU
a8b36abb5f0d,interfax,https://www.interfax.ru/russia/1068807,2026-01-21 00:00:00,Депутаты предложили запретить гражданам самодекларировать доходы при кредитовании,,,ru,RU
209dc5da4f5d,interfax,https://www.interfax.ru/business/1068834,2026-01-21 00:00:00,Минэнерго отметило стабилизацию цен на топливо на независимых АЗС,,,ru,RU
4dd0622fadbf,interfax,https://www.interfax.ru/business/1068832,2026-01-21 00:00:00,"Бензин на заправках с начала года подорожал на 1,3%",,,ru,RU
26a52e08999b,interfax,https://www.interfax.ru/business/1068831,2026-01-21 00:00:00,"Инфляция в РФ с 13 по 19 января составила 0,45%, в годовом выражении ускорилась до 6,5%",,,ru,RU
6cad89fea7f7,interfax,https://www.interfax.ru/business/1068830,2026-01-21 00:00:00,"Росстат сообщил о подорожании огурцов в январе на 28,5%",,,ru,RU
4cafd25bdde1,interfax,https://www.interfax.ru/russia/1068828,2026-01-21 00:00:00,Курских школьников научат управлять дронами,,,ru,RU
edf5e5d61bff,interfax,https://www.interfax.ru/russia/1068827,2026-01-21 00:00:00,"Партия ""Новые люди"" предложила для малых предприятий мораторий на новые налоги на 3 года",,,ru,RU
7dde3126ca31,interfax,https://www.interfax.ru/russia/1068825,2026-01-21 00:00:00,"Путин заявил, что ключи от купленных квартир должны выдаваться вовремя",,,ru,RU
dfa0e84f74a0,interfax,https://www.interfax.ru/world/1068823,2026-01-21 00:00:00,Европарламент одобрил процедуру согласования кредитования Украины на 90 млрд евро,,,ru,RU
314a4023ee59,interfax,https://www.interfax.ru/russia/1068808,2026-01-21 00:00:00,Экс-глава нижегородского Минстроя осужден за мошенничество на 273 млн руб.,,,ru,RU
cf3adb67250e,interfax,https://www.interfax.ru/russia/1068822,2026-01-21 00:00:00,Путин потребовал от чиновников подготовиться к морозам в конце недели,,,ru,RU
d71eeef9e5bb,interfax,https://www.interfax.ru/business/1068820,2026-01-21 00:00:00,"Денежная база РФ в широком определении в декабре выросла на 10,1%, за 2025 год - на 9,7%",,,ru,RU
c636ed776f64,interfax,https://www.interfax.ru/russia/1068817,2026-01-21 00:00:00,Аэропорт Краснодара остановил работу,,,ru,RU
02ae5468e4cd,interfax,https://www.interfax.ru/world/1068816,2026-01-21 00:00:00,Трамп доволен работой Уиткоффа по Украине,,,ru,RU
b949dd85109e,interfax,https://www.interfax.ru/business/1068813,2026-01-21 00:00:00,Минэнерго отметило рост энергопотребления в России в осенне-зимний период почти на 3%,,,ru,RU
40de8e0e79e2,interfax,https://www.interfax.ru/world/1068812,2026-01-21 00:00:00,Трамп выразил удивление выступлением Макрона в Давосе в солнцезащитных очках,,,ru,RU
dc445d268281,interfax,https://www.interfax.ru/world/1068811,2026-01-21 00:00:00,ЕП запросил правовую оценку Судом ЕС торгового соглашения Евросоюза с МЕРКОСУР,,,ru,RU
db5af239dc5f,interfax,https://www.interfax.ru/world/1068810,2026-01-21 00:00:00,"Трамп в Давосе раскритиковал ""зеленую"" энергетику",,,ru,RU
85b5f7d741a6,interfax,https://www.interfax.ru/world/1068809,2026-01-21 00:00:00,Президент Узбекистана летит в Давос на подписание устава Совета мира,,,ru,RU
050e48fdb19f,interfax,https://www.interfax.ru/russia/1068821,2026-01-21 00:00:00,Минобороны РФ сообщило о поражении в среду 32 украинских беспилотников,,,ru,RU
b99a57820c7d,interfax,https://www.interfax.ru/world/1068853,2026-01-21 00:00:00,"Японская компания TEPCO возобновила работу АЭС ""Касивадзаки-Карива""",,,ru,RU
d771ad51d2b1,interfax,https://www.interfax.ru/russia/1068819,2026-01-21 00:00:00,Глава Минстроя доложил о сокращении числа аварий в теплоснабжении на треть,,,ru,RU
d84286a02578,interfax,https://www.interfax.ru/business/1068856,2026-01-21 00:00:00,Сбербанк оптимистично смотрит на дивидендные выплаты за 2025 год,,,ru,RU
7631e870a887,interfax,https://www.interfax.ru/russia/1068854,2026-01-21 00:00:00,В кубанском поселке Афипский завершили разминирование после атаки БПЛА,,,ru,RU
9e5e72719f89,interfax,https://www.interfax.ru/world/1068874,2026-01-21 00:00:00,Трамп нацелен на бессрочное соглашение по Гренландии,,,ru,RU
7163bedaea24,interfax,https://www.interfax.ru/russia/1068872,2026-01-21 00:00:00,Минобороны сообщило об уничтожении 17 БПЛА над регионами РФ в среду вечером,,,ru,RU
eafe222c9042,interfax,https://www.interfax.ru/russia/1068869,2026-01-21 00:00:00,"РФ может направить часть замороженных активов на восстановление территорий, пострадавших в ходе СВО",,,ru,RU
eeda2d3a91d3,interfax,https://www.interfax.ru/russia/1068870,2026-01-21 00:00:00,"Президент РФ заявил, что Россию не касается ситуация с Гренландией",,,ru,RU
ff3c4fe3fea2,interfax,https://www.interfax.ru/russia/1068868,2026-01-21 00:00:00,Россия может направить в Совет мира $1 млрд из замороженных активов,,,ru,RU
dcf94ab9942f,interfax,https://www.interfax.ru/russia/1068867,2026-01-21 00:00:00,Трамп лично пригласил Россию присоединиться к Совету мира,,,ru,RU
ad077e0d275a,interfax,https://www.interfax.ru/russia/1068871,2026-01-21 00:00:00,Путин анонсировал переговоры по замороженным активам РФ с палестинской и американской сторонами,,,ru,RU
05fff9417777,interfax,https://www.interfax.ru/russia/1068865,2026-01-21 00:00:00,"Путин заявил, что МИД РФ изучит предложение присоединиться к Совету мира",,,ru,RU
da904156564a,interfax,https://www.interfax.ru/russia/1068863,2026-01-21 00:00:00,"Аэропорты Владикавказа, Грозного и Магаса временно прекратили обслуживание рейсов",,,ru,RU
0d4a6645e14a,interfax,https://www.interfax.ru/world/1068861,2026-01-21 00:00:00,Президент Азербайджана встретился в Давосе с комиссаром ЕС Мартой Кос,,,ru,RU
0152112bd2c4,interfax,https://www.interfax.ru/business/1068860,2026-01-21 00:00:00,"Сбербанк в 2026 году рассчитывает на ""значимый"" рост прибыли к 2025 году",,,ru,RU
ba79bb09de7a,interfax,https://www.interfax.ru/world/1068859,2026-01-21 00:00:00,В Иране сообщили о более 3 тыс. жертв протестов,,,ru,RU
33624563643d,interfax,https://www.interfax.ru/russia/1068858,2026-01-21 00:00:00,Путин освободил Полковникова от должности замглавы Россотрудничества,,,ru,RU
649e0515a82d,interfax,https://www.interfax.ru/world/1068857,2026-01-21 00:00:00,"Рютте заверил Трампа, что союзники по НАТО придут на помощь США в случае атаки",,,ru,RU
c6d254ede18b,interfax,https://www.interfax.ru/russia/1068866,2026-01-21 00:00:00,Четыре резервуара с нефтепродуктами загорелись в порту Тамань после атаки БПЛА,,,ru,RU
483328fd20f5,interfax,https://www.interfax.ru/world/1069045,2026-01-22 00:00:00,"Трамп заявил о возможности создать инновационную систему ПРО, о которой мечтал Рейган",,,ru,RU
1c3b213a083a,interfax,https://www.interfax.ru/russia/1069031,2026-01-22 00:00:00,"Пенсионерка на Урале не смогла вернуть квартиру по ""схеме Долиной""",,,ru,RU
01d5b7d5c131,interfax,https://www.interfax.ru/world/1069040,2026-01-22 00:00:00,Германия высылает сотрудника посольства РФ в Берлине,,,ru,RU
f653991c4605,interfax,https://www.interfax.ru/culture/1069038,2026-01-22 00:00:00,"""Гамнет"", ""Франкенштейн"" и ""Битва за битвой"" будут бороться за ""Оскар""",,,ru,RU
7b25baa668f3,interfax,https://www.interfax.ru/business/1069041,2026-01-22 00:00:00,"Оценка роста ВВП США в III квартале повышена с 4,3% до 4,4%",,,ru,RU
700d4596028f,interfax,https://www.interfax.ru/russia/1069043,2026-01-22 00:00:00,Суд обратил в доход РФ имущество экс-главы Ростовского облсуда Золотаревой,,,ru,RU
163ac94ea9d2,interfax,https://www.interfax.ru/world/1069044,2026-01-22 00:00:00,Макрон заявил о задержании в Средиземном море следовавшего из РФ танкера,,,ru,RU
5c7a486f0f6d,interfax,https://www.interfax.ru/business/1069046,2026-01-22 00:00:00,Структуры Шереметьево и Внуково подали заявки на участие в аукционе по продаже Домодедово,,,ru,RU
ad54e5b13397,interfax,https://www.interfax.ru/world/1069053,2026-01-22 00:00:00,Минэнерго США назвало рост нефтедобычи в Венесуэле вызовом для американских сланцевиков,,,ru,RU
34aa9c2e8981,interfax,https://www.interfax.ru/russia/1069049,2026-01-22 00:00:00,В РФ разрабатывают меры по извлечению РЗМ из электролома для нужд электроники,,,ru,RU
fb0c97e933c5,interfax,https://www.interfax.ru/russia/1069047,2026-01-22 00:00:00,Глава управляющей компании арестован после гибели пенсионера в кипятке в Обнинске,,,ru,RU
a46feba3e970,interfax,https://www.interfax.ru/world/1069050,2026-01-22 00:00:00,Военные самолеты США продолжают переброску грузов на Ближний Восток,,,ru,RU
b0877c915ca7,interfax,https://www.interfax.ru/world/1069051,2026-01-22 00:00:00,Встреча Трампа и Зеленского завершилась без подписания запланированных документов,,,ru,RU
aafa8799fc7d,interfax,https://www.interfax.ru/business/1069052,2026-01-22 00:00:00,"""РусГидро"" не будет выплачивать дивиденды в 2026 году",,,ru,RU
d061169275ca,interfax,https://www.interfax.ru/business/1069054,2026-01-22 00:00:00,Рост рынка акций на ожиданиях переговоров США-РФ по Украине сдержало укрепление рубля,,,ru,RU
bad0a18e9a98,interfax,https://www.interfax.ru/russia/1069037,2026-01-22 00:00:00,МИД подтвердил изучение приглашения от Трампа вступить в Совет мира,,,ru,RU
b706cca1dca3,interfax,https://www.interfax.ru/world/1069055,2026-01-22 00:00:00,Россия и Китай провели консультации по двусторонним отношениям,,,ru,RU
3c946d0e08f3,interfax,https://www.interfax.ru/business/1069056,2026-01-22 00:00:00,Рубль в четверг заметно укрепился в паре с юанем,,,ru,RU
89e7b13d6799,interfax,https://www.interfax.ru/business/1069048,2026-01-22 00:00:00,"Доходы американцев в ноябре выросли на 0,3%, слабее прогноза",,,ru,RU
6919874e1e63,interfax,https://www.interfax.ru/world/1069036,2026-01-22 00:00:00,Трамп назвал хорошими состоявшиеся в Давосе переговоры с Зеленским,,,ru,RU
5d5c8cb5c1b7,interfax,https://www.interfax.ru/business/1069026,2026-01-22 00:00:00,"Международные резервы России с 9 по 16 января увеличились на $16,6 млрд",,,ru,RU
df760cfab094,interfax,https://www.interfax.ru/russia/1069035,2026-01-22 00:00:00,"МИД заявил, что РФ не получала от США ответа по вопросу ДСНВ",,,ru,RU
7c11ff6d4c63,interfax,https://www.interfax.ru/russia/1069009,2026-01-22 00:00:00,РФ в декабре 2025 г. увеличила выручку от экспорта вина в КНР в 4 раза,,,ru,RU
5b192562003c,interfax,https://www.interfax.ru/business/1069011,2026-01-22 00:00:00,Цена газа в ЕС близка к $500/тыс. куб. м на фоне холодов и роста котировок в США,,,ru,RU
d87b473278fb,interfax,https://www.interfax.ru/business/1069010,2026-01-22 00:00:00,Новак оценил производство СПГ в РФ в 2025 году на уровне 32 млн т,,,ru,RU
a033a6acb80f,interfax,https://www.interfax.ru/russia/1069013,2026-01-22 00:00:00,Потребление мощности в единой энергосистеме России обновило исторический рекорд,,,ru,RU
17a5381a14da,interfax,https://www.interfax.ru/russia/1069012,2026-01-22 00:00:00,Минобороны выделит Ан-124 для доставки снегоуборщиков на Камчатку,,,ru,RU
2b54cafddfa5,interfax,https://www.interfax.ru/russia/1069016,2026-01-22 00:00:00,Экс-замглавы Василеостровского района Петербурга осужден за взятки,,,ru,RU
73e46a8d7818,interfax,https://www.interfax.ru/russia/1069015,2026-01-22 00:00:00,Москва призвала воздерживаться от эскалации ситуации вокруг Ирана,,,ru,RU
1b6f80a1a2d2,interfax,https://www.interfax.ru/world/1069017,2026-01-22 00:00:00,В НАТО обеспокоены ростом военного сотрудничества РФ и КНР в Арктике,,,ru,RU
05b7094bf26e,interfax,https://www.interfax.ru/russia/1069019,2026-01-22 00:00:00,Губернатор Кузбасса приказал остановить оптимизацию медучреждений,,,ru,RU
28a4425242de,interfax,https://www.interfax.ru/russia/1069022,2026-01-22 00:00:00,Замглавы Ачинского совета депутатов арестован по делу о взятке в Красноярском крае,,,ru,RU
1d1862a5299f,interfax,https://www.interfax.ru/world/1069021,2026-01-22 00:00:00,"Трамп заявил, что США на переговорах по Гренландии получат все, что хотят",,,ru,RU
1a10fe4c64ae,interfax,https://www.interfax.ru/world/1069024,2026-01-22 00:00:00,НАТО проведет учения в Арктике,,,ru,RU
7e6e8baf75cf,interfax,https://www.interfax.ru/russia/1069018,2026-01-22 00:00:00,"Власти РФ очертили круг требующих поддержки отраслей, включая чермет, уголь, ЛПК, пищепром",,,ru,RU
91ae3d363a4e,interfax,https://www.interfax.ru/world/1069057,2026-01-22 00:00:00,Корабль компании Blue Origin с космическими туристами стартовал в суборбитальный полет,,,ru,RU
631b48887b1d,interfax,https://www.interfax.ru/business/1069025,2026-01-22 00:00:00,Новак оценил добычу угля в РФ в 2025 году в 440 млн т,,,ru,RU
b83ed11bf410,interfax,https://www.interfax.ru/russia/1069027,2026-01-22 00:00:00,В России вакцина от птичьего гриппа H5N1 проходит клинические испытания на случай пандемии,,,ru,RU
dafcf7d8db0f,interfax,https://www.interfax.ru/world/1069028,2026-01-22 00:00:00,На орбиту выведены британские телекоммуникационные спутники Open Cosmos,,,ru,RU
cb5ccb7ce395,interfax,https://www.interfax.ru/russia/1069029,2026-01-22 00:00:00,Ряд экс-чиновников Ростовской области и бизнесмен обвиняются в незаконном расходовании 155 млн руб.,,,ru,RU
88dcabe5175d,interfax,https://www.interfax.ru/russia/1069032,2026-01-22 00:00:00,"В Роспотребнадзоре прокомментировали возможность ""четверной эпидемии"" и новой пандемии",,,ru,RU
2ce39da5ef41,interfax,https://www.interfax.ru/russia/1069034,2026-01-22 00:00:00,ВС взыскал со строителя курорта 1 млрд рублей компенсации ущерба Черному морю,,,ru,RU
385727908564,interfax,https://www.interfax.ru/russia/1069059,2026-01-22 00:00:00,"В ГД внесли проект, упрощающий отстранение пьяных водителей от управления авто",,,ru,RU
52891c9e4aea,interfax,https://www.interfax.ru/russia/1069030,2026-01-22 00:00:00,"МИД РФ выразил недоумение из-за ситуации с моряками с танкера ""Маринера""",,,ru,RU
940797a87876,interfax,https://www.interfax.ru/world/1069062,2026-01-22 00:00:00,На трехсторонней встрече по Украине США представят Уиткофф и Кушнер,,,ru,RU
8070e8600afb,interfax,https://www.interfax.ru/world/1069080,2026-01-22 00:00:00,Премьер Грузии отмечает отсутствие со стороны ЕС попыток пересмотреть отношения с республикой,,,ru,RU
9eba718a2a13,interfax,https://www.interfax.ru/russia/1069079,2026-01-22 00:00:00,В Кремле началась встреча Путина с Уиткоффом и Кушнером,,,ru,RU
a625a3cb0bf5,interfax,https://www.interfax.ru/russia/1069078,2026-01-22 00:00:00,Минобороны РФ заявило о поражении 22 украинских беспилотников за три часа,,,ru,RU
a059913ba06d,interfax,https://www.interfax.ru/russia/1069077,2026-01-22 00:00:00,"Самолет, на борту которого находятся Уиткофф и Кушнер, приземлился в Москве",,,ru,RU
34b3e317d1ee,interfax,https://www.interfax.ru/russia/1069076,2026-01-22 00:00:00,Еще 11 российских вузов вошли в пилотный проект по реформе высшего образования,,,ru,RU
dc29eb92c3a1,interfax,https://www.interfax.ru/world/1069074,2026-01-22 00:00:00,Временный президент Венесуэлы еще до захвата Мадуро заверила США в готовности сотрудничать,,,ru,RU
552fa0e1b69f,interfax,https://www.interfax.ru/world/1069073,2026-01-22 00:00:00,"Макрон отметил, что обстановка вокруг Гренландии становится более приемлемой",,,ru,RU
845c73cf9b9e,interfax,https://www.interfax.ru/business/1069072,2026-01-22 00:00:00,"Модернизацию энергетики Дальнего Востока могут профинансировать за счет дивпотока ""РусГидро""",,,ru,RU
3be36fdc299d,interfax,https://www.interfax.ru/business/1069061,2026-01-22 00:00:00,Paramount продлила срок предложения акционерам Warner Bros. Discovery до 20 февраля,,,ru,RU
e143c3a265d5,interfax,https://www.interfax.ru/business/1069070,2026-01-22 00:00:00,"Запасы нефти в США выросли на 3,6 млн баррелей, сильнее прогноза",,,ru,RU
e742b98ea313,interfax,https://www.interfax.ru/russia/1069069,2026-01-22 00:00:00,Губернатора Курской области Хинштейна прооперировали после ДТП,,,ru,RU
23afdeb1a14c,interfax,https://www.interfax.ru/russia/1069068,2026-01-22 00:00:00,"Путин заявил, что армия РФ должна оснащаться умной техникой на собственной компонентной базе",,,ru,RU
b49f9339d838,interfax,https://www.interfax.ru/russia/1069067,2026-01-22 00:00:00,Путин предложил создать комиссию по ускоренному развитию электроники,,,ru,RU
ceb208dbf5d1,interfax,https://www.interfax.ru/business/1069066,2026-01-22 00:00:00,Угольные компании РФ могут получить рассрочку на уплату отсроченных ранее платежей по НДПИ и страхвзносам,,,ru,RU
abf8441e7d0e,interfax,https://www.interfax.ru/business/1069065,2026-01-22 00:00:00,"Сбер приобрел 41,9% производителя микроэлектроники ГК ""Элемент"" за 27 млрд руб.",,,ru,RU
8d7f9d85e7c7,interfax,https://www.interfax.ru/business/1069064,2026-01-22 00:00:00,"Золото приближается к $4900, несмотря на снижение напряженности вокруг Гренландии",,,ru,RU
77c64be3f2c1,interfax,https://www.interfax.ru/world/1069063,2026-01-22 00:00:00,"Космические туристы, совершившие полет на американском корабле, вернулись на Землю",,,ru,RU
0594f2208fbc,interfax,https://www.interfax.ru/world/1069071,2026-01-22 00:00:00,Казахстан вступил в Совет мира без внесения финансового взноса,,,ru,RU
fc06389703f2,interfax,https://www.interfax.ru/russia/1069230,2026-01-23 00:00:00,"Пошлина на экспорт подсолнечного масла в феврале вырастет на 2,1%",,,ru,RU
abf06efbd548,interfax,https://www.interfax.ru/world/1069229,2026-01-23 00:00:00,В Евросоюзе осудили Грузию за репрессии против мирных манифестантов,,,ru,RU
c148a90d0c9f,interfax,https://www.interfax.ru/russia/1069228,2026-01-23 00:00:00,В Думе доработали законопроект о регулировании нестационарной торговли на частных землях,,,ru,RU
8c2fea9a5623,interfax,https://www.interfax.ru/moscow/1069225,2026-01-23 00:00:00,В Москве снова перекрыли несколько дорог,,,ru,RU
6950095916e7,interfax,https://www.interfax.ru/business/1069226,2026-01-23 00:00:00,Страны Балтии начали аудит проекта Rail Baltica,,,ru,RU
3d96a85b52f0,interfax,https://www.interfax.ru/business/1069223,2026-01-23 00:00:00,ЦБ на фоне всплеска инфляции в начале января напомнил о приоритете месячных данных,,,ru,RU
b65329ea72df,interfax,https://www.interfax.ru/business/1069231,2026-01-23 00:00:00,Citigroup проведет новый раунд сокращения рабочих мест в марте,,,ru,RU
cd9560674d31,interfax,https://www.interfax.ru/world/1069227,2026-01-23 00:00:00,Глава МИД Ирана подтвердил гибель более 3 тыс. человек в ходе протестов в стране,,,ru,RU
9b7e48e87733,interfax,https://www.interfax.ru/business/1069233,2026-01-23 00:00:00,Минэнерго опубликовало проект закона об инвестициях в электроэнергетику РФ,,,ru,RU
6ab239330113,interfax,https://www.interfax.ru/russia/1069238,2026-01-23 00:00:00,Три женщины пострадали при атаке дрона в белгородском Грайвороне,,,ru,RU
0df5e42aca2b,interfax,https://www.interfax.ru/world/1069235,2026-01-23 00:00:00,Молдавия и США обсудили развитие Вертикального газового коридора,,,ru,RU
914666543df2,interfax,https://www.interfax.ru/business/1069236,2026-01-23 00:00:00,В ВТБ прогнозируют сохранение ставки ЦБ в феврале на уровне 16%,,,ru,RU
f98d75cfbf02,interfax,https://www.interfax.ru/business/1069237,2026-01-23 00:00:00,ЦБ задумался о дифференциации срока нахождения человека в базе данных о мошенниках,,,ru,RU
d8e699494d78,interfax,https://www.interfax.ru/world/1069239,2026-01-23 00:00:00,"Представители РФ, Украины и США начали переговоры в Абу-Даби",,,ru,RU
3945c24ac546,interfax,https://www.interfax.ru/world/1069240,2026-01-23 00:00:00,OFAC продлило NIS лицензию на операционную деятельность до 20 февраля,,,ru,RU
d0fd47375c2f,interfax,https://www.interfax.ru/business/1069241,2026-01-23 00:00:00,Рынок акций РФ превысил 2777п по индексу МосБиржи и завершил неделю ростом,,,ru,RU
36fcca343fa0,interfax,https://www.interfax.ru/world/1069224,2026-01-23 00:00:00,В США отменили или задержали сотни рейсов из-за приближающейся снежной бури,,,ru,RU
8ee69b44ff97,interfax,https://www.interfax.ru/russia/1069243,2026-01-23 00:00:00,Аномальные морозы в ближайшие три дня прогнозируются в регионах России,,,ru,RU
1d694161960a,interfax,https://www.interfax.ru/business/1069234,2026-01-23 00:00:00,Аналитики ждут ближайшее снижение ставки ФРС не раньше июня,,,ru,RU
0e8729e91dff,interfax,https://www.interfax.ru/digital/1069222,2026-01-23 00:00:00,Южная Корея первой в мире ввела в действие всеобъемлющий закон об ИИ,,,ru,RU
00ab3ae39579,interfax,https://www.interfax.ru/business/1069210,2026-01-23 00:00:00,Профицит текущего счета платежного баланса РФ в январе-ноябре снизился на 36%,,,ru,RU
7761401cce50,interfax,https://www.interfax.ru/business/1069221,2026-01-23 00:00:00,"Пошлины на экспорт из РФ пшеницы, ячменя и кукурузы с 28 января останутся нулевыми",,,ru,RU
d7e88bcb2367,interfax,https://www.interfax.ru/russia/1069197,2026-01-23 00:00:00,Генпрокуратура признала нежелательной в РФ криптовалютную биржу Whitebit,,,ru,RU
ee03cd5af071,interfax,https://www.interfax.ru/world/1069196,2026-01-23 00:00:00,"Сирийские войска на севере страны установили контроль над тюрьмой, где содержатся боевики ИГ",,,ru,RU
504a33bf123a,interfax,https://www.interfax.ru/business/1069198,2026-01-23 00:00:00,"Драгметаллы продолжают обновлять рекорды, платина выросла на 30% с начала года",,,ru,RU
3aefd6ddaebb,interfax,https://www.interfax.ru/business/1069199,2026-01-23 00:00:00,Казахстан и США подтвердили заинтересованность в расширении энергетического сотрудничества,,,ru,RU
9787bc1c28e6,interfax,https://www.interfax.ru/world/1069200,2026-01-23 00:00:00,Конституционный суд Болгарии утвердил отставку президента страны,,,ru,RU
b14f03e11e7b,interfax,https://www.interfax.ru/russia/1069202,2026-01-23 00:00:00,Из-за аварии на теплотрассе в Карабаше возбуждено уголовное дело,,,ru,RU
54dee517a483,interfax,https://www.interfax.ru/russia/1069203,2026-01-23 00:00:00,В Красноярске десятилетняя девочка погибла во время игры в сугробе,,,ru,RU
fb57961a6da3,interfax,https://www.interfax.ru/world/1069204,2026-01-23 00:00:00,Глава ЕЦБ не согласилась с мнением премьера Канады о разрушении мирового порядка,,,ru,RU
37bebc323b6c,interfax,https://www.interfax.ru/moscow/1069205,2026-01-23 00:00:00,МЖД к морозам подготовила на вокзалах дополнительные тепловые пушки,,,ru,RU
ba17fbdd1660,interfax,https://www.interfax.ru/russia/1069206,2026-01-23 00:00:00,Минстрой внедрит ИИ-сервисы для управления строительством и ценообразованием,,,ru,RU
4d504c930fb3,interfax,https://www.interfax.ru/russia/1069208,2026-01-23 00:00:00,Россия передала Южной Осетии партию военной техники,,,ru,RU
66b844fd1cc1,interfax,https://www.interfax.ru/russia/1069209,2026-01-23 00:00:00,"Путин прибыл в МФТИ, где пообщается со студентами и выпускниками вуза",,,ru,RU
37e918996769,interfax,https://www.interfax.ru/world/1069244,2026-01-23 00:00:00,"В ЕС считают, что созданный Трампом Совет мира не должен превалировать над ООН",,,ru,RU
9a67b73f88b0,interfax,https://www.interfax.ru/russia/1069211,2026-01-23 00:00:00,Суд в Москве приговорил бывшего сотрудника Военно-строительной компании к 11 годам колонии,,,ru,RU
46c2f176e7b1,interfax,https://www.interfax.ru/russia/1069213,2026-01-23 00:00:00,"Песков не подтвердил сообщения о неофициальных встречах в Абу-Даби делегаций РФ, США и Украины",,,ru,RU
f85e1e2252e5,interfax,https://www.interfax.ru/world/1069215,2026-01-23 00:00:00,Еврокомиссия направляет 447 аварийных электрогенераторов на Украину,,,ru,RU
70179a3ffb24,interfax,https://www.interfax.ru/russia/1069216,2026-01-23 00:00:00,Объявлен в розыск третий охранник по делу об убийстве в петербургском ТЦ,,,ru,RU
17a5e98e3549,interfax,https://www.interfax.ru/russia/1069217,2026-01-23 00:00:00,Путин сменил начальника управления президента по работе с обращениями граждан и организаций,,,ru,RU
42cd254701f0,interfax,https://www.interfax.ru/world/1069218,2026-01-23 00:00:00,"В Хельсинки считают, что кризис вокруг Гренландии оставил след в отношениях ЕС и США",,,ru,RU
737b7ba903ee,interfax,https://www.interfax.ru/russia/1069220,2026-01-23 00:00:00,СК считает пропадавшего красноярского подростка жертвой мошенников,,,ru,RU
a3d0dc9d5e4a,interfax,https://www.interfax.ru/business/1069245,2026-01-23 00:00:00,Рубль в пятницу немного подешевел в паре с юанем,,,ru,RU
af0a19ea45c7,interfax,https://www.interfax.ru/world/1069251,2026-01-23 00:00:00,Задержанный Францией в Средиземном море танкер сопроводят в порт Марселя,,,ru,RU
9300a9acaa18,interfax,https://www.interfax.ru/russia/1069247,2026-01-23 00:00:00,Мурманск и Североморск частично остались без электроснабжения,,,ru,RU
83e096b4720c,interfax,https://www.interfax.ru/world/1069246,2026-01-23 00:00:00,Военные учения в Гренландии будут продолжаться в течение всего 2026 года,,,ru,RU
374ced85b4d0,interfax,https://www.interfax.ru/world/1069269,2026-01-23 00:00:00,В администрации Трампа обсуждают идею нефтяной блокады Кубы,,,ru,RU
2011b7988c77,interfax,https://www.interfax.ru/world/1069268,2026-01-23 00:00:00,"Глава МИД Турции призвал Штаты подойти к украинскому урегулированию ""креативнее""",,,ru,RU
7e488a19ac97,interfax,https://www.interfax.ru/world/1069267,2026-01-23 00:00:00,"В Белом доме считают, что первый день переговоров по Украине был продуктивным",,,ru,RU
f70bc428f074,interfax,https://www.interfax.ru/world/1069266,2026-01-23 00:00:00,Стармер раскритиковал Трампа за слова о союзниках США в Афганистане,,,ru,RU
27eb1691e4a7,interfax,https://www.interfax.ru/world/1069264,2026-01-23 00:00:00,"США разместили в районе Ближнего Востока подлодку со 154 ""Томагавками""",,,ru,RU
bd171fe265dd,interfax,https://www.interfax.ru/world/1069263,2026-01-23 00:00:00,"Мелони надеется, что Трамп получит Нобелевскую премию, если обеспечит прочный мир на Украине",,,ru,RU
34c099941bd1,interfax,https://www.interfax.ru/world/1069265,2026-01-23 00:00:00,В Риме прошло прощание с итальянским модельером Валентино Гаравани,,,ru,RU
a2ad20685c20,interfax,https://www.interfax.ru/world/1069261,2026-01-23 00:00:00,Французские военные начнут в феврале трехмесячные учения,,,ru,RU
fd261bb96837,interfax,https://www.interfax.ru/russia/1069259,2026-01-23 00:00:00,Четыре человека погибли в результате столкновения двух легковушек на Ставрополье,,,ru,RU
fe67f65b65da,interfax,https://www.interfax.ru/russia/1069258,2026-01-23 00:00:00,Двое охранников арестованы по делу об убийстве в петербургском ТЦ,,,ru,RU
69073be84ced,interfax,https://www.interfax.ru/world/1069256,2026-01-23 00:00:00,"ЕК прогнозирует ежегодное сокращение потребления вина в Европе на 0,9% вплоть до 2035 г.",,,ru,RU
50eb8fc60125,interfax,https://www.interfax.ru/business/1069255,2026-01-23 00:00:00,Спотовая цена серебра впервые в истории превысила $100 за унцию,,,ru,RU
d9ce3b6e7a46,interfax,https://www.interfax.ru/business/1069253,2026-01-23 00:00:00,Минэнерго РФ поддержало предоставление угольщикам рассрочки по уплате НДПИ,,,ru,RU
e2a0bfd753cb,interfax,https://www.interfax.ru/russia/1069249,2026-01-23 00:00:00,"Посол Китая назвал беспрецедентно высоким и ""всепогодным"" уровень отношений с РФ",,,ru,RU
104b76547dd0,interfax,https://www.interfax.ru/russia/1069262,2026-01-23 00:00:00,Пять человек ранены в результате атаки БПЛА на служебный автобус в Белгородской области,,,ru,RU
a515dd37236f,interfax,https://www.interfax.ru/world/1069302,2026-01-24 00:00:00,Мощнейшая снежная буря охватила большую часть США,,,ru,RU
409ac4c72d49,interfax,https://www.interfax.ru/russia/1069274,2026-01-24 00:00:00,"Более 3,3 тыс. человек в Приморье остались без света из-за аварии",,,ru,RU
181c959c8afc,interfax,https://www.interfax.ru/russia/1069273,2026-01-24 00:00:00,В Хабаровском крае сошли с рельсов 20 вагонов с углем,,,ru,RU
ca90947b0b00,interfax,https://www.interfax.ru/world/1069272,2026-01-24 00:00:00,США атаковали в Тихом океане еще одно якобы перевозившее наркотики судно,,,ru,RU
aae8e34d8c16,interfax,https://www.interfax.ru/russia/1069271,2026-01-24 00:00:00,Мирный житель пострадал в результате атаки дрона в Белгородской области,,,ru,RU
f015bc983479,interfax,https://www.interfax.ru/russia/1069270,2026-01-24 00:00:00,Электроснабжение ограничено в Мурманске и Североморске из-за неполадок на линиях,,,ru,RU
b10375cc14ee,interfax,https://www.interfax.ru/russia/1069303,2026-01-24 00:00:00,Комитет Думы опроверг предположения об использовании ИИ при подготовке проекта закона,,,ru,RU
01cddc289045,interfax,https://www.interfax.ru/world/1069312,2026-01-24 00:00:00,Sky News сообщил о завершении переговоров в ОАЭ по урегулированию на Украине,,,ru,RU
de4304ce7631,interfax,https://www.interfax.ru/business/1069306,2026-01-24 00:00:00,"""Деметра-Холдинг"" и ГК ""Благо"" будут сотрудничать в производстве, логистике и экспорте масел",,,ru,RU
fbb6c67e28bd,interfax,https://www.interfax.ru/russia/1069307,2026-01-24 00:00:00,Отельеры Мурманска предложили временное бесплатное размещение для семей с детьми,,,ru,RU
3bc1b2cafce7,interfax,https://www.interfax.ru/russia/1069308,2026-01-24 00:00:00,В Кемеровской области в одном из интернатов произошло массовое заболевание гриппом,,,ru,RU
7fdcdae46c93,interfax,https://www.interfax.ru/russia/1069309,2026-01-24 00:00:00,Оставившая без тепла многоквартирные дома авария устранена в Калуге,,,ru,RU
07bcf729d4a4,interfax,https://www.interfax.ru/russia/1069310,2026-01-24 00:00:00,Бригада медработников погибла в Херсонской области после удара украинского дрона,,,ru,RU
3a4216990cce,interfax,https://www.interfax.ru/world/1069311,2026-01-24 00:00:00,Уиткофф и Кушнер в субботу отправятся в Израиль на встречу с Нетаньяху,,,ru,RU
7db215df4a6c,interfax,https://www.interfax.ru/russia/1069275,2026-01-24 00:00:00,Атака беспилотников отражена в Ростовской области,,,ru,RU
5ad4adfc4054,interfax,https://www.interfax.ru/world/1069305,2026-01-24 00:00:00,Глава Центрального командования ВС США прибыл в Израиль,,,ru,RU
fb0ac22b77f0,interfax,https://www.interfax.ru/moscow/1069276,2026-01-24 00:00:00,Температура в Москве к среде повысится до нуля,,,ru,RU
2e127c0189ee,interfax,https://www.interfax.ru/russia/1069288,2026-01-24 00:00:00,Энергетики заменят поврежденные опоры ЛЭП в Заполярье,,,ru,RU
542a14c6a687,interfax,https://www.interfax.ru/moscow/1069281,2026-01-24 00:00:00,Снег ожидается в Москве во вторник,,,ru,RU
fb8cab28ed77,interfax,https://www.interfax.ru/russia/1069300,2026-01-24 00:00:00,Умер режиссер и телеведущий Александр Олейников,,,ru,RU
a2e3cfa61ddb,interfax,https://www.interfax.ru/russia/1069299,2026-01-24 00:00:00,Число погибших из-за пожара в центре подготовки МВД по Коми увеличилось до двух,,,ru,RU
3e885b20fbd4,interfax,https://www.interfax.ru/russia/1069298,2026-01-24 00:00:00,Военные РФ уничтожили за сутки 137 дронов ВСУ,,,ru,RU
2107d2f6aecb,interfax,https://www.interfax.ru/russia/1069297,2026-01-24 00:00:00,Минобороны сообщило о российском контроле над селом Старица в Харьковской области,,,ru,RU
bc68bc17577e,interfax,https://www.interfax.ru/russia/1069296,2026-01-24 00:00:00,"Нанесён удар по заводу по производству БПЛА и энергообъектам, используемым в интересах ВПК Украины",,,ru,RU
9a6d3a21c88f,interfax,https://www.interfax.ru/russia/1069295,2026-01-24 00:00:00,СКР будет добиваться привлечения судьи к ответственности за оправдательный приговор по делу о нападении мигрантов,,,ru,RU
d9d7d4083e85,interfax,https://www.interfax.ru/russia/1069293,2026-01-24 00:00:00,По делу о похищении подростка в Красноярске задержали 18-летнюю девушку,,,ru,RU
f9c42e3f5407,interfax,https://www.interfax.ru/russia/1069277,2026-01-24 00:00:00,Электроснабжение восстанавливают на главной базе Севфлота - Североморске,,,ru,RU
475e469787cd,interfax,https://www.interfax.ru/russia/1069292,2026-01-24 00:00:00,Восстановление электроснабжения в Мурманске и Североморске займет сутки,,,ru,RU
a0179dfebc74,interfax,https://www.interfax.ru/russia/1069291,2026-01-24 00:00:00,Три многоквартирных дома в Калуге в мороз остались без отопления из-за аварии,,,ru,RU
7a62d237435e,interfax,https://www.interfax.ru/world/1069313,2026-01-24 00:00:00,"СМИ сообщили, что переговоры по Украине продолжатся на следующей неделе в Абу-Даби",,,ru,RU
e8003713dccb,interfax,https://www.interfax.ru/moscow/1069287,2026-01-24 00:00:00,Туман накроет Московскую область в субботу,,,ru,RU
187e1c786db0,interfax,https://www.interfax.ru/russia/1069286,2026-01-24 00:00:00,Губернатор заявил о продолжающемся тушении пожара на нефтебазе в Пензенской области,,,ru,RU
14c97fed1614,interfax,https://www.interfax.ru/russia/1069201,2026-01-24 00:00:00,Сотрудник института Востоковедения РАН: коренная причина иранских протестов - в экономике,,,ru,RU
75ca1204ef14,interfax,https://www.interfax.ru/world/1069285,2026-01-24 00:00:00,Вице-президент США в феврале посетит Азербайджан и Армению,,,ru,RU
a5069cb7f313,interfax,https://www.interfax.ru/world/1069284,2026-01-24 00:00:00,Умер один из четырех пострадавших при нападениях акул в Австралии,,,ru,RU
ffc507d2cfe0,interfax,https://www.interfax.ru/world/1069290,2026-01-24 00:00:00,В США отменили более восьми тысяч рейсов в ожидании снежного шторма,,,ru,RU
67abafb70053,interfax,https://www.interfax.ru/russia/1069314,2026-01-24 00:00:00,Более 10 пунктов обогрева открыли на трассах Ростовской области из-за непогоды,,,ru,RU
f0b7a7987769,interfax,https://www.interfax.ru/russia/1069289,2026-01-24 00:00:00,Дума рассмотрит проект закона об усилении контроля за иноагентами в ближайшее время,,,ru,RU
b4367417a6c2,interfax,https://www.interfax.ru/world/1069316,2026-01-24 00:00:00,Российские туристы застряли на Кубе из-за задержки рейса Conviasa,,,ru,RU
0e5759b95c0a,interfax,https://www.interfax.ru/russia/1069315,2026-01-24 00:00:00,Лидеры России и Вьетнама обсудили перспективы развития отношений,,,ru,RU
d6a504001076,interfax,https://www.interfax.ru/world/1069328,2026-01-24 00:00:00,Переговоры по Украине в Абу-Даби планируется продолжить на следующей неделе,,,ru,RU
8bf465a040ca,interfax,https://www.interfax.ru/russia/1069326,2026-01-24 00:00:00,Россия поставит в Абхазию дополнительную электроэнергию для покрытия дефицита,,,ru,RU
3933c391e1e1,interfax,https://www.interfax.ru/russia/1069325,2026-01-24 00:00:00,Минпросвещения РФ предлагает запретить распространение готовых домашних заданий,,,ru,RU
624ceb0fa587,interfax,https://www.interfax.ru/moscow/1069324,2026-01-24 00:00:00,В подмосковном Жуковском 12 домов остаются без тепла из-за аварии,,,ru,RU
00f5f619358b,interfax,https://www.interfax.ru/russia/1069327,2026-01-24 00:00:00,Белгород подвергся массированному обстрелу ВСУ,,,ru,RU
ca750596adc3,interfax,https://www.interfax.ru/world/1069320,2026-01-24 00:00:00,Трамп пригрозил Канаде пошлинами в 100% в случае торгового соглашения с Китаем,,,ru,RU
5bdda645e958,interfax,https://www.interfax.ru/business/1069319,2026-01-24 00:00:00,"""Татспиртпром"" официально перешел в собственность ""Росспиртпрома""",,,ru,RU
77a315a8091c,interfax,https://www.interfax.ru/world/1069318,2026-01-24 00:00:00,МИД Афганистана призвал снять со страны ограничения в банковской сфере и разморозить активы,,,ru,RU
da138098569c,interfax,https://www.interfax.ru/russia/1069317,2026-01-24 00:00:00,Законопроект о применении биометрии для прохода в госучреждения внесен в Госдуму,,,ru,RU
be0a84d189ed,interfax,https://www.interfax.ru/russia/1069321,2026-01-24 00:00:00,Москва обвинила Киев в стремлении к эскалации конфликта,,,ru,RU
2cf21836cd31,interfax,https://www.interfax.ru/business/1069372,2026-01-25 00:00:00,"В Казахстане заявили, что пуск ВПУ-3 на КТК позволит выполнить утвержденные графики экспорта нефти",,,ru,RU
1ad908d3d250,interfax,https://www.interfax.ru/russia/1069367,2026-01-25 00:00:00,В РФ не зарегистрировано случаев завоза вируса Нипах,,,ru,RU
b5c76bb0bab6,interfax,https://www.interfax.ru/russia/1069368,2026-01-25 00:00:00,"Песков объяснил, почему встреча Путина с Уиткоффом и Кушнером прошла в позднее время суток",,,ru,RU
61f32f7de312,interfax,https://www.interfax.ru/russia/1069369,2026-01-25 00:00:00,Обломки БПЛА упали на территории двух школ в станице в Краснодарском крае,,,ru,RU
bcf45fc98f06,interfax,https://www.interfax.ru/russia/1069370,2026-01-25 00:00:00,"Песков отметил, что быстрое продвижение сделки по Украине обеспечит имплементация формулы Анкориджа",,,ru,RU
26d19206a70f,interfax,https://www.interfax.ru/russia/1069371,2026-01-25 00:00:00,"В Кремле заявили об отслеживании военными планов США о ""Золотом куполе""",,,ru,RU
137c6f56b730,interfax,https://www.interfax.ru/russia/1069373,2026-01-25 00:00:00,Режим ЧС ввели в Мурманской области из-за нарушения электроснабжения,,,ru,RU
f10370c22602,interfax,https://www.interfax.ru/russia/1069381,2026-01-25 00:00:00,Электроснабжение Мурманска и Североморска идет по спецграфику,,,ru,RU
c086e5cee4d2,interfax,https://www.interfax.ru/business/1069377,2026-01-25 00:00:00,"В Еврокомиссии заявили, что ЕС и Индия приблизились к соглашению о свободной торговле",,,ru,RU
73de52f258cd,interfax,https://www.interfax.ru/world/1069379,2026-01-25 00:00:00,Капитан захваченного Францией в Средиземном море танкера помещен под стражу в Марселе,,,ru,RU
c223ee2e4ad3,interfax,https://www.interfax.ru/russia/1069378,2026-01-25 00:00:00,"Два троллейбусных депо обесточены в Мурманске, автобусные маршруты будут усилены",,,ru,RU
7d4fc119dbe7,interfax,https://www.interfax.ru/russia/1069380,2026-01-25 00:00:00,Раздачу продуктовых наборов начали в Мурманске,,,ru,RU
fc541ed24403,interfax,https://www.interfax.ru/russia/1069366,2026-01-25 00:00:00,Путин на следующей неделе проведет совещание по вопросам развития ИИ,,,ru,RU
2ff9a7b51230,interfax,https://www.interfax.ru/russia/1069382,2026-01-25 00:00:00,Очевидцы спасли мать с ребенком из съехавшего в канал автомобиля в Махачкале,,,ru,RU
4da8fdae109c,interfax,https://www.interfax.ru/russia/1069383,2026-01-25 00:00:00,Глава Малайзии прибыл в Петербург,,,ru,RU
02a71b84ec15,interfax,https://www.interfax.ru/russia/1069374,2026-01-25 00:00:00,"Песков заявил, что РФ никогда ничего не будет обсуждать с главой дипломатии ЕС Каей Каллас",,,ru,RU
3f0ede338086,interfax,https://www.interfax.ru/business/1069364,2026-01-25 00:00:00,КТК вернул в эксплуатацию причальное устройство №3 после ремонта,,,ru,RU
e47c9e7073cf,interfax,https://www.interfax.ru/russia/1069355,2026-01-25 00:00:00,Объекты энергетики повреждены в результате массированного обстрела Белгорода,,,ru,RU
051d2950cd52,interfax,https://www.interfax.ru/russia/1069361,2026-01-25 00:00:00,Средства ПВО сбили за сутки 68 беспилотников ВСУ и 31 снаряд HIMARS,,,ru,RU
8f99d126f71c,interfax,https://www.interfax.ru/russia/1069336,2026-01-25 00:00:00,ВСУ за ночь атаковали два района Ростовской области,,,ru,RU
a493a607355b,interfax,https://www.interfax.ru/russia/1069338,2026-01-25 00:00:00,"В жилом доме в Подмосковье произошел пожар, есть погибшие",,,ru,RU
b40cb9bcb82d,interfax,https://www.interfax.ru/russia/1069341,2026-01-25 00:00:00,В аэропортах Краснодара и Волгограда сняты ограничения,,,ru,RU
87d82ca6f051,interfax,https://www.interfax.ru/russia/1069343,2026-01-25 00:00:00,Аэропорты Казани и Нижнекамска приостановили работу,,,ru,RU
97d58db92851,interfax,https://www.interfax.ru/russia/1069344,2026-01-25 00:00:00,Семнадцать дронов сбито за сутки над Курской областью,,,ru,RU
f5e601277a6e,interfax,https://www.interfax.ru/russia/1069349,2026-01-25 00:00:00,"Аэропорты Казани, Нижнекамска и Чебоксар возобновили прием и отправку рейсов",,,ru,RU
0abf73f93bf7,interfax,https://www.interfax.ru/russia/1069294,2026-01-25 00:00:00,Совместимость экономик: новый взгляд ученых на производственные связи,,,ru,RU
a10cc2d83ae1,interfax,https://www.interfax.ru/world/1069362,2026-01-25 00:00:00,"СМИ узнали, что Хаменеи укрылся в бункере в связи с возможным нападением США на Иран",,,ru,RU
ef11913ea26b,interfax,https://www.interfax.ru/russia/1069350,2026-01-25 00:00:00,Национальный парк создан в Запорожской области,,,ru,RU
cc70458690a2,interfax,https://www.interfax.ru/russia/1069352,2026-01-25 00:00:00,Свыше 5 тыс. генераторов находятся в Белгородской области на случай отключений,,,ru,RU
1dc3b0ad3127,interfax,https://www.interfax.ru/world/1069353,2026-01-25 00:00:00,Скалолаз Алекс Хоннольд забрался на небоскреб Тайбэй 101 без страховки,,,ru,RU
87a5ab6e60c9,interfax,https://www.interfax.ru/russia/1069354,2026-01-25 00:00:00,ГД приняла в восьмом созыве порядка 30 законов в поддержку студентов и высшего образования,,,ru,RU
5c199426fc8f,interfax,https://www.interfax.ru/world/1069385,2026-01-25 00:00:00,В США отменили более 14 тыс. авиарейсов из-за непогоды,,,ru,RU
6991a994e3a9,interfax,https://www.interfax.ru/russia/1069356,2026-01-25 00:00:00,Три человека пострадали из-за атаки БПЛА в Белгородской области,,,ru,RU
2d7c3a8940ae,interfax,https://www.interfax.ru/russia/1069358,2026-01-25 00:00:00,Минобороны РФ сообщило об ударе по объекту энергетической инфраструктуры Украины,,,ru,RU
8a26d0ff1fb3,interfax,https://www.interfax.ru/russia/1069357,2026-01-25 00:00:00,"Песков отметил, что методы Трампа в политике не совсем соответствуют курсу РФ на многополярный мир",,,ru,RU
d70bfee7c839,interfax,https://www.interfax.ru/russia/1069351,2026-01-25 00:00:00,Упавшие под Мурманском опоры ЛЭП эксплуатировались с 1960-1980-х годов,,,ru,RU
c0768bc5fc15,interfax,https://www.interfax.ru/world/1069387,2026-01-25 00:00:00,Уиткофф остался доволен переговорами в Израиле по Газе,,,ru,RU
fd9973c28288,interfax,https://www.interfax.ru/russia/1069348,2026-01-25 00:00:00,Арестована фигурантка дела о фиктивном похищении подростка в Красноярске,,,ru,RU
0a1bfd4d5e75,interfax,https://www.interfax.ru/world/1069389,2026-01-25 00:00:00,Президент ОАЭ и спецпредставитель президента РФ Дмитриев обсудили инвестиции,,,ru,RU
a5762ef1bb17,interfax,https://www.interfax.ru/russia/1069388,2026-01-25 00:00:00,"""Ростелеком"" восстанавливает связь в Мурманске и Североморске",,,ru,RU
1b1054c60870,interfax,https://www.interfax.ru/russia/1069404,2026-01-25 00:00:00,Восемь детских садов Мурманска не будут работать из-за проблем с электроснабжением,,,ru,RU
0fd9fb7d74da,interfax,https://www.interfax.ru/world/1069402,2026-01-25 00:00:00,Шесть человек погибли из-за снежной бури в США,,,ru,RU
09f607195c89,interfax,https://www.interfax.ru/world/1069400,2026-01-25 00:00:00,Новый посол Белоруссии прибудет в Россию в течение недели,,,ru,RU
f9341f4e1e4f,interfax,https://www.interfax.ru/russia/1069399,2026-01-25 00:00:00,Нулевая видимость не дала Ми-8 приземлиться на месте восстановления электроснабжения Мурманска,,,ru,RU
f456811f9f6e,interfax,https://www.interfax.ru/world/1069397,2026-01-25 00:00:00,Ракета SpaceX вывела на орбиту очередную группу интернет-спутников Starlink,,,ru,RU
ef999f286237,interfax,https://www.interfax.ru/russia/1069398,2026-01-25 00:00:00,Вашингтон остался без авиасообщения из-за снежной бури,,,ru,RU
eb84578cb23e,interfax,https://www.interfax.ru/world/1069395,2026-01-25 00:00:00,Военно-транспортные самолеты США за последние сутки выполнили серию полетов на Ближний Восток,,,ru,RU
849dda270ec0,interfax,https://www.interfax.ru/russia/1069394,2026-01-25 00:00:00,Колледжи Мурманска перевели на дистант из-за проблем с электроснабжением,,,ru,RU
aa68de5788db,interfax,https://www.interfax.ru/world/1069391,2026-01-25 00:00:00,Иран ввел запрет на полеты на небольшой высоте над территорией страны,,,ru,RU
f5e9eca38801,interfax,https://www.interfax.ru/world/1069401,2026-01-25 00:00:00,Белоруссия заинтересована в сохранении позиций на российском рынке,,,ru,RU
fc273cbf686d,interfax,https://www.interfax.ru/business/1069547,2026-01-26 00:00:00,"Опрос ЦБ показал, что дефицит кадров в IV квартале продолжил сокращаться",,,ru,RU
e9ce06c048c2,interfax,https://www.interfax.ru/russia/1069538,2026-01-26 00:00:00,Володин в четверг проведет парламентские слушания по развитию легкой промышленности,,,ru,RU
559d6e5687ee,interfax,https://www.interfax.ru/russia/1069544,2026-01-26 00:00:00,Москва и Татарстан обновили суточные рекорды потребления газа на фоне сильных морозов,,,ru,RU
847ca60465d9,interfax,https://www.interfax.ru/russia/1069543,2026-01-26 00:00:00,Проекты о повышении безопасности критической информационной инфраструктуры Дума рассмотрит во вторник,,,ru,RU
5539d3090095,interfax,https://www.interfax.ru/russia/1069545,2026-01-26 00:00:00,В Кремле ожидают продолжения работы на экспертном уровне по Украине на этой неделе,,,ru,RU
603ce9cede84,interfax,https://www.interfax.ru/russia/1069540,2026-01-26 00:00:00,"В Роспотребнадзоре заверили, что вирус Нипах не распространяется, как COVID-19",,,ru,RU
e7465fce72b4,interfax,https://www.interfax.ru/russia/1069546,2026-01-26 00:00:00,"Песков отметил, что было бы неверно фрагментарно обсуждать пункты украинского урегулирования",,,ru,RU
fcf9d9b42e82,interfax,https://www.interfax.ru/business/1069548,2026-01-26 00:00:00,Ценовые ожидания предприятий РФ в январе обновили локальный максимум с апреля 2022 года,,,ru,RU
a7590d257236,interfax,https://www.interfax.ru/business/1069554,2026-01-26 00:00:00,"Средняя максимальная ставка по вкладам топ-10 банков РФ во II декаде января снизилась до 14,88%",,,ru,RU
f5996d99f42b,interfax,https://www.interfax.ru/russia/1069550,2026-01-26 00:00:00,"В Думе заверили, что фискальная нагрузка для самозанятых не изменится до конца эксперимента",,,ru,RU
a4dfc1ee9e9b,interfax,https://www.interfax.ru/business/1069552,2026-01-26 00:00:00,Темпы роста инвестактивности предприятий РФ в IV квартале были максимальными в 2025 году,,,ru,RU
f07531ade318,interfax,https://www.interfax.ru/russia/1069551,2026-01-26 00:00:00,Путин провел встречу с губернатором Ленинградской области,,,ru,RU
bb5b2cd51443,interfax,https://www.interfax.ru/business/1069553,2026-01-26 00:00:00,Рынок акций РФ начал неделю с коррекции вниз после трехсторонних переговоров по Украине,,,ru,RU
d822d25b8524,interfax,https://www.interfax.ru/russia/1069542,2026-01-26 00:00:00,"Работа системы бронирования ""Леонардо"" восстановлена",,,ru,RU
632f69f9be55,interfax,https://www.interfax.ru/world/1069555,2026-01-26 00:00:00,"В ОАЭ заявили, что не позволят использовать свою территорию для ударов по Ирану",,,ru,RU
39b62276c390,interfax,https://www.interfax.ru/business/1069559,2026-01-26 00:00:00,Рубль заметно подешевел в паре с юанем в рамках коррекции после сильного роста,,,ru,RU
455f16f677f2,interfax,https://www.interfax.ru/russia/1069557,2026-01-26 00:00:00,Минэнерго внесло в правительство предложение досрочно снять запрет на экспорт бензина,,,ru,RU
c849bd9d0021,interfax,https://www.interfax.ru/business/1069549,2026-01-26 00:00:00,"Правительство готовит пакет предложений для стабилизации ситуации в ""Почте России""",,,ru,RU
b7011e5ebcb9,interfax,https://www.interfax.ru/russia/1069541,2026-01-26 00:00:00,"""Аэрофлот"" отменил более 20 рейсов из Москвы после сбоя в системе бронирования",,,ru,RU
e8634a8b0111,interfax,https://www.interfax.ru/russia/1069532,2026-01-26 00:00:00,Решение о блокировке сайтов с готовыми домашними заданиями при принятии такого закона будет за Минпросвещения,,,ru,RU
2d1accee37be,interfax,https://www.interfax.ru/world/1069536,2026-01-26 00:00:00,Венгрия намерена обратиться в суд из-за решения ЕС отказаться от газа РФ,,,ru,RU
6bf8f774a4e9,interfax,https://www.interfax.ru/news/2026/01/27/,2026-01-26 00:00:00,27 января→,,,ru,RU
552121e6f7c5,interfax,https://www.interfax.ru/world/1069508,2026-01-26 00:00:00,Страны Балтии и Северного моря обеспокоены растущим риском от вмешательства в навигацию судов,,,ru,RU
db1f811a576a,interfax,https://www.interfax.ru/business/1069517,2026-01-26 00:00:00,"Золото подорожало выше $5100 за унцию, серебро превысило $110",,,ru,RU
9bed48c73910,interfax,https://www.interfax.ru/russia/1069518,2026-01-26 00:00:00,В Мурманске и Североморске в 80% жилфонда электроснабжение уже стабильно,,,ru,RU
b25e35af6d4c,interfax,https://www.interfax.ru/russia/1069519,2026-01-26 00:00:00,Вынесен приговор экс-сотрудникам СК и ФСБ по делу о незаконном преследовании акционеров Merlion,,,ru,RU
167cd3bf9d79,interfax,https://www.interfax.ru/russia/1069521,2026-01-26 00:00:00,"Авиакомпании РФ сообщили о сбое в системе бронирования ""Леонардо""",,,ru,RU
1ce92c019f3d,interfax,https://www.interfax.ru/world/1069520,2026-01-26 00:00:00,До 14 выросло число жертв непогоды в США,,,ru,RU
fe4d7ff9940e,interfax,https://www.interfax.ru/business/1069524,2026-01-26 00:00:00,"Хуснуллин заверил, что строители рассчитаются по долгам после отмены моратория",,,ru,RU
56bc1d972d2f,interfax,https://www.interfax.ru/world/1069525,2026-01-26 00:00:00,"Кишинев не поддержал идею ""Газпрома"" о приостановке полномочий руководства ""Молдовагаза""",,,ru,RU
9468d22c53a2,interfax,https://www.interfax.ru/russia/1069527,2026-01-26 00:00:00,В Брянской области дроны-камикадзе повредили машину скорой помощи,,,ru,RU
551da63f32b5,interfax,https://www.interfax.ru/russia/1069529,2026-01-26 00:00:00,"В ГД заявили, что проект о риелторской деятельности не будет предусматривать уголовную ответственность",,,ru,RU
0f974ed703b0,interfax,https://www.interfax.ru/russia/1069526,2026-01-26 00:00:00,Минздрав РФ одобрил применение первой российской вакцины против ВПЧ у детей с 9 лет,,,ru,RU
7ac07e5f073c,interfax,https://www.interfax.ru/world/1069528,2026-01-26 00:00:00,В Еврокомиссии рассчитывают на заключение во вторник соглашения о свободной торговле с Индией,,,ru,RU
00aa3b4311cf,interfax,https://www.interfax.ru/russia/1069530,2026-01-26 00:00:00,Потребление энергомощности в РФ обновило исторический рекорд,,,ru,RU
33aab58d790e,interfax,https://www.interfax.ru/russia/1069531,2026-01-26 00:00:00,В Воронеже умерла еще одна пострадавшая при атаке БПЛА 11 января,,,ru,RU
66007dc575e1,interfax,https://www.interfax.ru/moscow/1069563,2026-01-26 00:00:00,Из-за снегопада в Москве возможно изменение расписания полетов,,,ru,RU
92abe6a7346f,interfax,https://www.interfax.ru/world/1069533,2026-01-26 00:00:00,"""Белавиа"" приостановила все операции с билетами из-за сбоя в системе ""Леонардо""",,,ru,RU
9ac87397ddad,interfax,https://www.interfax.ru/russia/1069534,2026-01-26 00:00:00,В аэропортах Сочи и Краснодара из-за сбоя ограничена регистрация пассажиров,,,ru,RU
9504433f61d6,interfax,https://www.interfax.ru/russia/1069535,2026-01-26 00:00:00,Москалькова в среду представит в Госдуме отчет за 2025 год,,,ru,RU
7ace70423d4a,interfax,https://www.interfax.ru/business/1069539,2026-01-26 00:00:00,"Производство овощей в организованном секторе АПК РФ в 2025 году составило 7,6 млн т",,,ru,RU
ae867f6927bb,interfax,https://www.interfax.ru/russia/1069564,2026-01-26 00:00:00,Сильный снегопад и метель прогнозируются в регионах центра европейской части РФ,,,ru,RU
bdb4b4aacb2e,interfax,https://www.interfax.ru/world/1069560,2026-01-26 00:00:00,"В ""Хезболле"" считают, что ей не удастся остаться в стороне при нападении на Иран",,,ru,RU
0dc9c90f2eea,interfax,https://www.interfax.ru/world/1069566,2026-01-26 00:00:00,Авианосец ВМС США Abraham Lincoln и корабли сопровождения прибыли на Ближний Восток,,,ru,RU
3d6d4f81096d,interfax,https://www.interfax.ru/world/1069567,2026-01-26 00:00:00,Транспортные самолеты ВВС США перебрасывают на Ближний Восток грузы с базы ПВО в Техасе,,,ru,RU
88347e73a385,interfax,https://www.interfax.ru/russia/1069584,2026-01-26 00:00:00,Энергетики установили все временные опоры ЛЭП на месте аварии под Мурманском,,,ru,RU
1aa9f17799e1,interfax,https://www.interfax.ru/world/1069583,2026-01-26 00:00:00,"Авианосец ВМС США ""Авраам Линкольн"" подошел к побережью Омана",,,ru,RU
9034b13cf515,interfax,https://www.interfax.ru/world/1069582,2026-01-26 00:00:00,Вашингтон направил в Миннесоту ответственного за депортацию нелегалов,,,ru,RU
4e5466345a7f,interfax,https://www.interfax.ru/russia/1069579,2026-01-26 00:00:00,Мужчина госпитализирован после детонации дрона в Шебекине,,,ru,RU
ca9fc92238c8,interfax,https://www.interfax.ru/world/1069578,2026-01-26 00:00:00,"В Белом доме назвали переговоры США, РФ и Украины в Абу-Даби историческими",,,ru,RU
566c7e232a59,interfax,https://www.interfax.ru/world/1069577,2026-01-26 00:00:00,ЕК продолжает подготовку финансирования оборонной инициативы SAFE,,,ru,RU
8bdfc470daca,interfax,https://www.interfax.ru/world/1069580,2026-01-26 00:00:00,ЕК начала новое расследование против соцсети Х в связи с дипфейками Grok,,,ru,RU
2b254b7535a8,interfax,https://www.interfax.ru/russia/1069575,2026-01-26 00:00:00,Часть школ Мурманска остается на дистанте из-за перебоев электроснабжения,,,ru,RU
3a14d94ddfa6,interfax,https://www.interfax.ru/world/1069573,2026-01-26 00:00:00,В ЕС обеспокоены побегами иностранных боевиков ИГ из сирийских тюрем,,,ru,RU
39034bdde355,interfax,https://www.interfax.ru/russia/1069574,2026-01-26 00:00:00,Житель Белгородской области погиб после атаки беспилотника ВСУ,,,ru,RU
a82154770453,interfax,https://www.interfax.ru/world/1069571,2026-01-26 00:00:00,Рютте выступил против создания отдельных от НАТО европейских вооруженных сил,,,ru,RU
01d1fcfa9bb6,interfax,https://www.interfax.ru/russia/1069569,2026-01-26 00:00:00,Путин отметил важность восстановления старого Выборга,,,ru,RU
956e695690ec,interfax,https://www.interfax.ru/russia/1069568,2026-01-26 00:00:00,Путин обсудил с губернатором Ленобласти защиту региона от атак беспилотников,,,ru,RU
671121e2b63a,interfax,https://www.interfax.ru/business/1069565,2026-01-26 00:00:00,"""Норникель"" пока не может договориться с китайскими партнерами по медным мощностям",,,ru,RU
17ed47d57c21,interfax,https://www.interfax.ru/world/1069576,2026-01-26 00:00:00,"""Узатом"" опровергает изменение сроков начала строительства АЭС в Узбекистане",,,ru,RU
3e950054948c,interfax,https://www.interfax.ru/business/1069744,2026-01-27 00:00:00,Индекс МосБиржи превысил 2780 пунктов на фоне дорожающей нефти,,,ru,RU
e91bbc6379eb,interfax,https://www.interfax.ru/russia/1069736,2026-01-27 00:00:00,Вологодский губернатор открыл конкурс на эскиз памятника Сталину и Бардину,,,ru,RU
c63bbb613409,interfax,https://www.interfax.ru/russia/1069737,2026-01-27 00:00:00,Движение по трассе М-7 ограничено из-за массового ДТП,,,ru,RU
9f1674ea4308,interfax,https://www.interfax.ru/russia/1069738,2026-01-27 00:00:00,Лавров обсудил с послами стран СНГ задачи на ближайшую перспективу,,,ru,RU
011b1c20e91b,interfax,https://www.interfax.ru/russia/1069740,2026-01-27 00:00:00,В Севастополе снова остановлен морской пассажирский транспорт,,,ru,RU
7aea931b0742,interfax,https://www.interfax.ru/world/1069741,2026-01-27 00:00:00,В США министра внутренней безопасности проверят после убийств в Миннесоте,,,ru,RU
73e37025e295,interfax,https://www.interfax.ru/russia/1069742,2026-01-27 00:00:00,Все школы и детсады Мурманска и Североморска в среду вернутся к штатной работе,,,ru,RU
636d3f683f4a,interfax,https://www.interfax.ru/russia/1069745,2026-01-27 00:00:00,"В МИД РФ надеются, что Кишинев примет верительную грамоту у российского посла",,,ru,RU
2d53d77bb646,interfax,https://www.interfax.ru/business/1069755,2026-01-27 00:00:00,"Аналитики и экономисты ждут сохранения ставки ФРС США в диапазоне 3,5-3,75%",,,ru,RU
cc55d9ff38eb,interfax,https://www.interfax.ru/russia/1069711,2026-01-27 00:00:00,"Власти РФ прорабатывают индексацию тарифов ""Почты России"" с сохранением льгот",,,ru,RU
6b970955c996,interfax,https://www.interfax.ru/business/1069748,2026-01-27 00:00:00,"Рубль на ""Мосбирже"" подорожал к юаню перед налоговыми выплатами января",,,ru,RU
a8132849cdb2,interfax,https://www.interfax.ru/world/1069749,2026-01-27 00:00:00,ВВС США объявили о начале учений на Ближнем Востоке,,,ru,RU
a639f62ffacd,interfax,https://www.interfax.ru/russia/1069752,2026-01-27 00:00:00,Минэкономразвития РФ предложило сделать параллельный импорт постоянным механизмом,,,ru,RU
6bc94db250c0,interfax,https://www.interfax.ru/world/1069751,2026-01-27 00:00:00,"Карни в беседе с Трампом не отказался от слов, сказанных на форуме в Давосе",,,ru,RU
4b2e8f4508cb,interfax,https://www.interfax.ru/russia/1069756,2026-01-27 00:00:00,Иноагентам запрещено заниматься просветительской деятельностью в РФ,,,ru,RU
37597e75f9ac,interfax,https://www.interfax.ru/business/1069735,2026-01-27 00:00:00,Индекс потребдоверия в США в январе неожиданно рухнул до минимума с мая 2014 г.,,,ru,RU
282ff694ce2e,interfax,https://www.interfax.ru/business/1069758,2026-01-27 00:00:00,Amazon закроет офлайн-магазины Amazon Fresh и Amazon Go,,,ru,RU
27413d751477,interfax,https://www.interfax.ru/world/1069747,2026-01-27 00:00:00,"В ЕК заявили, что готовы к суду с Венгрией и Словакией по плану REPowerEU",,,ru,RU
fd9308d08b94,interfax,https://www.interfax.ru/business/1069734,2026-01-27 00:00:00,"Глава ""Росатома"" заявил об интересе ивесторов из третьих стран к проекту АЭС в Узбекистане",,,ru,RU
fde5c1939489,interfax,https://www.interfax.ru/world/1069721,2026-01-27 00:00:00,CNN сообщил о планах ЦРУ по расширению влияния США в Венесуэле,,,ru,RU
5ea7cd09fc92,interfax,https://www.interfax.ru/russia/1069732,2026-01-27 00:00:00,МВД заявило о сокращении числа несовершеннолетних иностранцев в РФ почти на 25%,,,ru,RU
cdb5b65a2a70,interfax,https://www.interfax.ru/moscow/1069715,2026-01-27 00:00:00,Движение поездов на оранжевой ветке метро вводится в график после проверки состава,,,ru,RU
b96a826d5dda,interfax,https://www.interfax.ru/russia/1069714,2026-01-27 00:00:00,Минпромторг и Минобороны запустили сервис поддержки инноваций в ОПК,,,ru,RU
35cd6bcf4ba4,interfax,https://www.interfax.ru/world/1069716,2026-01-27 00:00:00,В Молдавии осужден один из соратников олигарха Плахотнюка,,,ru,RU
0d299179de8a,interfax,https://www.interfax.ru/world/1069717,2026-01-27 00:00:00,"Словакия и Венгрия оспорят в суде план, предусматривающий отказ ЕС от газа РФ",,,ru,RU
1fb68024b243,interfax,https://www.interfax.ru/russia/1069718,2026-01-27 00:00:00,За год по запросам Москальковой в РФ был возвращен 1851 российский военнопленный,,,ru,RU
cec92c2437a2,interfax,https://www.interfax.ru/russia/1069759,2026-01-27 00:00:00,В госпрограмме развития АПК потребность в кадрах оценена в 130 тысячах человек в год,,,ru,RU
342f0a2c5aeb,interfax,https://www.interfax.ru/russia/1069719,2026-01-27 00:00:00,"Захарова заявила, что Россия бережно хранит память о жертвах Второй мировой войны и советских воинах, потушивших пламя Холокоста",,,ru,RU
5f60a9bfbbb6,interfax,https://www.interfax.ru/business/1069720,2026-01-27 00:00:00,В ЕК анонсировали окончательное подписание соглашения с Индией после ряда процедур,,,ru,RU
d7d1de5de7d6,interfax,https://www.interfax.ru/world/1069733,2026-01-27 00:00:00,Ряд стран Европы ужесточил правила судоходства на Балтике и в Северном море,,,ru,RU
8ff186c440b3,interfax,https://www.interfax.ru/business/1069722,2026-01-27 00:00:00,Pinterest сократит штат менее чем на 15%,,,ru,RU
e2b24b8999ff,interfax,https://www.interfax.ru/world/1069725,2026-01-27 00:00:00,Испания планирует провести легализацию до 500-800 тыс. мигрантов,,,ru,RU
d1d6a3033c8d,interfax,https://www.interfax.ru/moscow/1069724,2026-01-27 00:00:00,Прокуратура Москвы направила в суд дело Ходорковского о фейках об армии РФ,,,ru,RU
f2f0d618e14a,interfax,https://www.interfax.ru/russia/1069726,2026-01-27 00:00:00,Принят закон о направлении банками и МФО отчетности в ФССП о взыскании долгов,,,ru,RU
d10da0d28e8d,interfax,https://www.interfax.ru/russia/1069727,2026-01-27 00:00:00,Путин в среду проведет переговоры с президентом Сирии,,,ru,RU
7a5fa245d478,interfax,https://www.interfax.ru/russia/1069728,2026-01-27 00:00:00,Движение затруднено на трассе М-7 во Владимирской области из-за ДТП,,,ru,RU
c824cdbc35f3,interfax,https://www.interfax.ru/russia/1069729,2026-01-27 00:00:00,В Мурманске троллейбусы возобновляют движение по своим маршрутам,,,ru,RU
006d27080ab5,interfax,https://www.interfax.ru/world/1069730,2026-01-27 00:00:00,Киргизия обратилась в суд ЕАЭС из-за российских полисов ОМС для членов семей мигрантов,,,ru,RU
787602b71db1,interfax,https://www.interfax.ru/business/1069731,2026-01-27 00:00:00,Парламент Норвегии одобрил план закупок дальнобойной артиллерии на $2 млрд,,,ru,RU
024a25b5cea0,interfax,https://www.interfax.ru/business/1069723,2026-01-27 00:00:00,"""Почта России"" за 3 года выручила более 50 млрд руб. от продажи непрофильных активов",,,ru,RU
5f126432bd9e,interfax,https://www.interfax.ru/world/1069760,2026-01-27 00:00:00,На северо-востоке Сирии военные пытаются отрезать курдов от источников снабжения,,,ru,RU
fe45d4c34918,interfax,https://www.interfax.ru/world/1069746,2026-01-27 00:00:00,Президент Мексики пообещала продолжить поставки нефти на Кубу,,,ru,RU
3d4560a421d2,interfax,https://www.interfax.ru/world/1069763,2026-01-27 00:00:00,Рост населения США замедлился из-за сильного сокращения притока мигрантов,,,ru,RU
c015776ad5e3,interfax,https://www.interfax.ru/world/1069782,2026-01-27 00:00:00,В ЕС хотели бы видеть конкретные результаты второй фазы мирного плана Трампа по Газе,,,ru,RU
809ae2474836,interfax,https://www.interfax.ru/world/1069781,2026-01-27 00:00:00,"Президент Ирана заявил, что власти готовы поддержать любой мирный процесс",,,ru,RU
9f861c45e11f,interfax,https://www.interfax.ru/world/1069779,2026-01-27 00:00:00,Правительству Франции удалось избежать очередных вотумов недоверия,,,ru,RU
8500808c91bd,interfax,https://www.interfax.ru/russia/1069775,2026-01-27 00:00:00,Режим ЧС отменен в Мурманской области после восстановления электроснабжения,,,ru,RU
b78dc9208775,interfax,https://www.interfax.ru/world/1069774,2026-01-27 00:00:00,Трамп доволен работой министра внутренней безопасности США Ноэм,,,ru,RU
9ceb29c73f0f,interfax,https://www.interfax.ru/russia/1069772,2026-01-27 00:00:00,"В Калуге восстановили электроснабжение котельной ""Ремпутьмаша""",,,ru,RU
bc82e3d12a76,interfax,https://www.interfax.ru/world/1069777,2026-01-27 00:00:00,Лидер демократов в США грозит импичментом министру внутренней безопасности,,,ru,RU
c63276636f14,interfax,https://www.interfax.ru/world/1069769,2026-01-27 00:00:00,Трамп заявил о положительных явлениях в процессе украинского урегулирования,,,ru,RU
5d47b71571bd,interfax,https://www.interfax.ru/world/1069768,2026-01-27 00:00:00,"Суданские военные заявили, что прорвали осаду СБР города на юге Судана",,,ru,RU
52027077572e,interfax,https://www.interfax.ru/russia/1069766,2026-01-27 00:00:00,В Белгородской области в результате удара дрона пострадал водитель грузовика,,,ru,RU
2e1ee62528b6,interfax,https://www.interfax.ru/world/1069767,2026-01-27 00:00:00,Испанские спасатели сопроводили дрейфовавший танкер под флагом Мозамбика в порт Танжера,,,ru,RU
aced80de7585,interfax,https://www.interfax.ru/russia/1069765,2026-01-27 00:00:00,В Калуге пообещали скоро подключить отопление в 54 многоквартирных домах,,,ru,RU
7548659d1680,interfax,https://www.interfax.ru/russia/1069764,2026-01-27 00:00:00,Российские военные за семь часов сбили 18 БПЛА,,,ru,RU
cafa389188fa,interfax,https://www.interfax.ru/world/1069770,2026-01-27 00:00:00,ЕС работает над снижением внешней зависимости во всех сферах,,,ru,RU
3974c86642ba,interfax,https://www.interfax.ru/world/1069762,2026-01-27 00:00:00,Президенты Франции и Бразилии раскритиковали Совет мира Трампа,,,ru,RU
3107dde8f460,interfax,https://www.interfax.ru/russia/1069950,2026-01-28 00:00:00,ФАС проанализирует наценки на 26 категорий продуктов в торговых сетях,,,ru,RU
c80bec2a3c48,interfax,https://www.interfax.ru/business/1069942,2026-01-28 00:00:00,"Индексы МосБиржи и РТС выросли в пределах 0,6%",,,ru,RU
e45659bc0ece,interfax,https://www.interfax.ru/business/1069943,2026-01-28 00:00:00,"""ВУШ Холдинг"" подтвердил факт переговоров о присоединении ""ЮрентБайк.ру""",,,ru,RU
edfdcebd6bcc,interfax,https://www.interfax.ru/business/1069946,2026-01-28 00:00:00,"Российские производители продовольствия в декабре снизили цены на 1,5%",,,ru,RU
fd68a9ac8ecc,interfax,https://www.interfax.ru/business/1069945,2026-01-28 00:00:00,"Цены промпроизводителей в РФ в декабре понизились на 1,6%",,,ru,RU
b156a452f93a,interfax,https://www.interfax.ru/moscow/1069947,2026-01-28 00:00:00,В московском метро отметили увеличение количества пассажиров из-за снега,,,ru,RU
6e1410c1249f,interfax,https://www.interfax.ru/business/1069948,2026-01-28 00:00:00,Рубль в среду немного опустился в паре с юанем,,,ru,RU
ea7f10f6becc,interfax,https://www.interfax.ru/world/1069949,2026-01-28 00:00:00,Рубио не верит в способность Европы дать работоспособные гарантии безопасности Украине,,,ru,RU
303c7b15ad07,interfax,https://www.interfax.ru/russia/1069959,2026-01-28 00:00:00,В Белгородской области в результате удара дрона по машине пострадал мужчина,,,ru,RU
9be7e8a2f11e,interfax,https://www.interfax.ru/business/1069952,2026-01-28 00:00:00,"Сбор зерна в РФ в 2025 г. составил 138,76 млн т",,,ru,RU
856694d62275,interfax,https://www.interfax.ru/moscow/1069953,2026-01-28 00:00:00,В Москве в четверг возможны локальные ограничения проезда,,,ru,RU
0aeb47732c66,interfax,https://www.interfax.ru/world/1069955,2026-01-28 00:00:00,Рубио объяснил вывоз Мадуро из Венесуэлы,,,ru,RU
8ca1b6876bb9,interfax,https://www.interfax.ru/moscow/1069956,2026-01-28 00:00:00,Аномально холодная погода установится в Москве с пятницы,,,ru,RU
ff62027c82a9,interfax,https://www.interfax.ru/world/1069957,2026-01-28 00:00:00,Госсекретарь США прогнозирует новые беспорядки в Иране,,,ru,RU
1c01ca77833d,interfax,https://www.interfax.ru/world/1069958,2026-01-28 00:00:00,В Евросоюзе обеспокоены нарастающей зависимостью от газа из США,,,ru,RU
f72674d1c545,interfax,https://www.interfax.ru/business/1069941,2026-01-28 00:00:00,Росстат отметил ускорение снижения цен на курятину,,,ru,RU
82342c592bf2,interfax,https://www.interfax.ru/moscow/1069960,2026-01-28 00:00:00,Росавиация сообщила о штатной работе аэропортов московского авиаузла,,,ru,RU
6512c1ca54e4,interfax,https://www.interfax.ru/business/1069961,2026-01-28 00:00:00,Volkswagen планирует увеличивать экспорт производимых в Китае автомобилей,,,ru,RU
bfcded0fa074,interfax,https://www.interfax.ru/world/1069951,2026-01-28 00:00:00,Вашингтон намерен добиться устраивающего всех решения по Гренландии,,,ru,RU
f418d8c4aa9e,interfax,https://www.interfax.ru/business/1069940,2026-01-28 00:00:00,"В России с 20 по 26 января огурцы подорожали на 4,6%",,,ru,RU
28776d8d7afc,interfax,https://www.interfax.ru/business/1069932,2026-01-28 00:00:00,"В США запасы нефти за неделю снизились на 2,3 млн баррелей",,,ru,RU
da599776a2e7,interfax,https://www.interfax.ru/business/1069938,2026-01-28 00:00:00,"Годовая инфляция в РФ замедлилась до 6,4%",,,ru,RU
d253fb6979d8,interfax,https://www.interfax.ru/russia/1069916,2026-01-28 00:00:00,Песков отметил невыгодность для Европы запрета импорта российского газа,,,ru,RU
c401037f3cd2,interfax,https://www.interfax.ru/russia/1069918,2026-01-28 00:00:00,ЦБ попросит отложить перевод банков на электронное межведомственное взаимодействие,,,ru,RU
8dc4b9ce8531,interfax,https://www.interfax.ru/russia/1069920,2026-01-28 00:00:00,"Песков не комментирует документы, обсуждаемые в рамках переговоров по Украине",,,ru,RU
6c83924dc1ea,interfax,https://www.interfax.ru/world/1069921,2026-01-28 00:00:00,"Литва ограничит ввоз топлива в баках грузовиков, следующих из России и Белоруссии",,,ru,RU
8c25f814d102,interfax,https://www.interfax.ru/russia/1069922,2026-01-28 00:00:00,"Глава Адыгеи анонсировал полное восстановление квартир, поврежденных в ночь на 21 января",,,ru,RU
b8c3f47ee7cf,interfax,https://www.interfax.ru/russia/1069923,2026-01-28 00:00:00,Россельхознадзор повторил претензии Эквадору из-за мухи-горбатки в бананах,,,ru,RU
11262dcee788,interfax,https://www.interfax.ru/world/1069924,2026-01-28 00:00:00,Трамп предостерег мэра Миннеаполиса от несоблюдения федеральных законов,,,ru,RU
7b32e45d6f21,interfax,https://www.interfax.ru/business/1069925,2026-01-28 00:00:00,"Генпрокуратура требует взыскать в доход РФ активы ""Новоросцемента"" на 45 млрд руб.",,,ru,RU
926f700c9e81,interfax,https://www.interfax.ru/business/1069939,2026-01-28 00:00:00,"Цены на бензин в РФ с 20 по 26 января почти не изменились после роста на 0,12%",,,ru,RU
bb909fe28b6d,interfax,https://www.interfax.ru/business/1069926,2026-01-28 00:00:00,Российский турбизнес обеспокоен ростом налоговой нагрузки,,,ru,RU
d65d06dce046,interfax,https://www.interfax.ru/russia/1069930,2026-01-28 00:00:00,Жительница Энергодара погибла от удара украинского дрона,,,ru,RU
10ae773994db,interfax,https://www.interfax.ru/russia/1069931,2026-01-28 00:00:00,"Чернышенко призвал объединить источники финансирования проекта ""Пять морей и озеро Байкал""",,,ru,RU
7e3e13bf8c70,interfax,https://www.interfax.ru/russia/1069965,2026-01-28 00:00:00,"Агрегаторы отключили от своих баз до 2,5 тысяч не вошедших в реестр гостевых домов",,,ru,RU
d110f80ea72e,interfax,https://www.interfax.ru/russia/1069934,2026-01-28 00:00:00,Минобороны РФ сообщило о консультациях заместителей глав военных ведомств России и Афганистана,,,ru,RU
9d7aa8494450,interfax,https://www.interfax.ru/russia/1069933,2026-01-28 00:00:00,"В Москве арестован лжесвященник, пытавшийся похитить 6 млн руб. под видом благотворительности",,,ru,RU
b0370b288dce,interfax,https://www.interfax.ru/russia/1069936,2026-01-28 00:00:00,После рейдов в Подмосковье в 2025 году из России выдворили 23 тысячи нелегалов,,,ru,RU
e0802139aeb3,interfax,https://www.interfax.ru/russia/1069935,2026-01-28 00:00:00,Предприниматель осужден в Петербурге за незаконную легализацию 500 иностранцев,,,ru,RU
4256b6255bbd,interfax,https://www.interfax.ru/business/1069937,2026-01-28 00:00:00,"Brent подорожала до $68,15 за баррель на данных о запасах нефти в США",,,ru,RU
1e53da46096b,interfax,https://www.interfax.ru/world/1069928,2026-01-28 00:00:00,В парламенте Швеции обсудили возможность перехода на евро,,,ru,RU
69b5339a7dbb,interfax,https://www.interfax.ru/moscow/1069966,2026-01-28 00:00:00,В Подмосковье горит склад с текстилем,,,ru,RU
17e40a9f2886,interfax,https://www.interfax.ru/world/1069929,2026-01-28 00:00:00,Макрон и премьер министр Дании высказались за усиление роли НАТО в Арктике,,,ru,RU
19b8343ccacf,interfax,https://www.interfax.ru/world/1069969,2026-01-28 00:00:00,Глава Минфина США разочарован из-за торгового соглашения между ЕС и Индией,,,ru,RU
1d4c42b1ec3d,interfax,https://www.interfax.ru/russia/1069986,2026-01-28 00:00:00,Пожар в подмосковной конюшне потушен,,,ru,RU
dfb15dde92cd,interfax,https://www.interfax.ru/world/1069985,2026-01-28 00:00:00,Пожарные локализовали огонь в отеле французского курорта Куршевель,,,ru,RU
b33b65360db4,interfax,https://www.interfax.ru/world/1069984,2026-01-28 00:00:00,"Глава МИД Ирана заявил, что страна готова ответить на любую агрессию",,,ru,RU
3cab5e78ed83,interfax,https://www.interfax.ru/world/1069982,2026-01-28 00:00:00,Глава ФРС заявил об устойчивом положении экономики США,,,ru,RU
b1f2e8cd7bc4,interfax,https://www.interfax.ru/russia/1069981,2026-01-28 00:00:00,Жители Ингушетии получили 25 лет на двоих за подготовку к диверсии,,,ru,RU
5e3c278ae04f,interfax,https://www.interfax.ru/russia/1069980,2026-01-28 00:00:00,ВВС США перебросили на Ближний Восток самолеты боевой связи,,,ru,RU
bb3a3b81af4e,interfax,https://www.interfax.ru/russia/1069979,2026-01-28 00:00:00,"Танкер ""Гринч"" находится под ""административным арестом""",,,ru,RU
1b56b6ea6bb7,interfax,https://www.interfax.ru/business/1069967,2026-01-28 00:00:00,Сельхозорганизации России в 2025 году увеличили производство скота и птицы,,,ru,RU
8caea575d00f,interfax,https://www.interfax.ru/russia/1069976,2026-01-28 00:00:00,В Новой Таволжанке в результате ударов двух дронов по машине погиб мужчина,,,ru,RU
877e4097615a,interfax,https://www.interfax.ru/russia/1069975,2026-01-28 00:00:00,В Коми прогнозируют аномальные пятидневные морозы,,,ru,RU
baa27018243b,interfax,https://www.interfax.ru/moscow/1069973,2026-01-28 00:00:00,В Москве в четверг высота снега может побить рекорд 1956 года,,,ru,RU
a09ce0b242dc,interfax,https://www.interfax.ru/world/1069974,2026-01-28 00:00:00,"США хотели бы смены власти на Кубе, но вмешиваться не намерены",,,ru,RU
851a97451450,interfax,https://www.interfax.ru/world/1069972,2026-01-28 00:00:00,"Рубио констатировал, что в украинском урегулировании территориальный вопрос пока не решен",,,ru,RU
d9c216045cf3,interfax,https://www.interfax.ru/world/1069971,2026-01-28 00:00:00,Госсекретарь США не исключил превентивного удара по Ирану,,,ru,RU
e5f1d21891e6,interfax,https://www.interfax.ru/moscow/1069970,2026-01-28 00:00:00,В Одинцове локализовали пожар на складе с текстилем,,,ru,RU
8c33d58c7d17,interfax,https://www.interfax.ru/world/1069978,2026-01-28 00:00:00,"ФРС ожидаемо сохранила базовую ставку в диапазоне 3,5-3,75%",,,ru,RU
8be3a9fa4def,interfax,https://www.interfax.ru/culture/1070159,2026-01-29 00:00:00,"Участниками программы ""Пушкинская карта"" к концу 2025 года стали более 13 млн человек",,,ru,RU
a6430bebb998,interfax,https://www.interfax.ru/business/1070158,2026-01-29 00:00:00,Шереметьево стало владельцем аэропорта Домодедово,,,ru,RU
2de36ae7f091,interfax,https://www.interfax.ru/culture/1070160,2026-01-29 00:00:00,Минкультуры в 2025 году выделило финансирование на производство 172 фильмов,,,ru,RU
ae19beb80041,interfax,https://www.interfax.ru/russia/1070161,2026-01-29 00:00:00,"Лавров заявил, что РФ не видела проект соглашения США-Украина о гарантиях безопасности",,,ru,RU
20adbfd2a8fd,interfax,https://www.interfax.ru/russia/1070162,2026-01-29 00:00:00,Ушаков назвал территориальный вопрос главным в украинском урегулировании,,,ru,RU
fa3c8e76e773,interfax,https://www.interfax.ru/russia/1070163,2026-01-29 00:00:00,Лавров заявил о готовности РФ содействовать снижению напряженности вокруг Ирана,,,ru,RU
cbf4c7b441b9,interfax,https://www.interfax.ru/business/1070164,2026-01-29 00:00:00,"Структура ""Шереметьево"" выиграла аукцион по продаже ""Домодедово"", предложив 66,13 млрд руб.",,,ru,RU
ee6212ee863e,interfax,https://www.interfax.ru/world/1070165,2026-01-29 00:00:00,Совет ЕС по иностранным делам признал КСИР террористической организацией,,,ru,RU
322220e25b8e,interfax,https://www.interfax.ru/business/1070169,2026-01-29 00:00:00,Цена Brent поднималась выше $71 за баррель впервые с августа,,,ru,RU
810ed921c295,interfax,https://www.interfax.ru/business/1070167,2026-01-29 00:00:00,"Кабмин снова выдвинул в набсовет Сбербанка Орешкина, Новака, Силуанова и Колычева",,,ru,RU
19604e1963bc,interfax,https://www.interfax.ru/moscow/1070168,2026-01-29 00:00:00,Пробки в Москве достигли к вечеру 9 баллов из-за снегопада,,,ru,RU
e0a61645cecd,interfax,https://www.interfax.ru/business/1070156,2026-01-29 00:00:00,"Структура Rio Tinto оспорила решение суда о взыскании в пользу ""Русала"" 105 млрд руб.",,,ru,RU
7699956110c9,interfax,https://www.interfax.ru/business/1070170,2026-01-29 00:00:00,"Минтранс ждет от нового собственника решения проблем ""Домодедово"" ""в обозримой перспективе""",,,ru,RU
7c29a98c54ee,interfax,https://www.interfax.ru/world/1070171,2026-01-29 00:00:00,За последние дни значимых прямых дипломатических контактов между США и Ираном не было,,,ru,RU
4ee129f66249,interfax,https://www.interfax.ru/digital/1070172,2026-01-29 00:00:00,"РКН с 2012 г. добился удаления или блокировки запрещенных в РФ материалов на 4,7 млн сайтов",,,ru,RU
3f7ba2bb0b10,interfax,https://www.interfax.ru/business/1070173,2026-01-29 00:00:00,Рынок акций РФ к закрытию торгов растерял большую часть дневного роста,,,ru,RU
9735603c3d86,interfax,https://www.interfax.ru/business/1070174,2026-01-29 00:00:00,"Жилищное строительство в РФ в 2025 году выросло на 0,4%",,,ru,RU
52d04f19d6a7,interfax,https://www.interfax.ru/business/1070175,2026-01-29 00:00:00,Шереметьево приобрело Домодедово без привлечения заемных средств,,,ru,RU
7adfa09656b4,interfax,https://www.interfax.ru/world/1070166,2026-01-29 00:00:00,"Ушаков заявил, что США и Украина договорились провести переговоры в Абу-Даби на более низком уровне",,,ru,RU
aea5834448f2,interfax,https://www.interfax.ru/world/1070157,2026-01-29 00:00:00,TotalEnergies официально возобновила проект СПГ-завода в Мозамбике,,,ru,RU
ae8f947fcd07,interfax,https://www.interfax.ru/russia/1070152,2026-01-29 00:00:00,"В ""Газпроме"" отметили влияние роста цен на газ в США на импорт СПГ в страну",,,ru,RU
8066016c079e,interfax,https://www.interfax.ru/russia/1070154,2026-01-29 00:00:00,"В РФ сообщили об уничтожении макета истребителя F-16, используемого ВСУ для тренировок",,,ru,RU
e8a68c7e34df,interfax,https://www.interfax.ru/russia/1070135,2026-01-29 00:00:00,Беглов поручил решить вопрос с яслями в Петербурге,,,ru,RU
d7d1b8ee3239,interfax,https://www.interfax.ru/russia/1070134,2026-01-29 00:00:00,Кремль заявил об отсутствии реакции Зеленского на повторное приглашение в Москву,,,ru,RU
6e5df2b2518e,interfax,https://www.interfax.ru/world/1070136,2026-01-29 00:00:00,В Литве заявили об отсутствии реакции Белоруссии на жалобы о контрабанде,,,ru,RU
71f974fa1062,interfax,https://www.interfax.ru/russia/1070138,2026-01-29 00:00:00,Начальник представительства Минобороны арестован в Петербурге,,,ru,RU
ac34c621f115,interfax,https://www.interfax.ru/business/1070137,2026-01-29 00:00:00,"ОАЭ рассматривают участие в проектах ""Росатома"" в третьих странах в качестве инвестора",,,ru,RU
fa75414d94a7,interfax,https://www.interfax.ru/world/1070139,2026-01-29 00:00:00,ЕС выделяет 50 млн евро на энергетические нужды Украины,,,ru,RU
96d204c20101,interfax,https://www.interfax.ru/russia/1070140,2026-01-29 00:00:00,В Анапе еще на полгода отсрочили сбор туристического налога,,,ru,RU
347ce09b5432,interfax,https://www.interfax.ru/business/1070141,2026-01-29 00:00:00,ФАС анализирует динамику цен на АЗС с точки зрения экономической обоснованности,,,ru,RU
861273a540aa,interfax,https://www.interfax.ru/russia/1070155,2026-01-29 00:00:00,Новак поручил проработать дополнительные меры поддержки угольщиков,,,ru,RU
a887b2f54e5a,interfax,https://www.interfax.ru/moscow/1070143,2026-01-29 00:00:00,Москве не удалось побить рекорд высоты снежного покрова,,,ru,RU
fcd35c743488,interfax,https://www.interfax.ru/business/1070145,2026-01-29 00:00:00,Лондон и Пекин договорились о более четких правилах для британских компаний на рынке КНР,,,ru,RU
8b23c93856c3,interfax,https://www.interfax.ru/world/1070146,2026-01-29 00:00:00,ЕС и Вьетнам договорились нарастить связи до уровня стратегического партнерства,,,ru,RU
948bba1877c0,interfax,https://www.interfax.ru/world/1070148,2026-01-29 00:00:00,Норвегия закупит в Польше ракеты для южнокорейских РСЗО,,,ru,RU
5493565c3bf5,interfax,https://www.interfax.ru/business/1070176,2026-01-29 00:00:00,Рубль в четверг уверенно вырос в паре с юанем благодаря нефти,,,ru,RU
304b3783afa2,interfax,https://www.interfax.ru/russia/1070149,2026-01-29 00:00:00,Путин и президент ОАЭ не обсуждали организацию новой трехсторонней встречи в Абу-Даби,,,ru,RU
784db9aee8cb,interfax,https://www.interfax.ru/russia/1070151,2026-01-29 00:00:00,Аномальные морозы прогнозируются в регионах европейской части России,,,ru,RU
560b6f474158,interfax,https://www.interfax.ru/moscow/1070150,2026-01-29 00:00:00,Метеорологи МГУ назвали январь аномально снежным для последних 200 лет,,,ru,RU
22e062e60dca,interfax,https://www.interfax.ru/world/1070153,2026-01-29 00:00:00,Евросоюз расширил санкции против Ирана из-за репрессий против протестующих,,,ru,RU
2e984152ae5b,interfax,https://www.interfax.ru/world/1070144,2026-01-29 00:00:00,ЕС ввел санкции в отношении российских журналистов и деятелей культуры,,,ru,RU
1a6fa4b5496e,interfax,https://www.interfax.ru/russia/1070147,2026-01-29 00:00:00,СМИ и онлайн-кинотеатры в 2025 г. оштрафовали почти на 40 млн руб. из-за вредной для детей информации,,,ru,RU
d8e8cf2a6f5d,interfax,https://www.interfax.ru/russia/1070177,2026-01-29 00:00:00,Водитель больницы погиб при атаке дрона в Белгородской области,,,ru,RU
6adc031646c8,interfax,https://www.interfax.ru/business/1070180,2026-01-29 00:00:00,"Цена золота откатилась с рекордного максимума, падение достигало 5%",,,ru,RU
f2aee07d2d1e,interfax,https://www.interfax.ru/world/1070179,2026-01-29 00:00:00,США нарастили группировку ВМС на Ближнем Востоке до 10 кораблей,,,ru,RU
9153f72b1761,interfax,https://www.interfax.ru/world/1070203,2026-01-29 00:00:00,Азербайджан не предоставит воздушное пространство и территорию для атак на Иран,,,ru,RU
13dbfd0218cd,interfax,https://www.interfax.ru/world/1070199,2026-01-29 00:00:00,В Канаде обвинили в измене сторонников независимости провинции Альберта,,,ru,RU
39bb8b2991c7,interfax,https://www.interfax.ru/world/1070198,2026-01-29 00:00:00,Трамп объявил о снятии блокады воздушного пространства Венесуэлы,,,ru,RU
cbf9af1b2249,interfax,https://www.interfax.ru/business/1070194,2026-01-29 00:00:00,Путин поручил кабмину и ЦБ представить доклад о программе IPO и SPO компаний с госучастием,,,ru,RU
09ba288b70d6,interfax,https://www.interfax.ru/moscow/1070193,2026-01-29 00:00:00,Снегопад в Москве привел к двум новым рекордам по количеству выпавших осадков,,,ru,RU
353773a4bd1a,interfax,https://www.interfax.ru/world/1070191,2026-01-29 00:00:00,Совет управляющих МАГАТЭ проведет в пятницу внеочередное заседание по Украине,,,ru,RU
d8d59da67774,interfax,https://www.interfax.ru/world/1070189,2026-01-29 00:00:00,"Трамп сказал, что попросил Путина отказаться от ударов по Киеву на неделю",,,ru,RU
75bc5533168e,interfax,https://www.interfax.ru/world/1070195,2026-01-29 00:00:00,"Генсек ООН назвал Совбез единственной структурой, отвечающей за проблемы безопасности в мире",,,ru,RU
4c1a1757c8b6,interfax,https://www.interfax.ru/world/1070187,2026-01-29 00:00:00,Страны Европы начали дискуссии о создании совместных сил ядерного сдерживания,,,ru,RU
b241a56a67a9,interfax,https://www.interfax.ru/world/1070186,2026-01-29 00:00:00,"Каллас заявила, что ЕС будет стремиться ограничивать финансовые ресурсы РФ",,,ru,RU
8d60b6373bc2,interfax,https://www.interfax.ru/business/1070185,2026-01-29 00:00:00,"Внуково отказалось от борьбы за Домодедово, не захотев поднять цену на торгах выше 66 млрд руб.",,,ru,RU
3d2f1de43135,interfax,https://www.interfax.ru/business/1070184,2026-01-29 00:00:00,"Кредит экономике РФ в декабре сократился на 0,4% из-за разовых факторов",,,ru,RU
61960fbf1bfb,interfax,https://www.interfax.ru/world/1070183,2026-01-29 00:00:00,ЕС собирается принять 20-й пакет антироссийских санкций 24 февраля,,,ru,RU
172c85b490d6,interfax,https://www.interfax.ru/business/1070182,2026-01-29 00:00:00,"Денежная масса в РФ в национальном определении в 2025 г. выросла на 10,6%",,,ru,RU
46a1de4d96ed,interfax,https://www.interfax.ru/world/1070181,2026-01-29 00:00:00,"Каллас заявила, что в ЕС обсуждают идею о запрете на въезд участникам СВО",,,ru,RU
8d202172fd45,interfax,https://www.interfax.ru/world/1070188,2026-01-29 00:00:00,Президент США заявил о прогрессе на переговорах по украинскому урегулированию,,,ru,RU
16a4a99738c3,interfax,https://www.interfax.ru/world/1070337,2026-01-30 00:00:00,Кипр и Израиль введут запрет на полеты над районом Восточного Средиземноморья,,,ru,RU
d780955a9162,interfax,https://www.interfax.ru/russia/1070345,2026-01-30 00:00:00,Косачев назвал нелепыми уверждения об угрозе США со стороны Кубы,,,ru,RU
96fdaa34da74,interfax,https://www.interfax.ru/russia/1070309,2026-01-30 00:00:00,Суд изъял в доход государства крупнейшие санатории курорта Горячий Ключ,,,ru,RU
4081c19f4cd7,interfax,https://www.interfax.ru/russia/1070342,2026-01-30 00:00:00,Иноагентом признан Александр Гольдфарб,,,ru,RU
4e6743c14d66,interfax,https://www.interfax.ru/russia/1070340,2026-01-30 00:00:00,Путин подписал закон о регулировании нестационарной торговли на частных землях,,,ru,RU
6cc66df7e85d,interfax,https://www.interfax.ru/world/1070341,2026-01-30 00:00:00,"В Брюсселе заявили, что ЕС прорабатывает запрет на въезд в союз участникам СВО",,,ru,RU
45bd5110dcc9,interfax,https://www.interfax.ru/world/1070348,2026-01-30 00:00:00,Власти США приобретают склады для создания крупных центров содержания нелегалов,,,ru,RU
b6f7f89c39ff,interfax,https://www.interfax.ru/world/1070343,2026-01-30 00:00:00,"Президент Нигера обвинил Францию, Бенин и Кот-д'Ивуар в поддержке атаки на аэропорт",,,ru,RU
760946bef636,interfax,https://www.interfax.ru/world/1070349,2026-01-30 00:00:00,"Новая правящая коалиция Нидерландов намерена выделять Киеву 3,4 млрд евро в год",,,ru,RU
fc84cd1305e3,interfax,https://www.interfax.ru/world/1070357,2026-01-30 00:00:00,Визовый центр Японии откроется в Москве 12 февраля,,,ru,RU
426d1e298f05,interfax,https://www.interfax.ru/business/1070351,2026-01-30 00:00:00,"""Росатом"" в 2025 году удвоил добычу золота в Якутии",,,ru,RU
6c817fc85252,interfax,https://www.interfax.ru/world/1070352,2026-01-30 00:00:00,В США из-за холодов десятки тысяч людей шестой день остаются без электричества,,,ru,RU
67265ae9f7d1,interfax,https://www.interfax.ru/business/1070354,2026-01-30 00:00:00,ЦБ РФ повышает с 40% до 100% надбавку к коэффициенту риска на прирост долга крупных компаний,,,ru,RU
b98872adb37e,interfax,https://www.interfax.ru/business/1070353,2026-01-30 00:00:00,"ЦБ сохранил антициклическую надбавку к нормативу достаточности капитала банков на уровне 0,5%",,,ru,RU
5d91524269ad,interfax,https://www.interfax.ru/business/1070355,2026-01-30 00:00:00,"Рынок акций РФ в пятницу просел к 2780п, но неделю и месяц закрыл в ""плюсе""",,,ru,RU
9cfb316b78a7,interfax,https://www.interfax.ru/world/1070356,2026-01-30 00:00:00,Переговорщик Кишинева сообщил о подготовке переговоров с Тирасполем по приднестровскому урегулированию,,,ru,RU
f4ffe1dbf1b0,interfax,https://www.interfax.ru/russia/1070338,2026-01-30 00:00:00,ФАС отозвала законопроект о пересмотре уже выданных предписаний с ценовыми индикаторами,,,ru,RU
29df4a0302a1,interfax,https://www.interfax.ru/world/1070358,2026-01-30 00:00:00,Самолеты авианосца США Abraham Lincoln проводят тренировочные полеты к югу от Ирана,,,ru,RU
f10ef275ef9b,interfax,https://www.interfax.ru/business/1070359,2026-01-30 00:00:00,Рубль в пятницу заметно опустился в паре с юанем,,,ru,RU
d26ab962fd7a,interfax,https://www.interfax.ru/world/1070350,2026-01-30 00:00:00,"Доходы Турции от туризма составили рекордные $65,2 млрд в 2025 году",,,ru,RU
31cc95730e99,interfax,https://www.interfax.ru/russia/1070339,2026-01-30 00:00:00,Новгородские синоптики зарегистрировали самую морозную ночь за зиму,,,ru,RU
69e9489a4469,interfax,https://www.interfax.ru/world/1070328,2026-01-30 00:00:00,Дамаск сообщил о достижении соглашения по спорным вопросам с курдами,,,ru,RU
829ab5d6c362,interfax,https://www.interfax.ru/russia/1070332,2026-01-30 00:00:00,"Россия готова изучить варианты подключения к проекту ""Маршрут Трампа""",,,ru,RU
8a528bdf8696,interfax,https://www.interfax.ru/business/1070312,2026-01-30 00:00:00,"ВВП Грузии вырос в 2025 году на 7,5%",,,ru,RU
abb68c9b063a,interfax,https://www.interfax.ru/world/1070315,2026-01-30 00:00:00,Трамп выдвинул Кевина Уорша на пост главы Федрезерва,,,ru,RU
176d861412fb,interfax,https://www.interfax.ru/business/1070318,2026-01-30 00:00:00,Внесение физлицами наличных через банкоматы могут ограничить суммой 1 млн руб. в месяц,,,ru,RU
bf8fc2217abb,interfax,https://www.interfax.ru/world/1070316,2026-01-30 00:00:00,Глава МИД Ирана заявил о готовности к содержательным переговорам с США,,,ru,RU
db3ac791d5c6,interfax,https://www.interfax.ru/russia/1070317,2026-01-30 00:00:00,Житель Североморска пытался украсть 1 млн рублей из банкомата во время блэкаута,,,ru,RU
5fc028d5299b,interfax,https://www.interfax.ru/russia/1070319,2026-01-30 00:00:00,Опытно-промышленная эксплуатация началась на блоке №1 Курской АЭС-2,,,ru,RU
b3d4e42b5c0b,interfax,https://www.interfax.ru/russia/1070320,2026-01-30 00:00:00,Москва пообещала принять все меры для защиты судов под российским флагом,,,ru,RU
8646c8a09f2d,interfax,https://www.interfax.ru/russia/1070321,2026-01-30 00:00:00,В МИД отметили плюсы для России в переориентации Китая на внутренний рынок,,,ru,RU
ae683283f947,interfax,https://www.interfax.ru/business/1070323,2026-01-30 00:00:00,Минсельхоз анонсировал меры поддержки инвестпроектов по переработке продукции за рубежом,,,ru,RU
89869078e8e4,interfax,https://www.interfax.ru/russia/1070324,2026-01-30 00:00:00,"Летевший из Тбилиси в Москву самолет ""Азимута"" по техпричине приземлился в Минводах",,,ru,RU
aabaaf989a1f,interfax,https://www.interfax.ru/business/1070325,2026-01-30 00:00:00,Россия в 2025 году увеличила экспорт рыбы и морепродуктов в Японию на 11%,,,ru,RU
2af46f594a88,interfax,https://www.interfax.ru/russia/1070326,2026-01-30 00:00:00,Захарова посоветовала родителям вовремя оформлять загранпаспорта детям до 14 лет,,,ru,RU
5fa63de0661c,interfax,https://www.interfax.ru/russia/1070327,2026-01-30 00:00:00,"В Казани объявлен план ""Буран"" из-за аномального снегопада",,,ru,RU
2c15a621f8fb,interfax,https://www.interfax.ru/business/1070329,2026-01-30 00:00:00,"AstraZeneca может выплатить CSPC до $18,5 млрд за права на препараты от диабета и ожирения",,,ru,RU
ec6a807e2d94,interfax,https://www.interfax.ru/russia/1070360,2026-01-30 00:00:00,МИД РФ усмотрел популизм в словах главы Минфина Японии о санкциях против РФ как приоритетной задаче,,,ru,RU
dbf621f9472b,interfax,https://www.interfax.ru/russia/1070330,2026-01-30 00:00:00,МИД РФ заявил о заинтересованности огромного числа клиентов в российском газе,,,ru,RU
556cdfa947ba,interfax,https://www.interfax.ru/russia/1070331,2026-01-30 00:00:00,В Дагестане предотвратили ввоз в республику марихуаны под видом импортного укропа,,,ru,RU
785e972e8171,interfax,https://www.interfax.ru/russia/1070333,2026-01-30 00:00:00,"Москва считает, что ЕС не может быть наблюдателем на Украине",,,ru,RU
c0558a3b4c24,interfax,https://www.interfax.ru/russia/1070334,2026-01-30 00:00:00,Школьники в Казани в субботу будут учиться на удаленке из-за снегопада,,,ru,RU
5e3d2c0ea7e5,interfax,https://www.interfax.ru/business/1070335,2026-01-30 00:00:00,"Пошлины на экспорт из России пшеницы, ячменя и кукурузы с 4 февраля останутся нулевыми",,,ru,RU
013f8f5a5006,interfax,https://www.interfax.ru/world/1070361,2026-01-30 00:00:00,Трамп подал иск на $10 млрд против Минфина и Налоговой службы США из-за утечки налоговых деклараций,,,ru,RU
2d99c5d32084,interfax,https://www.interfax.ru/russia/1070344,2026-01-30 00:00:00,Минюст РФ предложил исключить избыточные меры взыскания долгов приставами,,,ru,RU
68b284929af7,interfax,https://www.interfax.ru/world/1070364,2026-01-30 00:00:00,В Белом доме еще не определились с конечной целью политики в отношении Ирана,,,ru,RU
8141d2e6c95a,interfax,https://www.interfax.ru/business/1070363,2026-01-30 00:00:00,ЦБ установил на II квартал макропруденциальные лимиты по кредитам с учетом вложенных интервалов,,,ru,RU
2842092deab5,interfax,https://www.interfax.ru/world/1070382,2026-01-30 00:00:00,"Запуск пилотируемой миссии ""Артемида-2"" к Луне перенесен на 8 февраля",,,ru,RU
3756985ac746,interfax,https://www.interfax.ru/world/1070381,2026-01-30 00:00:00,"Президент Сербии подписал ряд законопроектов, затрудняющих сближение с ЕС",,,ru,RU
18e30f5f9e8f,interfax,https://www.interfax.ru/russia/1070380,2026-01-30 00:00:00,"Обладателем гран-при ""Золотого орла"" стал фильм ""Август""",,,ru,RU
c369f9dcee15,interfax,https://www.interfax.ru/russia/1070379,2026-01-30 00:00:00,Президент РФ указал на новые перспективы военно-технического сотрудничества с Африкой,,,ru,RU
e0193372dda9,interfax,https://www.interfax.ru/russia/1070376,2026-01-30 00:00:00,Российская продукция военного назначения в 2025 году была поставлена в 30 стран,,,ru,RU
ff97598bfc06,interfax,https://www.interfax.ru/russia/1070375,2026-01-30 00:00:00,"Мишустин исключил из совета по развитию кинематографии Сокурова, Тодоровского и Толстого",,,ru,RU
7782620aa188,interfax,https://www.interfax.ru/business/1070374,2026-01-30 00:00:00,Внутренние авиаперевозки в РФ в 2025 году снизились почти на 4%,,,ru,RU
ff0bbea7a249,interfax,https://www.interfax.ru/russia/1070377,2026-01-30 00:00:00,Путин отметил значительное число заключенных в 2025 году зарубежных военных контрактов,,,ru,RU
4eaf1dee5784,interfax,https://www.interfax.ru/world/1070372,2026-01-30 00:00:00,Минюст США откроет дополнительные материалы по делу Эпштейна,,,ru,RU
ac690dfdbd80,interfax,https://www.interfax.ru/world/1070370,2026-01-30 00:00:00,"Трамп заявил, что лишь в Иране знают о возможном крайнем сроке для заключения соглашения",,,ru,RU
fea6cd8a483c,interfax,https://www.interfax.ru/russia/1070371,2026-01-30 00:00:00,Суд удовлетворил второй иск Генпрокуратуры о взыскании имущества экс-главы ВС Адыгеи,,,ru,RU
d5e875c33fae,interfax,https://www.interfax.ru/world/1070369,2026-01-30 00:00:00,"Трамп отметил, что переговоры РФ и Украины могут приносить результаты без Уиткоффа и Кушнера",,,ru,RU
1ab5e548d65c,interfax,https://www.interfax.ru/culture/1070366,2026-01-30 00:00:00,"Александр Адабашьян получил почетного ""Золотого орла"" за вклад в кинематограф",,,ru,RU
6b2f0a45aafc,interfax,https://www.interfax.ru/world/1070368,2026-01-30 00:00:00,"В ЕС предложили вместо ""потолка цен"" на нефть РФ запретить ее перевозку морем",,,ru,RU
9f8e700bb001,interfax,https://www.interfax.ru/russia/1070367,2026-01-30 00:00:00,Путин принял в Кремле секретаря Совбеза Ирана Лариджани,,,ru,RU
b605cda31254,interfax,https://www.interfax.ru/world/1070373,2026-01-30 00:00:00,Дмитриев в субботу проведет переговоры в Майами с представителями администрации США,,,ru,RU
05fc8af9ba1f,interfax,https://www.interfax.ru/world/1070365,2026-01-30 00:00:00,Дальний беспилотник ВМС США провел патрулирование к югу от Ирана,,,ru,RU
3d725c47fa80,interfax,https://www.interfax.ru/business/1070425,2026-01-31 00:00:00,Правительство РФ снимает запрет на экспорт бензина для нефтяников,,,ru,RU
8cb15657aed1,interfax,https://www.interfax.ru/russia/1070424,2026-01-31 00:00:00,"Арестован житель Дагестана, подозреваемый в жестоком убийстве пропавшей женщины",,,ru,RU
d518e8c84074,interfax,https://www.interfax.ru/russia/1070423,2026-01-31 00:00:00,Причиной сбоя электроснабжения в Мурманске стал поврежденный защитный трос,,,ru,RU
505607cf3187,interfax,https://www.interfax.ru/world/1070420,2026-01-31 00:00:00,"Индийский министр заявил, что Оттава стремится заключить торговое соглашение с Дели",,,ru,RU
8ebc4a1f6a12,interfax,https://www.interfax.ru/world/1070421,2026-01-31 00:00:00,"В Иране заявили, что военные не намерены ограничивать себя в ответных мерах при нападении на страну",,,ru,RU
56919b88a0de,interfax,https://www.interfax.ru/world/1070427,2026-01-31 00:00:00,"""Роскосмос"" сообщил о готовности космонавта Федяева к полету на МКС",,,ru,RU
06862bd20bf6,interfax,https://www.interfax.ru/world/1070422,2026-01-31 00:00:00,Военно-транспортные самолеты ВВС США увеличили количество рейсов на Ближний Восток,,,ru,RU
66cd2eec2bb4,interfax,https://www.interfax.ru/russia/1070428,2026-01-31 00:00:00,МБТ и торговый порт приостановили работу из-за перебоев электроснабжения,,,ru,RU
d990b59ca43e,interfax,https://www.interfax.ru/russia/1070439,2026-01-31 00:00:00,"24 дрона сбиты над Курской, Белгородской, Брянской и Липецкой областями",,,ru,RU
169439b496e7,interfax,https://www.interfax.ru/world/1070430,2026-01-31 00:00:00,"Аракчи заявил, что США для диалога с Ираном должны гарантировать отказ от нападения на страну",,,ru,RU
32407ea8b6d1,interfax,https://www.interfax.ru/world/1070433,2026-01-31 00:00:00,"СМИ сообщили, что взрыв в Бендер-Аббасе не был попыткой покушения на главу ВМС КСИР",,,ru,RU
35c03c95275a,interfax,https://www.interfax.ru/world/1070434,2026-01-31 00:00:00,Переговоры Дмитриева с делегацией США планируются в восемь утра по американскому времени,,,ru,RU
6afd6ded63d6,interfax,https://www.interfax.ru/russia/1070435,2026-01-31 00:00:00,Энергоснабжение Североморска и Мурманска восстановлено,,,ru,RU
f4b9b973e2ec,interfax,https://www.interfax.ru/world/1070436,2026-01-31 00:00:00,Более 80 человек погибли на западе Пакистана при атаках сепаратистов Белуджистана,,,ru,RU
541d24c65b15,interfax,https://www.interfax.ru/moscow/1070437,2026-01-31 00:00:00,"Станция ""Нижегородская"" МЦК закрыта из-за проседания части платформы",,,ru,RU
4f675f1e93b6,interfax,https://www.interfax.ru/russia/1070438,2026-01-31 00:00:00,Два человека погибли при столкновении автобуса и легковушки в Рязанской области,,,ru,RU
a2dddd3b0daa,interfax,https://www.interfax.ru/russia/1070419,2026-01-31 00:00:00,"Минобороны РФ сообщило о расширении группировкой ""Восток"" зоны контроля в Запорожье",,,ru,RU
6b515254b5f2,interfax,https://www.interfax.ru/russia/1070429,2026-01-31 00:00:00,"Автомобиль влетел в дом в Поморье, три человека погибли",,,ru,RU
686ea877c165,interfax,https://www.interfax.ru/russia/1070418,2026-01-31 00:00:00,"Ростехнадзор не выявил недостатков, влияющих на эксплуатацию энергоблока №1 ЗАЭС",,,ru,RU
5af52bbacca1,interfax,https://www.interfax.ru/world/1070406,2026-01-31 00:00:00,Военные КНР провели патрулирование у спорного с Филиппинами атолла в Южно-Китайском море,,,ru,RU
5f993673ad2e,interfax,https://www.interfax.ru/russia/1070416,2026-01-31 00:00:00,Минобороны заявило о взятии под контроль населенных пунктов Торецкое и Петровка,,,ru,RU
60a1f989e77f,interfax,https://www.interfax.ru/news/2026/02/01/,2026-01-31 00:00:00,1 февраля→,,,ru,RU
8422f44b0273,interfax,https://www.interfax.ru/world/1070396,2026-01-31 00:00:00,Глава Минобороны Саудовской Аравии призвал Трампа к действиям против Ирана,,,ru,RU
fdd0cc1cf040,interfax,https://www.interfax.ru/russia/1070397,2026-01-31 00:00:00,Двое взрослых и двое детей погибли в результате пожара в Алтайском крае,,,ru,RU
d2cdca3795ad,interfax,https://www.interfax.ru/russia/1070400,2026-01-31 00:00:00,В Мурманске и Североморске снова частично отсутствует электроснабжение,,,ru,RU
a748c71591f0,interfax,https://www.interfax.ru/russia/1070398,2026-01-31 00:00:00,За ночь российские военные нейтрализовали 26 украинских беспилотников,,,ru,RU
6f31ec18f676,interfax,https://www.interfax.ru/russia/1070401,2026-01-31 00:00:00,Уроки в школах Мурманска отменили из-за очередного перебоя электроснабжения,,,ru,RU
78f9882a0951,interfax,https://www.interfax.ru/russia/1070402,2026-01-31 00:00:00,Россия осудила нелегитимные запретительные шаги США в отношении Кубы,,,ru,RU
c87d5b2f9ff9,interfax,https://www.interfax.ru/world/1070403,2026-01-31 00:00:00,WSJ узнала о желании Трампа провести быструю операцию против Ирана без разрастания конфликта на регион,,,ru,RU
2ae2e9ecc526,interfax,https://www.interfax.ru/world/1070417,2026-01-31 00:00:00,Иран объявил о проведении военных учений с боевыми стрельбами в Ормузском проливе,,,ru,RU
62bf54ebacf9,interfax,https://www.interfax.ru/russia/1070404,2026-01-31 00:00:00,Ограничения движения сняты на трассах в Ульяновской области,,,ru,RU
5782649ac411,interfax,https://www.interfax.ru/russia/1070440,2026-01-31 00:00:00,Во Владивостоке произошел пожар в мебельном цехе на площади 1 тыс. кв. м,,,ru,RU
7a7d91e2a4a9,interfax,https://www.interfax.ru/world/1070409,2026-01-31 00:00:00,Ракета КНР вывела на орбиту второй алжирский спутник наблюдения за поверхностью Земли,,,ru,RU
69459887178e,interfax,https://www.interfax.ru/business/1070410,2026-01-31 00:00:00,В Казахстане сообщили о возобновлении добычи нефти на месторождении Тенгиз,,,ru,RU
5a67725cb23a,interfax,https://www.interfax.ru/world/1070411,2026-01-31 00:00:00,"NYT сообщила, что обсуждения планируемой миссии НАТО в Арктике находятся на раннем этапе",,,ru,RU
8f82504b5f16,interfax,https://www.interfax.ru/russia/1070412,2026-01-31 00:00:00,Пункты помощи населению снова открыли в Мурманске и Североморске из-за блэкаута,,,ru,RU
292ecbeb0045,interfax,https://www.interfax.ru/business/1070413,2026-01-31 00:00:00,"""Газпром"" направил в суд отказ от иска о налоговых льготах для ""Лахта Центра""",,,ru,RU
0f85beae3b1d,interfax,https://www.interfax.ru/world/1070414,2026-01-31 00:00:00,Силы безопасности Пакистана помешали атакам экстремистов в провинции Белуджистан,,,ru,RU
cc3d85b587f6,interfax,https://www.interfax.ru/russia/1070415,2026-01-31 00:00:00,"Военные РФ нанесли удары по транспортной инфраструктуре Украины, используемой для нужд ВСУ",,,ru,RU
2f2c6ff8f8fe,interfax,https://www.interfax.ru/world/1070405,2026-01-31 00:00:00,В Польше заявили о нарушении воздушного пространства воздушными шарами из Белоруссии,,,ru,RU
908500618742,interfax,https://www.interfax.ru/russia/1070441,2026-01-31 00:00:00,Окна жилых домов повреждены обломками БПЛА в Курске,,,ru,RU
016db7819e12,interfax,https://www.interfax.ru/moscow/1070448,2026-01-31 00:00:00,В Подмосковье около 50 человек застряли на канатной дороге в горнолыжном парке,,,ru,RU
b66bca27c27e,interfax,https://www.interfax.ru/russia/1070446,2026-01-31 00:00:00,Движение транспорта ограничено на участках федеральных трасс в Пензенской области,,,ru,RU
5bc4046d1b07,interfax,https://www.interfax.ru/russia/1070442,2026-01-31 00:00:00,Пять подростков погибли на пожаре в сауне в Кузбассе,,,ru,RU
79427ea2fc5f,interfax,https://www.interfax.ru/russia/1070465,2026-01-31 00:00:00,Патрульный самолет ВМС США провел длительный полет к югу-востоку от Ирана,,,ru,RU
f423f1095e3b,interfax,https://www.interfax.ru/russia/1070464,2026-01-31 00:00:00,"Суд по заявлению ""Газпром Интернэшнл"" подтвердил неприменимость доктрины ""альтер эго"" в РФ",,,ru,RU
d4da5924efc3,interfax,https://www.interfax.ru/russia/1070462,2026-01-31 00:00:00,Два человека пострадали при ударе дрона в Белгородской области,,,ru,RU
55ab21042265,interfax,https://www.interfax.ru/russia/1070460,2026-01-31 00:00:00,Жилые дома и автомобили повреждены после атаки БПЛА под Орлом,,,ru,RU
d3202d6197e7,interfax,https://www.interfax.ru/russia/1070458,2026-01-31 00:00:00,БПЛА обезврежен во дворе многоэтажки в курском Железногорске,,,ru,RU
fbe83d463a67,interfax,https://www.interfax.ru/world/1070457,2026-01-31 00:00:00,В Тегеране заявили о работе над организацией переговоров с США,,,ru,RU
c08d20ef83ba,interfax,https://www.interfax.ru/russia/1070461,2026-01-31 00:00:00,Трамп получил информацию о готовности Ирана к переговорам,,,ru,RU
2f9b43e6c860,interfax,https://www.interfax.ru/russia/1070455,2026-01-31 00:00:00,Минобороны РФ сообщило о поражении вечером в субботу более 40 украинских беспилотников,,,ru,RU
d7c3cadafc4c,interfax,https://www.interfax.ru/world/1070454,2026-01-31 00:00:00,Армянская церковь обвинила Ереван в попытке срыва собрания епископов,,,ru,RU
14a37439e59e,interfax,https://www.interfax.ru/russia/1070452,2026-01-31 00:00:00,Три многоэтажки эвакуировали в курском Железногорске из-за упавшего БПЛА,,,ru,RU
fc1a12d944bd,interfax,https://www.interfax.ru/world/1070451,2026-01-31 00:00:00,Уиткофф заявил о продуктивных переговорах с Дмитриевым по Украине,,,ru,RU
ac006a4724eb,interfax,https://www.interfax.ru/moscow/1070450,2026-01-31 00:00:00,Спасатели завершили эвакуацию людей с канатной дороги в Подмосковье,,,ru,RU
17d793efe43f,interfax,https://www.interfax.ru/russia/1070449,2026-01-31 00:00:00,Мурманский торговый порт и балкерный терминал восстановили работу,,,ru,RU
7c3d77d1974d,interfax,https://www.interfax.ru/russia/1070456,2026-01-31 00:00:00,Троллейбусы Мурманска возвращаются к полноценным маршрутам после блэкаута,,,ru,RU
962be0bf0f94,interfax,https://www.interfax.ru/russia/1070509,2026-02-01 00:00:00,Шойгу отметил высокую эффективность взаимодействия РФ и КНР,,,ru,RU
23ceb2659c94,interfax,https://www.interfax.ru/world/1070470,2026-02-01 00:00:00,"ЕС и Британия снижают потолок цен на российскую нефть до $44,1/баррель",,,ru,RU
6e95fb78a5bd,interfax,https://www.interfax.ru/russia/1070471,2026-02-01 00:00:00,"Министры ""восьмерки"" и мониторингового комитета ОПЕК+ обсудят ситуацию на рынке",,,ru,RU
81148d097d2d,interfax,https://www.interfax.ru/business/1070506,2026-02-01 00:00:00,"Прокачка по европейской нитке ""Турецкого потока"" в январе выросла на 11%",,,ru,RU
f768d67397e3,interfax,https://www.interfax.ru/russia/1070473,2026-02-01 00:00:00,"Соцфонд с 1 февраля проиндексировал на 5,6% социальные и страховые выплаты россиян",,,ru,RU
292faf9b9635,interfax,https://www.interfax.ru/russia/1070505,2026-02-01 00:00:00,Песков сообщил о попытках РФ и Польши в свое время выработать общее видение истории,,,ru,RU
09a1df5becd8,interfax,https://www.interfax.ru/russia/1070507,2026-02-01 00:00:00,Песков рассказал о звонке Путина вдове Ельцина в день его 95-летия,,,ru,RU
680d6df26919,interfax,https://www.interfax.ru/russia/1070510,2026-02-01 00:00:00,Путин на будущей неделе проведет совещания по отдельным отраслям экономики,,,ru,RU
be1799c63997,interfax,https://www.interfax.ru/world/1070517,2026-02-01 00:00:00,"NYT сообщила, что переговоры РФ, Украины и США в Абу-Даби перенесены",,,ru,RU
9dc18a866d18,interfax,https://www.interfax.ru/moscow/1070512,2026-02-01 00:00:00,Роспотребнадзор расследует подозрение на оспу обезьян в Подмосковье,,,ru,RU
6a6cb398d5c2,interfax,https://www.interfax.ru/russia/1070513,2026-02-01 00:00:00,Путин поздравил патриарха Кирилла с 17-й годовщиной интронизации,,,ru,RU
978bab48c7db,interfax,https://www.interfax.ru/russia/1070514,2026-02-01 00:00:00,Начальные классы перевели на дистант из-за морозов в Воронеже,,,ru,RU
1370b352a1a4,interfax,https://www.interfax.ru/russia/1070515,2026-02-01 00:00:00,"Лавров заявил о попытках Европы ""вбивать клинья"" между РФ и США",,,ru,RU
9572dd4a14d2,interfax,https://www.interfax.ru/russia/1070516,2026-02-01 00:00:00,"""Россети"" усилили схему электроснабжения Мурманска",,,ru,RU
1ab15a88fb4b,interfax,https://www.interfax.ru/world/1070474,2026-02-01 00:00:00,Новая коммерческая миссия отправится на МКС в январе 2027 года,,,ru,RU
b0892dbf2054,interfax,https://www.interfax.ru/world/1070519,2026-02-01 00:00:00,МИД РФ призвал россиян в Чили к осторожности из-за участившихся ограблений,,,ru,RU
358995412b35,interfax,https://www.interfax.ru/world/1070520,2026-02-01 00:00:00,Иранский беспилотник провел разведку над Оманским заливом,,,ru,RU
0c4c7d3e15f2,interfax,https://www.interfax.ru/world/1070511,2026-02-01 00:00:00,"Шойгу отметил, что Россия подтверждает поддержку Пекина по вопросу Тайваня",,,ru,RU
361b1cb88cf2,interfax,https://www.interfax.ru/russia/1070476,2026-02-01 00:00:00,Часть населенных пунктов Запорожской области осталась без электричества,,,ru,RU
5eeac4eead9c,interfax,https://www.interfax.ru/russia/1070487,2026-02-01 00:00:00,Три человека погибли и один пострадал при пожаре на базе отдыха в Хакасии,,,ru,RU
79671501ae13,interfax,https://www.interfax.ru/world/1070478,2026-02-01 00:00:00,Глава МИД Венесуэлы встретился с прибывшим в Каракас послом США,,,ru,RU
2c3ddb986daf,interfax,https://www.interfax.ru/world/1070521,2026-02-01 00:00:00,Сильнейшая вспышка зафиксирована на Солнце,,,ru,RU
450d4007a7f6,interfax,https://www.interfax.ru/russia/1070504,2026-02-01 00:00:00,Организаторов сауны в Прокопьевске объявили в розыск по делу о гибели подростков,,,ru,RU
efa51a89bdc6,interfax,https://www.interfax.ru/russia/1070502,2026-02-01 00:00:00,Минобороны заявило об ударах по связанным с ВСУ объектам транспортной инфраструктуры,,,ru,RU
209511670e38,interfax,https://www.interfax.ru/russia/1070501,2026-02-01 00:00:00,Российские военные взяли под контроль села Зелёное и Сухецкое,,,ru,RU
f41627f51323,interfax,https://www.interfax.ru/russia/1070499,2026-02-01 00:00:00,Несколько поездов задерживаются в Мордовии из-за непогоды,,,ru,RU
90d5929ff123,interfax,https://www.interfax.ru/world/1070498,2026-02-01 00:00:00,"Аятолла Хаменеи предупредил, что удар США по Ирану приведет к региональной войне",,,ru,RU
baa0021a66e4,interfax,https://www.interfax.ru/world/1070497,2026-02-01 00:00:00,Иран будет считать армии стран ЕС террористическими группами,,,ru,RU
7d381dd1ccdc,interfax,https://www.interfax.ru/russia/1070495,2026-02-01 00:00:00,Администратор сауны в Прокопьевске задержана после гибели пяти подростков,,,ru,RU
bf885ba092ed,interfax,https://www.interfax.ru/world/1070475,2026-02-01 00:00:00,"Иран, РФ и Китай в феврале проведут совместные военно-морские учения",,,ru,RU
7e84ac7ff3d7,interfax,https://www.interfax.ru/world/1070494,2026-02-01 00:00:00,На территории США продолжаются сложные погодные условия,,,ru,RU
5924c96db20c,interfax,https://www.interfax.ru/world/1070488,2026-02-01 00:00:00,Шойгу прибыл в Китай,,,ru,RU
2c5280fe9fde,interfax,https://www.interfax.ru/world/1070485,2026-02-01 00:00:00,Трамп назвал серьезными переговоры с Ираном,,,ru,RU
e081048b4e6a,interfax,https://www.interfax.ru/world/1070486,2026-02-01 00:00:00,"Что случилось этой ночью: воскресенье, 1 февраля",,,ru,RU
2a1e3d0e7489,interfax,https://www.interfax.ru/world/1070484,2026-02-01 00:00:00,"Трамп считает, что близок к соглашению по Гренландии",,,ru,RU
9b423b8780d0,interfax,https://www.interfax.ru/russia/1070482,2026-02-01 00:00:00,Камчатский вулкан Шивелуч выбросил шестикилометровый столб пепла,,,ru,RU
8fb32f6d7641,interfax,https://www.interfax.ru/world/1070481,2026-02-01 00:00:00,"Трамп заявил, что Индия будет покупать нефть у Венесуэлы, а не у Ирана",,,ru,RU
996cac785aa4,interfax,https://www.interfax.ru/russia/1070480,2026-02-01 00:00:00,"Два землетрясения магнитудой 4,8 и 4,7 произошли возле Курил",,,ru,RU
e57be54cf121,interfax,https://www.interfax.ru/russia/1070479,2026-02-01 00:00:00,Пожар в мебельном цехе Владивостока потушили,,,ru,RU
5bf7d44c507e,interfax,https://www.interfax.ru/business/1070492,2026-02-01 00:00:00,Белоруссия с 1 февраля повысила тариф на транзит нефти почти на 10%,,,ru,RU
826f1d67e6b9,interfax,https://www.interfax.ru/russia/1070522,2026-02-01 00:00:00,Женщина пострадала при ракетном обстреле Белгорода,,,ru,RU
a4c952675d01,interfax,https://www.interfax.ru/russia/1070483,2026-02-01 00:00:00,Минобороны РФ заявило о нейтрализации за ночь 21 дрона ВСУ,,,ru,RU
590ccf728972,interfax,https://www.interfax.ru/business/1070525,2026-02-01 00:00:00,Страны ОПЕК+ договорились сохранить объемы добычи на март на уровне декабря,,,ru,RU
4a7ccda3e81d,interfax,https://www.interfax.ru/russia/1070524,2026-02-01 00:00:00,Аэропорты Краснодара и Геленджика временно не обслуживают рейсы,,,ru,RU
59c570b0dd29,interfax,https://www.interfax.ru/russia/1070540,2026-02-01 00:00:00,"Дрон атаковал грузовик в Белгородской области, ранен водитель",,,ru,RU
f86573d8bc6e,interfax,https://www.interfax.ru/russia/1070539,2026-02-01 00:00:00,Ограничения введены в аэропортах Владикавказа и Магаса,,,ru,RU
ae2a0dccc5f6,interfax,https://www.interfax.ru/world/1070537,2026-02-01 00:00:00,"Axios пишет, что Вашингтон дал знать Тегерану, что согласен на переговоры",,,ru,RU
07b6692c2d3b,interfax,https://www.interfax.ru/russia/1070535,2026-02-01 00:00:00,В Славянске-на-Кубани поврежден многоквартирный дом после атаки БПЛА,,,ru,RU
4b65b4cc7d28,interfax,https://www.interfax.ru/world/1070534,2026-02-01 00:00:00,Глава МИД Ирана верит в возможность результативных переговоров с США,,,ru,RU
e48688735492,interfax,https://www.interfax.ru/russia/1070491,2026-02-01 00:00:00,"Что произошло за день: воскресенье, 1 февраля",,,ru,RU
60c028dcfcbb,interfax,https://www.interfax.ru/russia/1070536,2026-02-01 00:00:00,"""Россети Северо-Запад"" модернизируют инфраструктуру электросетей в Мурманской области",,,ru,RU
20b12ae41ab4,interfax,https://www.interfax.ru/business/1070532,2026-02-01 00:00:00,Александр Новак связал высокую волатильность нефтяного рынка с Венесуэлой и Ираном,,,ru,RU
b4c1410948b0,interfax,https://www.interfax.ru/russia/1070530,2026-02-01 00:00:00,Три пассажирских поезда задерживаются из-за схода вагонов в Кировской области,,,ru,RU
2c4376fd4eed,interfax,https://www.interfax.ru/world/1070529,2026-02-01 00:00:00,"Шойгу заявил, что Москва и Пекин не потерпят попытки Запада внести разлад между РФ и КНР",,,ru,RU
2d8a06183dbf,interfax,https://www.interfax.ru/business/1070528,2026-02-01 00:00:00,Комитет ОПЕК+ отметил общее исполнение сделки в ноябре-декабре,,,ru,RU
33f128bb0e03,interfax,https://www.interfax.ru/russia/1070527,2026-02-01 00:00:00,Свыше 20 грузовых вагонов сошли с путей в Кировской области,,,ru,RU
7a474d0e7fb2,interfax,https://www.interfax.ru/world/1070526,2026-02-01 00:00:00,СМИ узнали о визите главы Генштаба ЦАХАЛ в США для обсуждения операции против Ирана,,,ru,RU
62b5cc36c22e,interfax,https://www.interfax.ru/russia/1070533,2026-02-01 00:00:00,"""Оспа обезьян"" подтвердилась у пациента, доставленного в Домодедовскую больницу",,,ru,RU
e17b34c30e88,interfax,https://www.interfax.ru/world/1070684,2026-02-02 00:00:00,Неформальный саммит ЕС 12 февраля будет посвящен единому рынку,,,ru,RU
4da4df607a66,interfax,https://www.interfax.ru/world/1070677,2026-02-02 00:00:00,В ЕК сочли некорректным сравнение зависимости ЕС от газа РФ с газовым импортом из США,,,ru,RU
54b16ce75983,interfax,https://www.interfax.ru/russia/1070679,2026-02-02 00:00:00,Десять детей отравились угарным газом в частном детсаду в Дагестане,,,ru,RU
ba9d8b92f1ea,interfax,https://www.interfax.ru/russia/1070680,2026-02-02 00:00:00,В ГД внесли проект закона о снятии ограничений на продажу конфискованного жилья,,,ru,RU
9c984990d8c5,interfax,https://www.interfax.ru/russia/1070681,2026-02-02 00:00:00,Суд оставил в СИЗО обвиняемую в убийстве экс-мэра Самары и его жены,,,ru,RU
dff2a90d0771,interfax,https://www.interfax.ru/russia/1070682,2026-02-02 00:00:00,"Смоленская область будет использовать цифровые решения ""Интерфакса"" для совершенствования экономической политики",,,ru,RU
113db781f568,interfax,https://www.interfax.ru/business/1070683,2026-02-02 00:00:00,Продажи новых легковых автомобилей и LCV в РФ снизились на 9% в январе,,,ru,RU
7d18ab7ac942,interfax,https://www.interfax.ru/world/1070685,2026-02-02 00:00:00,Сурок Фил предсказал американцам продолжение зимы,,,ru,RU
00cedf69834d,interfax,https://www.interfax.ru/business/1070695,2026-02-02 00:00:00,"Экспорт рыбы из РФ в 2025 г. был в три раза больше импорта и в 1,5 раза дешевле",,,ru,RU
b0040b6714e3,interfax,https://www.interfax.ru/russia/1070688,2026-02-02 00:00:00,"Минюст потребовал признать экстремистским объединением ""Российскую ЛГБТ-сеть""",,,ru,RU
ff595f98ebec,interfax,https://www.interfax.ru/world/1070690,2026-02-02 00:00:00,Суд признал российского капитана судна Solong виновным в гибели члена экипажа,,,ru,RU
39f8e669b179,interfax,https://www.interfax.ru/world/1070691,2026-02-02 00:00:00,Иностранные граждане при въезде в Белоруссию будут проходить дактилоскопию,,,ru,RU
2744bd6f6841,interfax,https://www.interfax.ru/russia/1070692,2026-02-02 00:00:00,Проезд всех видов транспорта приостановлен на участке Военно-Грузинской дороги,,,ru,RU
d5ffe9c2b6e7,interfax,https://www.interfax.ru/business/1070694,2026-02-02 00:00:00,Рубль в понедельник снизился в паре с юанем на фоне обвала цен на нефть,,,ru,RU
3d8c9eabd831,interfax,https://www.interfax.ru/moscow/1070693,2026-02-02 00:00:00,Метрополитен Москвы объяснил досмотр телефонов в метро случаями необходимости,,,ru,RU
4ae0822cf8f1,interfax,https://www.interfax.ru/world/1070676,2026-02-02 00:00:00,"Bloomberg сообщил, что ЕС может запретить импорт платины и меди из РФ",,,ru,RU
844bde800043,interfax,https://www.interfax.ru/russia/1070698,2026-02-02 00:00:00,Депутаты предложили отменить ценовой барьер для продажи конфискованных за коррупцию квартир,,,ru,RU
d24a596a46f4,interfax,https://www.interfax.ru/russia/1070697,2026-02-02 00:00:00,"Генкомпании начали договариваться с ""Россетями"" по платежам на Северном Кавказе на I полугодие",,,ru,RU
03afeb275e8d,interfax,https://www.interfax.ru/world/1070686,2026-02-02 00:00:00,"Axios узнал, что США и Иран проведут переговоры по ядерному вопросу в пятницу",,,ru,RU
046d96b1c087,interfax,https://www.interfax.ru/world/1070675,2026-02-02 00:00:00,Китай в 2025 году остался крупнейшим судостроителем в мире 16-й год подряд,,,ru,RU
dc33f8c6441e,interfax,https://www.interfax.ru/world/1070664,2026-02-02 00:00:00,Регламент ЕС по полному отказу от газа из РФ вступит в силу 3 февраля,,,ru,RU
3c1f254cec9b,interfax,https://www.interfax.ru/world/1070671,2026-02-02 00:00:00,Сына кронпринцессы Норвегии арестовали по подозрению в 38 преступлениях,,,ru,RU
a9bd712549bf,interfax,https://www.interfax.ru/business/1070651,2026-02-02 00:00:00,"Полномочия Хмарина во главе ""РусГидро"" продлены в статусе и.о.",,,ru,RU
72c830258dd1,interfax,https://www.interfax.ru/business/1070653,2026-02-02 00:00:00,Flacks Group заинтересовалась покупкой проблемной British Steel,,,ru,RU
96fe69826989,interfax,https://www.interfax.ru/world/1070654,2026-02-02 00:00:00,Силы безопасности Сирии в рамках договоренностей с курдами направляются к контролируемым ими городам,,,ru,RU
cbf3f2405dca,interfax,https://www.interfax.ru/business/1070656,2026-02-02 00:00:00,Золото обогнало биткойн по волатильности за последние 30 сессий,,,ru,RU
a8bfb5c69221,interfax,https://www.interfax.ru/moscow/1070655,2026-02-02 00:00:00,В Москве электротрамваи могут ходить реже из-за льда на реке,,,ru,RU
e1a7127ae804,interfax,https://www.interfax.ru/world/1070657,2026-02-02 00:00:00,Британский МИД отзывает аккредитацию у российского дипломата,,,ru,RU
36a6aeddc0d1,interfax,https://www.interfax.ru/world/1070658,2026-02-02 00:00:00,Выборы в палестинский парламент запланированы на 1 ноября,,,ru,RU
a85cabce70fe,interfax,https://www.interfax.ru/world/1070661,2026-02-02 00:00:00,Уиткофф намерен принять участие в переговорах РФ и Украины на этой неделе,,,ru,RU
186d99e4aacc,interfax,https://www.interfax.ru/russia/1070674,2026-02-02 00:00:00,Лавров выразил главе МИД Кубы готовность РФ продолжать оказывать поддержку Гаване,,,ru,RU
78681521ae40,interfax,https://www.interfax.ru/world/1070660,2026-02-02 00:00:00,Казахстан принял решение о строительстве второй АЭС,,,ru,RU
e2d9ad414d2e,interfax,https://www.interfax.ru/business/1070662,2026-02-02 00:00:00,"Equinor продаст часть активов в Аргентине за $1,1 млрд",,,ru,RU
45598ee36986,interfax,https://www.interfax.ru/russia/1070663,2026-02-02 00:00:00,Экс-замглавы Минстроя Дагестана осужден заочно по делу о хищении 300 млн рублей,,,ru,RU
056464011fa0,interfax,https://www.interfax.ru/world/1070699,2026-02-02 00:00:00,"Трамп заявил, что обсудил с Моди украинский конфликт",,,ru,RU
1a53748fd796,interfax,https://www.interfax.ru/russia/1070666,2026-02-02 00:00:00,В 2026-2027 годах пройдут Годы российско-китайского сотрудничества в области образования,,,ru,RU
96132f1309eb,interfax,https://www.interfax.ru/business/1070669,2026-02-02 00:00:00,В Госдуме пообещали устранить перегибы в банковских блокировках,,,ru,RU
fa2c865d9b8f,interfax,https://www.interfax.ru/world/1070667,2026-02-02 00:00:00,Венгрия подала иск в Суд ЕС из-за запрета на импорт российских энергоносителей,,,ru,RU
0ae22f0ccb6f,interfax,https://www.interfax.ru/russia/1070670,2026-02-02 00:00:00,Смоленская АЭС включила в сеть энергоблок №3 после плановых работ,,,ru,RU
abc064502943,interfax,https://www.interfax.ru/russia/1070672,2026-02-02 00:00:00,В Казани из-за снегопада отменили плату за парковку,,,ru,RU
cee4a14c1d62,interfax,https://www.interfax.ru/russia/1070659,2026-02-02 00:00:00,"В РФ выявлены контактировавшие с заболевшим оспой обезьян, за ними ведут меднаблюдение",,,ru,RU
c8a1b4c24247,interfax,https://www.interfax.ru/russia/1070701,2026-02-02 00:00:00,Ксения Шойгу возглавила проектный офис Ангаро-Енисейского РЗМ-кластера,,,ru,RU
ac03f04d4e40,interfax,https://www.interfax.ru/russia/1070665,2026-02-02 00:00:00,В Красноярском крае в ДТП погибли четверо детей и взрослый,,,ru,RU
5f911539f969,interfax,https://www.interfax.ru/world/1070700,2026-02-02 00:00:00,Трамп объявил о торговом соглашении с Индией,,,ru,RU
0e52926f0cb4,interfax,https://www.interfax.ru/world/1070719,2026-02-02 00:00:00,Утечка водорода привела к приостановке заправки ракеты NASA на репетиции запуска,,,ru,RU
4dfc27d4c9b4,interfax,https://www.interfax.ru/russia/1070718,2026-02-02 00:00:00,Опоздания поездов сохраняются на нескольких направлениях МЖД,,,ru,RU
18dfa54fc5aa,interfax,https://www.interfax.ru/world/1070717,2026-02-02 00:00:00,В ЕС напомнили о недопустимости посягательств на изменение границ сектора Газа,,,ru,RU
291675f0ab85,interfax,https://www.interfax.ru/world/1070715,2026-02-02 00:00:00,МИД РФ осуждает нападение террористов на международный аэропорт в Нигере,,,ru,RU
15cef436d1ce,interfax,https://www.interfax.ru/world/1070714,2026-02-02 00:00:00,Иранский беспилотник провел разведку в районе нахождения авианосца ВМС США в Аравийском море,,,ru,RU
d6713048367d,interfax,https://www.interfax.ru/russia/1070713,2026-02-02 00:00:00,"Детсад в Дагестане, где дети отравились газом, подключен к газопроводу незаконно",,,ru,RU
ff963116258b,interfax,https://www.interfax.ru/russia/1070712,2026-02-02 00:00:00,ЕС объявил о развертывании своей миссии пограничной помощи EUBAM в Рафахе,,,ru,RU
4661a945bf24,interfax,https://www.interfax.ru/world/1070711,2026-02-02 00:00:00,"Трамп вновь заявил, что никогда не был на острове Эпштейна",,,ru,RU
1d2d8acf0777,interfax,https://www.interfax.ru/russia/1070696,2026-02-02 00:00:00,"Что произошло за день: понедельник, 2 февраля",,,ru,RU
54db82b0d92e,interfax,https://www.interfax.ru/world/1070709,2026-02-02 00:00:00,Импортерам газа в ЕС после запрета закупок из РФ нужно получать предварительное разрешение,,,ru,RU
c11948de49e6,interfax,https://www.interfax.ru/world/1070707,2026-02-02 00:00:00,Американский и израильский военные корабли провели учения в Красном море,,,ru,RU
db5369f6b7c9,interfax,https://www.interfax.ru/russia/1070708,2026-02-02 00:00:00,Мужчина погиб в Запорожской области при атаке украинского БПЛА,,,ru,RU
a548027821f3,interfax,https://www.interfax.ru/russia/1070705,2026-02-02 00:00:00,МИД РФ подтвердил свою поддержку конституционным властям Венесуэлы,,,ru,RU
39abbbf63316,interfax,https://www.interfax.ru/russia/1070704,2026-02-02 00:00:00,МИД будет рассматривать западную военную инфраструктуру на Украине как интервенцию с прямой угрозой РФ,,,ru,RU
26517a330c02,interfax,https://www.interfax.ru/russia/1070703,2026-02-02 00:00:00,МИД сообщил о почти беспрерывном диалоге между РФ и США на различных уровнях,,,ru,RU
052af9a76196,interfax,https://www.interfax.ru/russia/1070702,2026-02-02 00:00:00,Военные РФ и Мьянмы обсудили развитие двустороннего взаимодействия,,,ru,RU
8192d09e4283,interfax,https://www.interfax.ru/world/1070710,2026-02-02 00:00:00,ЕК выступает за мораторий на добычу углеводородов в Арктике,,,ru,RU
203dba0d3fe5,interfax,https://www.interfax.ru/moscow/1070882,2026-02-03 00:00:00,Уточнены сроки проведения Московской недели моды в марте,,,ru,RU
86aa40658bff,interfax,https://www.interfax.ru/russia/1070883,2026-02-03 00:00:00,Минобороны сообщило о российско-камбоджийских переговорах по военному сотрудничеству,,,ru,RU
a22138677efc,interfax,https://www.interfax.ru/world/1070884,2026-02-03 00:00:00,Генпрокуратура Франции попросит суд оставить запрет на участие Ле Пен в выборах,,,ru,RU
0bc1bb2e7d10,interfax,https://www.interfax.ru/russia/1070885,2026-02-03 00:00:00,Первый замглавы Сергиева Посада стал фигурантом дела о взятках,,,ru,RU
2a4a2a8f7e63,interfax,https://www.interfax.ru/business/1070887,2026-02-03 00:00:00,Подрядчик реконструкции в Домодедово подал иск на 725 млн руб. к структуре Росавиации,,,ru,RU
2d89894910c6,interfax,https://www.interfax.ru/business/1070888,2026-02-03 00:00:00,Банк России отметил рост экономической активности в IV квартале,,,ru,RU
7493ded6642d,interfax,https://www.interfax.ru/russia/1070886,2026-02-03 00:00:00,"ВС РФ направил на новое рассмотрение иск ЖСК, которому отказали во взыскании 128 млн необоснованного аванса",,,ru,RU
b4e49d18e304,interfax,https://www.interfax.ru/russia/1070890,2026-02-03 00:00:00,Миронов предложил обеспечивать россиян жильем через строительные сберкассы,,,ru,RU
3a62e23934a8,interfax,https://www.interfax.ru/business/1070897,2026-02-03 00:00:00,Рубль во вторник упал в паре с юанем,,,ru,RU
eb75ef6f464a,interfax,https://www.interfax.ru/business/1070891,2026-02-03 00:00:00,Вторичные эффекты от январской инфляции потребуют от Банка России осторожности со ставкой,,,ru,RU
b06b960a2dd7,interfax,https://www.interfax.ru/business/1070896,2026-02-03 00:00:00,Инвестиции нерезидентов в ОФЗ в декабре выросли на 37 млрд рублей,,,ru,RU
0ebbe1b26bc0,interfax,https://www.interfax.ru/russia/1070878,2026-02-03 00:00:00,"Марокко выдало РФ россиянина, который был ""шариатским судьей"" у террористов в Сирии",,,ru,RU
c9399fc108c5,interfax,https://www.interfax.ru/russia/1070898,2026-02-03 00:00:00,Обвиняемого в убийстве девятилетнего мальчика арестовали в Петербурге,,,ru,RU
6f7765078cae,interfax,https://www.interfax.ru/world/1070899,2026-02-03 00:00:00,В Испании намерены запретить детям младше 16 лет использовать соцсети,,,ru,RU
8c7724b74ad8,interfax,https://www.interfax.ru/business/1070901,2026-02-03 00:00:00,"Путин заявил, что рост ВВП РФ в 2025 году замедлился до 1%",,,ru,RU
ce59c1f2d198,interfax,https://www.interfax.ru/business/1070902,2026-02-03 00:00:00,"Президент РФ ожидает, что влияние повышения НДС на рост цен будет краткосрочным",,,ru,RU
396ee2aec76e,interfax,https://www.interfax.ru/russia/1070900,2026-02-03 00:00:00,"Что произошло за день: вторник, 3 февраля",,,ru,RU
11eeacbd8ebf,interfax,https://www.interfax.ru/world/1070905,2026-02-03 00:00:00,Axios узнал о требовании Ирана изменить место и формат переговоров с США,,,ru,RU
35002272608a,interfax,https://www.interfax.ru/world/1070889,2026-02-03 00:00:00,"ЕК заявила, что учла специфические проблемы стран ЕС при подготовке регламента об отказе от газа РФ",,,ru,RU
e9d4542cd562,interfax,https://www.interfax.ru/russia/1070879,2026-02-03 00:00:00,Аномально холодная погода сохранится в ближайшие дни в регионах ЦФО,,,ru,RU
3fe8a3ef14fb,interfax,https://www.interfax.ru/russia/1070874,2026-02-03 00:00:00,В Белгородской области ранены два человека,,,ru,RU
85a41ffbddf5,interfax,https://www.interfax.ru/russia/1070875,2026-02-03 00:00:00,Учитель уфимской гимназии получил ссадину в результате нападения ученика,,,ru,RU
3b5708d7a776,interfax,https://www.interfax.ru/world/1070855,2026-02-03 00:00:00,Уиткофф прибыл в Израиль для встречи с Нетаньяху,,,ru,RU
b08703261d1a,interfax,https://www.interfax.ru/world/1070854,2026-02-03 00:00:00,Axios сообщил о скепсисе в Белом доме относительно эффективности военной операции в Иране,,,ru,RU
05fd08f6b7c8,interfax,https://www.interfax.ru/russia/1070858,2026-02-03 00:00:00,Умерла советский диктор и телеведущая Светлана Жильцова,,,ru,RU
4d685d666706,interfax,https://www.interfax.ru/business/1070859,2026-02-03 00:00:00,Минфин РФ 4 февраля проведет аукционы по размещению ОФЗ 26253 и 26251,,,ru,RU
30b8d40d2fad,interfax,https://www.interfax.ru/world/1070863,2026-02-03 00:00:00,Макрон сообщил о подготовке на техническом уровне разговора с Путиным,,,ru,RU
c4bcb91688eb,interfax,https://www.interfax.ru/russia/1070861,2026-02-03 00:00:00,Стрелявший в гимназии в Уфе подросток объяснил свои действия желанием припугнуть,,,ru,RU
8bbf2511f407,interfax,https://www.interfax.ru/business/1070862,2026-02-03 00:00:00,Казахстан в январе удвоил поставки нефти в Германию,,,ru,RU
ac61278e170a,interfax,https://www.interfax.ru/business/1070866,2026-02-03 00:00:00,"""Аэрофлот"" в 2025 году нарастил выручку по РСБУ на 6,7%",,,ru,RU
c861e5b675ee,interfax,https://www.interfax.ru/business/1070880,2026-02-03 00:00:00,Стивен Миран предложил ФРС снизить ставку в 2026 году более чем на 100 б.п.,,,ru,RU
a5f5b2d4fe2c,interfax,https://www.interfax.ru/culture/1070865,2026-02-03 00:00:00,"""Подписные издания"" откроются в Москве в Музее русского импрессионизма",,,ru,RU
96a5bc0907f6,interfax,https://www.interfax.ru/russia/1070864,2026-02-03 00:00:00,"Направлено в суд дело экс-губернатора Курской области Смирнова о взятках на 20 млн рублей, в период когда он был замглавы региона",,,ru,RU
e4e74fa175b5,interfax,https://www.interfax.ru/russia/1070868,2026-02-03 00:00:00,"Володин заявил, что у россиян больше всего вопросов к правительству по теме ЖКХ",,,ru,RU
f3caffa7f99a,interfax,https://www.interfax.ru/world/1070906,2026-02-03 00:00:00,Иранские катера попытались задержать американский танкер в Ормузском проливе,,,ru,RU
71d97d82c54c,interfax,https://www.interfax.ru/world/1070871,2026-02-03 00:00:00,ЕС намерен обновить свою стратегию для Арктики в связи с нарастанием угроз,,,ru,RU
8404fcdd0ed2,interfax,https://www.interfax.ru/world/1070870,2026-02-03 00:00:00,Норвегия закупит у Южной Кореи дальнобойные наземные системы,,,ru,RU
2a24ce6329d6,interfax,https://www.interfax.ru/business/1070872,2026-02-03 00:00:00,РФ в 2025 году получила рекордную выручку в $117 млн от экспорта кефира и йогуртов,,,ru,RU
6e7a392d41ca,interfax,https://www.interfax.ru/business/1070873,2026-02-03 00:00:00,Суд удовлетворил иск об обращении связанных с бизнесменом Гайсиным юрлиц в доход РФ,,,ru,RU
23feeafd27af,interfax,https://www.interfax.ru/business/1070876,2026-02-03 00:00:00,Новым CEO Disney станет Джош Д'Амаро,,,ru,RU
bb22ee10ff52,interfax,https://www.interfax.ru/world/1070867,2026-02-03 00:00:00,"В Индии заявили, что переговоры по торговому соглашению с США еще продолжаются",,,ru,RU
ee9d8c2990d0,interfax,https://www.interfax.ru/russia/1070869,2026-02-03 00:00:00,Путин обсудил с саудовским наследным принцем добычу нефти и двустороннее сотрудничество,,,ru,RU
e58976faaafa,interfax,https://www.interfax.ru/russia/1070907,2026-02-03 00:00:00,Объект инфраструктуры серьезно поврежден ракетным ударом в Белгороде,,,ru,RU
b34d491e205a,interfax,https://www.interfax.ru/business/1070910,2026-02-03 00:00:00,"В VK сообщили об отсутствии планов по продаже доли в ""Точке""",,,ru,RU
5a2a21319936,interfax,https://www.interfax.ru/russia/1070908,2026-02-03 00:00:00,"Дома начали подключать к теплу в иркутском Бодайбо, где произошла авария в мороз",,,ru,RU
02397dce4bdd,interfax,https://www.interfax.ru/russia/1070926,2026-02-03 00:00:00,Крымский мост закрыли для автотранспорта,,,ru,RU
0afc5debd592,interfax,https://www.interfax.ru/world/1070925,2026-02-03 00:00:00,SpaceX приостановила запуски ракет Falcon 9 из-за неполадок в работе верхней ступени,,,ru,RU
d60e31e08c03,interfax,https://www.interfax.ru/world/1070924,2026-02-03 00:00:00,Премьер Израиля призвал Уиткоффа не верить Ирану,,,ru,RU
bb156331c7c3,interfax,https://www.interfax.ru/russia/1070921,2026-02-03 00:00:00,Мужчина ранен при атаке БПЛА на Белгородскую область,,,ru,RU
b038f621219c,interfax,https://www.interfax.ru/world/1070920,2026-02-03 00:00:00,"Палата представителей США одобрила законопроект, прекращающий шатдаун",,,ru,RU
b1dc33527b5b,interfax,https://www.interfax.ru/world/1070918,2026-02-03 00:00:00,"Эстонские власти задержали контейнеровоз, направлявшийся в РФ",,,ru,RU
0e1cc05cdb44,interfax,https://www.interfax.ru/moscow/1070923,2026-02-03 00:00:00,"В Москве задержали двух подозреваемых в убийстве в Пензенской области, один из них погиб",,,ru,RU
75ce4a706df5,interfax,https://www.interfax.ru/world/1070915,2026-02-03 00:00:00,НАТО готовит оборонную миссию в Арктике на фоне событий вокруг Гренландии,,,ru,RU
d518e2bb60c4,interfax,https://www.interfax.ru/russia/1070914,2026-02-03 00:00:00,Энергосистема повреждена в результате ракетного удара по Белгороду,,,ru,RU
a6d9dc65f3ce,interfax,https://www.interfax.ru/world/1070913,2026-02-03 00:00:00,Американский истребитель сбил иранский дрон над Аравийским морем,,,ru,RU
aee8816ce83f,interfax,https://www.interfax.ru/business/1070911,2026-02-03 00:00:00,Glencore может продать 40% в своих медных активах в ДР Конго консорциуму Orion,,,ru,RU
34fac6498c75,interfax,https://www.interfax.ru/world/1070912,2026-02-03 00:00:00,Еврокомиссия отреагировала на расследование во Франции в отношении соцсети Х,,,ru,RU
4991dc6f4702,interfax,https://www.interfax.ru/world/1070909,2026-02-03 00:00:00,"Глава ФРБ Ричмонда заявил о ""последнем этапе"" на пути возвращения инфляции к 2%",,,ru,RU
99cf8c73e516,interfax,https://www.interfax.ru/world/1070917,2026-02-03 00:00:00,Небензя выразил генсеку ООН озабоченность в связи с его заявлением о праве народов на самоопределение,,,ru,RU
756ecc7b9c40,interfax,https://www.interfax.ru/world/1071116,2026-02-04 00:00:00,"Рубио допустил, что Трамп выскажется по поводу ДСНВ",,,ru,RU
e43b3d54edb8,interfax,https://www.interfax.ru/business/1071084,2026-02-04 00:00:00,"Отели Кубани подняли цены на лето на 3-5%, в Крыму - на 15-20%",,,ru,RU
9c3d6e25ae98,interfax,https://www.interfax.ru/russia/1071082,2026-02-04 00:00:00,Союз писателей России и Союз театральных деятелей договорились о сотрудничестве,,,ru,RU
d112a710a76e,interfax,https://www.interfax.ru/world/1071111,2026-02-04 00:00:00,"Запасы нефти в США снизились на 3,46 млн баррелей, сильнее прогноза",,,ru,RU
f4c077e69169,interfax,https://www.interfax.ru/world/1071112,2026-02-04 00:00:00,США и Иран согласовали условия пятничных переговоров в Омане,,,ru,RU
35930551e76f,interfax,https://www.interfax.ru/business/1071113,2026-02-04 00:00:00,Аукцион по размещению ОФЗ 26251 признан несостоявшимся,,,ru,RU
c10471168a86,interfax,https://www.interfax.ru/world/1071115,2026-02-04 00:00:00,"Трамп заявил, что обсудил с Си Цзиньпином Украину, Иран и торговлю",,,ru,RU
c2131548da58,interfax,https://www.interfax.ru/business/1071118,2026-02-04 00:00:00,"Цены на бензин в РФ с 27 января по 2 февраля выросли на 0,11%, с начала года – на 1,42%",,,ru,RU
0e681cb90b40,interfax,https://www.interfax.ru/business/1071126,2026-02-04 00:00:00,"Акции ""Самолета"" падают более чем на 5% на новостях об обращении компании за господдержкой",,,ru,RU
525745dd1685,interfax,https://www.interfax.ru/business/1071119,2026-02-04 00:00:00,"Долги по зарплате в России в декабре выросли на 14,5%",,,ru,RU
9cf3335ca66c,interfax,https://www.interfax.ru/world/1071121,2026-02-04 00:00:00,ФАС изучит формирование цен на наиболее востребованные виды хлеба,,,ru,RU
33cad58b00cc,interfax,https://www.interfax.ru/business/1071122,2026-02-04 00:00:00,Рубль подорожал к юаню благодаря планам Минфина лишь слегка снизить продажу валюты,,,ru,RU
eb2cb79fe478,interfax,https://www.interfax.ru/business/1071123,2026-02-04 00:00:00,"Шохин ждет от ЦБ снижения ставки ""маленькими шажками"" в 0,5 п.п. минимум до апреля",,,ru,RU
7f30764cf813,interfax,https://www.interfax.ru/business/1071124,2026-02-04 00:00:00,"Девелопер ""Самолет"" обратился за господдержкой на 50 млрд рублей",,,ru,RU
f8ef4deb12bb,interfax,https://www.interfax.ru/russia/1071125,2026-02-04 00:00:00,Оверчук отметил активизацию перераспределения торговых потоков из-за неопределенности политики США,,,ru,RU
4abec9c2b046,interfax,https://www.interfax.ru/world/1071086,2026-02-04 00:00:00,Сийярто раскритиковал политику Запада в отношении России и Украины,,,ru,RU
5510ba2bfcac,interfax,https://www.interfax.ru/business/1071127,2026-02-04 00:00:00,"Доля отечественных семян в АПК РФ в 2025 году достигла 69,3%",,,ru,RU
0e658a3507eb,interfax,https://www.interfax.ru/world/1071128,2026-02-04 00:00:00,"ЕК открыла расследование о возможности госпомощи проекту венгерской АЭС ""Пакш-2""",,,ru,RU
bd4d6dccec17,interfax,https://www.interfax.ru/business/1071120,2026-02-04 00:00:00,"Рост цен на огурцы в РФ за неделю ускорился до 6,3%, с начала года составил 42,9%",,,ru,RU
5ed9ad940f79,interfax,https://www.interfax.ru/russia/1071087,2026-02-04 00:00:00,Подмосковные прокуроры направили в 2025 г. иски о возмещении ущерба от коррупции на 500 млн руб.,,,ru,RU
24c90bf2bafc,interfax,https://www.interfax.ru/business/1071129,2026-02-04 00:00:00,"Цены на гречку в РФ за неделю снизились на 0,1%, на рис – на 0,2%",,,ru,RU
ed54cafb54a4,interfax,https://www.interfax.ru/russia/1071090,2026-02-04 00:00:00,Законопроект о праве ИП закупать алкоголь как сырье поддержан правительством РФ,,,ru,RU
628bafe7c4b4,interfax,https://www.interfax.ru/business/1071109,2026-02-04 00:00:00,Спрос на фастфуд и готовую еду в Москве растет на фоне спада трафика в общепите,,,ru,RU
630573136eb9,interfax,https://www.interfax.ru/business/1071106,2026-02-04 00:00:00,Опросы ЦБ показали замедление роста экономической активности в регионах РФ в январе,,,ru,RU
1cc3a4eb5e16,interfax,https://www.interfax.ru/world/1071102,2026-02-04 00:00:00,В Саудовской Аравии построят самое высокое здание в мире,,,ru,RU
f19cd8dbf558,interfax,https://www.interfax.ru/russia/1071108,2026-02-04 00:00:00,Восемь поездов задерживаются из-за пожара на станции в Тамбовской области,,,ru,RU
930e4ed223fc,interfax,https://www.interfax.ru/russia/1071107,2026-02-04 00:00:00,"В МИД РФ рассчитывают, что убийство сына Каддафи будет тщательно расследовано",,,ru,RU
b127c6c6082c,interfax,https://www.interfax.ru/world/1071105,2026-02-04 00:00:00,Страны ЕС согласовали правовую основу для предоставления Украине кредита в 90 млрд евро,,,ru,RU
545032d7e48d,interfax,https://www.interfax.ru/business/1071104,2026-02-04 00:00:00,"Заботкин заявил, что изменение ставки ЦБ на 50 б.п. на ближайших заседаниях погоды не делает",,,ru,RU
737499e7dd75,interfax,https://www.interfax.ru/business/1071103,2026-02-04 00:00:00,"Нефтяники в январе впервые за 5 лет остались бы в минусе по демпферу, если бы не перерасчет за сентябрь",,,ru,RU
a15c5350b800,interfax,https://www.interfax.ru/world/1071101,2026-02-04 00:00:00,"Делегации США, России и Украины завершили первый день переговоров в Абу-Даби",,,ru,RU
55fe997b9f16,interfax,https://www.interfax.ru/business/1071100,2026-02-04 00:00:00,"ЦБ назвал ситуацию для экспорта РФ в I квартале более сложной, чем в III-IV кварталах 2025 г.",,,ru,RU
bf1dd459e091,interfax,https://www.interfax.ru/russia/1071098,2026-02-04 00:00:00,Дума в феврале планирует рассмотреть пакет законов о реформе контроля за инсайдом,,,ru,RU
b15f2122cbfe,interfax,https://www.interfax.ru/world/1071099,2026-02-04 00:00:00,Си Цзиньпин провел телефонный разговор с Трампом,,,ru,RU
43240dbf803a,interfax,https://www.interfax.ru/business/1071097,2026-02-04 00:00:00,"Заботкин заявил, что ситуация с инфляцией в ноябре, декабре и январе развивается близко к октябрьскому прогнозу ЦБ",,,ru,RU
8f4ec96942f2,interfax,https://www.interfax.ru/world/1071096,2026-02-04 00:00:00,В Еврокомиссии опровергли обвинения во вмешательстве в выборы в Румынии 2024 г.,,,ru,RU
afa43997de2f,interfax,https://www.interfax.ru/russia/1071095,2026-02-04 00:00:00,Цистерны грузового поезда с бензином сошли с рельсов и загорелись в Тамбовской области,,,ru,RU
80b0d6fd9da9,interfax,https://www.interfax.ru/russia/1071094,2026-02-04 00:00:00,"Организация из ФРГ, работающая с русской диаспорой, признана нежелательной в РФ",,,ru,RU
40096210d533,interfax,https://www.interfax.ru/world/1071093,2026-02-04 00:00:00,"Уиткофф, Кушнер, Дрисколл присутствуют на переговорах по Украине в Абу-Даби",,,ru,RU
35b1df447910,interfax,https://www.interfax.ru/business/1071092,2026-02-04 00:00:00,Цены на уран упали до $92 после недавнего пика,,,ru,RU
771af7a04343,interfax,https://www.interfax.ru/russia/1071091,2026-02-04 00:00:00,Сергей Иванов освобожден от должности спецпредставителя президента РФ,,,ru,RU
9ebd9285e8e5,interfax,https://www.interfax.ru/russia/1071089,2026-02-04 00:00:00,В Запорожской области восстановили электроснабжение,,,ru,RU
0a8b334e3e81,interfax,https://www.interfax.ru/russia/1071130,2026-02-04 00:00:00,Возбуждено уголовное дело о пожаре на железнодорожной станции в Тамбовской области,,,ru,RU
ddb9c7a5b251,interfax,https://www.interfax.ru/business/1071085,2026-02-04 00:00:00,Chevron и Power International помогут Сирии в разработке первого месторождения на шельфе,,,ru,RU
cc8bff46f263,interfax,https://www.interfax.ru/world/1071131,2026-02-04 00:00:00,"Рубио полагает, что новости о ходе переговоров по Украине появятся только в случае прорыва",,,ru,RU
7b477f119065,interfax,https://www.interfax.ru/russia/1071061,2026-02-04 00:00:00,"Что произошло за день: среда, 4 февраля",,,ru,RU
062e49435ea5,interfax,https://www.interfax.ru/world/1071151,2026-02-04 00:00:00,Страны Ближнего Востока убедили Трампа не срывать переговоры с Ираном,,,ru,RU
fb6d4eb080b1,interfax,https://www.interfax.ru/world/1071150,2026-02-04 00:00:00,"Глава МИД Ирана заявил, что переговоры с США состоятся в пятницу в Омане",,,ru,RU
ee8997ea7c32,interfax,https://www.interfax.ru/world/1071149,2026-02-04 00:00:00,Штаты готовы сотрудничать с РФ и Китаем для сокращения ядерных арсеналов,,,ru,RU
38319d82f00c,interfax,https://www.interfax.ru/world/1071146,2026-02-04 00:00:00,США продолжают перебрасывать военные грузы на Ближний Восток,,,ru,RU
61d1b63ce9af,interfax,https://www.interfax.ru/russia/1071145,2026-02-04 00:00:00,"Экс-начальник ""Росжилкомплекса"" арестован по подозрению в мошенничестве с жилфондом Минобороны",,,ru,RU
3cbb3f8849ee,interfax,https://www.interfax.ru/russia/1071144,2026-02-04 00:00:00,Из-за инцидента на станции в Тамбовской области отстают от графика 16 поездов,,,ru,RU
b68a6a406eed,interfax,https://www.interfax.ru/world/1071143,2026-02-04 00:00:00,Трамп пригрозил Ирану серьезными мерами в случае возобновления ядерной программы,,,ru,RU
47dfc0eeaec6,interfax,https://www.interfax.ru/russia/1071147,2026-02-04 00:00:00,Более 30 БПЛА сбито над Запорожской областью,,,ru,RU
f76adb5ec0df,interfax,https://www.interfax.ru/russia/1071141,2026-02-04 00:00:00,"Оверчук заявил, что Армении придется выбирать между ЕС и ЕАЭС",,,ru,RU
a1cb03b47c51,interfax,https://www.interfax.ru/world/1071139,2026-02-04 00:00:00,Обвиненный в покушении на Трампа Райан Рут приговорен к пожизненному заключению,,,ru,RU
5a81f56c0530,interfax,https://www.interfax.ru/russia/1071138,2026-02-04 00:00:00,Четыре поезда в сообщении с Крымом задерживаются из-за инцидента в Тамбовской области,,,ru,RU
5dcd39177564,interfax,https://www.interfax.ru/russia/1071135,2026-02-04 00:00:00,Москва заявила о готовности к военно-техническим контрмерам и открытости для диалога по истечении ДСНВ,,,ru,RU
ff1394394b06,interfax,https://www.interfax.ru/russia/1071134,2026-02-04 00:00:00,Пожар на ж/д станции в Тамбовской области затронул 11 цистерн с бензином и пять – с газом,,,ru,RU
ed76f453f313,interfax,https://www.interfax.ru/world/1071133,2026-02-04 00:00:00,Переговоры США и Ирана оказались под угрозой срыва из-за споров о месте их проведения,,,ru,RU
cac107a79cd7,interfax,https://www.interfax.ru/world/1071132,2026-02-04 00:00:00,"Найденное на Кипре тело принадлежит экс-главе ""Уралкалия"" Баумгертнеру",,,ru,RU
37eb202556d0,interfax,https://www.interfax.ru/world/1071142,2026-02-04 00:00:00,"Французские СМИ пишут, что советник Макрона посетил Россию для консультаций",,,ru,RU
2fe114215f71,interfax,https://www.interfax.ru/business/1071314,2026-02-05 00:00:00,"Рубль на ""Мосбирже"" подешевел к юаню вслед за дешевеющей нефтью",,,ru,RU
c3176079da99,interfax,https://www.interfax.ru/russia/1071312,2026-02-05 00:00:00,Правительство отозвало законопроект о расширении инструментов контроля Казначейства,,,ru,RU
a302eb1fccea,interfax,https://www.interfax.ru/russia/1071310,2026-02-05 00:00:00,Дроны атаковали предприятие и ЛЭП в Белгородской области,,,ru,RU
35c2b05cca3c,interfax,https://www.interfax.ru/russia/1071307,2026-02-05 00:00:00,"Швырнувшего малыша об пол в ""Шереметьево"" будут лечить принудительно",,,ru,RU
231f241c1826,interfax,https://www.interfax.ru/business/1071309,2026-02-05 00:00:00,"Индексы МосБиржи и РТС снизились в пределах 1,4%",,,ru,RU
3fc44d2a033d,interfax,https://www.interfax.ru/business/1071308,2026-02-05 00:00:00,Несырьевой неэнергетический экспорт из России в 2025 году составил около $150 млрд,,,ru,RU
600e200801ae,interfax,https://www.interfax.ru/russia/1071315,2026-02-05 00:00:00,ФАС начала внеплановые проверки участников топливного рынка,,,ru,RU
8ff793558094,interfax,https://www.interfax.ru/business/1071311,2026-02-05 00:00:00,"ФНБ в январе вырос на 224 млрд рублей до 13,64 трлн рублей",,,ru,RU
7a00be1cf45b,interfax,https://www.interfax.ru/world/1071317,2026-02-05 00:00:00,Эстония с 24 февраля будет закрывать по ночам еще два КПП на границе с Россией,,,ru,RU
d0e1c951b02c,interfax,https://www.interfax.ru/russia/1071326,2026-02-05 00:00:00,Умер бывший главком ВМФ Владимир Куроедов,,,ru,RU
9338b06214d4,interfax,https://www.interfax.ru/russia/1071320,2026-02-05 00:00:00,Мишустин проводит встречу с президентом Бразилии,,,ru,RU
2ffdf2c6d827,interfax,https://www.interfax.ru/moscow/1071319,2026-02-05 00:00:00,МЖД сообщила об опоздании нескольких поездов МЦД,,,ru,RU
ab54b705f38a,interfax,https://www.interfax.ru/russia/1071321,2026-02-05 00:00:00,Россия предложила Бразилии открыть прямое авиасообщение,,,ru,RU
28c79a758a1a,interfax,https://www.interfax.ru/russia/1071324,2026-02-05 00:00:00,Москва и Бразилиа призвали к полному восстановлению прав ЮАР в G20,,,ru,RU
cbb81b8a14c7,interfax,https://www.interfax.ru/culture/1071325,2026-02-05 00:00:00,"""Турандот"" Пуччини представят в Большом театре в конце февраля",,,ru,RU
a1700553689b,interfax,https://www.interfax.ru/russia/1071322,2026-02-05 00:00:00,Решетников выразил готовность наладить в Бразилии производство российских сельхозмашин,,,ru,RU
a9415280380d,interfax,https://www.interfax.ru/russia/1071323,2026-02-05 00:00:00,Россия и Бразилия готовят соглашение о сотрудничестве в сфере кино,,,ru,RU
708797b432ad,interfax,https://www.interfax.ru/russia/1071305,2026-02-05 00:00:00,"Володин и вице-премьер Григоренко обсудили проблемы ""Почты России""",,,ru,RU
c53fa136d822,interfax,https://www.interfax.ru/russia/1071327,2026-02-05 00:00:00,Замглавы МИД Вершинин назвал недопустимым нагнетание напряженности вокруг Ирана,,,ru,RU
c48a31be3c94,interfax,https://www.interfax.ru/digital/1071318,2026-02-05 00:00:00,OpenAI представила платформу Frontier для создания и внедрения ИИ-агентов,,,ru,RU
5f8165a631d8,interfax,https://www.interfax.ru/business/1071306,2026-02-05 00:00:00,Rio Tinto отказалась от слияния с Glencore,,,ru,RU
5c62fb5ca615,interfax,https://www.interfax.ru/russia/1071294,2026-02-05 00:00:00,Глава МИД РФ обвинил европейцев в попытках сорвать переговоры России и США,,,ru,RU
21b2e81a7db2,interfax,https://www.interfax.ru/business/1071302,2026-02-05 00:00:00,Банк России зафиксировал уменьшение финансовых потоков в январе,,,ru,RU
8feb5c0ee280,interfax,https://www.interfax.ru/business/1071277,2026-02-05 00:00:00,Физлица и ИП до открытия счета цифрового рубля должны будут предоставить банку ИНН и СНИЛС,,,ru,RU
eee32174773b,interfax,https://www.interfax.ru/world/1071281,2026-02-05 00:00:00,Мишустин прибыл с визитом в Бразилию,,,ru,RU
c9ad59ecc1fc,interfax,https://www.interfax.ru/world/1071280,2026-02-05 00:00:00,Суд в Лондоне приговорил российского капитана судна Solong к шести годам тюрьмы,,,ru,RU
e658363e459b,interfax,https://www.interfax.ru/russia/1071282,2026-02-05 00:00:00,Ростовский губернатор сообщил об отражении еще одной атаки БПЛА,,,ru,RU
9e4048db131e,interfax,https://www.interfax.ru/world/1071283,2026-02-05 00:00:00,Вице-президент США с женой прибыли в Милан на открытие Олимпиады,,,ru,RU
dbb6054e5595,interfax,https://www.interfax.ru/russia/1071284,2026-02-05 00:00:00,В Мурманской области отменили режим повышенной готовности,,,ru,RU
177b13e5d41d,interfax,https://www.interfax.ru/russia/1071286,2026-02-05 00:00:00,В Тамбовской области полностью потушили пожар на железнодорожной станции,,,ru,RU
397f8d0bb052,interfax,https://www.interfax.ru/world/1071287,2026-02-05 00:00:00,"Axios узнал, что РФ и США готовы еще минимум полгода соблюдать положения ДСНВ",,,ru,RU
01509a9c7de4,interfax,https://www.interfax.ru/business/1071289,2026-02-05 00:00:00,ОПЕК исключила возможность всеобщего доступа к электроэнергии без нефти,,,ru,RU
96a3223d8d6f,interfax,https://www.interfax.ru/business/1071303,2026-02-05 00:00:00,Глава Shell спрогнозировал ежегодный рост спроса на нефть на 1 млн б/с,,,ru,RU
972ce2864fc6,interfax,https://www.interfax.ru/business/1071288,2026-02-05 00:00:00,"Крупнейшие операторы прекратили продажи отелей через ""Яндекс Путешествия""",,,ru,RU
6987856bb770,interfax,https://www.interfax.ru/business/1071291,2026-02-05 00:00:00,Лагард предупредила о возможном замедлении инфляции ниже цели из-за укрепления евро,,,ru,RU
97c05aabc90c,interfax,https://www.interfax.ru/russia/1071293,2026-02-05 00:00:00,В МИД хотели бы видеть Украину дружественной России,,,ru,RU
4a9570705f6f,interfax,https://www.interfax.ru/culture/1071328,2026-02-05 00:00:00,В Александринском театре 9 февраля пройдет гала-концерт звезд мирового балета,,,ru,RU
d7fd74ff0cbc,interfax,https://www.interfax.ru/russia/1071295,2026-02-05 00:00:00,Лавров отметил последовательность позиции России по украинскому урегулированию,,,ru,RU
d2c93f390baf,interfax,https://www.interfax.ru/business/1071298,2026-02-05 00:00:00,Американская REalloys и AltynGroup Kazakhstan будут сотрудничать по редкоземельным металлам,,,ru,RU
903c5e01676e,interfax,https://www.interfax.ru/world/1071297,2026-02-05 00:00:00,"Трамп вновь заявил, что близок к урегулированию украинского конфликта",,,ru,RU
ff1edc616b32,interfax,https://www.interfax.ru/world/1071299,2026-02-05 00:00:00,Премьер-министр Грузии поддержал идею провести дебаты о евроинтеграции,,,ru,RU
39cc97d963a2,interfax,https://www.interfax.ru/world/1071300,2026-02-05 00:00:00,Глава МИД Швейцарии прибыл в Москву вместе с генсеком ОБСЕ,,,ru,RU
3ea86f755839,interfax,https://www.interfax.ru/world/1071301,2026-02-05 00:00:00,Спикер парламента Армении возразил против слов о смене полюса в политике Еревана,,,ru,RU
185a8120e158,interfax,https://www.interfax.ru/russia/1071290,2026-02-05 00:00:00,Лавров заявил о попытках выдавить из Венесуэлы российские нефтекомпании,,,ru,RU
28d7a9164431,interfax,https://www.interfax.ru/russia/1071313,2026-02-05 00:00:00,"Что произошло за день: четверг, 5 февраля",,,ru,RU
4e62011569cc,interfax,https://www.interfax.ru/russia/1071296,2026-02-05 00:00:00,В Шебекинском округе от атак БПЛА пострадали шесть человек,,,ru,RU
3f8c2627a15b,interfax,https://www.interfax.ru/business/1071330,2026-02-05 00:00:00,"Запасы газа в американских ПХГ рекордно упали из-за зимнего шторма ""Ферн""",,,ru,RU
028a0451c210,interfax,https://www.interfax.ru/russia/1071348,2026-02-05 00:00:00,За вечер четверга уничтожены 17 украинских БПЛА,,,ru,RU
3d3550e5daa3,interfax,https://www.interfax.ru/russia/1071347,2026-02-05 00:00:00,"С космодрома Плесецк стартовала ракета ""Союз-2.1б"" с военными спутниками",,,ru,RU
40e28d98eb53,interfax,https://www.interfax.ru/world/1071346,2026-02-05 00:00:00,Глава МИД Ирана направился в Оман на переговоры с США,,,ru,RU
3fdff72914ed,interfax,https://www.interfax.ru/world/1071345,2026-02-05 00:00:00,Трамп выступает за новое соглашение взамен продления ДСНВ,,,ru,RU
3d28a7b1a45a,interfax,https://www.interfax.ru/russia/1071344,2026-02-05 00:00:00,Маршруты поездов отправлением 5 февраля изменили из-за пожара в Тамбовской области,,,ru,RU
dcab82140408,interfax,https://www.interfax.ru/world/1071343,2026-02-05 00:00:00,Трамп высказал поддержку Орбану на предстоящих в Венгрии парламентских выборах,,,ru,RU
0f8915709fda,interfax,https://www.interfax.ru/world/1071342,2026-02-05 00:00:00,США готовы усиливать военное присутствие на американо-британской базе Диего-Гарсия,,,ru,RU
42b5485a3db9,interfax,https://www.interfax.ru/business/1071340,2026-02-05 00:00:00,"""ФосАгро"" в 2025 году увеличила поставки удобрений в страны БРИКС на 20%",,,ru,RU
779919dce8a4,interfax,https://www.interfax.ru/business/1071341,2026-02-05 00:00:00,Андрей Гурьев допустил увеличение российского экспорта удобрений в 2026 году до 46 млн т,,,ru,RU
0477de4c4e58,interfax,https://www.interfax.ru/world/1071329,2026-02-05 00:00:00,Президент Кубы готов к диалогу с США без давления и предварительных условий,,,ru,RU
2c32bee7158e,interfax,https://www.interfax.ru/world/1071337,2026-02-05 00:00:00,Трамп поддержал Санаэ Такаити перед парламентскими выборами в Японии,,,ru,RU
c90990cc84a6,interfax,https://www.interfax.ru/russia/1071338,2026-02-05 00:00:00,Мишустин предложил локализовать в Бразилии производство российских лекарств,,,ru,RU
a7d2ed523219,interfax,https://www.interfax.ru/world/1071336,2026-02-05 00:00:00,Организаторы форума в Давосе проведут расследование после публикации файлов Эпштейна,,,ru,RU
8fae4f9b40a0,interfax,https://www.interfax.ru/world/1071335,2026-02-05 00:00:00,Бессент обусловил новые санкции США против России продвижением переговоров по Украине,,,ru,RU
cb46e27f6710,interfax,https://www.interfax.ru/world/1071333,2026-02-05 00:00:00,В Абу-Даби обсудили действия в случае прекращения огня на Украине,,,ru,RU
82496e139ec5,interfax,https://www.interfax.ru/business/1071334,2026-02-05 00:00:00,"Глава Shell заявил, что Китай и Индия предпочитают покупать СПГ по цене не выше $10 за Mbtu",,,ru,RU
ed68b4972937,interfax,https://www.interfax.ru/russia/1071332,2026-02-05 00:00:00,Житель Белгородского округа получил травму в результате удара БПЛА,,,ru,RU
12c41294495f,interfax,https://www.interfax.ru/russia/1071331,2026-02-05 00:00:00,Минсельхоз распределил основную часть квоты на экспорт зерна между 213 компаниями,,,ru,RU
319fc5738aeb,interfax,https://www.interfax.ru/russia/1071339,2026-02-05 00:00:00,Премьер-министр России пригласил бразильских предпринимателей на ПМЭФ,,,ru,RU
bab7c0130f90,interfax,https://www.interfax.ru/business/1071514,2026-02-06 00:00:00,"Росстат отметил рост производства золота в 2025 году на 11,8%",,,ru,RU
3c624e953b5c,interfax,https://www.interfax.ru/business/1071512,2026-02-06 00:00:00,"Безработица в РФ в декабре выросла до 2,2% с минимальных 2,1% в ноябре",,,ru,RU
48869caaba9d,interfax,https://www.interfax.ru/business/1071511,2026-02-06 00:00:00,"TEPCO 9 февраля снова перезапустит крупнейшую в мире АЭС ""Касивадзаки-Карива""",,,ru,RU
a1e81dcac098,interfax,https://www.interfax.ru/world/1071506,2026-02-06 00:00:00,Проблема Гренландии вызвала усиление неприязни к США в Западной Европе,,,ru,RU
875ff866964b,interfax,https://www.interfax.ru/russia/1071508,2026-02-06 00:00:00,Житель брянского села получил контузию в результате атаки дронов,,,ru,RU
641720ef5974,interfax,https://www.interfax.ru/russia/1071507,2026-02-06 00:00:00,Губернатор взял на контроль ликвидацию аварии на теплотрассе в Смоленске,,,ru,RU
b5e90fb70c69,interfax,https://www.interfax.ru/business/1071513,2026-02-06 00:00:00,"Росстат оценил в 1,0% рост ВВП РФ в 2025 г. после 4,9% в 2024 г.",,,ru,RU
cd144e40a3cd,interfax,https://www.interfax.ru/business/1071510,2026-02-06 00:00:00,Рынок акций РФ завершил неделю снижением,,,ru,RU
0fba45a3bda0,interfax,https://www.interfax.ru/business/1071515,2026-02-06 00:00:00,"Сальдированная прибыль предприятий РФ в январе-ноябре сократилась на 5,5%",,,ru,RU
fc0e162e14f0,interfax,https://www.interfax.ru/business/1071519,2026-02-06 00:00:00,Рубль в пятницу упал в паре с юанем перед выходными днями и на новых санкционных угрозах,,,ru,RU
6a9f8f9cd561,interfax,https://www.interfax.ru/business/1071516,2026-02-06 00:00:00,"Сальдированный убыток угольных компаний в январе-ноябре составил 334,9 млрд рублей",,,ru,RU
b6f322569995,interfax,https://www.interfax.ru/business/1071518,2026-02-06 00:00:00,"Оборот розничной торговли в декабре вырос на 3,9%, в 2025 году – на 2,6%",,,ru,RU
27816b9af3c7,interfax,https://www.interfax.ru/business/1071521,2026-02-06 00:00:00,"Производство СПГ в РФ за 2025 год сократилось на 3,6% до 32,9 млн т",,,ru,RU
eecb464f2eb9,interfax,https://www.interfax.ru/business/1071520,2026-02-06 00:00:00,"В России в 2025 году выпуск легковых автомобилей снизился на 11,8%",,,ru,RU
b29aae501437,interfax,https://www.interfax.ru/business/1071522,2026-02-06 00:00:00,В России в 2025 году добыча газа из-за очень теплой зимы сократилась на 3%,,,ru,RU
77e1eadf674c,interfax,https://www.interfax.ru/business/1071523,2026-02-06 00:00:00,"Реальные располагаемые доходы населения России в 2025 году выросли на 7,4%",,,ru,RU
8cac035437c2,interfax,https://www.interfax.ru/business/1071524,2026-02-06 00:00:00,"Минэкономразвития сообщило об ускорении роста ВВП в декабре до 1,9%",,,ru,RU
7336e69d5382,interfax,https://www.interfax.ru/world/1071505,2026-02-06 00:00:00,Китай ужесточает ограничения для рынка криптовалют и токенизированных активов,,,ru,RU
d667fb3648ab,interfax,https://www.interfax.ru/business/1071517,2026-02-06 00:00:00,"Оборот телеком-операторов РФ в 2025 году вырос на 8,4%",,,ru,RU
e0ab392c2b83,interfax,https://www.interfax.ru/business/1071502,2026-02-06 00:00:00,"В Думе указали на риск ""гонки кредиторов"" при комплексном урегулировании долгов физлиц",,,ru,RU
a357087adacd,interfax,https://www.interfax.ru/world/1071493,2026-02-06 00:00:00,"В ЕК ждут появления условий, необходимых для контактов с президентом России",,,ru,RU
6a36ee295178,interfax,https://www.interfax.ru/world/1071501,2026-02-06 00:00:00,Парламентские выборы в Армении пройдут 7 июня,,,ru,RU
556150c050a7,interfax,https://www.interfax.ru/russia/1071476,2026-02-06 00:00:00,Число задержанных поездов в сообщении с Крымом снизилось с 11 до шести,,,ru,RU
92034faddb56,interfax,https://www.interfax.ru/world/1071479,2026-02-06 00:00:00,В Исламабаде при взрыве в шиитской мечети погиб 31 человек,,,ru,RU
78273fa399d6,interfax,https://www.interfax.ru/business/1071480,2026-02-06 00:00:00,"Международные резервы РФ в январе увеличились до рекордных $833,6 млрд",,,ru,RU
4bddf70fdfc5,interfax,https://www.interfax.ru/russia/1071483,2026-02-06 00:00:00,"В Шебекинском округе при отражении атаки БПЛА ранен боец ""Орлана""",,,ru,RU
d65c6dcd1892,interfax,https://www.interfax.ru/world/1071484,2026-02-06 00:00:00,Заседание Высшего госсовета Союзного государства РФ и Белоруссии пройдет 25 февраля,,,ru,RU
8384f0fee041,interfax,https://www.interfax.ru/russia/1071485,2026-02-06 00:00:00,"Число зарубежных турпоездок россиян выросло на 15,6% в 2025 году",,,ru,RU
b3288b62c879,interfax,https://www.interfax.ru/russia/1071488,2026-02-06 00:00:00,Иноагентом признан Денис Билунов,,,ru,RU
a176f9f5e8d0,interfax,https://www.interfax.ru/russia/1071489,2026-02-06 00:00:00,В Петербурге пресекли торговлю человеческими биоматериалами из морга больницы,,,ru,RU
1052e9bc9d19,interfax,https://www.interfax.ru/business/1071490,2026-02-06 00:00:00,"Petrobras и TotalEnergies приобрели по 42,5% в проекте нефтеразведки на шельфе Намибии",,,ru,RU
46c7ba85f495,interfax,https://www.interfax.ru/world/1071503,2026-02-06 00:00:00,Фон дер Ляйен призвала быстрее утвердить 20-й пакет санкций против РФ,,,ru,RU
fa199ffc235a,interfax,https://www.interfax.ru/business/1071491,2026-02-06 00:00:00,Глава ЕК объявила содержание 20-го пакета санкций в отношении РФ,,,ru,RU
63ff50c277e1,interfax,https://www.interfax.ru/world/1071492,2026-02-06 00:00:00,США и Иран договорились продолжить обсуждение спорных вопросов,,,ru,RU
2e9ee571cbed,interfax,https://www.interfax.ru/russia/1071525,2026-02-06 00:00:00,Росздравнадзор проверит службу патологоанатомов Петербурга,,,ru,RU
ecad5f8203c7,interfax,https://www.interfax.ru/business/1071494,2026-02-06 00:00:00,"""СПБ биржа"" не будет проводить торги 28 февраля и 1 марта",,,ru,RU
750046467602,interfax,https://www.interfax.ru/russia/1071495,2026-02-06 00:00:00,В 2025 году больше половины въездного турпотока в России пришлось на туристов из КНР,,,ru,RU
25c68b2559a4,interfax,https://www.interfax.ru/business/1071487,2026-02-06 00:00:00,"""КАМАЗ"" в 2025 году увеличил чистый убыток по РСБУ в 11 раз до 37 млрд рублей",,,ru,RU
f69fa954a699,interfax,https://www.interfax.ru/culture/1071496,2026-02-06 00:00:00,"В марте в ""Зарядье"" пройдет фестиваль ""Московское барокко""",,,ru,RU
8b3424fe579c,interfax,https://www.interfax.ru/world/1071497,2026-02-06 00:00:00,МИД Эстонии проинформировал Москву о закрытии двух пограничных переходов по ночам,,,ru,RU
b139c5ecb8e6,interfax,https://www.interfax.ru/business/1071499,2026-02-06 00:00:00,"Дефицит федерального бюджета в январе составил 1,7 трлн рублей, или 0,7% ВВП",,,ru,RU
5b5fd05a4a2d,interfax,https://www.interfax.ru/business/1071500,2026-02-06 00:00:00,"Денежная масса в РФ в январе сократилась на 1,2%, годовой темп роста снизился до 9,8%",,,ru,RU
ef78e103e01d,interfax,https://www.interfax.ru/world/1071486,2026-02-06 00:00:00,Компания Илона Маска запускает строительство подземной высокоскоростной транспортной сети в Дубае,,,ru,RU
f3c0d2593f0f,interfax,https://www.interfax.ru/world/1071527,2026-02-06 00:00:00,Глава Voyager усомнился в скором появлении космических дата-центров,,,ru,RU
5ba7699bfda0,interfax,https://www.interfax.ru/russia/1071532,2026-02-06 00:00:00,"Четыре человека погибли в ДТП на рязанском участке трассы М-5 ""Урал""",,,ru,RU
577ac8f15d9c,interfax,https://www.interfax.ru/russia/1071530,2026-02-06 00:00:00,Дело о халатности возбуждено в Петербурге после убийства мальчика,,,ru,RU
8a0d483727c4,interfax,https://www.interfax.ru/world/1071529,2026-02-06 00:00:00,США ввели санкции против 14 иранских танкеров,,,ru,RU
e0771bc53a74,interfax,https://www.interfax.ru/russia/1071549,2026-02-06 00:00:00,Минобороны РФ сообщило об уничтожении вечером 20 украинских дронов,,,ru,RU
e4b496fd90ec,interfax,https://www.interfax.ru/russia/1071546,2026-02-06 00:00:00,Многоквартирный дом загорелся в Астрахани,,,ru,RU
faec067f896a,interfax,https://www.interfax.ru/russia/1071545,2026-02-06 00:00:00,"Названы победители национальной литературной премии ""Слово""",,,ru,RU
900681876eb2,interfax,https://www.interfax.ru/world/1071544,2026-02-06 00:00:00,В Милане началась церемония открытия Олимпийских игр,,,ru,RU
dc4c3ef026e2,interfax,https://www.interfax.ru/business/1071542,2026-02-06 00:00:00,"РФ в 2025 году увеличила выпуск минудобрений на 3,5%",,,ru,RU
7772db1d776c,interfax,https://www.interfax.ru/russia/1071541,2026-02-06 00:00:00,"Думский комитет призвал детально прописать контроль за операциями лиц, связанных с инсайдерами",,,ru,RU
5ffdd25f48c7,interfax,https://www.interfax.ru/russia/1071540,2026-02-06 00:00:00,Дипломаты РФ контактируют с властями Кубы для заправки топливом российских самолетов,,,ru,RU
86aed93c0175,interfax,https://www.interfax.ru/russia/1071543,2026-02-06 00:00:00,Мужчина погиб при атаке БПЛА на машину в Белгородской области,,,ru,RU
815d313d4c5a,interfax,https://www.interfax.ru/russia/1071538,2026-02-06 00:00:00,Фигуранты дела о нелегальной торговле органами умерших людей арестованы в Петербурге,,,ru,RU
fbe910c35b34,interfax,https://www.interfax.ru/world/1071537,2026-02-06 00:00:00,Тегеран на переговорах с Вашингтоном отказался прекратить обогащение урана,,,ru,RU
af15481685a5,interfax,https://www.interfax.ru/russia/1071531,2026-02-06 00:00:00,"Что произошло за день: пятница, 6 февраля",,,ru,RU
684ea5c0a69b,interfax,https://www.interfax.ru/business/1071536,2026-02-06 00:00:00,"""Газпром"" взял на себя нагрузку компенсации погодной волатильности рынка газа РФ в 2025 году",,,ru,RU
8db20edd8847,interfax,https://www.interfax.ru/russia/1071535,2026-02-06 00:00:00,В Иркутской области ввели региональный режим ЧС из-за аварии ЖКХ в Бодайбо,,,ru,RU
92d621c41208,interfax,https://www.interfax.ru/world/1071534,2026-02-06 00:00:00,Причиной отключения света в Запорожской области назвали технологическое нарушение,,,ru,RU
97a5b80d1765,interfax,https://www.interfax.ru/business/1071533,2026-02-06 00:00:00,"Девелопер ""Эталон"" не увидел необходимости обращаться за господдержкой",,,ru,RU
20030e658cc7,interfax,https://www.interfax.ru/world/1071539,2026-02-06 00:00:00,"ЕК признала, что вызывающий привыкание дизайн TikTok нарушает закон ЕС",,,ru,RU
4ffa0addda06,interfax,https://www.interfax.ru/world/1071601,2026-02-07 00:00:00,"Аракчи отметил, что уровень обогащения урана будет зависеть от потребностей Ирана",,,ru,RU
4a3883ea2093,interfax,https://www.interfax.ru/russia/1071595,2026-02-07 00:00:00,ВС РФ за прошедшие сутки нанесли массированный удар по военным целям на Украине,,,ru,RU
7a996b183474,interfax,https://www.interfax.ru/world/1071596,2026-02-07 00:00:00,Аэропорты на востоке Польши возобновили работу,,,ru,RU
110e8d12c012,interfax,https://www.interfax.ru/world/1071597,2026-02-07 00:00:00,Премьер Японии попросит у РФ разрешения для японцев на посещение могил на Курилах,,,ru,RU
b79a07605844,interfax,https://www.interfax.ru/russia/1071598,2026-02-07 00:00:00,Четыре человека ранены при ракетном обстреле Белгорода,,,ru,RU
1b375ed5619b,interfax,https://www.interfax.ru/world/1071599,2026-02-07 00:00:00,ИГ взяло на себя ответственность за теракт в шиитской мечети в Пакистане,,,ru,RU
ae9b2d941533,interfax,https://www.interfax.ru/world/1071600,2026-02-07 00:00:00,"""Высокоточные комплексы"" представят средства ПВО на выставке в Саудовской Аравии",,,ru,RU
17fbc4340072,interfax,https://www.interfax.ru/russia/1071602,2026-02-07 00:00:00,Все задержанные в Тамбовской области поезда в Крым и из него введены в график или прибыли на станции,,,ru,RU
fab128c6a667,interfax,https://www.interfax.ru/russia/1071571,2026-02-07 00:00:00,Один беспилотник сбит над Смоленской областью,,,ru,RU
87fbb1a9bf18,interfax,https://www.interfax.ru/world/1071604,2026-02-07 00:00:00,Аракчи заявил о давлении США на страны Ближнего Востока ради стратегического преимущества Израиля,,,ru,RU
65d1c75bc711,interfax,https://www.interfax.ru/russia/1071608,2026-02-07 00:00:00,В Уфе мужчина ранил ножом студентов и полицейского в общежитии вуза,,,ru,RU
b0bf35562e18,interfax,https://www.interfax.ru/world/1071607,2026-02-07 00:00:00,Аракчи не исключил удара по военным объектам США в случае агрессии,,,ru,RU
95d00d3121f3,interfax,https://www.interfax.ru/russia/1071609,2026-02-07 00:00:00,Женщина погибла в Запорожской области от удара украинского дрона,,,ru,RU
ee1a3b9a054e,interfax,https://www.interfax.ru/world/1071610,2026-02-07 00:00:00,Несколько инцидентов произошли менее чем за сутки на железной дороге в Италии,,,ru,RU
2547aa031d95,interfax,https://www.interfax.ru/russia/1071611,2026-02-07 00:00:00,Уголовное дело о нападении на общежитие возбуждено в Уфе,,,ru,RU
94fb0e8a3dc6,interfax,https://www.interfax.ru/russia/1071593,2026-02-07 00:00:00,Средства ПВО уничтожили за сутки 168 дронов,,,ru,RU
b2851d0b4cd4,interfax,https://www.interfax.ru/russia/1071614,2026-02-07 00:00:00,Умерла одна из пострадавших при атаке БПЛА на Батайск в декабре,,,ru,RU
ec6931c242d3,interfax,https://www.interfax.ru/world/1071603,2026-02-07 00:00:00,В аэропорту Брюсселя произошел сбой автоматической системы паспортного контроля,,,ru,RU
d5c016d39f67,interfax,https://www.interfax.ru/world/1071591,2026-02-07 00:00:00,Иран и США продолжат переговоры по ядерной программе Тегерана,,,ru,RU
7091dd48cc0f,interfax,https://www.interfax.ru/russia/1071583,2026-02-07 00:00:00,Военно-Грузинскую дорогу открыли для всех видов транспорта,,,ru,RU
fe04e4ff4cd1,interfax,https://www.interfax.ru/russia/1071589,2026-02-07 00:00:00,"Арестован мужчина, ворвавшийся в детский сад с ножом в Оренбургской области",,,ru,RU
48ff8eefb122,interfax,https://www.interfax.ru/russia/1071572,2026-02-07 00:00:00,Минобороны РФ заявило об уничтожении за ночь над регионами 82 дронов ВСУ,,,ru,RU
733150040c43,interfax,https://www.interfax.ru/russia/1071570,2026-02-07 00:00:00,БПЛА нейтрализованы в четырех районах Ростовской области,,,ru,RU
e6ac8bc1abb1,interfax,https://www.interfax.ru/world/1071573,2026-02-07 00:00:00,"Что случилось этой ночью: суббота, 7 февраля",,,ru,RU
e2793c479db1,interfax,https://www.interfax.ru/russia/1071574,2026-02-07 00:00:00,Волгоградский аэропорт вернулся к штатной работе,,,ru,RU
26bbe00e8cbf,interfax,https://www.interfax.ru/culture/1071576,2026-02-07 00:00:00,Российский национальный оркестр исполнит шедевры романтической музыки,,,ru,RU
11bd7a83b4f9,interfax,https://www.interfax.ru/russia/1071424,2026-02-07 00:00:00,Первый год второй администрации Трампа,,,ru,RU
8fe61b57f0a0,interfax,https://www.interfax.ru/russia/1071577,2026-02-07 00:00:00,В Смоленске 179 жилых домов остаются без тепла из-за аварии,,,ru,RU
a9dc322f9482,interfax,https://www.interfax.ru/russia/1071579,2026-02-07 00:00:00,Над Курской областью за сутки ликвидировано 47 дронов ВСУ,,,ru,RU
d79ba63e35e5,interfax,https://www.interfax.ru/russia/1071580,2026-02-07 00:00:00,Кабмин в 2026 г. направит более 10 млрд руб. на предоставление гражданам сертификатов на покупку жилья,,,ru,RU
2133a20772b0,interfax,https://www.interfax.ru/russia/1071581,2026-02-07 00:00:00,Следовавший в порт Дании сухогруз сел на мель в Ленинградской области,,,ru,RU
90a007b35d15,interfax,https://www.interfax.ru/moscow/1071582,2026-02-07 00:00:00,"Дептранс сообщил, что электросуда ходят с увеличенными интервалами по Москве-реке",,,ru,RU
24be1a7f7a17,interfax,https://www.interfax.ru/world/1071584,2026-02-07 00:00:00,Аэропорты на востоке Польши приостановили работу из-за действий военной авиации,,,ru,RU
42081595e5dc,interfax,https://www.interfax.ru/russia/1071585,2026-02-07 00:00:00,Уголовное дело возбуждено по факту крупной аварии на теплосети в Смоленске,,,ru,RU
3b136cd2806d,interfax,https://www.interfax.ru/russia/1071586,2026-02-07 00:00:00,Возгорание на предприятии в Тверской области ликвидировано,,,ru,RU
eb1740e3342f,interfax,https://www.interfax.ru/world/1071615,2026-02-07 00:00:00,На объекте США в Багдаде произведен контролируемый подрыв неустановленного устройства,,,ru,RU
fd3beb8cad91,interfax,https://www.interfax.ru/world/1071587,2026-02-07 00:00:00,Ученые сообщили о завершении сильного всплеска активности на Солнце,,,ru,RU
836df7c6974f,interfax,https://www.interfax.ru/russia/1071588,2026-02-07 00:00:00,Отключения света произошли в Белгороде и области после обстрела ВСУ,,,ru,RU
1be902a24f9a,interfax,https://www.interfax.ru/world/1071590,2026-02-07 00:00:00,"Премьер Грузии надеется на возобновление отношений с США с ""чистого листа""",,,ru,RU
f0f1bbdffdda,interfax,https://www.interfax.ru/world/1071616,2026-02-07 00:00:00,"Глава МИД Дании заявил, что количество консульств в Гренландии может увеличиться",,,ru,RU
cd028f112218,interfax,https://www.interfax.ru/russia/1071613,2026-02-07 00:00:00,Шесть человек пострадали во время нападения подростка на общежитие в Уфе,,,ru,RU
3c0c65e8114e,interfax,https://www.interfax.ru/world/1071620,2026-02-07 00:00:00,SpaceX отложила миссию на Марс в пользу лунного проекта,,,ru,RU
be8f25d53b62,interfax,https://www.interfax.ru/russia/1071618,2026-02-07 00:00:00,Клад из серебряных монет нашли при реставрации в палатах купца Аверкия Кириллова,,,ru,RU
a145337d50a0,interfax,https://www.interfax.ru/world/1071637,2026-02-07 00:00:00,"Уиткофф посетил авианосец ""Авраам Линкольн"" в Аравийском море",,,ru,RU
7524e901f2f7,interfax,https://www.interfax.ru/russia/1071636,2026-02-07 00:00:00,Теплоснабжение восстановлено для всех потребителей Смоленска,,,ru,RU
01ab1cdf3f94,interfax,https://www.interfax.ru/russia/1071635,2026-02-07 00:00:00,Белгород подвергся очередным ракетным ударам со стороны Украины,,,ru,RU
c10e3c8ef1a9,interfax,https://www.interfax.ru/russia/1071632,2026-02-07 00:00:00,"Брянская область атакована ракетами ""Нептун"" и HIMARS, двое пострадали",,,ru,RU
29609e5c4e0f,interfax,https://www.interfax.ru/world/1071631,2026-02-07 00:00:00,Вице-президент США на следующей неделе посетит Ереван и Баку,,,ru,RU
b8b36c1a7e10,interfax,https://www.interfax.ru/moscow/1071633,2026-02-07 00:00:00,Два человека погибли в ДТП на севере Москвы,,,ru,RU
eb0dfe3b6f02,interfax,https://www.interfax.ru/russia/1071629,2026-02-07 00:00:00,Военные сообщили об уничтожении 10 дронов над Белгородской и Брянской областями,,,ru,RU
f6794fa9f2cf,interfax,https://www.interfax.ru/russia/1071628,2026-02-07 00:00:00,В аэропорту Калуги вводили ограничения,,,ru,RU
807e77afb199,interfax,https://www.interfax.ru/russia/1071625,2026-02-07 00:00:00,Девять человек пострадали при пожаре в многоквартирном доме в Прикамье,,,ru,RU
d34e0311a5b5,interfax,https://www.interfax.ru/russia/1071624,2026-02-07 00:00:00,Azur Air задержала три рейса из Пхукета в РФ,,,ru,RU
85f718ddc826,interfax,https://www.interfax.ru/russia/1071623,2026-02-07 00:00:00,Пять пострадавших госпитализированы после нападения на общежитие в Уфе,,,ru,RU
60de0377ca8b,interfax,https://www.interfax.ru/russia/1071621,2026-02-07 00:00:00,Родственникам пострадавших при нападении на общежитие в Уфе помогут приехать в РФ,,,ru,RU
9e0c3f64d89a,interfax,https://www.interfax.ru/russia/1071630,2026-02-07 00:00:00,Ректор уфимского вуза рассказал о неадекватном поведении напавшего на общежитие,,,ru,RU
725792255ec1,interfax,https://www.interfax.ru/russia/1071675,2026-02-08 00:00:00,"Задержан глава МУП ""Теплодом"" в Кушве, где в морозы ломались котлы отопления",,,ru,RU
72a943944ff0,interfax,https://www.interfax.ru/world/1071670,2026-02-08 00:00:00,США наращивают переброску военных грузов на Ближний Восток,,,ru,RU
c035279a40ae,interfax,https://www.interfax.ru/culture/1071671,2026-02-08 00:00:00,"Ильдар Абдразаков 8 марта выступит в зале ""Зарядье""",,,ru,RU
c6a435219c18,interfax,https://www.interfax.ru/russia/1071672,2026-02-08 00:00:00,"Разработчик системы ""Леонардо"" стал ответчиком по иску на 0,6 млрд руб. от связанной с ним фирмы",,,ru,RU
08efb70af9fc,interfax,https://www.interfax.ru/russia/1071673,2026-02-08 00:00:00,Три человека погибли при столкновении легковушек в Калужской области,,,ru,RU
3ab00bdb782c,interfax,https://www.interfax.ru/world/1071674,2026-02-08 00:00:00,"Аракчи заявил, что Иран не намерен полностью отказываться от обогащения урана",,,ru,RU
2f4cfc529e69,interfax,https://www.interfax.ru/russia/1071677,2026-02-08 00:00:00,Минобороны сообщило об ударах по объектам ТЭК и транспортной инфраструктуры Украины,,,ru,RU
1dced89b1769,interfax,https://www.interfax.ru/russia/1071689,2026-02-08 00:00:00,В Ставрополе в строительном магазине произошел пожар на площади 200 кв. м,,,ru,RU
ffb9c2bf1b58,interfax,https://www.interfax.ru/russia/1071679,2026-02-08 00:00:00,"Средства ПВО сбили 27 снарядов HIMARS, три ракеты ""Нептун"" и 42 дрона",,,ru,RU
8f3b2cd649a5,interfax,https://www.interfax.ru/business/1071680,2026-02-08 00:00:00,Мишустин заявил об устойчивости российской экономики,,,ru,RU
8ec3e8269e25,interfax,https://www.interfax.ru/russia/1071681,2026-02-08 00:00:00,"Генпрокуратура просит суд передать государству компанию-разработчика системы ""Леонардо""",,,ru,RU
294f85f0da77,interfax,https://www.interfax.ru/russia/1071685,2026-02-08 00:00:00,Пять авиарейсов в Махачкалу перенаправлены на запасные аэродромы из-за тумана,,,ru,RU
101e42926a3a,interfax,https://www.interfax.ru/world/1071684,2026-02-08 00:00:00,Иран продолжит координацию действий с Россией и КНР при переговорах с США,,,ru,RU
26bd91ca19d4,interfax,https://www.interfax.ru/russia/1071687,2026-02-08 00:00:00,Путин поблагодарил главу ОАЭ за помощь в задержании подозреваемого в теракте против Алексеева,,,ru,RU
beebd33fd259,interfax,https://www.interfax.ru/moscow/1071669,2026-02-08 00:00:00,Суд в Москве арестовал исполнителя покушения на генерала Алексеева,,,ru,RU
27ff277af6f8,interfax,https://www.interfax.ru/russia/1071678,2026-02-08 00:00:00,Военные заявили о контроле над двумя селами в Сумской и Харьковской областях,,,ru,RU
777a97533974,interfax,https://www.interfax.ru/russia/1071667,2026-02-08 00:00:00,Подозреваемый в покушении на Алексеева прибыл в конце 2025 г. в Москву по заданию спецслужб Украины,,,ru,RU
2a509dab101c,interfax,https://www.interfax.ru/russia/1071657,2026-02-08 00:00:00,"Дума в ходе весенней сессии примет законы для решения проблем ""Почты России""",,,ru,RU
31d6c8b30875,interfax,https://www.interfax.ru/russia/1071664,2026-02-08 00:00:00,Губернатор сообщил об атаках на Белгород с применением восьми ракет,,,ru,RU
7b8f033cab91,interfax,https://www.interfax.ru/russia/1071646,2026-02-08 00:00:00,"Землетрясение магнитудой 4,4 зарегистрировано на севере Сахалина",,,ru,RU
c2b43f07b581,interfax,https://www.interfax.ru/russia/1071647,2026-02-08 00:00:00,Российские военные сообщили об уничтожении 40 пунктов управления дронами ВСУ,,,ru,RU
9d3844fc7ebe,interfax,https://www.interfax.ru/russia/1071648,2026-02-08 00:00:00,Минобороны РФ заявило о ликвидации за ночь 22 беспилотников ВСУ,,,ru,RU
dee64e1b7f76,interfax,https://www.interfax.ru/russia/1071649,2026-02-08 00:00:00,Ограничения отменены в аэропортах Волгограда и Калуги,,,ru,RU
aefd95e6e185,interfax,https://www.interfax.ru/world/1071651,2026-02-08 00:00:00,Умер вокалист группы 3 Doors Down Брэд Арнольд,,,ru,RU
ddbf43a7a51c,interfax,https://www.interfax.ru/world/1071652,2026-02-08 00:00:00,Ракета Falcon 9 с кораблем Crew Dragon установлена на старте перед запуском к МКС,,,ru,RU
a711b031817f,interfax,https://www.interfax.ru/russia/1071654,2026-02-08 00:00:00,Теплоснабжение нарушено у 80 тысяч жителей Белгорода,,,ru,RU
23a90dfa99c7,interfax,https://www.interfax.ru/russia/1071665,2026-02-08 00:00:00,ФСБ опубликовала видео задержания исполнителя покушения на Алексеева после выдачи ОАЭ,,,ru,RU
2dc3ad1b82c9,interfax,https://www.interfax.ru/russia/1071655,2026-02-08 00:00:00,В ОАЭ задержали исполнителя покушения на генерал-лейтенанта Алексеева,,,ru,RU
dd25dc7ff327,interfax,https://www.interfax.ru/russia/1071656,2026-02-08 00:00:00,Над Курской областью за сутки сбили 28 беспилотников,,,ru,RU
11e42d0eb38a,interfax,https://www.interfax.ru/russia/1071691,2026-02-08 00:00:00,Пожар в магазине в Ставрополе локализован,,,ru,RU
60e64dda3be8,interfax,https://www.interfax.ru/business/1071659,2026-02-08 00:00:00,ФСВТС оценила портфель экспортных заказов на российское оружие почти в $70 млрд,,,ru,RU
29da76116d52,interfax,https://www.interfax.ru/russia/1071660,2026-02-08 00:00:00,В ФСВТС заявили об интересе за рубежом к истребителям Су-35,,,ru,RU
db9b649c7827,interfax,https://www.interfax.ru/russia/1071661,2026-02-08 00:00:00,Саудовская Аравия проявила интерес к российским комплексам ПВО,,,ru,RU
d95e6cc62c5a,interfax,https://www.interfax.ru/world/1071662,2026-02-08 00:00:00,В ФСВТС считают World Defense Show площадкой для продвижения продукции военного назначения РФ,,,ru,RU
d1e4828b8144,interfax,https://www.interfax.ru/moscow/1071663,2026-02-08 00:00:00,Подмосковный город Долгопрудный получил статус наукограда,,,ru,RU
18ecc45de61b,interfax,https://www.interfax.ru/world/1071653,2026-02-08 00:00:00,Издатель The Washington Post ушел в отставку после увольнения трети сотрудников,,,ru,RU
33d2b7b46d11,interfax,https://www.interfax.ru/world/1071693,2026-02-08 00:00:00,Главы МИД Азербайджана и Турции обсудили нормализацию отношений между Баку и Ереваном,,,ru,RU
cfce2724f493,interfax,https://www.interfax.ru/russia/1071694,2026-02-08 00:00:00,Три жителя Херсонской области получили ранения в результате обстрела ВСУ,,,ru,RU
6212bdeee669,interfax,https://www.interfax.ru/world/1071711,2026-02-08 00:00:00,Премьер Италии и МОК осудили беспорядки в Милане,,,ru,RU
87a7319bb3cc,interfax,https://www.interfax.ru/russia/1071697,2026-02-08 00:00:00,Белгородских школьников будут отправлять в регионы РФ из-за перебоев в ЖКХ,,,ru,RU
b3218d7fc1f0,interfax,https://www.interfax.ru/russia/1071698,2026-02-08 00:00:00,Сотрудник агропредприятия ранен при атаке украинских дронов в Брянской области,,,ru,RU
05ed51465285,interfax,https://www.interfax.ru/world/1071699,2026-02-08 00:00:00,"СМИ сообщили, что правящая ЛДП уверенно выигрывает на выборах в Японии",,,ru,RU
989bacf45488,interfax,https://www.interfax.ru/russia/1071701,2026-02-08 00:00:00,"""Роскосмос"" заявил, что запуск спутника ""Электро-Л"" назначен на 12 февраля",,,ru,RU
e888ffa4d46a,interfax,https://www.interfax.ru/moscow/1071702,2026-02-08 00:00:00,Электросуда второй день ходят с увеличенными интервалами по Москве-реке,,,ru,RU
1f2dcdea81f5,interfax,https://www.interfax.ru/russia/1071703,2026-02-08 00:00:00,Пожар в магазине автомобильных аккумуляторов в Ставрополе ликвидирован,,,ru,RU
74d57f966849,interfax,https://www.interfax.ru/world/1071704,2026-02-08 00:00:00,Премьер Японии не планирует перестановок в правительстве после победы ее партии на выборах,,,ru,RU
46755989e816,interfax,https://www.interfax.ru/russia/1071706,2026-02-08 00:00:00,Лавров обсудил по телефону с оманским коллегой ситуацию вокруг Ирана,,,ru,RU
ec55d032df2b,interfax,https://www.interfax.ru/russia/1071710,2026-02-08 00:00:00,Путин и Лукашенко обсудили подготовку к заседанию Высшего Госсовета Союзного государства,,,ru,RU
944f2ccf0d7c,interfax,https://www.interfax.ru/world/1071714,2026-02-08 00:00:00,Патрульный самолет ВМС США провел разведку вблизи Ирана,,,ru,RU
474cfe7492c6,interfax,https://www.interfax.ru/russia/1071715,2026-02-08 00:00:00,Двенадцать постояльцев пансионата в Новой Москве госпитализированы с симптомами ОРВИ,,,ru,RU
48db4c0ea03c,interfax,https://www.interfax.ru/russia/1071695,2026-02-08 00:00:00,В аэропортах Геленджика и Краснодара отменили ограничения,,,ru,RU
c7dd0e39aa02,interfax,https://www.interfax.ru/world/1071845,2026-02-09 00:00:00,В Брюсселе ищут надежное решение конфликта в Судане,,,ru,RU
8a3f46d05d05,interfax,https://www.interfax.ru/world/1071844,2026-02-09 00:00:00,Канаде после покупки подлодок придется модернизировать их для операций в Арктике,,,ru,RU
53f14209e0be,interfax,https://www.interfax.ru/russia/1071843,2026-02-09 00:00:00,Комитет Госдумы предложил заявительный порядок блокировки международных звонков,,,ru,RU
ef34f336f705,interfax,https://www.interfax.ru/world/1071859,2026-02-09 00:00:00,ЕС осудил решение Израиля усилить контроль на Западном берегу Иордана,,,ru,RU
d455d5c2c3b3,interfax,https://www.interfax.ru/world/1071815,2026-02-09 00:00:00,Аятолла Хаменеи призвал иранцев противостоять враждебным силам,,,ru,RU
5d57df6c7c9a,interfax,https://www.interfax.ru/business/1071816,2026-02-09 00:00:00,Золото дорожает и торгуется выше $5000 за унцию,,,ru,RU
f1c9d0e95735,interfax,https://www.interfax.ru/russia/1071846,2026-02-09 00:00:00,"""Шереметьево"" подписало договор о покупке ""Домодедово""",,,ru,RU
f2c048194331,interfax,https://www.interfax.ru/world/1071814,2026-02-09 00:00:00,"Продажи чипов в мире в 2025 году выросли на 25,6% и достигли рекорда",,,ru,RU
2e5da56193c0,interfax,https://www.interfax.ru/russia/1071847,2026-02-09 00:00:00,Володин подтвердил рассмотрение нового антифрод-пакета 10 февраля,,,ru,RU
511f962da6ae,interfax,https://www.interfax.ru/world/1071854,2026-02-09 00:00:00,Армения приобрела у США беспилотники V-BAT,,,ru,RU
812696ac3d5f,interfax,https://www.interfax.ru/russia/1071848,2026-02-09 00:00:00,Лавров выступит в Госдуме в среду 11 февраля,,,ru,RU
f7b0f3ed1f45,interfax,https://www.interfax.ru/russia/1071850,2026-02-09 00:00:00,МЧС проведет в марте командно-штабные учения по предупреждению паводков,,,ru,RU
45efd554fd63,interfax,https://www.interfax.ru/business/1071851,2026-02-09 00:00:00,Китайским банкам рекомендовали сократить объемы вложений в US Treasuries,,,ru,RU
b53715e472dc,interfax,https://www.interfax.ru/russia/1071853,2026-02-09 00:00:00,В Мордовии из-за снега частично обрушилась крыша школы,,,ru,RU
bcbd7a90c019,interfax,https://www.interfax.ru/culture/1071817,2026-02-09 00:00:00,Церемония ТЭФИ-2026 пройдет 8-9 июня,,,ru,RU
1730c9c312e4,interfax,https://www.interfax.ru/world/1071856,2026-02-09 00:00:00,Запуск на МКС Crew Dragon с Андреем Федяевым перенесли на 12 февраля,,,ru,RU
cf7292035858,interfax,https://www.interfax.ru/world/1071857,2026-02-09 00:00:00,США не ставят конкретные сроки для урегулирования украинского кризиса,,,ru,RU
79f2f78151ca,interfax,https://www.interfax.ru/business/1071858,2026-02-09 00:00:00,Вэнс анонсировал $9 млрд американских инвестиций в ядерную энергетику Армении,,,ru,RU
8d8840fd465e,interfax,https://www.interfax.ru/russia/1071812,2026-02-09 00:00:00,"В Минцифры заявили, что создание базы IMEI-номеров не помешает покупке гаджетов за границей",,,ru,RU
a61a18517b38,interfax,https://www.interfax.ru/business/1071819,2026-02-09 00:00:00,ЕК предъявила претензии Meta из-за вытеснения сторонних ИИ-ассистентов из WhatsApp,,,ru,RU
6720442904d1,interfax,https://www.interfax.ru/world/1071825,2026-02-09 00:00:00,В Иране допустили отказ от обогащенного до 60% урана в обмен на отмену санкций,,,ru,RU
a00fee690985,interfax,https://www.interfax.ru/digital/1071821,2026-02-09 00:00:00,В Минцифры заявили о снижении числа киберпреступлений в России,,,ru,RU
55533f5c4090,interfax,https://www.interfax.ru/russia/1071842,2026-02-09 00:00:00,Фракции Госдумы до 20 февраля предложат по кандидатуре в ЦИК РФ,,,ru,RU
1aecdd7d1fb5,interfax,https://www.interfax.ru/business/1071841,2026-02-09 00:00:00,Alphabet хочет привлечь $15 млрд за счет размещения долларовых бондов,,,ru,RU
c6e50a697b8c,interfax,https://www.interfax.ru/business/1071840,2026-02-09 00:00:00,Американский ритейлер одежды Eddie Bauer подал заявление о банкротстве,,,ru,RU
d9369576d8a2,interfax,https://www.interfax.ru/business/1071839,2026-02-09 00:00:00,Глава Банка Франции Виллеруа де Гало уйдет в отставку досрочно,,,ru,RU
23fed23dc5a2,interfax,https://www.interfax.ru/world/1071838,2026-02-09 00:00:00,МАГАТЭ проинспектирует ряд ядерных объектов в Иране,,,ru,RU
694ab787b7c4,interfax,https://www.interfax.ru/russia/1071837,2026-02-09 00:00:00,"""Аэрофлот"" планирует продолжить летать на Кубу",,,ru,RU
1a2c5e3f4d9f,interfax,https://www.interfax.ru/russia/1071836,2026-02-09 00:00:00,"Паводки ожидаются в Сибири, на Дальнем Востоке и в центре РФ в начале весны",,,ru,RU
2f4975c49f51,interfax,https://www.interfax.ru/world/1071835,2026-02-09 00:00:00,Ближайший рейс из Москвы на Кубу будет выполнен по расписанию,,,ru,RU
6396b4e621ed,interfax,https://www.interfax.ru/russia/1071834,2026-02-09 00:00:00,В Курской области дроны повредили здание районной администрации и магазин,,,ru,RU
008aa9bff1dd,interfax,https://www.interfax.ru/russia/1071833,2026-02-09 00:00:00,Новак поручил проработать строительство на Дальнем Востоке накопителей энергии в связке с ВИЭ,,,ru,RU
c845395fe647,interfax,https://www.interfax.ru/business/1071829,2026-02-09 00:00:00,"Минюст зарегистрировал приказы ФАС об индексации цен ""Газпрома"" с октября",,,ru,RU
b216980ed509,interfax,https://www.interfax.ru/russia/1071828,2026-02-09 00:00:00,В Думе предложили доработать поправки об ограничении числа банковских карт,,,ru,RU
21c4e47c5357,interfax,https://www.interfax.ru/russia/1071827,2026-02-09 00:00:00,В Белгороде снаряд пробил крышу здания предприятия,,,ru,RU
9afc3a774c36,interfax,https://www.interfax.ru/world/1071826,2026-02-09 00:00:00,В Индии оппозиция призвала граждан протестовать против будущего соглашения с США,,,ru,RU
5a144feb78fc,interfax,https://www.interfax.ru/world/1071823,2026-02-09 00:00:00,Два чиновника из команды Кира Стармера уволятся после публикации файлов Эпштейна,,,ru,RU
9560f97a5d02,interfax,https://www.interfax.ru/business/1071820,2026-02-09 00:00:00,Суд подтвердил признание за Россией прав на патенты на нанотрубки,,,ru,RU
ba527c31c837,interfax,https://www.interfax.ru/business/1071822,2026-02-09 00:00:00,Намибия отказалась признать покупку TotalEnergies и Petrobras долей в шельфовом проекте,,,ru,RU
84eea567114f,interfax,https://www.interfax.ru/russia/1071818,2026-02-09 00:00:00,Минтруд подготовил поправки о праве семей на ежемесячное пособие на детей,,,ru,RU
e21c72a8dc2d,interfax,https://www.interfax.ru/world/1071861,2026-02-09 00:00:00,Президент Мексики пообещала расширить гуманитарную поддержку Кубы,,,ru,RU
abb139597c50,interfax,https://www.interfax.ru/world/1071876,2026-02-09 00:00:00,Глава МИД Венгрии считает ошибкой Брюсселя держать Грузию на дистанции от ЕС,,,ru,RU
0909b8366de9,interfax,https://www.interfax.ru/business/1071864,2026-02-09 00:00:00,Рубль в понедельник немного опустился в паре с юанем в ожидании новых драйверов,,,ru,RU
ce5549bea159,interfax,https://www.interfax.ru/russia/1071863,2026-02-09 00:00:00,"Группа ""Черкизово"" стала лидером по производству мяса бройлеров в РФ в 2025 г.",,,ru,RU
ce6a9f5ac9b8,interfax,https://www.interfax.ru/russia/1071883,2026-02-09 00:00:00,20 БПЛА нейтрализованы вечером в понедельник над регионами РФ и Азовским морем,,,ru,RU
9acc6767b180,interfax,https://www.interfax.ru/russia/1071882,2026-02-09 00:00:00,Патрульный самолет ВМС США провел разведку в районе Ормузского пролива,,,ru,RU
faa26b407a80,interfax,https://www.interfax.ru/russia/1071881,2026-02-09 00:00:00,Власти США предупредили американские торговые суда об опасности задержания вблизи Ирана,,,ru,RU
aa6af3033ec2,interfax,https://www.interfax.ru/world/1071877,2026-02-09 00:00:00,Представители США обсуждают в Ереване и Баку расширение сотрудничества,,,ru,RU
3ce6a825be6a,interfax,https://www.interfax.ru/world/1071875,2026-02-09 00:00:00,Вэнс поддержал Пашиняна на предстоящих в июне выборах в парламент Армении,,,ru,RU
5ca7ed9eacf4,interfax,https://www.interfax.ru/world/1071880,2026-02-09 00:00:00,Министры британского правительства поддержали премьера,,,ru,RU
989e41912878,interfax,https://www.interfax.ru/world/1071871,2026-02-09 00:00:00,ЕС ищет способ включить гарантии членства Украины в Евросоюзе в соглашение по урегулированию,,,ru,RU
777afe07c421,interfax,https://www.interfax.ru/world/1071870,2026-02-09 00:00:00,В посольстве России на Кубе надеются на быстрое решение вопроса с дозаправкой самолетов из РФ,,,ru,RU
6df032f5eff8,interfax,https://www.interfax.ru/world/1071868,2026-02-09 00:00:00,"Вэнс ожидает кардинальной трансформации Южного Кавказа благодаря реализации в Армении ""Маршрута Трампа""",,,ru,RU
2d1ef5b1fc32,interfax,https://www.interfax.ru/world/1071867,2026-02-09 00:00:00,В ЕС подчеркнули значение переговоров США и Ирана для решения иранской ядерной проблемы,,,ru,RU
8aadc7aa4b41,interfax,https://www.interfax.ru/russia/1071866,2026-02-09 00:00:00,"Отопление восстановили в доме в Казани, где обрушилась крыша",,,ru,RU
8e191913bba0,interfax,https://www.interfax.ru/world/1071865,2026-02-09 00:00:00,"Постпред США заявил, что Вашингтон не собирается демонтировать НАТО",,,ru,RU
55de80271ad0,interfax,https://www.interfax.ru/world/1071873,2026-02-09 00:00:00,Алиев заявил о вступлении Азербайджана и США в новый этап двусторонних отношений,,,ru,RU
6ad6c70cb87c,interfax,https://www.interfax.ru/world/1072064,2026-02-10 00:00:00,"США ввели очередной пакет санкций против ""Хезболлы""",,,ru,RU
477bbc4180d5,interfax,https://www.interfax.ru/russia/1072059,2026-02-10 00:00:00,"Кабмин выдвинул кандидатов в совет директоров и ревизионную комиссию ""Первого канала""",,,ru,RU
ce7ee6a7884f,interfax,https://www.interfax.ru/world/1072060,2026-02-10 00:00:00,"Лондон продлил разрешение на ведение бизнеса с болгарскими ""дочками"" ""ЛУКОЙЛа""",,,ru,RU
445010b6f73b,interfax,https://www.interfax.ru/moscow/1072061,2026-02-10 00:00:00,Восемь человек пострадали в результате пожара в центре Москвы,,,ru,RU
7c601411f364,interfax,https://www.interfax.ru/world/1072063,2026-02-10 00:00:00,Шведская принцесса София подтвердила контакты с Эпштейном,,,ru,RU
6f5ed1e78182,interfax,https://www.interfax.ru/world/1072065,2026-02-10 00:00:00,Азербайджан и США планируют расширить сотрудничество в военно-технической сфере,,,ru,RU
6dc11e60fe71,interfax,https://www.interfax.ru/world/1072072,2026-02-10 00:00:00,"EIA повысило оценку роста мирового спроса на ЖУВ в 2026 году на 70 тыс. б/с до 1,2 млн б/с",,,ru,RU
058b7d8e1c4d,interfax,https://www.interfax.ru/world/1072067,2026-02-10 00:00:00,"Министр торговли США признал, что обедал с Эпштейном и посещал его остров с семьей",,,ru,RU
e0a82cd4b533,interfax,https://www.interfax.ru/world/1072068,2026-02-10 00:00:00,Минэнерго США повысило прогноз средней цены Brent в 2026 году до $58/барр.,,,ru,RU
c1a6992ffcd0,interfax,https://www.interfax.ru/world/1072069,2026-02-10 00:00:00,"США прогнозируют на 2026 год стабильную нефтедобычу в стране в 13,6 млн б/с",,,ru,RU
47fc696abe2d,interfax,https://www.interfax.ru/russia/1072070,2026-02-10 00:00:00,На Ставрополье 11 населенных пунктов остались без воды из-за аварии,,,ru,RU
7bfa986f4735,interfax,https://www.interfax.ru/world/1072071,2026-02-10 00:00:00,Комитет парламента Норвегии начнет расследование против МИД страны из-за дела Эпштейна,,,ru,RU
8f47b68f7ae3,interfax,https://www.interfax.ru/business/1072058,2026-02-10 00:00:00,Рубль во вторник развернулся вверх в паре с юанем на нейтральном новостном фоне,,,ru,RU
67775ceac8e8,interfax,https://www.interfax.ru/world/1072066,2026-02-10 00:00:00,"В Венгрии назвали радикальными планы санкций ЕС против ""Росатома"", ""Газпрома"" и ""Лукойла""",,,ru,RU
9d4471fdabb5,interfax,https://www.interfax.ru/world/1072057,2026-02-10 00:00:00,Москва подчеркнула готовность к переговорам по Украине с опорой на понимания Анкориджа,,,ru,RU
b7e1f4736305,interfax,https://www.interfax.ru/world/1072046,2026-02-10 00:00:00,Представитель Ирана в Омане обсудил итоги первого раунда непрямых переговоров с США,,,ru,RU
e14037723558,interfax,https://www.interfax.ru/russia/1072052,2026-02-10 00:00:00,Лавров отметил важность предсказуемости в сфере стратстабильности из-за завершения ДСНВ,,,ru,RU
c67b4c3964b9,interfax,https://www.interfax.ru/russia/1072033,2026-02-10 00:00:00,ФАС проверит тарифы на коммунальные услуги в шести регионах РФ,,,ru,RU
f3bb070f0797,interfax,https://www.interfax.ru/business/1072035,2026-02-10 00:00:00,"""Союзцемент"" спрогнозировал спад потребления цемента в 2026 году минимум на 15%",,,ru,RU
5a173d9c13bd,interfax,https://www.interfax.ru/russia/1072036,2026-02-10 00:00:00,Шойгу заявил о готовности РФ к инициативам по созданию правовой базы в сфере глобальной стабильности,,,ru,RU
5fcce625cbbe,interfax,https://www.interfax.ru/world/1072037,2026-02-10 00:00:00,"Запуск корабля Crew Dragon с космонавтом ""Роскосмоса"" к МКС перенесен на 13 февраля",,,ru,RU
d34b2d271c9a,interfax,https://www.interfax.ru/russia/1072038,2026-02-10 00:00:00,Сын экс-президента ВФЛА Балахничева арестован по подозрению в его убийстве,,,ru,RU
1d31805bc4f3,interfax,https://www.interfax.ru/russia/1072039,2026-02-10 00:00:00,Шойгу назвал популистскими заявления США о готовности к работе по стратстабильности,,,ru,RU
2849bfd4ede8,interfax,https://www.interfax.ru/world/1072040,2026-02-10 00:00:00,Президент Финляндии выступил за восстановление отношений с РФ после урегулирования на Украине,,,ru,RU
29c100a2e7c6,interfax,https://www.interfax.ru/world/1072043,2026-02-10 00:00:00,Общественная поддержка кабмина Японии выросла после внеочередных выборов,,,ru,RU
27cf5d43d290,interfax,https://www.interfax.ru/russia/1072042,2026-02-10 00:00:00,Шойгу заявил о желании США привлечь к переговорам по контролю над вооружениями КНР и умолчании о Британии и Франции,,,ru,RU
6d0e2eec5081,interfax,https://www.interfax.ru/russia/1072045,2026-02-10 00:00:00,Бронирования отелей в России на выходные 23 февраля выросли на 35-80%,,,ru,RU
848267266f04,interfax,https://www.interfax.ru/world/1072074,2026-02-10 00:00:00,ЕП утвердил проект о сокращении выбросов парниковых газов на 90% к 2040 году,,,ru,RU
55594070ae5f,interfax,https://www.interfax.ru/world/1072049,2026-02-10 00:00:00,Страны Европы возьмут на себя более значимую роль в командовании НАТО,,,ru,RU
8c967e144832,interfax,https://www.interfax.ru/moscow/1072050,2026-02-10 00:00:00,Пожар произошел в многоэтажном доме на Пресненском Валу в Москве,,,ru,RU
4de3975f2c53,interfax,https://www.interfax.ru/world/1072051,2026-02-10 00:00:00,Министры обороны стран НАТО обсудят 12 февраля поставки вооружений Украине,,,ru,RU
5a9a108c05c2,interfax,https://www.interfax.ru/world/1072053,2026-02-10 00:00:00,США передадут Азербайджану несколько катеров для защиты территориальных вод,,,ru,RU
8aa974d542cf,interfax,https://www.interfax.ru/world/1072056,2026-02-10 00:00:00,Премьер Карни пообещал решить споры о мосте между Канадой и США,,,ru,RU
db0a3fc6861b,interfax,https://www.interfax.ru/world/1072075,2026-02-10 00:00:00,Президент Египта обсудил с главой СВР пути снижения эскалации на Ближнем Востоке,,,ru,RU
91febf5357eb,interfax,https://www.interfax.ru/world/1072086,2026-02-10 00:00:00,"Нетаньяху заявит Трампу, что реализация второй фазы соглашения по Газе застопорилась",,,ru,RU
a572cdf4ee04,interfax,https://www.interfax.ru/world/1072077,2026-02-10 00:00:00,"В ЕС предложили санкции против производителей дронов для РФ, компаний и ряда банков",,,ru,RU
22c09bbdf02c,interfax,https://www.interfax.ru/russia/1072034,2026-02-10 00:00:00,Минздрав выдал разрешение для противоопухолевой мРНК-вакцины Центра Блохина,,,ru,RU
586535465240,interfax,https://www.interfax.ru/world/1072031,2026-02-10 00:00:00,Вице-президент США Вэнс прибыл в Азербайджан,,,ru,RU
6f4e1d7b4db9,interfax,https://www.interfax.ru/russia/1072028,2026-02-10 00:00:00,РФ призывает Израиль пересмотреть планы по поводу Западного берега реки Иордан,,,ru,RU
0818bcc94ff6,interfax,https://www.interfax.ru/russia/1072030,2026-02-10 00:00:00,Минобороны заявило о нейтрализации 44 беспилотников ВСУ над регионами РФ,,,ru,RU
35f6e7884ae0,interfax,https://www.interfax.ru/moscow/1072029,2026-02-10 00:00:00,В Москве в пятницу возможен дождь,,,ru,RU
9d5f818c8a1b,interfax,https://www.interfax.ru/russia/1072027,2026-02-10 00:00:00,Обязательная геномная регистрация военных одобрена в первом чтении,,,ru,RU
a2d929426c50,interfax,https://www.interfax.ru/russia/1072025,2026-02-10 00:00:00,Проект о штрафах до 1 млн руб. за использование поддельной медсправки прошел I чтение,,,ru,RU
624401308e23,interfax,https://www.interfax.ru/business/1072019,2026-02-10 00:00:00,"Минстрой назвал ситуацию с ""Самолетом"" нерепрезентативной для всей отрасли",,,ru,RU
9096d3e456e3,interfax,https://www.interfax.ru/world/1072026,2026-02-10 00:00:00,Индонезия готова направить в сектор Газа до 8 тысяч военных,,,ru,RU
728b5328fd45,interfax,https://www.interfax.ru/world/1072024,2026-02-10 00:00:00,Финляндия не планирует обзаводиться ядерным оружием,,,ru,RU
fc4e8bd18a4f,interfax,https://www.interfax.ru/russia/1072022,2026-02-10 00:00:00,Проект об ответственности за отказ иностранцев от медосвидетельствования принят в I чтении,,,ru,RU
5322036f502b,interfax,https://www.interfax.ru/moscow/1072076,2026-02-10 00:00:00,В центре Москвы потушили пожар в многоквартирном доме,,,ru,RU
0149f1034e71,interfax,https://www.interfax.ru/russia/1072032,2026-02-10 00:00:00,Руководство Госдумы обсудило с Лавровым вопросы внешней политики,,,ru,RU
efed0576fe84,interfax,https://www.interfax.ru/world/1072079,2026-02-10 00:00:00,ЕС призвал Иран немедленно освободить нобелевского лауреата мира Наргиз Мохаммади,,,ru,RU
b829d3bf7b3e,interfax,https://www.interfax.ru/world/1072080,2026-02-10 00:00:00,Трамп ожидает продолжения переговоров США и Ирана на следующей неделе,,,ru,RU
967a8f2e3fa6,interfax,https://www.interfax.ru/world/1072081,2026-02-10 00:00:00,"Пашинян заявил, что Армения не намерена наносить вред России и ее интересам",,,ru,RU
34d1ea01bbcd,interfax,https://www.interfax.ru/russia/1072085,2026-02-10 00:00:00,Два человека пострадали в результате атак дронов в Белгородской области,,,ru,RU
1239a4c92221,interfax,https://www.interfax.ru/world/1072087,2026-02-10 00:00:00,Пашинян обвинил Армянскую апостольскую церковь в финансировании политических процессов,,,ru,RU
e0bcbddae017,interfax,https://www.interfax.ru/world/1072088,2026-02-10 00:00:00,Еврокомиссия предложила план по защите молодежи в интернете,,,ru,RU
0c71fb7aa295,interfax,https://www.interfax.ru/world/1072279,2026-02-11 00:00:00,Швейцария вынесет на референдум идею ограничить численность населения 10 млн человек,,,ru,RU
370e6ac57d88,interfax,https://www.interfax.ru/business/1072288,2026-02-11 00:00:00,"Предпринимательская уверенность в РФ в январе снизилась в добыче, выросла в обработке",,,ru,RU
488c74ffee6e,interfax,https://www.interfax.ru/business/1072287,2026-02-11 00:00:00,"В России огурцы с 3 по 9 февраля подорожали на 5,2%",,,ru,RU
adc22b909e4a,interfax,https://www.interfax.ru/world/1072281,2026-02-11 00:00:00,На юге США временно закрывали воздушное пространство над Эль-Пасо,,,ru,RU
3be8c74a8789,interfax,https://www.interfax.ru/business/1072286,2026-02-11 00:00:00,"Росстат сообщил, что рост цен на бензин в РФ с 3 по 9 февраля ускорился до 0,21%",,,ru,RU
93b38843fd33,interfax,https://www.interfax.ru/business/1072284,2026-02-11 00:00:00,"Инфляция в РФ с 3 по 9 февраля составила 0,13%, в годовом выражении замедлилась до 6,4%",,,ru,RU
c4b4a0e5ac21,interfax,https://www.interfax.ru/russia/1072270,2026-02-11 00:00:00,Минэкономразвития РФ рекомендовало приостановить продажу туров на Кубу,,,ru,RU
5a4a683f3ecd,interfax,https://www.interfax.ru/business/1072271,2026-02-11 00:00:00,Минстрой поддержал предложение депутатов освободить от НДС УК многоквартирных домов,,,ru,RU
6803f3716553,interfax,https://www.interfax.ru/business/1072273,2026-02-11 00:00:00,"Выплата дивидендов ""Норникелем"" связана с получением дивидендов от ""Быстринского""",,,ru,RU
e27b002fc9c7,interfax,https://www.interfax.ru/world/1072274,2026-02-11 00:00:00,Генсек НАТО считает вопрос о выборах на Украине компетенцией Киева,,,ru,RU
4923cd5ae8c7,interfax,https://www.interfax.ru/russia/1072282,2026-02-11 00:00:00,"На активы и имущество собственников ""Сирена-Трэвел"" наложен обеспечительный арест",,,ru,RU
5fb3f45d95bf,interfax,https://www.interfax.ru/russia/1072278,2026-02-11 00:00:00,Банкам разослали правила оформления отказа клиента от денег для возврата жертве мошенников,,,ru,RU
a2026faef1b5,interfax,https://www.interfax.ru/culture/1072280,2026-02-11 00:00:00,Константин Богомолов освобожден от должности и.о. ректора Школы-студии МХАТ,,,ru,RU
d0d06612133d,interfax,https://www.interfax.ru/business/1072285,2026-02-11 00:00:00,Росстат отметил ускорение роста цен на яйца в начале февраля,,,ru,RU
e3fea33c9e12,interfax,https://www.interfax.ru/world/1072276,2026-02-11 00:00:00,Лондон выделит 150 млн фунтов на закупку вооружений США для Киева,,,ru,RU
c98bd6ea52d3,interfax,https://www.interfax.ru/russia/1072275,2026-02-11 00:00:00,Депутаты предложили включить в ежегодный медосмотр в школах консультацию психолога,,,ru,RU
d483fc7ad96f,interfax,https://www.interfax.ru/world/1072269,2026-02-11 00:00:00,Польша пока не будет вступать в Совет мира,,,ru,RU
a4ff74930cb5,interfax,https://www.interfax.ru/russia/1072245,2026-02-11 00:00:00,Суд отменил решение об обращении в доход РФ земельного участка и дома по делу Тимура Иванова,,,ru,RU
a61ee8841238,interfax,https://www.interfax.ru/business/1072246,2026-02-11 00:00:00,Pegas Touristik прекратил продажу туров на Кубу,,,ru,RU
60138e08786f,interfax,https://www.interfax.ru/world/1072247,2026-02-11 00:00:00,НАТО запустило программу сдерживания в Арктике Arctic Sentry,,,ru,RU
bc4df9919f84,interfax,https://www.interfax.ru/moscow/1072249,2026-02-11 00:00:00,"Дептранс заявил, что закон о платном проезде отрегулирует движение в ""Сколково"" и ""Москва-Сити""",,,ru,RU
40b0df73cba9,interfax,https://www.interfax.ru/world/1072251,2026-02-11 00:00:00,Жапаров попросил КС Киргизии разъяснить назначение досрочных выборов президента,,,ru,RU
1ea62b081d8e,interfax,https://www.interfax.ru/business/1072250,2026-02-11 00:00:00,"Профицит внешней торговли РФ в 2025 году снизился на 11,7%, до $116,7 млрд",,,ru,RU
99ccd19efea0,interfax,https://www.interfax.ru/russia/1072252,2026-02-11 00:00:00,Росавиация одобрила использование отечественных композитов в киле и стабилизаторе МС-21,,,ru,RU
fdf47abd277e,interfax,https://www.interfax.ru/business/1072248,2026-02-11 00:00:00,TotalEnergies может полностью прекратить экспорт СПГ из РФ после вступления в силу запрета ЕС,,,ru,RU
483430e88b4b,interfax,https://www.interfax.ru/business/1072253,2026-02-11 00:00:00,"Связанные с фирмой ""Недвижимые активы"" структуры собрали почти 85% ""ПИКа""",,,ru,RU
9638e33d3277,interfax,https://www.interfax.ru/russia/1072254,2026-02-11 00:00:00,Отец и сын Васины арестованы по делу о покушении на генерала Алексеева,,,ru,RU
ff8b37b961c4,interfax,https://www.interfax.ru/world/1072257,2026-02-11 00:00:00,Страны Европы по-прежнему не хотят отказываться от военного сотрудничества с США,,,ru,RU
f8996a2047a8,interfax,https://www.interfax.ru/business/1072255,2026-02-11 00:00:00,Иностранные инвесторы вложили в активы emerging markets рекордные для января $99 млрд,,,ru,RU
40356ef1ca54,interfax,https://www.interfax.ru/russia/1072256,2026-02-11 00:00:00,Представители Кремля не планируют участвовать в заседании Совета мира 19 февраля,,,ru,RU
5a754fe4f59c,interfax,https://www.interfax.ru/russia/1072258,2026-02-11 00:00:00,Белгородский губернатор сообщил о еще двоих пострадавших от атак БПЛА,,,ru,RU
f0a89732e6a1,interfax,https://www.interfax.ru/russia/1072259,2026-02-11 00:00:00,"Рыбаки обеспокоены планами ввести для них ""информационно-цифровой оброк""",,,ru,RU
e191cf400eb8,interfax,https://www.interfax.ru/world/1072261,2026-02-11 00:00:00,"Вэнс заявил, что Россия и США продолжают переговоры по обновлению ДСНВ",,,ru,RU
5ec34ad3b6d7,interfax,https://www.interfax.ru/world/1072260,2026-02-11 00:00:00,"Рютте заявил, что не будет давать советы странам НАТО по поводу контактов с РФ",,,ru,RU
5e70a95343e0,interfax,https://www.interfax.ru/business/1072262,2026-02-11 00:00:00,"""Мосбиржа"" в марте изменит время закрытия основной торговой сессии на фондовом рынке",,,ru,RU
8df777e59366,interfax,https://www.interfax.ru/business/1072264,2026-02-11 00:00:00,"EBITDA ""Норникеля"" в 2025 году выросла на 9%, ниже прогноза",,,ru,RU
cdec843d0789,interfax,https://www.interfax.ru/business/1072265,2026-02-11 00:00:00,"""Норникель"" закладывает на 2026 год неизменный capex - $2,6 млрд",,,ru,RU
0f556be9e6fb,interfax,https://www.interfax.ru/russia/1072266,2026-02-11 00:00:00,Туроператоры предложат альтернативные направления туристам с путевками на Кубу,,,ru,RU
d225c84998a5,interfax,https://www.interfax.ru/business/1072267,2026-02-11 00:00:00,"""Норникель"" считает, что профицит на рынке никеля в 2026 г. может вырасти до 275 тыс. т",,,ru,RU
3bbe6a011334,interfax,https://www.interfax.ru/russia/1072268,2026-02-11 00:00:00,На Брянщине в результате атаки БПЛА на предприятие погиб мужчина,,,ru,RU
bc54e0a352d6,interfax,https://www.interfax.ru/business/1072291,2026-02-11 00:00:00,Рубль в среду немного повысился в паре с юанем,,,ru,RU
604ea311622d,interfax,https://www.interfax.ru/world/1072292,2026-02-11 00:00:00,Дроны мексиканского наркокартеля нарушили воздушное пространство США,,,ru,RU
2cf86314dd96,interfax,https://www.interfax.ru/world/1072295,2026-02-11 00:00:00,"Рютте заявил, что для вступления в силу гарантий безопасности для Киева нужно мирно решить конфликт",,,ru,RU
eb0726601944,interfax,https://www.interfax.ru/business/1072294,2026-02-11 00:00:00,"Минсельхоз ожидает, что цены на овощи в РФ будут снижаться с весны",,,ru,RU
c328c26f5845,interfax,https://www.interfax.ru/russia/1072293,2026-02-11 00:00:00,Выставка о сестрах милосердия пройдет в Музее военной истории РВИО,,,ru,RU
5f92d7bbfa01,interfax,https://www.interfax.ru/world/1072312,2026-02-11 00:00:00,Командование США готовится отправить на Ближний Восток второй авианосец,,,ru,RU
92475931a38b,interfax,https://www.interfax.ru/russia/1072311,2026-02-11 00:00:00,Два медика и водитель скорой помощи пострадали при ударе БПЛА в ЛНР,,,ru,RU
79f1e8d74dbd,interfax,https://www.interfax.ru/russia/1072310,2026-02-11 00:00:00,Семь человек пострадали при атаках ВСУ на Белгородскую область,,,ru,RU
28bd27fb1b19,interfax,https://www.interfax.ru/world/1072309,2026-02-11 00:00:00,Трамп на встрече с Нетаньяху настоял на продолжении переговоров с Ираном,,,ru,RU
6e6ee84cf707,interfax,https://www.interfax.ru/world/1072308,2026-02-11 00:00:00,В Чили оценивают возможность оказания гуманитарной помощи Кубе,,,ru,RU
011001b7c906,interfax,https://www.interfax.ru/russia/1072307,2026-02-11 00:00:00,"Власти подготовят предложения, увязывающие ставку по льготной ипотеке с числом детей в семье",,,ru,RU
1899efcf1dad,interfax,https://www.interfax.ru/world/1072305,2026-02-11 00:00:00,"Президент Мексики заявила, что не получала информации о дронах на границе с США",,,ru,RU
a5f2d489d976,interfax,https://www.interfax.ru/russia/1072314,2026-02-11 00:00:00,Один человек погиб при атаке дрона ВСУ в Белгородской области,,,ru,RU
2af27920ae81,interfax,https://www.interfax.ru/world/1072303,2026-02-11 00:00:00,В Тегеране заявили о намерении Израиля дестабилизировать весь Ближний Восток,,,ru,RU
d898cda259a9,interfax,https://www.interfax.ru/russia/1072301,2026-02-11 00:00:00,В РФ из Боснии и Герцеговины экстрадирован обвиняемый в вымогательстве,,,ru,RU
502d1c447b56,interfax,https://www.interfax.ru/world/1072300,2026-02-11 00:00:00,Министр энергетики США прибыл с визитом в Венесуэлу,,,ru,RU
c5fef2b92111,interfax,https://www.interfax.ru/world/1072298,2026-02-11 00:00:00,Россия откроет Генконсульство в казахстанском Актау,,,ru,RU
c0c46c5a6260,interfax,https://www.interfax.ru/world/1072297,2026-02-11 00:00:00,В Хельсинки заявили о готовности Зеленского участвовать в выборах президента Украины,,,ru,RU
784f2f0d454e,interfax,https://www.interfax.ru/business/1072296,2026-02-11 00:00:00,Аналитики ждут сохранения ставки ЦБ РФ в пятницу на уровне 16%,,,ru,RU
2d2d3be6b585,interfax,https://www.interfax.ru/russia/1072304,2026-02-11 00:00:00,"Авиакомпания ""Россия"" организует шесть вывозных рейсов с Кубы до 21 февраля",,,ru,RU
a380e8783403,interfax,https://www.interfax.ru/business/1072486,2026-02-12 00:00:00,Aurus продолжит выпуск автомобилей после модернизации площадки в Елабуге,,,ru,RU
e7da925c672b,interfax,https://www.interfax.ru/world/1072488,2026-02-12 00:00:00,Американские эксперты сообщили об усилении защиты подземного объекта в Натанзе,,,ru,RU
ea767c411295,interfax,https://www.interfax.ru/russia/1072487,2026-02-12 00:00:00,"Лидер ""Новых людей"" предложил определить для банков четкие критерии блокировки подозрительных операций",,,ru,RU
3f5eb17edaa0,interfax,https://www.interfax.ru/russia/1072490,2026-02-12 00:00:00,Арестован обвиняемый в стрельбе у техникума в Анапе,,,ru,RU
4e6d88d98be3,interfax,https://www.interfax.ru/business/1072491,2026-02-12 00:00:00,"Индекс МосБиржи вырос на 0,3% и превысил 2765 пунктов",,,ru,RU
c1c0f00dcca0,interfax,https://www.interfax.ru/russia/1072492,2026-02-12 00:00:00,Бывший глава совета директоров FESCO Северилов арестован по делу о растрате,,,ru,RU
878c05102048,interfax,https://www.interfax.ru/world/1072508,2026-02-12 00:00:00,Трамп отрицает участие своего делового партнера в решениях Вашингтона по Венесуэле,,,ru,RU
f246f606108e,interfax,https://www.interfax.ru/russia/1072494,2026-02-12 00:00:00,В Белгородской области 220 тысяч абонентов остались без света,,,ru,RU
eb5b0282ee79,interfax,https://www.interfax.ru/business/1072500,2026-02-12 00:00:00,РСТ ждет обновления рекорда по российскому турпотоку в Японию в 2026 году,,,ru,RU
31868ea1725e,interfax,https://www.interfax.ru/business/1072496,2026-02-12 00:00:00,"Рубль на ""Мосбирже"" немного подешевел к юаню накануне заседания ЦБ по ставке",,,ru,RU
5b4251eba0b8,interfax,https://www.interfax.ru/business/1072499,2026-02-12 00:00:00,Бывший глава ЕЦБ Драги призвал лидеров ЕС срочно заняться спасением экономики,,,ru,RU
7cedba3caa41,interfax,https://www.interfax.ru/business/1072502,2026-02-12 00:00:00,"В ""Суал Партнерс"" изменение доли в ""Русале"" назвали ""техническим""",,,ru,RU
c41eea2fc11e,interfax,https://www.interfax.ru/business/1072501,2026-02-12 00:00:00,"ФРБ Нью-Йорка выяснил, что повышение пошлин сильнее ударило по бизнесу и потребителям США",,,ru,RU
f795a935edb0,interfax,https://www.interfax.ru/russia/1072503,2026-02-12 00:00:00,Белгородский губернатор сообщил о еще пяти раненных в результате атак БПЛА,,,ru,RU
3715b225dbd6,interfax,https://www.interfax.ru/world/1072505,2026-02-12 00:00:00,В Карибском море столкнулись два корабля ВМС США,,,ru,RU
51765e0d80a7,interfax,https://www.interfax.ru/business/1072485,2026-02-12 00:00:00,Итальянские авиакомпании во время Олимпиады проведут забастовку 16 февраля,,,ru,RU
b136ece96f44,interfax,https://www.interfax.ru/russia/1072504,2026-02-12 00:00:00,Депутаты внесли в Госдуму законопроект об усилении контроля за оборотом зерна,,,ru,RU
8372b24beb9f,interfax,https://www.interfax.ru/world/1072495,2026-02-12 00:00:00,Два корабля ВМС Мексики доставили на Кубу гуманитарную помощь,,,ru,RU
b230a8735a4e,interfax,https://www.interfax.ru/russia/1072484,2026-02-12 00:00:00,Арестован фигурант дела о стрельбе в техникуме Анапы,,,ru,RU
34b6c6c1b8f3,interfax,https://www.interfax.ru/business/1072472,2026-02-12 00:00:00,"""Мосбиржа"" намерена конкурировать с серым сектором за комиссионные выплаты криптобиржам",,,ru,RU
d0742975e6ef,interfax,https://www.interfax.ru/russia/1072482,2026-02-12 00:00:00,Кабмин РФ поддержал законопроект о включении данных ФССП в кредитные истории,,,ru,RU
840efbb442f7,interfax,https://www.interfax.ru/business/1072460,2026-02-12 00:00:00,Профицит текущего счета платежного баланса РФ в 2025 году снизился на 34%,,,ru,RU
33392da400f8,interfax,https://www.interfax.ru/russia/1072461,2026-02-12 00:00:00,Врачам разрешат дистанционно закрывать больничные через Max,,,ru,RU
60180b07b7b9,interfax,https://www.interfax.ru/russia/1072462,2026-02-12 00:00:00,Минимальный срок для вывода софинансирования по ПДС предложили увеличить до пяти лет,,,ru,RU
d5a57074fa77,interfax,https://www.interfax.ru/business/1072463,2026-02-12 00:00:00,ЦБ обсудит с рынком возможность использования рублевых стейблкоинов для расчетов внутри РФ,,,ru,RU
12d2577549d9,interfax,https://www.interfax.ru/world/1072464,2026-02-12 00:00:00,Швеция задействует истребители для патрулирования вокруг Гренландии и Исландии,,,ru,RU
1300e3d746be,interfax,https://www.interfax.ru/world/1072465,2026-02-12 00:00:00,МИД Белоруссии сообщил о регулярных контактах со странами Запада,,,ru,RU
1ec2293264c8,interfax,https://www.interfax.ru/russia/1072466,2026-02-12 00:00:00,Визовый центр Японии начал работу в Петербурге,,,ru,RU
23e27879cfe4,interfax,https://www.interfax.ru/business/1072467,2026-02-12 00:00:00,Многие участники эксперимента по расчетам в криптовалюте не были готовы или не смогли обеспечить его требования,,,ru,RU
dec63120dc00,interfax,https://www.interfax.ru/world/1072483,2026-02-12 00:00:00,Администрация США сворачивает рейды против нелегалов в Миннесоте,,,ru,RU
a88ea6fd3a2b,interfax,https://www.interfax.ru/world/1072468,2026-02-12 00:00:00,ВС Сирии взяли под контроль бывшую военную базу США Ат-Танф,,,ru,RU
e0ce458ab378,interfax,https://www.interfax.ru/russia/1072471,2026-02-12 00:00:00,Главы МИД РФ и Туркменистана обсудили двустороннее сотрудничество,,,ru,RU
3f678a21390e,interfax,https://www.interfax.ru/moscow/1072506,2026-02-12 00:00:00,Москвичей предупредили о пробках в пятницу из-за снега и святого Валентина,,,ru,RU
fd6d0075bacc,interfax,https://www.interfax.ru/world/1072474,2026-02-12 00:00:00,"Рютте считает, что НАТО продолжит закупать у США вооружения для Киева",,,ru,RU
6396a7d9f058,interfax,https://www.interfax.ru/russia/1072475,2026-02-12 00:00:00,Дегтярев предложил взимать компенсации со сменивших спортивное гражданство,,,ru,RU
b5273a194c59,interfax,https://www.interfax.ru/russia/1072476,2026-02-12 00:00:00,Слуцкий высказался за возврат государству контроля над ценообразованием,,,ru,RU
a74a0c002b66,interfax,https://www.interfax.ru/russia/1072478,2026-02-12 00:00:00,Экс-глава совета директоров FESCO Северилов обвиняется в растрате 885 млн руб.,,,ru,RU
4fbd2580c949,interfax,https://www.interfax.ru/russia/1072479,2026-02-12 00:00:00,Челябинскому вице-губернатору предъявлено обвинение в получении взятки,,,ru,RU
26335e5ebc4b,interfax,https://www.interfax.ru/russia/1072481,2026-02-12 00:00:00,В Брянской области в результате атаки дронов ранен глава сельского поселения,,,ru,RU
fe1cd4f98a51,interfax,https://www.interfax.ru/russia/1072470,2026-02-12 00:00:00,Жителям волгоградского поселка разрешили вернуться домой после эвакуации,,,ru,RU
ef79a48e7908,interfax,https://www.interfax.ru/world/1072507,2026-02-12 00:00:00,Мексика готова стать посредником между США и Кубой,,,ru,RU
3446b32fd2bb,interfax,https://www.interfax.ru/world/1072510,2026-02-12 00:00:00,WSJ сообщила о тайных поставках терминалов Starlink иранским оппозиционерам,,,ru,RU
2a287b843427,interfax,https://www.interfax.ru/world/1072525,2026-02-12 00:00:00,Трамп намерен посетить КНР в апреле и ждет Си Цзиньпина с визитом в США,,,ru,RU
240b5f3b91c3,interfax,https://www.interfax.ru/russia/1072509,2026-02-12 00:00:00,МВД раскрыло суть обвинений в адрес топ-менеджеров FESCO,,,ru,RU
501b481324f1,interfax,https://www.interfax.ru/russia/1072532,2026-02-12 00:00:00,"План ""Ковер"" введен в Пензенской области",,,ru,RU
95236502bc3e,interfax,https://www.interfax.ru/russia/1072531,2026-02-12 00:00:00,Вечером над регионами РФ нейтрализовано 66 украинских беспилотников,,,ru,RU
de0d5ee3d9d5,interfax,https://www.interfax.ru/russia/1072530,2026-02-12 00:00:00,Патриарх Кирилл призвал противостоять образованию мигрантских анклавов,,,ru,RU
09cd36d053bd,interfax,https://www.interfax.ru/russia/1072526,2026-02-12 00:00:00,"Макрон заявил, что возможный диалог с Путиным должен быть хорошо подготовлен",,,ru,RU
5b5f3ca26c31,interfax,https://www.interfax.ru/russia/1072524,2026-02-12 00:00:00,"Трамп пригрозил Ирану тяжелыми временами, если страна не заключит сделку с США",,,ru,RU
4a54f0a0bf6b,interfax,https://www.interfax.ru/russia/1072520,2026-02-12 00:00:00,Премьер-министры России и Белоруссии обсудили по телефону вопросы сотрудничества,,,ru,RU
d121d7d94a9c,interfax,https://www.interfax.ru/world/1072521,2026-02-12 00:00:00,Японские истребители поднимались проследить за российским самолетом-разведчиком,,,ru,RU
cb98f7023371,interfax,https://www.interfax.ru/world/1072518,2026-02-12 00:00:00,Страны НАТО направят сотни миллионов евро на программу PURL для Украины,,,ru,RU
8f4b3c4bb7b9,interfax,https://www.interfax.ru/world/1072517,2026-02-12 00:00:00,"Генсек НАТО предупредил, что на завершение боев на Украине потребуется время",,,ru,RU
2531404e6d7c,interfax,https://www.interfax.ru/world/1072515,2026-02-12 00:00:00,CENTCOM назвал упорядоченным уход ВС США с базы Ат-Танф в Сирии,,,ru,RU
7c4e1728ca9b,interfax,https://www.interfax.ru/business/1072513,2026-02-12 00:00:00,Норвегия выделит более $440 млн на военную помощь Киеву,,,ru,RU
c479e350fbdc,interfax,https://www.interfax.ru/russia/1072514,2026-02-12 00:00:00,Крупнейшие автопроизводители получили традиционную отсрочку по уплате утильсбора,,,ru,RU
70cd702ffb41,interfax,https://www.interfax.ru/world/1072512,2026-02-12 00:00:00,Рютте впечатлен усилиями стран НАТО увеличивать расходы на оборону,,,ru,RU
656aa0dd05da,interfax,https://www.interfax.ru/russia/1072519,2026-02-12 00:00:00,В Москве арестован второй фигурант дела о растрате в FESCO,,,ru,RU
29c728b1cc86,interfax,https://www.interfax.ru/business/1072700,2026-02-13 00:00:00,В России годовая инфляция в январе ускорилась до 6%,,,ru,RU
1173a95d62a4,interfax,https://www.interfax.ru/business/1072702,2026-02-13 00:00:00,"Цены на продукты питания в РФ в январе выросли на 1,8%, на алкоголь – на 3%",,,ru,RU
d36fb1332578,interfax,https://www.interfax.ru/business/1072699,2026-02-13 00:00:00,В 2025 году в киберучениях в России участвовали 320 финансовых организаций,,,ru,RU
31830a65e327,interfax,https://www.interfax.ru/world/1072717,2026-02-13 00:00:00,Гросси считает возможным прогресс в урегулировании проблемы иранской ядерной программы,,,ru,RU
f26dc84343b3,interfax,https://www.interfax.ru/world/1072669,2026-02-13 00:00:00,Финский залив может полностью замерзнуть впервые за последние годы,,,ru,RU
c9813bb4b0c6,interfax,https://www.interfax.ru/world/1072670,2026-02-13 00:00:00,Канцлер ФРГ допустил возможность контактов с РФ по Украине,,,ru,RU
2ceac56e7c76,interfax,https://www.interfax.ru/business/1072703,2026-02-13 00:00:00,Индекс МосБиржи поднялся к 2780 пунктам на решении ЦБ по ставке,,,ru,RU
8ff1c5b9070b,interfax,https://www.interfax.ru/world/1072668,2026-02-13 00:00:00,Портовый гигант DP World отправил в отставку CEO на фоне возможных связей с Эпштейном,,,ru,RU
006a79ad2ab8,interfax,https://www.interfax.ru/business/1072704,2026-02-13 00:00:00,"Цены на бензин в РФ в январе выросли на 1,35% после снижения на 0,43% в декабре",,,ru,RU
b29636005a97,interfax,https://www.interfax.ru/russia/1072714,2026-02-13 00:00:00,Россия развивает взаимодействие в космической сфере с Ираном и Пакистаном,,,ru,RU
71d75439176d,interfax,https://www.interfax.ru/russia/1072705,2026-02-13 00:00:00,ФАС возбудила десять дел в отношении участников торгов нефтепродуктами,,,ru,RU
a506c12e4b3a,interfax,https://www.interfax.ru/business/1072708,2026-02-13 00:00:00,"Рубль на ""Мосбирже"" подорожал к юаню на ожиданиях внешнеполитического позитива",,,ru,RU
843241644999,interfax,https://www.interfax.ru/business/1072709,2026-02-13 00:00:00,"Минэкономразвития видит ""значительный потенциал"" для дальнейшего снижения ставки ЦБ",,,ru,RU
bcabb9a02336,interfax,https://www.interfax.ru/world/1072710,2026-02-13 00:00:00,Ереван попросил Москву ознакомить его с российской технологией модульных атомных реакторов,,,ru,RU
eebaadafa53e,interfax,https://www.interfax.ru/world/1072711,2026-02-13 00:00:00,Штатам предложили заключить отдельные соглашения по ядерному оружию с Китаем и Россией,,,ru,RU
db7757289850,interfax,https://www.interfax.ru/russia/1072715,2026-02-13 00:00:00,Дмитриев в Женеве проведет переговоры с представителями США,,,ru,RU
d95c32482852,interfax,https://www.interfax.ru/business/1072671,2026-02-13 00:00:00,ЦБ пока не может оценить изменение структуры расчетов из-за НДС на банковские операции,,,ru,RU
7c9caef0d293,interfax,https://www.interfax.ru/business/1072713,2026-02-13 00:00:00,В Евросоюзе озабочены слишком высокими ценами на энергию,,,ru,RU
a62962b0f473,interfax,https://www.interfax.ru/business/1072706,2026-02-13 00:00:00,"Услуги связи в РФ в январе подорожали на 1,64% г/г",,,ru,RU
7376c7df150c,interfax,https://www.interfax.ru/culture/1072672,2026-02-13 00:00:00,Безруков сообщил об отсутствии у него планов стать ректором Школы-студии МХАТ,,,ru,RU
a7a4d2ff7b13,interfax,https://www.interfax.ru/world/1072681,2026-02-13 00:00:00,"Канцлер ФРГ призвал ""перенастроить трансатлантическое доверие""",,,ru,RU
811620238b24,interfax,https://www.interfax.ru/russia/1072676,2026-02-13 00:00:00,Замглавы МИД Галузин принял в Москве спецпредставителей ЕС и ОБСЕ по Южному Кавказу,,,ru,RU
fbba4e8731a7,interfax,https://www.interfax.ru/russia/1072698,2026-02-13 00:00:00,"""Почта России"" сообщила об устранении сбоя в своих сервисах",,,ru,RU
ba18ca79bb2c,interfax,https://www.interfax.ru/russia/1072697,2026-02-13 00:00:00,Суд попросили передать государству имущество бывшей замгубернатора Кубани Миньковой,,,ru,RU
eb40beda8569,interfax,https://www.interfax.ru/business/1072695,2026-02-13 00:00:00,Ставки портовых сборов в РФ в 2026 году будут проиндексированы на 5%,,,ru,RU
c06df8b7e89e,interfax,https://www.interfax.ru/world/1072694,2026-02-13 00:00:00,Bloomberg сообщил о тайных переговорах в Европе о ядерном сдерживании своими силами,,,ru,RU
8b949b063934,interfax,https://www.interfax.ru/world/1072692,2026-02-13 00:00:00,"Axios сообщил, что Трамп и Нетаньяху продолжат давление на Иран параллельно с переговорами",,,ru,RU
a3269bf84a6b,interfax,https://www.interfax.ru/moscow/1072690,2026-02-13 00:00:00,В Подмосковье два человека пострадали от падения наледи с крыш,,,ru,RU
4963fe632eb7,interfax,https://www.interfax.ru/russia/1072691,2026-02-13 00:00:00,"Пользователи пожаловались на сбои в работе ИТ-систем ""Почты России""",,,ru,RU
b3d10ecb8921,interfax,https://www.interfax.ru/business/1072689,2026-02-13 00:00:00,США могут ввести пошлину в 133% на импорт палладия из России,,,ru,RU
967b16d72167,interfax,https://www.interfax.ru/russia/1072687,2026-02-13 00:00:00,Смоленская АЭС вывела энергоблок №2 на плановый ремонт с модернизацией,,,ru,RU
0a51a51e502d,interfax,https://www.interfax.ru/russia/1072686,2026-02-13 00:00:00,"ВС РФ рассмотрит вопрос о признании террористическим ""Антивоенного комитета России"" 2 марта",,,ru,RU
53111a43c15d,interfax,https://www.interfax.ru/business/1072685,2026-02-13 00:00:00,"ЦБ сообщил о росте объема хищений мошенников в 2025 году до 29,3 млрд рублей",,,ru,RU
4d74b0455db3,interfax,https://www.interfax.ru/russia/1072684,2026-02-13 00:00:00,Суд в Москве арестовал замглавы Челябинской области Андрея Фалейчика,,,ru,RU
d7bbdf923cfa,interfax,https://www.interfax.ru/world/1072680,2026-02-13 00:00:00,Германия намерена расширить военное присутствие в Арктике,,,ru,RU
d136327264cd,interfax,https://www.interfax.ru/world/1072679,2026-02-13 00:00:00,Швеция выделит 100 миллионов евро на поддержку Украины,,,ru,RU
d5d0406e64f2,interfax,https://www.interfax.ru/russia/1072677,2026-02-13 00:00:00,Иноагентом признана Agentura.ru,,,ru,RU
88da84c36692,interfax,https://www.interfax.ru/world/1072675,2026-02-13 00:00:00,Британия направит $545 млн на разработку ракет дальнего радиуса действия и гиперзвукового оружия,,,ru,RU
31ee748d5b2e,interfax,https://www.interfax.ru/russia/1072678,2026-02-13 00:00:00,Несколько районов Курской области остались без света из-за атаки ВСУ,,,ru,RU
06802938a48e,interfax,https://www.interfax.ru/russia/1072673,2026-02-13 00:00:00,Лавров обсудил с депутатами из стран ОДКБ сотрудничество и международную повестку,,,ru,RU
c82edd3f76b5,interfax,https://www.interfax.ru/russia/1072718,2026-02-13 00:00:00,"Росморречфлот получит 5,8 млрд рублей на локализацию последствий разлива мазута в Черном море",,,ru,RU
6287c11c4f5b,interfax,https://www.interfax.ru/russia/1072682,2026-02-13 00:00:00,ИКАР не исключил роста урожая гречихи в 2026 году до 1 млн тонн,,,ru,RU
bc5f5f816190,interfax,https://www.interfax.ru/world/1072719,2026-02-13 00:00:00,Франция пока не обсуждает размещение своего ядерного арсенала в других странах,,,ru,RU
7a74cf129209,interfax,https://www.interfax.ru/world/1072716,2026-02-13 00:00:00,Алиев заявил о готовности подписать с Арменией мирный договор после изменения ее Конституции,,,ru,RU
7fba5bfb1863,interfax,https://www.interfax.ru/russia/1072737,2026-02-13 00:00:00,Минобороны РФ сообщило об уничтожении 13 украинских БПЛА,,,ru,RU
bcb1a881bdb1,interfax,https://www.interfax.ru/russia/1072736,2026-02-13 00:00:00,Морской пассажирский транспорт снова приостановил работу,,,ru,RU
f1d532b4ac41,interfax,https://www.interfax.ru/russia/1072735,2026-02-13 00:00:00,Число пострадавших в результате ракетного удара по Белгороду достигло 5 человек,,,ru,RU
30e6c02baed3,interfax,https://www.interfax.ru/world/1072731,2026-02-13 00:00:00,Макрон планирует установить канал связи с Россией,,,ru,RU
5922e3f9dde5,interfax,https://www.interfax.ru/world/1072730,2026-02-13 00:00:00,Президент Азербайджана видит большое будущее у созданного Трампом Совета мира,,,ru,RU
30985d044f41,interfax,https://www.interfax.ru/russia/1072729,2026-02-13 00:00:00,В Казани самолет с пассажирами выкатился с рулежной дорожки,,,ru,RU
9b3c9d0f0b9d,interfax,https://www.interfax.ru/world/1072732,2026-02-13 00:00:00,Рубио пропустит на Мюнхенской конференции встречу с европейскими лидерами по Украине,,,ru,RU
45711ab6fcd1,interfax,https://www.interfax.ru/world/1072726,2026-02-13 00:00:00,"Трамп объяснил, зачем на Ближний Восток отправляется второй авианосец",,,ru,RU
520ba5385c59,interfax,https://www.interfax.ru/russia/1072724,2026-02-13 00:00:00,В результате ракетного удара по Белгороду погибли два человека,,,ru,RU
134e4c7e6c99,interfax,https://www.interfax.ru/russia/1072723,2026-02-13 00:00:00,В ростовских школах откроют туристические классы,,,ru,RU
7972ffcf86ca,interfax,https://www.interfax.ru/russia/1072720,2026-02-13 00:00:00,Российские военные с 14:00 сбили 47 дронов,,,ru,RU
a1a3001d0163,interfax,https://www.interfax.ru/world/1072722,2026-02-13 00:00:00,Трамп призвал Зеленского включиться в переговоры о мирном соглашении,,,ru,RU
98e8b050b8c0,interfax,https://www.interfax.ru/business/1072721,2026-02-13 00:00:00,"ЦБ отметил ""зашумленность"" данных Росстата по инфляции в январе",,,ru,RU
f0882920600b,interfax,https://www.interfax.ru/business/1072727,2026-02-13 00:00:00,Вложения по программе долгосрочных сбережений в 2025 году превысили 717 млрд рублей,,,ru,RU
288a2c59b8f0,interfax,https://www.interfax.ru/world/1072796,2026-02-14 00:00:00,Военные США сообщили о 30 ударах по объектам ИГ в Сирии,,,ru,RU
cd12d3aad534,interfax,https://www.interfax.ru/world/1072789,2026-02-14 00:00:00,Белорусские десантники проводят учения близ границы с Польшей,,,ru,RU
2aab525b6d0a,interfax,https://www.interfax.ru/russia/1072788,2026-02-14 00:00:00,Военно-Грузинская дорога закрыта для всех видов транспорта,,,ru,RU
ca2eb2d0868a,interfax,https://www.interfax.ru/world/1072790,2026-02-14 00:00:00,В переговорах США с РФ и Украиной в Женеве примут участие Уиткофф и Кушнер,,,ru,RU
abde1ba1da57,interfax,https://www.interfax.ru/culture/1072791,2026-02-14 00:00:00,"Британский музей собрал 3,5 млн фунтов пожертвований, чтобы выкупить ""Сердце Тюдоров""",,,ru,RU
8c0356b0f89e,interfax,https://www.interfax.ru/russia/1072792,2026-02-14 00:00:00,Военно-Грузинскую дорогу открыли с ограничениями для большегрузов,,,ru,RU
a44c5ee7b68e,interfax,https://www.interfax.ru/russia/1072794,2026-02-14 00:00:00,Мужчина погиб при обрушении козырька горбольницы в Тамбовской области,,,ru,RU
f15d1efaaca2,interfax,https://www.interfax.ru/russia/1072797,2026-02-14 00:00:00,Самолет Ан-72 выкатился за пределы ВПП на Таймыре,,,ru,RU
3fffb88d2f3c,interfax,https://www.interfax.ru/world/1072808,2026-02-14 00:00:00,Премьер Испании выступает против наращивания ядерных вооружений,,,ru,RU
ed55ad5518e1,interfax,https://www.interfax.ru/world/1072800,2026-02-14 00:00:00,Норвегия и Германия подписали соглашение о развитии оборонного сотрудничества,,,ru,RU
774e86794b4f,interfax,https://www.interfax.ru/russia/1072801,2026-02-14 00:00:00,Восемь человек пострадали в ДТП с троллейбусом в саратовском Энгельсе,,,ru,RU
263897ab2662,interfax,https://www.interfax.ru/world/1072803,2026-02-14 00:00:00,Против Католикоса всех армян возбудили дело и запретили его выезд из страны,,,ru,RU
ee17225f75db,interfax,https://www.interfax.ru/russia/1072806,2026-02-14 00:00:00,Число пострадавших в ДТП в саратовском Энгельсе выросло до девяти,,,ru,RU
6e67762514b5,interfax,https://www.interfax.ru/russia/1072807,2026-02-14 00:00:00,Пятнадцать человек пострадали в результате удара украинских дронов в ЛНР,,,ru,RU
857fdfadb823,interfax,https://www.interfax.ru/russia/1072787,2026-02-14 00:00:00,Движение по Крымскому мосту перекрывалось на 20 минут,,,ru,RU
59dc98779873,interfax,https://www.interfax.ru/world/1072809,2026-02-14 00:00:00,"Премьер Дании полагает, что Трамп не отказался от намерений взять под контроль Гренландию",,,ru,RU
1bcdf859daff,interfax,https://www.interfax.ru/russia/1072798,2026-02-14 00:00:00,Горячей воды в домах с отоплением до конца сезона не будет в Белгороде,,,ru,RU
7d452411ab97,interfax,https://www.interfax.ru/world/1072786,2026-02-14 00:00:00,"Стармер заявил, что Британия отправит авианосец HMS Prince of Wales на север Атлантики",,,ru,RU
e1423257fed2,interfax,https://www.interfax.ru/russia/1072779,2026-02-14 00:00:00,Транскам открыли для движения всех видов транспорта,,,ru,RU
ee80e6ab0bf6,interfax,https://www.interfax.ru/world/1072784,2026-02-14 00:00:00,"Стармер признал, что Европе будет трудно заместить роль США в ее безопасности",,,ru,RU
955bb46fefac,interfax,https://www.interfax.ru/world/1072764,2026-02-14 00:00:00,Алиев заявил о готовности к перезагрузке отношений с Францией,,,ru,RU
8191dd17c91a,interfax,https://www.interfax.ru/world/1072765,2026-02-14 00:00:00,"Представители ведомств Британии, Скандинавии и Балтии обсудили перехват танкеров, связываемых с РФ",,,ru,RU
abd40b8623c9,interfax,https://www.interfax.ru/russia/1072766,2026-02-14 00:00:00,Астана и Москва продолжают согласование соглашений о строительстве АЭС,,,ru,RU
e61bd1c516d4,interfax,https://www.interfax.ru/russia/1072768,2026-02-14 00:00:00,Житель брянского села погиб при атаке дронов ВСУ на автомобиль,,,ru,RU
47d885507465,interfax,https://www.interfax.ru/world/1072770,2026-02-14 00:00:00,В Финляндии хотят ретроспективно вмешиваться в сделки с недвижимостью с россиянами,,,ru,RU
57f55ee91a4d,interfax,https://www.interfax.ru/world/1072771,2026-02-14 00:00:00,Поврежден соединяющий Польшу и Швецию подводный электрокабель в Балтийском море,,,ru,RU
57f09542a4b3,interfax,https://www.interfax.ru/world/1072774,2026-02-14 00:00:00,"Рубио заявил, что на переговорах по Украине остались самые сложные вопросы",,,ru,RU
a756a54db069,interfax,https://www.interfax.ru/world/1072785,2026-02-14 00:00:00,ВВС США продолжают непрерывно доставлять военные грузы на Ближний Восток,,,ru,RU
bd607a0c6af4,interfax,https://www.interfax.ru/russia/1072775,2026-02-14 00:00:00,Число пострадавших при ракетной атаке на Белгород выросло до шести,,,ru,RU
0459ced2f59a,interfax,https://www.interfax.ru/moscow/1072778,2026-02-14 00:00:00,До конца 2032 года в Москве планируется строительство 34 станций метро,,,ru,RU
7baa3cf48840,interfax,https://www.interfax.ru/russia/1072810,2026-02-14 00:00:00,Минобороны РФ предложило день службы в зоне СВО засчитывать за три дня работы,,,ru,RU
166956c27366,interfax,https://www.interfax.ru/world/1072776,2026-02-14 00:00:00,В китайском МИД призвали найти долговременное решение украинского конфликта,,,ru,RU
a7923f10237d,interfax,https://www.interfax.ru/world/1072780,2026-02-14 00:00:00,Госсекретарь США назвал работу ООН неэффективной,,,ru,RU
3e33d9d361a8,interfax,https://www.interfax.ru/russia/1072781,2026-02-14 00:00:00,Военные РФ нанесли удары по центральной базе ракетно-артиллерийского вооружения ВСУ,,,ru,RU
b192fa99401a,interfax,https://www.interfax.ru/russia/1072782,2026-02-14 00:00:00,Минобороны сообщило об улучшении позиций войск РФ на ряде направлений в зоне СВО,,,ru,RU
813ff777c83e,interfax,https://www.interfax.ru/russia/1072783,2026-02-14 00:00:00,Российские военные сбили за сутки 118 беспилотников ВСУ,,,ru,RU
73c387f1dbde,interfax,https://www.interfax.ru/russia/1072777,2026-02-14 00:00:00,В иркутском Шелехове устранена крупная авария на водопроводе,,,ru,RU
5081e08dc744,interfax,https://www.interfax.ru/culture/1072811,2026-02-14 00:00:00,Чайники XVII века из исинской глины представили в Эрмитаже,,,ru,RU
0261429f00bb,interfax,https://www.interfax.ru/world/1072773,2026-02-14 00:00:00,Пентагон собрался пополнить запасы мощных противобункерных авиабомб GBU-57,,,ru,RU
3b4374ff2790,interfax,https://www.interfax.ru/russia/1072813,2026-02-14 00:00:00,В Удмуртии в результате столкновения школьного автобуса и машины погиб человек,,,ru,RU
ba9a89542e32,interfax,https://www.interfax.ru/world/1072812,2026-02-14 00:00:00,Глава ЕК призвала воплотить в жизнь статью о коллективной обязанности ЕС защищаться от агрессии,,,ru,RU
614935140d2f,interfax,https://www.interfax.ru/world/1072832,2026-02-14 00:00:00,Экономические договоренности Индии и США не повлияли на стратегическую автономию Дели,,,ru,RU
9fb02a194926,interfax,https://www.interfax.ru/world/1072827,2026-02-14 00:00:00,"Корабль Crew Dragon с космонавтом ""Роскосмоса"" сблизился с МКС для стыковки",,,ru,RU
0be082eff38b,interfax,https://www.interfax.ru/russia/1072825,2026-02-14 00:00:00,Россия отвергла обвинения Баку в целенаправленных атаках на посольство в Киеве,,,ru,RU
73e4a01c6722,interfax,https://www.interfax.ru/world/1072822,2026-02-14 00:00:00,"Глава Азербайджана выразил надежду, что мирный договор с Арменией будет подписан уже в этом году",,,ru,RU
2a8dd0b1afbc,interfax,https://www.interfax.ru/world/1072830,2026-02-14 00:00:00,"Корабль Crew Dragon с космонавтом ""Роскосмоса"" на борту пристыковался к МКС",,,ru,RU
f7e73eeb800d,interfax,https://www.interfax.ru/world/1072818,2026-02-14 00:00:00,В Армянской церкви назвали дело против католикоса политически мотивированным,,,ru,RU
9a5934c5863d,interfax,https://www.interfax.ru/moscow/1072819,2026-02-14 00:00:00,Поезда на МЦД-3 задерживаются из-за остановки состава,,,ru,RU
30f3186c05dc,interfax,https://www.interfax.ru/russia/1072817,2026-02-14 00:00:00,Обломки украинских дронов упали в Севастополе,,,ru,RU
7119c0674c6f,interfax,https://www.interfax.ru/russia/1072816,2026-02-14 00:00:00,Ребенок погиб в результате схода снега с крыши в ХМАО,,,ru,RU
8446dbcd6332,interfax,https://www.interfax.ru/russia/1072814,2026-02-14 00:00:00,Число пострадавших от атаки беспилотников в ЛНР возросло до 19,,,ru,RU
48a8fd0d0726,interfax,https://www.interfax.ru/world/1072820,2026-02-14 00:00:00,"Стармер и фон дер Ляйен обсудили необходимость сделать НАТО более ""европейской""",,,ru,RU
f3eb83995ab5,interfax,https://www.interfax.ru/russia/1072886,2026-02-15 00:00:00,"Двое детей погибли в Свердловской области под снегом, катаясь на горке",,,ru,RU
bb87e0633974,interfax,https://www.interfax.ru/russia/1072878,2026-02-15 00:00:00,Еще один человек обратился к медикам после обстрела Белгорода,,,ru,RU
32e18f31b8f1,interfax,https://www.interfax.ru/russia/1072879,2026-02-15 00:00:00,Путин на следующей неделе примет участие в совещании судей,,,ru,RU
1f26819d2dc6,interfax,https://www.interfax.ru/russia/1072880,2026-02-15 00:00:00,"Причиной нападения в челябинском храме стало замечание о ""неправильном"" поведении",,,ru,RU
8507db18ea5e,interfax,https://www.interfax.ru/russia/1072881,2026-02-15 00:00:00,Энергоснабжение нарушено в шести районах Владимирской области из-за снегопада,,,ru,RU
a5de8e534a15,interfax,https://www.interfax.ru/russia/1072882,2026-02-15 00:00:00,Еще более 40 украинских беспилотников уничтожены над Брянской областью,,,ru,RU
0c2b9f888fc1,interfax,https://www.interfax.ru/russia/1072883,2026-02-15 00:00:00,Один человек ранен при атаке дронов ВСУ в Брянской области,,,ru,RU
cca3bb5f1817,interfax,https://www.interfax.ru/russia/1072884,2026-02-15 00:00:00,До двенадцати увеличилось число сбитых БПЛА в Калужской области,,,ru,RU
14aec5511cf8,interfax,https://www.interfax.ru/world/1072887,2026-02-15 00:00:00,Военные США задержали в Индийском океане танкер,,,ru,RU
61a732f92e32,interfax,https://www.interfax.ru/moscow/1072893,2026-02-15 00:00:00,Аэропорт Домодедово возобновил обслуживание рейсов,,,ru,RU
0dde7159edde,interfax,https://www.interfax.ru/russia/1072889,2026-02-15 00:00:00,Все задержанные поезда в Крым прибыли на станции,,,ru,RU
cd58248830ab,interfax,https://www.interfax.ru/moscow/1072890,2026-02-15 00:00:00,"С начала дня уничтожены восемнадцать дронов, летевших на Москву",,,ru,RU
6468d03e88dd,interfax,https://www.interfax.ru/moscow/1072891,2026-02-15 00:00:00,В аэропорту Домодедово введены временные ограничения на прием и выпуск самолетов,,,ru,RU
22ef40ad6376,interfax,https://www.interfax.ru/russia/1072892,2026-02-15 00:00:00,"Путин сообщил, что воины-""афганцы"" оказывают действенную поддержку участникам СВО",,,ru,RU
f1c0a8e545fa,interfax,https://www.interfax.ru/moscow/1072876,2026-02-15 00:00:00,Жителей Москвы и Подмосковья предупредили о возможной метели в понедельник,,,ru,RU
26748b4311e2,interfax,https://www.interfax.ru/world/1072895,2026-02-15 00:00:00,"Рубио заявил, что США не собираются ""бросать"" НАТО",,,ru,RU
21ea0b62dee8,interfax,https://www.interfax.ru/moscow/1072896,2026-02-15 00:00:00,Ограничения работы аэропорта Внуково сняты,,,ru,RU
55d3c61c81a6,interfax,https://www.interfax.ru/russia/1072897,2026-02-15 00:00:00,Нижегородский аэропорт приостановил работу,,,ru,RU
89eb3f09e1bc,interfax,https://www.interfax.ru/russia/1072898,2026-02-15 00:00:00,Подразделения ПВО за день уничтожили над Брянской областью 120 дронов ВСУ,,,ru,RU
7a18ee2e1832,interfax,https://www.interfax.ru/moscow/1072888,2026-02-15 00:00:00,На подлете к Москве ликвидирован пятый беспилотник,,,ru,RU
d9ceba631b2c,interfax,https://www.interfax.ru/russia/1072875,2026-02-15 00:00:00,Здание больницы в калужском Козельске повреждено в результате атаки БПЛА,,,ru,RU
acce6bdf907c,interfax,https://www.interfax.ru/russia/1072869,2026-02-15 00:00:00,Мужчина ранил двух женщин в одном из храмов Челябинска,,,ru,RU
e216ad4e4adf,interfax,https://www.interfax.ru/moscow/1072873,2026-02-15 00:00:00,"До трех увеличилось количество сбитых БПЛА, летевших на Москву",,,ru,RU
70084f5c8523,interfax,https://www.interfax.ru/russia/1072851,2026-02-15 00:00:00,"Герасимов заявил об активных наступательных действиях группировки ""Запад""",,,ru,RU
069f2cc10a77,interfax,https://www.interfax.ru/russia/1072852,2026-02-15 00:00:00,"Начальник Генштаба проинспектировал группировку ""Центр"" и отметил ее успехи в ДНР",,,ru,RU
12624a9eb31d,interfax,https://www.interfax.ru/russia/1072853,2026-02-15 00:00:00,На Земле началась магнитная буря,,,ru,RU
3b59b9cd8019,interfax,https://www.interfax.ru/russia/1072854,2026-02-15 00:00:00,Герасимов сообщил о наступлении российской армии на Славянск,,,ru,RU
6f9655b4d40c,interfax,https://www.interfax.ru/world/1072855,2026-02-15 00:00:00,Страны Северной Европы к 2030 г. планируют проложить подводную интернет-кабельную систему,,,ru,RU
46c003751cda,interfax,https://www.interfax.ru/world/1072856,2026-02-15 00:00:00,Ракета компании SpaceX вывела на орбиту группу из 24 интернет-спутников Starlink,,,ru,RU
eba9fa6cc1e0,interfax,https://www.interfax.ru/russia/1072857,2026-02-15 00:00:00,Бастрыкин отметил необходимость принятия дополнительных мер по борьбе с киберпреступлениями,,,ru,RU
e931e3ee2428,interfax,https://www.interfax.ru/russia/1072859,2026-02-15 00:00:00,Площадь пожара в поселке Волна после атаки БПЛА на Кубани превышает 2 тыс. кв. м,,,ru,RU
a61750255ecb,interfax,https://www.interfax.ru/world/1072860,2026-02-15 00:00:00,"Авианосец ВМС США ""Джеральд Форд"" направляется на Ближний Восток",,,ru,RU
004406227778,interfax,https://www.interfax.ru/world/1072861,2026-02-15 00:00:00,В МИД Ирана заявили о готовности рассмотреть компромиссы для заключения ядерной сделки с США,,,ru,RU
b9a2c7e91d05,interfax,https://www.interfax.ru/russia/1072862,2026-02-15 00:00:00,Массированную атаку украинских БПЛА отражают в Брянской области,,,ru,RU
82ab2ce1b3f0,interfax,https://www.interfax.ru/moscow/1072863,2026-02-15 00:00:00,"Временные ограничения введены на использование воздушного пространства в районе ""Внуково""",,,ru,RU
fd4b5a4f84c2,interfax,https://www.interfax.ru/russia/1072864,2026-02-15 00:00:00,Иностранное судно повредило кран в порту Усть-Луга,,,ru,RU
47bc58b330a3,interfax,https://www.interfax.ru/russia/1072865,2026-02-15 00:00:00,Глава СКР рассказал об активном применении ИИ в работе ведомства,,,ru,RU
7dc8aa9a8bb3,interfax,https://www.interfax.ru/russia/1072867,2026-02-15 00:00:00,Минобороны заявило о взятии под контроль четырех населенных пунктов в Запорожской области,,,ru,RU
391634f4f808,interfax,https://www.interfax.ru/russia/1072866,2026-02-15 00:00:00,"Четыре человека погибли и трое пострадали в ДТП на трассе ""Амур"" в Приамурье",,,ru,RU
5be324b8a3e6,interfax,https://www.interfax.ru/russia/1072870,2026-02-15 00:00:00,Военные РФ нанесли удары по связанным с армией Украины транспортным объектам,,,ru,RU
ab916aee1357,interfax,https://www.interfax.ru/moscow/1072871,2026-02-15 00:00:00,"Сбиты два БПЛА, летевшие на Москву",,,ru,RU
ef3796bc21f6,interfax,https://www.interfax.ru/russia/1072872,2026-02-15 00:00:00,Минобороны заявило о создании плацдарма для дальнейшего продвижения в Запорожской области,,,ru,RU
8aad7da7b281,interfax,https://www.interfax.ru/world/1072874,2026-02-15 00:00:00,У Макрона в понедельник в Дели запланирована встреча с премьером Индии,,,ru,RU
ab25df37df81,interfax,https://www.interfax.ru/world/1072900,2026-02-15 00:00:00,Рубио сообщил о настрое США пока искать дипломатические пути решения ядерной проблемы Ирана,,,ru,RU
845f0d1300b2,interfax,https://www.interfax.ru/russia/1072899,2026-02-15 00:00:00,Ликвидирован один из очагов возгорания на Кубани после атаки БПЛА,,,ru,RU
0c7968506c89,interfax,https://www.interfax.ru/russia/1072902,2026-02-15 00:00:00,"Минобороны РФ сообщило, что с 13:00 сбиты 123 украинских дрона",,,ru,RU
53d8b1ebce9d,interfax,https://www.interfax.ru/russia/1072901,2026-02-15 00:00:00,Подачу воды ограничат в ряде крупных городов Ставрополья для устранения аварии,,,ru,RU
8ddabefd5388,interfax,https://www.interfax.ru/russia/1072920,2026-02-15 00:00:00,Минобороны РФ сообщило о нейтрализации вечером 49 украинских дронов,,,ru,RU
d3ee8f1b1544,interfax,https://www.interfax.ru/russia/1072919,2026-02-15 00:00:00,"Оспу обезьян выявили у двух россиян, вернувшихся из Таиланда",,,ru,RU
1e41067f3501,interfax,https://www.interfax.ru/russia/1072917,2026-02-15 00:00:00,Патрульные самолеты ВМС США провели очередную разведку вблизи Ирана,,,ru,RU
7ad25566594c,interfax,https://www.interfax.ru/russia/1072918,2026-02-15 00:00:00,Энергообъекты серьезно повреждены при ракетном ударе по Белгороду,,,ru,RU
9f590b03d665,interfax,https://www.interfax.ru/russia/1072915,2026-02-15 00:00:00,В Тульской области вечером сбили пять БПЛА,,,ru,RU
2bfb409d2259,interfax,https://www.interfax.ru/russia/1072914,2026-02-15 00:00:00,Пентагон готовится начать тестирование мобильного ядерного реактора для военных целей,,,ru,RU
d1da3874c662,interfax,https://www.interfax.ru/russia/1072913,2026-02-15 00:00:00,Школьные автобусы отменили в Курской области из-за снегопада,,,ru,RU
9278c4920d00,interfax,https://www.interfax.ru/russia/1072916,2026-02-15 00:00:00,Число сбитых на подлете к Москве БПЛА увеличилось до 19,,,ru,RU
c966876f7692,interfax,https://www.interfax.ru/russia/1072911,2026-02-15 00:00:00,За вечер воскресенья нейтрализовано 43 дрона ВСУ,,,ru,RU
04f1ec8d86f8,interfax,https://www.interfax.ru/russia/1072909,2026-02-15 00:00:00,В Брянской области проблемы с электричеством и теплом из-за ударов по инфраструктуре,,,ru,RU
26afcb521c28,interfax,https://www.interfax.ru/russia/1072910,2026-02-15 00:00:00,"Выписан один из пациентов, госпитализированных в Подмосковье с оспой обезьян",,,ru,RU
37d0a7713010,interfax,https://www.interfax.ru/russia/1072903,2026-02-15 00:00:00,Работа аэропортов Костромы и Ярославля ограничена,,,ru,RU
2b8e3f2d60b2,interfax,https://www.interfax.ru/russia/1072908,2026-02-15 00:00:00,В Брянской области в воскресенье сбиты свыше 170 беспилотников,,,ru,RU
08310086015f,interfax,https://www.interfax.ru/world/1072906,2026-02-15 00:00:00,Глава МИД Ирана отправился в Швейцарию на переговоры с США,,,ru,RU
2c05ca010c1d,interfax,https://www.interfax.ru/world/1072905,2026-02-15 00:00:00,Трамп сообщил об обещании участников Совета мира выделить более $5 млрд для Газы,,,ru,RU
090511d2129f,interfax,https://www.interfax.ru/russia/1072904,2026-02-15 00:00:00,Скончался один из пострадавших от удара ВСУ по поселку Центральный в ЛНР,,,ru,RU
96ca9fce67bc,interfax,https://www.interfax.ru/world/1072912,2026-02-15 00:00:00,"Венгрия и Словакия просят Хорватию организовать транспортировку российской нефти через нефтепровод ""Адрия""",,,ru,RU
7ad1b8bfafa2,interfax,https://www.interfax.ru/russia/1073067,2026-02-16 00:00:00,Арестован и.о. министра ГО и ЧС Кубани Штриков,,,ru,RU
23dc1593bde9,interfax,https://www.interfax.ru/russia/1073066,2026-02-16 00:00:00,"МВД предупредило о мошенниках, продающих в соцсетях ""услуги"" по уборке снега спецтехникой",,,ru,RU
ac52539385de,interfax,https://www.interfax.ru/russia/1073035,2026-02-16 00:00:00,Куренков назвал проблемой МЧС дефицит кадров из-за низких зарплат,,,ru,RU
3ba6f2063eab,interfax,https://www.interfax.ru/business/1073034,2026-02-16 00:00:00,Импорт алмазов в Индию в январе упал на 15% г/г до $598 млн,,,ru,RU
31cb659efd21,interfax,https://www.interfax.ru/russia/1073036,2026-02-16 00:00:00,Глава МЧС заявил о нехватке денег на субсидии для приобретения жилья для сотрудников,,,ru,RU
5065380bc02c,interfax,https://www.interfax.ru/russia/1073068,2026-02-16 00:00:00,Минэкономразвития проработает с ФАС вопрос о тарифах ЖКХ для гостевых домов,,,ru,RU
c95ff5d52543,interfax,https://www.interfax.ru/world/1073065,2026-02-16 00:00:00,Рубио не против укрепления связей Венгрии и КНР,,,ru,RU
1982141f6f1d,interfax,https://www.interfax.ru/world/1073069,2026-02-16 00:00:00,ЕС планирует инвестировать в добычу ископаемого топлива в Алжире,,,ru,RU
45a7bc12e9a3,interfax,https://www.interfax.ru/business/1073079,2026-02-16 00:00:00,Корпоративное кредитование в январе сократилось больше традиционной сезонности,,,ru,RU
f0c48c6d19b1,interfax,https://www.interfax.ru/business/1073071,2026-02-16 00:00:00,"ONGC завершила оформление доли в операторе проекта ""Сахалин-1""",,,ru,RU
1553002838c0,interfax,https://www.interfax.ru/culture/1073072,2026-02-16 00:00:00,Итальянский тенор выступит в Москве,,,ru,RU
d556d1955a0f,interfax,https://www.interfax.ru/russia/1073074,2026-02-16 00:00:00,"""Пулково"" принял четыре рейса из-за неблагоприятных погодных условий в Москве",,,ru,RU
62387c21e87b,interfax,https://www.interfax.ru/world/1073076,2026-02-16 00:00:00,Убытки автопроизводителей из-за изменения EV-политики превысили $65 млрд в 2025 г.,,,ru,RU
8d9d1c0119e6,interfax,https://www.interfax.ru/russia/1073073,2026-02-16 00:00:00,Кабмин изучает корректировку норм по продаже продуктов офлайн- и онлайн-торговлей,,,ru,RU
2f02e1446849,interfax,https://www.interfax.ru/business/1073077,2026-02-16 00:00:00,Рынок акций РФ начал неделю с роста в ожидании новостей по Украине,,,ru,RU
2d51f0fd8861,interfax,https://www.interfax.ru/business/1073078,2026-02-16 00:00:00,Центробанк скорректировал прогноз дефицита ликвидности банков на 2026 год,,,ru,RU
6ddd1592978c,interfax,https://www.interfax.ru/russia/1073038,2026-02-16 00:00:00,Правительство РФ выделило более 3 млрд рублей пострадавшим от ЧС в 2025 году,,,ru,RU
ff880d2afba2,interfax,https://www.interfax.ru/world/1073070,2026-02-16 00:00:00,Самолеты авианосца Abraham Lincoln отрабатывают ночные полеты в Аравийском море,,,ru,RU
8a60eed3612c,interfax,https://www.interfax.ru/world/1073039,2026-02-16 00:00:00,"США и Венгрия договорились о сотрудничестве в области энергетики, в том числе ядерной",,,ru,RU
246e68ab25bb,interfax,https://www.interfax.ru/world/1073051,2026-02-16 00:00:00,ВМС КСИР начали учения в Ормузском проливе,,,ru,RU
8b4b7e1a189f,interfax,https://www.interfax.ru/russia/1073041,2026-02-16 00:00:00,"В Тульской области на трассе ""Дон"" образовался затор из-за серии ДТП",,,ru,RU
0785b2367da2,interfax,https://www.interfax.ru/russia/1073064,2026-02-16 00:00:00,Гособвинение запросило пожизненные сроки для исполнителей теракта в Crocus,,,ru,RU
b8102111a67b,interfax,https://www.interfax.ru/world/1073063,2026-02-16 00:00:00,"ВВП Израиля вырос на 3,1% в 2025 году",,,ru,RU
d5380d44dcc6,interfax,https://www.interfax.ru/russia/1073061,2026-02-16 00:00:00,"МВД хочет тестировать ""неочевидно"" нетрезвых водителей с помощью новых приборов",,,ru,RU
25aabd397326,interfax,https://www.interfax.ru/world/1073060,2026-02-16 00:00:00,В активной фазе учений Steadfast Dart на Балтике задействованы 15 кораблей НАТО,,,ru,RU
09412ba6e49a,interfax,https://www.interfax.ru/world/1073057,2026-02-16 00:00:00,"ЕК считает, что безопасность снабжения нефтью Венгрии и Словакии не под угрозой",,,ru,RU
0daa59401417,interfax,https://www.interfax.ru/russia/1073059,2026-02-16 00:00:00,Комитет Госдумы поддержал введение НДС на импортные товары на маркетплейсах,,,ru,RU
a5a66a348891,interfax,https://www.interfax.ru/moscow/1073058,2026-02-16 00:00:00,"""Роскосмос"" опубликовал спутниковый снимок снежного циклона над Москвой",,,ru,RU
587b2976bfbf,interfax,https://www.interfax.ru/russia/1073056,2026-02-16 00:00:00,Путин включил в состав коллегии Военно-промышленной комиссии Собянина,,,ru,RU
73b6c53353d2,interfax,https://www.interfax.ru/russia/1073037,2026-02-16 00:00:00,Суд рассмотрит иск об имуществе главы челябинского Роспотребнадзора 27 февраля,,,ru,RU
94bc4162fed4,interfax,https://www.interfax.ru/russia/1073054,2026-02-16 00:00:00,В Госдуме предложили снизить турналог для бюджетных объектов размещения,,,ru,RU
f2ee3ddb36fa,interfax,https://www.interfax.ru/russia/1073052,2026-02-16 00:00:00,На Ставрополье устранили аварию на Кубанском магистральном водоводе,,,ru,RU
a111dbf23be0,interfax,https://www.interfax.ru/moscow/1073082,2026-02-16 00:00:00,Женщина и ее неродившийся ребенок погибли из-за осложнений во время родов в ГКБ им. Юдина,,,ru,RU
ffdfcdc54cd8,interfax,https://www.interfax.ru/russia/1073049,2026-02-16 00:00:00,Путин исключил Сергея Иванова из состава Совбеза,,,ru,RU
a05e9a55ece6,interfax,https://www.interfax.ru/russia/1073044,2026-02-16 00:00:00,В Сестрорецке прокуратура потребовала остановить работу сотовых антенн,,,ru,RU
41838c9993d8,interfax,https://www.interfax.ru/business/1073042,2026-02-16 00:00:00,Проект о заключении части договоров ОСАГО через ЕПГУ разделил участников рынка и регулятора,,,ru,RU
d1ba10a2a497,interfax,https://www.interfax.ru/russia/1073045,2026-02-16 00:00:00,Ладожское озеро полностью замерзло,,,ru,RU
63a0c8196020,interfax,https://www.interfax.ru/russia/1073043,2026-02-16 00:00:00,В Самарской области из-за ДТП произошел разлив нефти,,,ru,RU
b30d61b19222,interfax,https://www.interfax.ru/russia/1073040,2026-02-16 00:00:00,"Патрушев заявил, что для программы судостроения в РФ требуется новая линейка судовых двигателей",,,ru,RU
5d2086a7a52c,interfax,https://www.interfax.ru/world/1073053,2026-02-16 00:00:00,Глава МВД Грузии анонсировал выдворение из страны до 4 тыс. нелегальных мигрантов,,,ru,RU
eda7d2b7bf2a,interfax,https://www.interfax.ru/business/1073081,2026-02-16 00:00:00,Рубль в понедельник не удержал дневной рост и немного опустился в паре с юанем,,,ru,RU
fb42f7b9f667,interfax,https://www.interfax.ru/culture/1073047,2026-02-16 00:00:00,"""Творческий диалог"" русского авангарда с Матиссом и Пикассо покажут в Третьяковке",,,ru,RU
d3bdb9799f26,interfax,https://www.interfax.ru/world/1073085,2026-02-16 00:00:00,"Число банкротств компаний в ЕС в IV квартале 2025 года выросло на 2,5%",,,ru,RU
37f6aa2fde82,interfax,https://www.interfax.ru/world/1073083,2026-02-16 00:00:00,В ЕС приветствовали поиск дипломатического урегулирования иранской проблемы,,,ru,RU
f02627139d7a,interfax,https://www.interfax.ru/russia/1073103,2026-02-16 00:00:00,Российская делегация вылетела в Женеву на переговоры по Украине,,,ru,RU
b43ce3b225cd,interfax,https://www.interfax.ru/moscow/1073101,2026-02-16 00:00:00,Городские службы Москвы ликвидируют последствия снегопада,,,ru,RU
cdf9a2c98dd5,interfax,https://www.interfax.ru/world/1073099,2026-02-16 00:00:00,В Брюсселе заявили об участии члена ЕК в заседании Совета мира в Вашингтоне,,,ru,RU
6aa4e3f00836,interfax,https://www.interfax.ru/culture/1073097,2026-02-16 00:00:00,"Сыгравший в ""Крестном отце"" актер Роберт Дюваль скончался в возрасте 95 лет",,,ru,RU
2589f702e789,interfax,https://www.interfax.ru/russia/1073096,2026-02-16 00:00:00,Обвиняемый в мошенничестве при покупке военной экипировки из США депортирован из Колумбии в РФ,,,ru,RU
bcd88718187b,interfax,https://www.interfax.ru/world/1073095,2026-02-16 00:00:00,В МИД Ирана нацелены на быстрый переговорный процесс с США,,,ru,RU
70f533ebabcf,interfax,https://www.interfax.ru/world/1073098,2026-02-16 00:00:00,"Более 25% граждан Болгарии намерены поддержать партию, которую возглавит экс-президент Радев",,,ru,RU
183a87ddb637,interfax,https://www.interfax.ru/business/1073093,2026-02-16 00:00:00,"Доля рублей при оплате экспорта РФ в декабре выросла до рекордных 62,1%",,,ru,RU
253bf0ee4d1e,interfax,https://www.interfax.ru/russia/1073091,2026-02-16 00:00:00,Суд в Чечне отменил Зареме Мусаевой приговор по делу о насилии к полицейскому,,,ru,RU
10208dba7255,interfax,https://www.interfax.ru/russia/1073089,2026-02-16 00:00:00,Движение автобусов и грузовиков ограничено на ряде трасс в Чувашии из-за снегопада,,,ru,RU
f131b705b412,interfax,https://www.interfax.ru/world/1073088,2026-02-16 00:00:00,"MOL просит освободить стратегические запасы нефти после остановки поставок по ""Дружбе""",,,ru,RU
9673b467149e,interfax,https://www.interfax.ru/moscow/1073087,2026-02-16 00:00:00,Гигафабрики по производству аккумуляторов строятся в Новой Москве,,,ru,RU
bda504941cd9,interfax,https://www.interfax.ru/russia/1073086,2026-02-16 00:00:00,Штрафы за нарушения промбезопасности на угольных шахтах могут распространить на всю подземную горную добычу,,,ru,RU
ff5562cfef7f,interfax,https://www.interfax.ru/russia/1073094,2026-02-16 00:00:00,Госдума во вторник планирует обратиться к Мишустину по вопросу развития сельских территорий,,,ru,RU
11ed5bc3005d,interfax,https://www.interfax.ru/world/1073268,2026-02-17 00:00:00,Иран и США на переговорах в Женеве нашли точки соприкосновения по ряду вопросов,,,ru,RU
e2e727ff3b44,interfax,https://www.interfax.ru/russia/1073259,2026-02-17 00:00:00,Дума отклонила законопроект о распространении на госАНО норм закона о закупках госкомпаний,,,ru,RU
044fdd16b33a,interfax,https://www.interfax.ru/russia/1073264,2026-02-17 00:00:00,Полярники в Антарктиде зафиксировали на камеру редкое солнечное затмение,,,ru,RU
aa0a9481be0a,interfax,https://www.interfax.ru/world/1073263,2026-02-17 00:00:00,"Задержанный танкер ""Гринч"" покинет французские воды после выплаты штрафа",,,ru,RU
d53921e898cd,interfax,https://www.interfax.ru/business/1073265,2026-02-17 00:00:00,Оверчук предупредил о жестком пресечении недобросовестного импорта в Россию через ЕАЭС,,,ru,RU
83e3bc097510,interfax,https://www.interfax.ru/russia/1073266,2026-02-17 00:00:00,ОАЭ выдали РФ обвиняемых в мошенничестве и незаконной банковской деятельности на 200 млн руб.,,,ru,RU
7081cd118ee6,interfax,https://www.interfax.ru/business/1073267,2026-02-17 00:00:00,"""СовЭкон"" повысил прогноз сбора пшеницы в РФ в 2026 году до 85,9 млн т",,,ru,RU
47149e7dec4a,interfax,https://www.interfax.ru/business/1073269,2026-02-17 00:00:00,"Банки РФ за 2025 год увеличили запасы драгметаллов на 22,9 т",,,ru,RU
491f8b946a45,interfax,https://www.interfax.ru/world/1073279,2026-02-17 00:00:00,ЕС хочет привязать субсидии на электромобили к требованию о локализации 70% компонентов,,,ru,RU
3a0dde050f59,interfax,https://www.interfax.ru/russia/1073271,2026-02-17 00:00:00,МЧС поставит в Белгородскую область 176 передвижных электростанций,,,ru,RU
feeb90235abe,interfax,https://www.interfax.ru/russia/1073272,2026-02-17 00:00:00,Направлено в суд дело актера Смольянинова о распространении фейков об армии,,,ru,RU
53f5a9c655d4,interfax,https://www.interfax.ru/russia/1073273,2026-02-17 00:00:00,Патриарх Кирилл выступил против замещения коренного народа России мигрантами,,,ru,RU
cef5b8e6ab21,interfax,https://www.interfax.ru/russia/1073275,2026-02-17 00:00:00,Дело о нарушении пожарных правил возбуждено после ЧП на территории воинской части в Ленобласти,,,ru,RU
da68031a5d6f,interfax,https://www.interfax.ru/world/1073278,2026-02-17 00:00:00,ЕК может созвать совещание из-за прекращения поставок трубопроводной нефти РФ в Венгрию и Словакию,,,ru,RU
67592e51f0f2,interfax,https://www.interfax.ru/business/1073277,2026-02-17 00:00:00,"Роснедра оценили геологические запасы нефти в РФ в 31 млрд т, газа – в 65 трлн куб. м",,,ru,RU
e445a3af07f1,interfax,https://www.interfax.ru/russia/1073260,2026-02-17 00:00:00,Еще одного пациента с оспой обезьян выписали из подмосковной больницы,,,ru,RU
b3e01954d5f7,interfax,https://www.interfax.ru/world/1073280,2026-02-17 00:00:00,"WSJ сообщила, что Иран может вывезти часть своих запасов урана в РФ",,,ru,RU
7582f39fc53c,interfax,https://www.interfax.ru/world/1073270,2026-02-17 00:00:00,"Аракчи заявил, что переговоры с США продолжатся, но дата новой встречи не определена",,,ru,RU
b2dc19133041,interfax,https://www.interfax.ru/russia/1073258,2026-02-17 00:00:00,Нотариусы получили доступ к базам Единого федерального регистра населения,,,ru,RU
f96e941ff3f5,interfax,https://www.interfax.ru/russia/1073249,2026-02-17 00:00:00,"Одобрено очередное расширение ""Силы Сибири"" за счет строительства лупингов",,,ru,RU
684785715cae,interfax,https://www.interfax.ru/world/1073256,2026-02-17 00:00:00,В ЕС заявили о необходимости демилитаризации ХАМАС в рамках мирного плана по Газе,,,ru,RU
9af18d44f0cd,interfax,https://www.interfax.ru/russia/1073237,2026-02-17 00:00:00,Во Владимирской области три человека погибли из-за падения снега с крыш,,,ru,RU
51ee9421a5b9,interfax,https://www.interfax.ru/russia/1073238,2026-02-17 00:00:00,Путин в среду проведет совещание о модернизации первичного звена здравоохранения,,,ru,RU
1ff6126fa5ef,interfax,https://www.interfax.ru/russia/1073239,2026-02-17 00:00:00,В Мурманской области штат полиции не укомплектован почти на 30%,,,ru,RU
9576d17e0c2f,interfax,https://www.interfax.ru/business/1073240,2026-02-17 00:00:00,Дума ратифицировала протокол о допусловиях сотрудничества с КНР по СПГ-проектам,,,ru,RU
7f32b2cd563e,interfax,https://www.interfax.ru/business/1073241,2026-02-17 00:00:00,Принят закон о праве ряда финорганизаций не составлять консолидированную отчетность,,,ru,RU
4e704d0b135c,interfax,https://www.interfax.ru/business/1073242,2026-02-17 00:00:00,"Госдума ратифицировала изменения в кредитные соглашения по строительству АЭС ""Руппур""",,,ru,RU
644b0a250130,interfax,https://www.interfax.ru/russia/1073243,2026-02-17 00:00:00,Здание военной полиции обрушилось в Ленинградской области,,,ru,RU
0a6bdef66c11,interfax,https://www.interfax.ru/world/1073244,2026-02-17 00:00:00,Ряд стран ЕС выступил против внесения в санкционные списки по РФ портов Грузии и Индонезии,,,ru,RU
58b147092cdd,interfax,https://www.interfax.ru/digital/1073257,2026-02-17 00:00:00,"Каршеринги ""Делимобиль"" и BelkaCar включены в ""белый список"" Минцифры",,,ru,RU
b781897b0baa,interfax,https://www.interfax.ru/business/1073245,2026-02-17 00:00:00,Активность в стальном строительстве России упала к концу 2025 года до трехлетнего минимума,,,ru,RU
32ad0f347c93,interfax,https://www.interfax.ru/world/1073248,2026-02-17 00:00:00,Второй раунд переговоров Ирана и США в Женеве завершился,,,ru,RU
ec0c7823e7af,interfax,https://www.interfax.ru/russia/1073250,2026-02-17 00:00:00,Минздрав России и ВОЗ договорились о развитии сотрудничества,,,ru,RU
fae6cb96a21b,interfax,https://www.interfax.ru/russia/1073282,2026-02-17 00:00:00,"""Газпром"" готовится к вводу в 2026 г. Харасавэйского месторождения на Ямале",,,ru,RU
ff73ef692ccd,interfax,https://www.interfax.ru/world/1073252,2026-02-17 00:00:00,"Переговоры РФ, США и Украины начались в Женеве",,,ru,RU
b4a465daeb85,interfax,https://www.interfax.ru/world/1073253,2026-02-17 00:00:00,Suzuki вывела свой первый электромобиль на рынок Индии,,,ru,RU
d05520cb811b,interfax,https://www.interfax.ru/moscow/1073251,2026-02-17 00:00:00,В центре Москвы 18 и 19 февраля будут местами перекрывать движение,,,ru,RU
be1c03e0d9cf,interfax,https://www.interfax.ru/russia/1073254,2026-02-17 00:00:00,Проект о запрете на использование кредитных карт для ставок принят в I чтении,,,ru,RU
d3b56ba8733e,interfax,https://www.interfax.ru/world/1073255,2026-02-17 00:00:00,Испания предоставит Кубе гуманитарную помощь на 1 млн евро,,,ru,RU
a4ee625461e7,interfax,https://www.interfax.ru/world/1073246,2026-02-17 00:00:00,В Иране началось расследование в отношении некоторых политиков-реформистов,,,ru,RU
f463ce09e819,interfax,https://www.interfax.ru/world/1073281,2026-02-17 00:00:00,"Переговоры РФ-США-Украина продолжаются уже 2,5 часа",,,ru,RU
bf4ea7c3d143,interfax,https://www.interfax.ru/business/1073247,2026-02-17 00:00:00,Warner Bros. назначила на 20 марта голосование по сделке с Netflix,,,ru,RU
abb4d8fcc677,interfax,https://www.interfax.ru/business/1073284,2026-02-17 00:00:00,Цены на нефть ушли в минус на сигналах о прогрессе в переговорах США и Ирана,,,ru,RU
3fb6f0673bac,interfax,https://www.interfax.ru/world/1073283,2026-02-17 00:00:00,Еврокомиссия настаивает на скорейшем утверждении 20-го пакета санкций против РФ,,,ru,RU
c486beae669e,interfax,https://www.interfax.ru/russia/1073304,2026-02-17 00:00:00,"Авианосец ""Джеральд Форд"" вошел в зону ответственности Европейского командования США",,,ru,RU
37f9d63d52bd,interfax,https://www.interfax.ru/russia/1073301,2026-02-17 00:00:00,"Ирак одобрил соглашение с ""ЛУКОЙЛом"" по управлению ""Западной Курной""",,,ru,RU
06f1e7b8a53e,interfax,https://www.interfax.ru/russia/1073300,2026-02-17 00:00:00,В Дагестане 101 населенный пункт остался без света из-за непогоды,,,ru,RU
554f9f4c7691,interfax,https://www.interfax.ru/russia/1073297,2026-02-17 00:00:00,"Военные заявили, что отключение терминалов Starlink не сказалось на войсках РФ в зоне СВО",,,ru,RU
add8335f6dce,interfax,https://www.interfax.ru/world/1073296,2026-02-17 00:00:00,Источник сообщил о завершении переговоров по Украине в Женеве,,,ru,RU
f629beaade13,interfax,https://www.interfax.ru/russia/1073295,2026-02-17 00:00:00,Тела троих погибших найдены на месте ЧП в воинской части в Ленобласти,,,ru,RU
8f9aeabc86a9,interfax,https://www.interfax.ru/world/1073299,2026-02-17 00:00:00,Источник назвал очень напряженными переговоры по Украине в Женеве,,,ru,RU
7a5368759630,interfax,https://www.interfax.ru/world/1073293,2026-02-17 00:00:00,Беспилотник ВМС США провел разведку в Оманском заливе к югу от Ирана,,,ru,RU
a529fb10c4b0,interfax,https://www.interfax.ru/business/1073291,2026-02-17 00:00:00,"Оператор трубы, куда раньше поступал газ через украинский коридор, предъявляет ""Газпрому"" счета",,,ru,RU
74961b6f3231,interfax,https://www.interfax.ru/world/1073290,2026-02-17 00:00:00,В США увидели прогресс на переговорах с Ираном,,,ru,RU
5ed2087825b8,interfax,https://www.interfax.ru/world/1073289,2026-02-17 00:00:00,ЕК хочет на следующей неделе завершить юридическую процедуру по кредиту Киеву в 90 млрд евро,,,ru,RU
f8a34da92763,interfax,https://www.interfax.ru/business/1073287,2026-02-17 00:00:00,Рубль во вторник заметно укрепился в ожидании внешнеполитического позитива,,,ru,RU
7400cc33ea9e,interfax,https://www.interfax.ru/russia/1073288,2026-02-17 00:00:00,Лавров обсудил глобальную повестку с главами дипмиссий стран-участниц и партнеров БРИКС,,,ru,RU
738a5e2893a6,interfax,https://www.interfax.ru/russia/1073286,2026-02-17 00:00:00,Женщина погибла в Запорожской области в результате украинского обстрела,,,ru,RU
a1034e5c491b,interfax,https://www.interfax.ru/world/1073294,2026-02-17 00:00:00,Россия и Иран провели военно-морское учение в Оманском заливе,,,ru,RU
916d6dfe8544,interfax,https://www.interfax.ru/russia/1073510,2026-02-18 00:00:00,ФАС направила запросы в торговые сети по поводу цен на огурцы,,,ru,RU
5b822cea27f3,interfax,https://www.interfax.ru/business/1073503,2026-02-18 00:00:00,Рынок акций завершил среду ростом к 2780 пунктам по индексу МосБиржи,,,ru,RU
900c25db0ed9,interfax,https://www.interfax.ru/business/1073504,2026-02-18 00:00:00,"В России инфляция с 10 по 16 февраля составила 0,12%",,,ru,RU
4de0c520986b,interfax,https://www.interfax.ru/russia/1073507,2026-02-18 00:00:00,Сыктывкарец осужден на 9 лет по делу о финансировании терроризма,,,ru,RU
5f12816f7d3b,interfax,https://www.interfax.ru/business/1073508,2026-02-18 00:00:00,Росстат отметил замедление подорожания огурцов и ускорение - моркови,,,ru,RU
24cec64795f8,interfax,https://www.interfax.ru/business/1073506,2026-02-18 00:00:00,"Цены на бензин с 10 по 16 февраля выросли на 0,11% после 0,21% неделей ранее",,,ru,RU
e591437353de,interfax,https://www.interfax.ru/business/1073509,2026-02-18 00:00:00,"Цены производителей на бензин в январе упали на 18,3%",,,ru,RU
3d41bcf17cf5,interfax,https://www.interfax.ru/russia/1073511,2026-02-18 00:00:00,Коммунальная авария вне зоны ЧС устранена в иркутском Бодайбо,,,ru,RU
511426a58514,interfax,https://www.interfax.ru/business/1073521,2026-02-18 00:00:00,"Минсельхоз заявил, что цены производителей яиц на 18 февраля ниже прошлогодних",,,ru,RU
0c25e8702b82,interfax,https://www.interfax.ru/russia/1073513,2026-02-18 00:00:00,"В РФ в 2025 г. построено и отремонтировано 2,5 тыс. объектов медорганизаций",,,ru,RU
1100f574b4d5,interfax,https://www.interfax.ru/russia/1073514,2026-02-18 00:00:00,Пострадавших и погибших под обрушившейся частью крыши склада в Татарстане не обнаружено,,,ru,RU
e69d0cab60ba,interfax,https://www.interfax.ru/russia/1073517,2026-02-18 00:00:00,Мурашко отметил рост числа врачей в амбулаторном звене,,,ru,RU
f571c0fabcb2,interfax,https://www.interfax.ru/russia/1073518,2026-02-18 00:00:00,Функционал Telegram останется доступным в зоне СВО до перехода военных на Мах,,,ru,RU
a1616d630d0c,interfax,https://www.interfax.ru/world/1073520,2026-02-18 00:00:00,Хассетт раскритиковал доклад ФРБ Нью-Йорка о последствиях пошлин для бизнеса и граждан США,,,ru,RU
b03b22c9c05b,interfax,https://www.interfax.ru/world/1073519,2026-02-18 00:00:00,Экс-руководитель Косово Хашим Тачи призвал суд в Гааге оправдать его,,,ru,RU
90d20a813ddb,interfax,https://www.interfax.ru/business/1073502,2026-02-18 00:00:00,"Росстат сообщил, что яйца за неделю подорожали на 3,4%",,,ru,RU
6e0479356862,interfax,https://www.interfax.ru/world/1073523,2026-02-18 00:00:00,В Венгрии заявили о наличии запасов нефти более чем на три месяца,,,ru,RU
d84308428410,interfax,https://www.interfax.ru/business/1073524,2026-02-18 00:00:00,"Обязательства ""Газпрома"" по догазификации достигли полтриллиона рублей",,,ru,RU
37b0fa920655,interfax,https://www.interfax.ru/business/1073512,2026-02-18 00:00:00,"Рубль в среду упал в паре с юанем, несмотря на уверенно растущую нефть",,,ru,RU
6dfe45888fe1,interfax,https://www.interfax.ru/russia/1073500,2026-02-18 00:00:00,"Генпрокуратура отказывается от иска об изъятии активов группы ""Новоросцемент""",,,ru,RU
b765d4aafd0e,interfax,https://www.interfax.ru/russia/1073489,2026-02-18 00:00:00,Запорожская АЭС получила лицензию на эксплуатацию энергоблока №2,,,ru,RU
4eecc3b328d7,interfax,https://www.interfax.ru/world/1073498,2026-02-18 00:00:00,Транспортные самолеты ВВС США за два дня совершили 30 рейсов с грузами на Ближний Восток,,,ru,RU
4f905a2de00b,interfax,https://www.interfax.ru/russia/1073474,2026-02-18 00:00:00,Правительство не поддержало законопроект о механизме выпуска ЦФА под залог ипотеки,,,ru,RU
86e6806ab5ee,interfax,https://www.interfax.ru/business/1073475,2026-02-18 00:00:00,"""Ренессанс Капитал"" закрыл сделку по покупке российской ""дочки"" Citigroup",,,ru,RU
ad39ff0871c3,interfax,https://www.interfax.ru/russia/1073476,2026-02-18 00:00:00,Житель Дагестана осужден за убийство ректора Института теологии и его племянника,,,ru,RU
5233f4fd6327,interfax,https://www.interfax.ru/world/1073481,2026-02-18 00:00:00,Молдавия усилит контроль за мигрантами,,,ru,RU
eef1860e03e0,interfax,https://www.interfax.ru/russia/1073480,2026-02-18 00:00:00,Аэропорт Ярославля остановил работу,,,ru,RU
04c67e906758,interfax,https://www.interfax.ru/business/1073478,2026-02-18 00:00:00,Минэкономразвития предложило протестировать комиссионную модель продажи продуктов в офлайн-рознице,,,ru,RU
64b3953ac78b,interfax,https://www.interfax.ru/world/1073482,2026-02-18 00:00:00,Пентагон планирует привлечь частные компании к слежке за иностранными спутниками,,,ru,RU
eae89622e515,interfax,https://www.interfax.ru/russia/1073479,2026-02-18 00:00:00,Суд выселил бывшего главу СО РАН академика Асеева из коттеджа,,,ru,RU
da96e0fef783,interfax,https://www.interfax.ru/russia/1073499,2026-02-18 00:00:00,В Белгородском округе в результате атаки FPV-дрона ранен мужчина,,,ru,RU
924468e52698,interfax,https://www.interfax.ru/business/1073483,2026-02-18 00:00:00,Минфин 18 февраля разместил рекордный за последние три месяца объем ОФЗ,,,ru,RU
1a29a6793967,interfax,https://www.interfax.ru/moscow/1073486,2026-02-18 00:00:00,Движение перекрыто на Кремлевской набережной и Боровицкой площади в центре Москвы,,,ru,RU
9c5b9767423d,interfax,https://www.interfax.ru/business/1073487,2026-02-18 00:00:00,"Реальный эффективный курс рубля в январе вырос на 1,9%",,,ru,RU
996c9f208ba1,interfax,https://www.interfax.ru/world/1073488,2026-02-18 00:00:00,Российская делегация вылетела из Женевы в Москву после переговоров по Украине,,,ru,RU
508fc5ca4dfe,interfax,https://www.interfax.ru/russia/1073491,2026-02-18 00:00:00,Работу аэропорта Махачкалы осложнил туман,,,ru,RU
189f1cfe89f7,interfax,https://www.interfax.ru/russia/1073492,2026-02-18 00:00:00,Житель Брянской области ранен в результате атаки БПЛА,,,ru,RU
909ba0a1f251,interfax,https://www.interfax.ru/world/1073494,2026-02-18 00:00:00,Во Франции зарегистрировали рекорд по продолжительности дождей,,,ru,RU
e76ad8e72fd0,interfax,https://www.interfax.ru/russia/1073493,2026-02-18 00:00:00,Главы МИД России и Кубы назвали неприемлемыми ограничения в сфере энергетики против Гаваны,,,ru,RU
8b145f0ff6c8,interfax,https://www.interfax.ru/world/1073496,2026-02-18 00:00:00,В Болгарии парламентские выборы назначены на 19 апреля,,,ru,RU
e92e593ad081,interfax,https://www.interfax.ru/russia/1073484,2026-02-18 00:00:00,Сбер предложил разрешить банкам возвращать клиентам похищенные деньги,,,ru,RU
c8265aba4a13,interfax,https://www.interfax.ru/russia/1073526,2026-02-18 00:00:00,Члены делегации РФ доложат Путину об итогах переговоров в Женеве при первой возможности,,,ru,RU
6010e52ec1d1,interfax,https://www.interfax.ru/russia/1073522,2026-02-18 00:00:00,Модернизацию информационных систем здравоохранения планируют завершить в 2030 г.,,,ru,RU
0188b8950a08,interfax,https://www.interfax.ru/russia/1073528,2026-02-18 00:00:00,"Путин заявил, что Россия считает неприемлемыми новые ограничения в адрес Кубы",,,ru,RU
33a0e3eecac9,interfax,https://www.interfax.ru/russia/1073527,2026-02-18 00:00:00,"В Кремле заявили, что не обсуждают с американской стороной тему Кубы",,,ru,RU
20805db2faf1,interfax,https://www.interfax.ru/russia/1073545,2026-02-18 00:00:00,Путин утвердил состав наблюдательного совета АСИ,,,ru,RU
2dae7cd37c66,interfax,https://www.interfax.ru/russia/1073544,2026-02-18 00:00:00,В России готовы содействовать переезду в страну иностранных граждан,,,ru,RU
bef8c4c89046,interfax,https://www.interfax.ru/russia/1073543,2026-02-18 00:00:00,"Президент РФ осмотрел выставку, посвященную работе Агентства стратегических инициатив",,,ru,RU
93add4155e9f,interfax,https://www.interfax.ru/russia/1073540,2026-02-18 00:00:00,"Песков заявил, что делегация РФ еще не вернулась из Женевы",,,ru,RU
6ea1f2462a52,interfax,https://www.interfax.ru/russia/1073539,2026-02-18 00:00:00,В Кремле заявили о заинтересованности РФ в торгово-экономическом взаимодействии с США,,,ru,RU
23b3963187b7,interfax,https://www.interfax.ru/russia/1073538,2026-02-18 00:00:00,Лавров заявил о попытках США вытеснить Россию с мировых энергорынков,,,ru,RU
41d6048527b1,interfax,https://www.interfax.ru/russia/1073542,2026-02-18 00:00:00,Путин провел встречу с главой Агентства стратегических инициатив,,,ru,RU
9bcf47623e96,interfax,https://www.interfax.ru/world/1073536,2026-02-18 00:00:00,"США перебросили в Саудовскую Аравию два ""летающих радара"" на фоне напряженности с Ираном",,,ru,RU
c0df72ff2db7,interfax,https://www.interfax.ru/moscow/1073534,2026-02-18 00:00:00,Корректировки в работе аэропортов Москвы ожидаются в четверг из-за снегопада,,,ru,RU
d6637f974a4a,interfax,https://www.interfax.ru/russia/1073535,2026-02-18 00:00:00,Белгородский губернатор сообщил о массированной атаке ВСУ на объект энергетики,,,ru,RU
7ffa888a2b77,interfax,https://www.interfax.ru/world/1073533,2026-02-18 00:00:00,Вэнс может сократить военное присутствие США за рубежом в случае победы на выборах президента,,,ru,RU
3156b62a0d22,interfax,https://www.interfax.ru/russia/1073532,2026-02-18 00:00:00,Локализован пожар на Ильском НПЗ на Кубани после атаки БПЛА,,,ru,RU
92b68aa9ae19,interfax,https://www.interfax.ru/world/1073530,2026-02-18 00:00:00,Глава МИД Кубы поблагодарил РФ за солидарность в ситуации с ужесточением блокады,,,ru,RU
284d2a3f1d19,interfax,https://www.interfax.ru/world/1073537,2026-02-18 00:00:00,"Россия, США и Украина достигли значимого прогресса на переговорах в Женеве",,,ru,RU
16c62959a59b,interfax,https://www.interfax.ru/russia/1073529,2026-02-18 00:00:00,"Принятые на новые программы студенты могут перевестись на бакалавриат, специалитет и в магистратуру",,,ru,RU
264f970737b1,interfax,https://www.interfax.ru/business/1073742,2026-02-19 00:00:00,Допнадбавка в 1% к грузовым ж/д тарифам на транспортную безопасность вступит в силу с марта,,,ru,RU
2b1a4a530d1b,interfax,https://www.interfax.ru/world/1073744,2026-02-19 00:00:00,На западе Франции объявлен красный уровень угрозы наводнений,,,ru,RU
9dfdc4e37a88,interfax,https://www.interfax.ru/business/1073743,2026-02-19 00:00:00,"Рубль на ""Мосбирже"" подорожал к юаню на фоне дорожающей нефти",,,ru,RU
4181609cbe40,interfax,https://www.interfax.ru/world/1073739,2026-02-19 00:00:00,"В ЕК отметили, что Украина добивается прогресса на пути вступления в ЕС",,,ru,RU
7088a44d26fe,interfax,https://www.interfax.ru/russia/1073740,2026-02-19 00:00:00,На Великолукской нефтебазе полностью потушили пожар после ночной атаки БПЛА,,,ru,RU
bccaa5034db1,interfax,https://www.interfax.ru/russia/1073738,2026-02-19 00:00:00,Авария на теплосетях оставила без тепла 29 домов в центре Калуги,,,ru,RU
ffc95d5b461b,interfax,https://www.interfax.ru/business/1073746,2026-02-19 00:00:00,Продавцов детских товаров обяжут дополнительно подтверждать право на льготный НДС,,,ru,RU
7947cb1b759d,interfax,https://www.interfax.ru/business/1073741,2026-02-19 00:00:00,Индекс МосБиржи опустился к 2770 пунктам в отсутствие свежих драйверов роста,,,ru,RU
10ffbdacc027,interfax,https://www.interfax.ru/russia/1073747,2026-02-19 00:00:00,В Архызе на месте схода лавины завершились поисковые работы,,,ru,RU
b0b5631c9564,interfax,https://www.interfax.ru/russia/1073709,2026-02-19 00:00:00,Банк России обсуждает с другими странами возможность обмена данными о мошенниках,,,ru,RU
147c6cbaf9c5,interfax,https://www.interfax.ru/moscow/1073749,2026-02-19 00:00:00,В Москве патрульные 250 раз за день помогали забуксовавшим в снегу грузовикам,,,ru,RU
ef1a987757c0,interfax,https://www.interfax.ru/russia/1073750,2026-02-19 00:00:00,Срок внесения нелегальных игровых сайтов в реестр запрещенных предложено сократить до 2 дней,,,ru,RU
c04b8d587f13,interfax,https://www.interfax.ru/business/1073751,2026-02-19 00:00:00,Запасы нефти в США за неделю рухнули на 9 млн баррелей,,,ru,RU
77c850f4d15b,interfax,https://www.interfax.ru/business/1073752,2026-02-19 00:00:00,"""Интерфакс"" объявил победителя премии ""За активную корпоративную политику в сфере раскрытия информации"" за 2025 г.",,,ru,RU
4b4ce3df7807,interfax,https://www.interfax.ru/russia/1073753,2026-02-19 00:00:00,Дмитрий Медведев считает слухи о кадровом кризисе сильно преувеличенными,,,ru,RU
595e668df089,interfax,https://www.interfax.ru/world/1073755,2026-02-19 00:00:00,Корабли Ирана и России на учениях отработали операцию по освобождению захваченного судна,,,ru,RU
4faf5e5143cd,interfax,https://www.interfax.ru/world/1073736,2026-02-19 00:00:00,Трамп ожидает участия России и Китая в финансовой помощи Газе,,,ru,RU
64226d416b34,interfax,https://www.interfax.ru/world/1073756,2026-02-19 00:00:00,В ЕС не теряют надежды на дипломатическое урегулирование иранской проблемы,,,ru,RU
238e3f40bd66,interfax,https://www.interfax.ru/russia/1073757,2026-02-19 00:00:00,Минобороны России сообщило о нейтрализации 34 БПЛА за 4 часа,,,ru,RU
10806157eeda,interfax,https://www.interfax.ru/world/1073748,2026-02-19 00:00:00,В ФРБ Миннеаполиса сочли критику Хассеттом доклада о пошлинах атакой на независимость ФРС,,,ru,RU
a9cf9cf5117b,interfax,https://www.interfax.ru/business/1073737,2026-02-19 00:00:00,Банк России отметил в январе сезонное ослабление активности на кредитном рынке,,,ru,RU
cf949c020668,interfax,https://www.interfax.ru/business/1073724,2026-02-19 00:00:00,"""Атомэнергопром"" рассматривает размещение облигаций на рынке Китая",,,ru,RU
97e5e3c0df43,interfax,https://www.interfax.ru/world/1073732,2026-02-19 00:00:00,Трамп сообщил о выделении рядом стран $7 млрд на помощь Газе,,,ru,RU
18754d0fc4f3,interfax,https://www.interfax.ru/russia/1073710,2026-02-19 00:00:00,Безвизовый режим с Саудовской Аравией введут к началу летнего сезона,,,ru,RU
fafba97643be,interfax,https://www.interfax.ru/moscow/1073711,2026-02-19 00:00:00,Оттепель прогнозируется в Москве с понедельника,,,ru,RU
df2e54ae26d6,interfax,https://www.interfax.ru/moscow/1073712,2026-02-19 00:00:00,В московских аэропортах из-за метели 29 рейсов отменены и 25 задержаны,,,ru,RU
ba99b7128233,interfax,https://www.interfax.ru/russia/1073713,2026-02-19 00:00:00,Россия и Саудовская Аравия расширят авиасообщение в 2026 году,,,ru,RU
4c4816367ec6,interfax,https://www.interfax.ru/moscow/1073714,2026-02-19 00:00:00,В Москве за 70 лет метеонаблюдений было только четыре мощных снегопада,,,ru,RU
829234423c43,interfax,https://www.interfax.ru/business/1073716,2026-02-19 00:00:00,Минсельхоз отобрал 8 банков для участия в льготном кредитовании АПК в 2026 г.,,,ru,RU
b1579b3452a4,interfax,https://www.interfax.ru/moscow/1073715,2026-02-19 00:00:00,"На станции ""Домодедово"" Павелецкого направления МЖД поезд травмировал человека",,,ru,RU
362632b3f140,interfax,https://www.interfax.ru/russia/1073717,2026-02-19 00:00:00,"Мантуров ждет принятия законопроекта о ""российской полке"" в весеннюю сессию",,,ru,RU
ff127eb68cf8,interfax,https://www.interfax.ru/russia/1073718,2026-02-19 00:00:00,Ил-114 в рамках испытаний приземлился в Красноярске,,,ru,RU
161899cc53fa,interfax,https://www.interfax.ru/russia/1073719,2026-02-19 00:00:00,"После обрушения крыши цеха ""Моторинвеста"" есть пострадавшие в тяжелом состоянии",,,ru,RU
1d419b65d230,interfax,https://www.interfax.ru/russia/1073758,2026-02-19 00:00:00,Белоусов обсудил с министром ВС Мадагаскара сотрудничество в сфере обороны,,,ru,RU
86ed265be483,interfax,https://www.interfax.ru/business/1073720,2026-02-19 00:00:00,"ЦБ оценит необходимость внедрения небольшими банками ""спецкнопки"" для жалоб на мошенников",,,ru,RU
e3abadbcf91e,interfax,https://www.interfax.ru/world/1073721,2026-02-19 00:00:00,"В ЕС надеются, что дипломатические усилия США приведут к прочному миру на Украине",,,ru,RU
2f5d7539fe9d,interfax,https://www.interfax.ru/world/1073722,2026-02-19 00:00:00,"Трамп по-прежнему уверен, что конфликт на Украине удастся решить",,,ru,RU
23d8399c3cce,interfax,https://www.interfax.ru/russia/1073725,2026-02-19 00:00:00,На курорте Архыз восстановили энергоснабжение,,,ru,RU
cd24536f8c16,interfax,https://www.interfax.ru/world/1073727,2026-02-19 00:00:00,Совет ЕС официально признал КСИР террористической организацией,,,ru,RU
0c42d988f6b2,interfax,https://www.interfax.ru/russia/1073728,2026-02-19 00:00:00,Суд оставил в силе приговор и.о. вице-премьера Башкирии Марзаеву,,,ru,RU
74d0bed9e3ae,interfax,https://www.interfax.ru/business/1073730,2026-02-19 00:00:00,"Дерипаска предупредил о миллиардных потерях бюджета в случае реструктуризации ""Самолета""",,,ru,RU
0bc26ae40cbb,interfax,https://www.interfax.ru/world/1073731,2026-02-19 00:00:00,"Трамп считает, что вопрос о соглашении с Ираном прояснится в течение 10 дней",,,ru,RU
43308f87d35f,interfax,https://www.interfax.ru/russia/1073734,2026-02-19 00:00:00,Суд рассмотрит вопрос о передаче государству 272 картин Святослава Рериха,,,ru,RU
1929a80c6df8,interfax,https://www.interfax.ru/world/1073759,2026-02-19 00:00:00,Трамп продлил на год ряд санкций против России,,,ru,RU
aea5134f6266,interfax,https://www.interfax.ru/russia/1073765,2026-02-19 00:00:00,Госдуме предложили ввести в УК ответственность для филиалов иностранных банков,,,ru,RU
244a722dff5f,interfax,https://www.interfax.ru/russia/1073761,2026-02-19 00:00:00,Россия и Китай готовят соглашение о 2-м ж/д пути на переходе Забайкальск - Маньчжурия,,,ru,RU
c7f3170cc2b7,interfax,https://www.interfax.ru/world/1073760,2026-02-19 00:00:00,В Минске объяснили отсутствие представителей на заседании Совета мира по Газе,,,ru,RU
a22eb67b7af9,interfax,https://www.interfax.ru/world/1073779,2026-02-19 00:00:00,Брата британского короля отпустили из-под стражи,,,ru,RU
08aadc5b999d,interfax,https://www.interfax.ru/russia/1073778,2026-02-19 00:00:00,Пять воздушных целей сбито над Севастополем,,,ru,RU
c461b9c15c86,interfax,https://www.interfax.ru/world/1073777,2026-02-19 00:00:00,"Трамп заявил, что у Ирана есть 10-15 дней для заключения соглашения",,,ru,RU
39baaeb1f438,interfax,https://www.interfax.ru/world/1073775,2026-02-19 00:00:00,Трамп хотел бы видеть Россию и Китай в составе Совета мира,,,ru,RU
d48a2aaeebfb,interfax,https://www.interfax.ru/russia/1073774,2026-02-19 00:00:00,Приостановили работу аэропорты Волгограда и Сочи,,,ru,RU
4a9dd6b18ffb,interfax,https://www.interfax.ru/russia/1073773,2026-02-19 00:00:00,"США перебросили на Ближний Восток еще два ""летающих радара""",,,ru,RU
50b7ca700845,interfax,https://www.interfax.ru/moscow/1073772,2026-02-19 00:00:00,Движение в центре Москвы восстановлено,,,ru,RU
844bf6a9117d,interfax,https://www.interfax.ru/russia/1073776,2026-02-19 00:00:00,Минобороны РФ заявило о нейтрализации вечером 48 украинских БПЛА,,,ru,RU
ec4a89c234cb,interfax,https://www.interfax.ru/world/1073770,2026-02-19 00:00:00,Палата представителей попытается помешать Трампу атаковать Иран без одобрения Конгресса,,,ru,RU
d6221cdb1886,interfax,https://www.interfax.ru/world/1073771,2026-02-19 00:00:00,"Трамп доволен тем, что спецкомиссия одобрила проект бального зала в Белом доме",,,ru,RU
36352ab1567b,interfax,https://www.interfax.ru/world/1073764,2026-02-19 00:00:00,Азербайджан не планирует участвовать в финансовом пакете помощи Газы на $7 млрд,,,ru,RU
343dd5edebf4,interfax,https://www.interfax.ru/moscow/1073766,2026-02-19 00:00:00,Аэропорты Москвы из-за снегопада отменили 34 рейса и задержали 33,,,ru,RU
f27888a86a13,interfax,https://www.interfax.ru/russia/1073762,2026-02-19 00:00:00,Белгородский губернатор сообщил о трех раненных при ударе дрона по машине,,,ru,RU
343949203645,interfax,https://www.interfax.ru/culture/1073768,2026-02-19 00:00:00,В Петербурге в исторических казармах откроют музыкальный кластер,,,ru,RU
b277967d6ce4,interfax,https://www.interfax.ru/world/1073769,2026-02-19 00:00:00,"Спецгруппа ЕК обсудит на следующей неделе ситуацию вокруг нефтепровода ""Дружба""",,,ru,RU
71af9a0c294a,interfax,https://www.interfax.ru/russia/1073767,2026-02-19 00:00:00,Аэропорт Геленджика остановил работу,,,ru,RU
ad7293ef1808,interfax,https://www.interfax.ru/world/1073947,2026-02-20 00:00:00,"Трамп сообщил, что рассматривает возможность ограниченного удара по Ирану",,,ru,RU
d28f28dcd157,interfax,https://www.interfax.ru/russia/1073938,2026-02-20 00:00:00,Мединский и Костюков представили Путину доклад об итогах переговоров в Женеве,,,ru,RU
bd88a2e36be1,interfax,https://www.interfax.ru/russia/1073936,2026-02-20 00:00:00,"Восемь человек погибли при инциденте на Байкале, установлены личности четверых",,,ru,RU
b6eb1a809a22,interfax,https://www.interfax.ru/russia/1073941,2026-02-20 00:00:00,Среди погибших на Байкале туристов из КНР есть 14-летний подросток,,,ru,RU
89d42409cb43,interfax,https://www.interfax.ru/world/1073940,2026-02-20 00:00:00,США могут задействовать авиабазы на Азорах и в Исландии для авиаударов по Ирану,,,ru,RU
07f534bf9958,interfax,https://www.interfax.ru/business/1073942,2026-02-20 00:00:00,Выплаты цифровых рублей можно будет совершать сразу нескольким получателям за один перевод,,,ru,RU
8b5b64e5d85f,interfax,https://www.interfax.ru/business/1073943,2026-02-20 00:00:00,"ЦБ РФ в январе снизил объем золота в резервах на 0,3 млн унций",,,ru,RU
af9db7062fe9,interfax,https://www.interfax.ru/world/1073945,2026-02-20 00:00:00,Верховный суд США счел незаконной инициативу Трампа по пошлинам в отношении стран мира,,,ru,RU
4d244700e9ca,interfax,https://www.interfax.ru/russia/1073946,2026-02-20 00:00:00,"Адвокат Николай Полозов заочно приговорен к 8,5 годам колонии за фейки об армии",,,ru,RU
61b395939704,interfax,https://www.interfax.ru/world/1073957,2026-02-20 00:00:00,Трамп назвал позором решение Верховного суда о незаконности пошлин,,,ru,RU
cdf0558d193d,interfax,https://www.interfax.ru/world/1073949,2026-02-20 00:00:00,Трамп посетит Китай с 31 марта по 2 апреля,,,ru,RU
22831bcc410f,interfax,https://www.interfax.ru/world/1073950,2026-02-20 00:00:00,"В Еврокомиссии заявили о намерении Украины отремонтировать нефтепровод ""Дружба""",,,ru,RU
e7ad0dce3fa9,interfax,https://www.interfax.ru/russia/1073953,2026-02-20 00:00:00,Путин предложил назначить Владимира Давыдова первым зампредом Верховного суда РФ,,,ru,RU
7d93729bdd68,interfax,https://www.interfax.ru/russia/1073954,2026-02-20 00:00:00,Закон об иностранных инвестициях в стратегические общества могут распространить на НКО,,,ru,RU
80578cd5110e,interfax,https://www.interfax.ru/business/1073955,2026-02-20 00:00:00,Рынок акций в пятницу превысил 2780п по индексу МосБиржи и закрыл неделю ростом,,,ru,RU
10b5e5205cdc,interfax,https://www.interfax.ru/world/1073952,2026-02-20 00:00:00,Постпреды ЕС еще не согласовали новый санкционный пакет в отношении РФ,,,ru,RU
0ba21748c82e,interfax,https://www.interfax.ru/world/1073956,2026-02-20 00:00:00,"Авианосец ""Джеральд Форд"" вошел в Средиземное море по пути на Ближний Восток",,,ru,RU
a48f80b32079,interfax,https://www.interfax.ru/business/1073958,2026-02-20 00:00:00,Рубль в пятницу упал в паре с юанем перед длительными выходными,,,ru,RU
0c5b2c1a3841,interfax,https://www.interfax.ru/russia/1073948,2026-02-20 00:00:00,Роспотребнадзор заявил о росте числа обращений граждан по работе маркетплейсов,,,ru,RU
da576fe99ffa,interfax,https://www.interfax.ru/russia/1073937,2026-02-20 00:00:00,"""АвтоВАЗ"" предложил Белоруссии унифицировать взаимопризнание локализации автокомпонентов",,,ru,RU
46bd74682258,interfax,https://www.interfax.ru/russia/1073926,2026-02-20 00:00:00,Иноагентом признан политолог Александр Кынев,,,ru,RU
4539ed7a6d2c,interfax,https://www.interfax.ru/world/1073932,2026-02-20 00:00:00,"Авианосец ""Шарль де Голль"" направляется в Балтийское море",,,ru,RU
1c32ce7d4ce8,interfax,https://www.interfax.ru/business/1073914,2026-02-20 00:00:00,"Tesla представила ""самую доступную"" модель Cybertruck и снизила цену на самую дорогую",,,ru,RU
1a0d6134d64e,interfax,https://www.interfax.ru/business/1073915,2026-02-20 00:00:00,Минсельхоз объяснил сезонностью рост оптовых цен на яйца в РФ,,,ru,RU
a7a425f5b81c,interfax,https://www.interfax.ru/moscow/1073916,2026-02-20 00:00:00,Высота уровня снега в Москве на метеостанциях достигла 79 см,,,ru,RU
7a1fc2a2943d,interfax,https://www.interfax.ru/moscow/1073917,2026-02-20 00:00:00,В Москве в январе выписали на 15% меньше штрафов зайцам,,,ru,RU
ab9f5a234f7d,interfax,https://www.interfax.ru/russia/1073911,2026-02-20 00:00:00,Российские бренды стали обсуждать в СМИ в три раза чаще,,,ru,RU
db4792b339a1,interfax,https://www.interfax.ru/russia/1073918,2026-02-20 00:00:00,ЦБ предупредил будущих криптокастодианов о необходимости развивать новые компетенции,,,ru,RU
2b65b9d22feb,interfax,https://www.interfax.ru/moscow/1073920,2026-02-20 00:00:00,"Усадьбу Воронцовых-Дашковых в Подмосковье продали за 270,56 млн рублей",,,ru,RU
3b84b2248504,interfax,https://www.interfax.ru/business/1073922,2026-02-20 00:00:00,"ДОМ.РФ выделит ""Практике"" 13 млрд руб. на проект комплексного развития территории в Екатеринбурге",,,ru,RU
d64d29f42fc8,interfax,https://www.interfax.ru/business/1073934,2026-02-20 00:00:00,Рост ВВП США в IV квартале замедлился существенно хуже прогноза,,,ru,RU
09209f9adab3,interfax,https://www.interfax.ru/moscow/1073924,2026-02-20 00:00:00,Праздничный салют в Москве 23 февраля проводиться не будет,,,ru,RU
e2aefe2d3051,interfax,https://www.interfax.ru/russia/1073921,2026-02-20 00:00:00,В Нижнем Новгороде арестован директор Института демографического развития,,,ru,RU
5239dca81821,interfax,https://www.interfax.ru/russia/1073925,2026-02-20 00:00:00,Тела погибших туристов планируется поднять со дна Байкала в светлое время суток,,,ru,RU
20cfbe0cad9e,interfax,https://www.interfax.ru/world/1073959,2026-02-20 00:00:00,"НАСА успешно провело повторную репетицию запуска миссии ""Артемида-2"" к Луне",,,ru,RU
86d41ba72092,interfax,https://www.interfax.ru/business/1073913,2026-02-20 00:00:00,Доля топ-20 производителей свинины в РФ в 2025 году выросла до 80%,,,ru,RU
dd116a709ff2,interfax,https://www.interfax.ru/russia/1073928,2026-02-20 00:00:00,Приставы депортировали в 2025 году из РФ 64 тысячи иностранцев,,,ru,RU
3cc1e214ae05,interfax,https://www.interfax.ru/russia/1073927,2026-02-20 00:00:00,Экс-глава Корпорации развития Курской области получил 9 лет за растрату с фортификациями,,,ru,RU
e75ed6b714a6,interfax,https://www.interfax.ru/world/1073930,2026-02-20 00:00:00,"ЕК одобрила приобретение Германией немецких активов ""Роснефти""",,,ru,RU
de4c05935592,interfax,https://www.interfax.ru/russia/1073931,2026-02-20 00:00:00,Выращивание тихоокеанских лососей могут признать стратегической деятельностью,,,ru,RU
ec54b405b538,interfax,https://www.interfax.ru/world/1073923,2026-02-20 00:00:00,Иран намерен подготовить проект соглашения с США по ядерной программе,,,ru,RU
8f378f945269,interfax,https://www.interfax.ru/world/1073960,2026-02-20 00:00:00,"OpenAI работает над ""умной"" колонкой и другими ИИ-устройствами",,,ru,RU
6a78e3db4f3c,interfax,https://www.interfax.ru/moscow/1073933,2026-02-20 00:00:00,Метеостанция МГУ зафиксировала рекордную высоту сугробов за 72 года наблюдений,,,ru,RU
508e8129c2d3,interfax,https://www.interfax.ru/business/1073961,2026-02-20 00:00:00,Новак обсудил с министром торговли Турции перспективы экономического сотрудничества,,,ru,RU
1ada71ee5e34,interfax,https://www.interfax.ru/business/1073962,2026-02-20 00:00:00,"РФ остается крупнейшим поставщиком газа, нефти и нефтепродуктов в Турцию",,,ru,RU
2f198e74d624,interfax,https://www.interfax.ru/russia/1073982,2026-02-20 00:00:00,Семь аэропортов в России приостановили работу,,,ru,RU
c2519a050325,interfax,https://www.interfax.ru/russia/1073981,2026-02-20 00:00:00,В России узаконили изъятие цифровой валюты как имущества,,,ru,RU
ad7686f6a5f5,interfax,https://www.interfax.ru/russia/1073980,2026-02-20 00:00:00,"Президент подписал закон, обязывающий операторов связи прекращать оказание услуг по требованию ФСБ",,,ru,RU
4f6f57ed15a2,interfax,https://www.interfax.ru/russia/1073979,2026-02-20 00:00:00,Путин подписал закон о продлении выплаты пособий многодетным семьям,,,ru,RU
59da8d82bc2f,interfax,https://www.interfax.ru/russia/1073977,2026-02-20 00:00:00,"Шесть человек, включая пятерых туристов из Китая, пострадали в аварии на дороге в Териберку",,,ru,RU
46706e2541ba,interfax,https://www.interfax.ru/world/1073976,2026-02-20 00:00:00,"Трамп заявил, что подпишет указ о глобальных пошлинах в 10%",,,ru,RU
4cfdab371a48,interfax,https://www.interfax.ru/world/1073975,2026-02-20 00:00:00,Постпреды ЕС не согласовали в пятницу новые санкции против РФ,,,ru,RU
300ec16db446,interfax,https://www.interfax.ru/russia/1073978,2026-02-20 00:00:00,"Трамп заявил, что торговое соглашение США с Индией остается в силе",,,ru,RU
a2fac17b8b2c,interfax,https://www.interfax.ru/world/1073974,2026-02-20 00:00:00,"Трамп заявил, что сможет сохранить политику по пошлинам вопреки решению Верховного суда",,,ru,RU
71c8bf08bead,interfax,https://www.interfax.ru/world/1073973,2026-02-20 00:00:00,"Будапешт пригрозил блокировать кредит ЕС Киеву до возобновления поставок нефти по ""Дружбе""",,,ru,RU
f69d9ec9974c,interfax,https://www.interfax.ru/russia/1073972,2026-02-20 00:00:00,"Суд передал государству компанию-разработчика системы бронирования ""Леонардо""",,,ru,RU
38e7ee9b882a,interfax,https://www.interfax.ru/world/1073969,2026-02-20 00:00:00,В ЕС анализируют вывод Верховного суда США о незаконности инициативы Трампа по пошлинам,,,ru,RU
64d31f6e9873,interfax,https://www.interfax.ru/world/1073967,2026-02-20 00:00:00,OFAC продлило NIS лицензию на операционную деятельность до 20 марта,,,ru,RU
85424de598dd,interfax,https://www.interfax.ru/business/1073966,2026-02-20 00:00:00,РФ вводит повышенную пошлину на яичный альбумин из недружественных стран до конца 2027 г.,,,ru,RU
776a50b5289b,interfax,https://www.interfax.ru/world/1073964,2026-02-20 00:00:00,В ЕС заявили о готовности внести дипломатический вклад в американо-иранские переговоры,,,ru,RU
2e21488946ea,interfax,https://www.interfax.ru/russia/1073971,2026-02-20 00:00:00,"МВД сообщило о пресечении работы площадок по ""пробиву"" персональных данных в Telegram",,,ru,RU
8c8ca0612987,interfax,https://www.interfax.ru/russia/1074042,2026-02-21 00:00:00,Тела восьми погибших в крушении автомобиля подняли со дна Байкала,,,ru,RU
8d124fbc2204,interfax,https://www.interfax.ru/russia/1074035,2026-02-21 00:00:00,Вылет 17 рейсов задержан в аэропорту Сочи из-за ограничений на полеты в центральной части РФ,,,ru,RU
37b0f4dcdfb8,interfax,https://www.interfax.ru/russia/1074036,2026-02-21 00:00:00,Финский залив полностью покрылся льдом,,,ru,RU
4f722ccb3f7d,interfax,https://www.interfax.ru/russia/1074037,2026-02-21 00:00:00,"""Роскосмос"" опубликовал снимок западной части туманности Вуаль",,,ru,RU
b33b1c0bdafe,interfax,https://www.interfax.ru/russia/1074039,2026-02-21 00:00:00,Белгородская область подверглась ракетным обстрелам со стороны ВСУ,,,ru,RU
74b8ec6308a1,interfax,https://www.interfax.ru/russia/1074040,2026-02-21 00:00:00,Аэропорт Уфы возобновил штатную работу,,,ru,RU
134432146956,interfax,https://www.interfax.ru/russia/1074043,2026-02-21 00:00:00,МИД РФ предупредил об ответных мерах в случае присоединения Южной Кореи к инициативе НАТО PURL,,,ru,RU
f8f5fddc77d4,interfax,https://www.interfax.ru/russia/1074055,2026-02-21 00:00:00,Все жилые дома в зоне ЧС подключили к теплоснабжению в городе Бодайбо,,,ru,RU
0065181f1b1f,interfax,https://www.interfax.ru/world/1074045,2026-02-21 00:00:00,Иран в ходе учений испытал зенитную ракету в Ормузском проливе,,,ru,RU
9fc2900fb46c,interfax,https://www.interfax.ru/russia/1074046,2026-02-21 00:00:00,Военные поразили 31 дрон ВСУ в первой половине дня субботы над территорией РФ,,,ru,RU
60c8485e11aa,interfax,https://www.interfax.ru/russia/1074050,2026-02-21 00:00:00,"Ремонтные работы на линии ""Ферросплавная"" на ЗАЭС займут несколько дней",,,ru,RU
9d878ebbf75f,interfax,https://www.interfax.ru/russia/1074051,2026-02-21 00:00:00,"""Росатом"" прорабатывает с МИД, Минобороны и Росгвардией режим тишины в районе ЗАЭС",,,ru,RU
c474ae06be51,interfax,https://www.interfax.ru/russia/1074052,2026-02-21 00:00:00,Четыре человека погибли в ДТП в Оренбуржье,,,ru,RU
9b70e2b1f202,interfax,https://www.interfax.ru/world/1074053,2026-02-21 00:00:00,Венгрия допускает прекращение поставок электричества на Украину из-за остановки подачи нефти,,,ru,RU
1e66c215e933,interfax,https://www.interfax.ru/world/1074034,2026-02-21 00:00:00,"США перебросили в Саудовскую Аравию в общей сложности шесть ""летающих радаров""",,,ru,RU
b0cbc12c0e00,interfax,https://www.interfax.ru/world/1074044,2026-02-21 00:00:00,"Фицо пригрозил Киеву прекратить поставки электроэнергии без подачи нефти по ""Дружбе""",,,ru,RU
106538f07826,interfax,https://www.interfax.ru/russia/1074033,2026-02-21 00:00:00,Подрядчиков осудят за хищении 200 млн руб. при строительстве ЛЭП на Ставрополье,,,ru,RU
ccba85e72fac,interfax,https://www.interfax.ru/russia/1074020,2026-02-21 00:00:00,Несколько домов получили повреждения в Волгограде при атаке БПЛА,,,ru,RU
04fece150baf,interfax,https://www.interfax.ru/world/1074031,2026-02-21 00:00:00,В Великобритании решили расследовать деятельность брата Карла III на посту торгового посланника страны,,,ru,RU
fce1781720c8,interfax,https://www.interfax.ru/russia/1074006,2026-02-21 00:00:00,Трехдневный траур объявлен в округе в Приамурье после крушения вертолета,,,ru,RU
5d45b5831af1,interfax,https://www.interfax.ru/russia/1074010,2026-02-21 00:00:00,Разбившийся в Приамурье вертолет не был официально зарегистрирован,,,ru,RU
345128ba80ed,interfax,https://www.interfax.ru/world/1074011,2026-02-21 00:00:00,"Axios сообщил, что Трамп рассматривает несколько вариантов решения ядерной проблемы Ирана",,,ru,RU
c5ac882d3c08,interfax,https://www.interfax.ru/world/1073929,2026-02-21 00:00:00,"Эксперт: США и Израиль, скорее всего, ударят по Ирану после Рамадана",,,ru,RU
dd4806404cae,interfax,https://www.interfax.ru/russia/1074013,2026-02-21 00:00:00,"Минобороны заявило об использовании на СВО штатных средств связи, не завязанных на мессенджеры",,,ru,RU
16c9f70aefa7,interfax,https://www.interfax.ru/russia/1074014,2026-02-21 00:00:00,Беспилотник нейтрализован в Пензенской области,,,ru,RU
a697443ed63b,interfax,https://www.interfax.ru/russia/1074015,2026-02-21 00:00:00,Перевозчик погибших на Байкале туристов из КНР не был зарегистрирован,,,ru,RU
57d81179d8d1,interfax,https://www.interfax.ru/russia/1074032,2026-02-21 00:00:00,"Аэропорты Ижевска, Самары и Ульяновска вернулись к штатной работе",,,ru,RU
649e33d9644a,interfax,https://www.interfax.ru/russia/1074016,2026-02-21 00:00:00,В домах Краснодара восстановлено отопление и водоснабжение,,,ru,RU
9d75c4da9749,interfax,https://www.interfax.ru/russia/1074019,2026-02-21 00:00:00,Губернатор Ульяновской области сообщил об уничтожении одного БПЛА,,,ru,RU
4654268e6458,interfax,https://www.interfax.ru/russia/1074022,2026-02-21 00:00:00,Обломки БПЛА повредили частные дома в Северском районе Кубани,,,ru,RU
e8b8d7fe10a6,interfax,https://www.interfax.ru/russia/1074023,2026-02-21 00:00:00,Губернатор Пензенской области сообщил о нейтрализации еще двух дронов в регионе,,,ru,RU
a1e01adeabbb,interfax,https://www.interfax.ru/russia/1074024,2026-02-21 00:00:00,Временные ограничения в аэропортах Пензы и Саратова сняты,,,ru,RU
82e6830df9a4,interfax,https://www.interfax.ru/russia/1074025,2026-02-21 00:00:00,Минобороны РФ сообщило о взятии под контроль населенного пункта Карповка в ДНР,,,ru,RU
51ba6b3dd368,interfax,https://www.interfax.ru/russia/1074026,2026-02-21 00:00:00,"Военные РФ нанесли удары по пусковым установкам украинских ракет ""Фламинго"" и объектам энергетики",,,ru,RU
2557caa2d447,interfax,https://www.interfax.ru/russia/1074029,2026-02-21 00:00:00,Осужденный за нападение на мурманского губернатора Андрея Чибиса погиб на СВО,,,ru,RU
089117120fa2,interfax,https://www.interfax.ru/russia/1074017,2026-02-21 00:00:00,Женщина с ребенком спасены из наполовину ушедшей под лед машины в акватории Байкала,,,ru,RU
557a0c45fa20,interfax,https://www.interfax.ru/russia/1074056,2026-02-21 00:00:00,Росавиация сообщила о возобновлении штатной работы аэропорта Ижевска,,,ru,RU
d5e4736e901b,interfax,https://www.interfax.ru/world/1074060,2026-02-21 00:00:00,В Абхазии ранен оппозиционный политик Эшсоу Какалия,,,ru,RU
2233c3e403e3,interfax,https://www.interfax.ru/russia/1074061,2026-02-21 00:00:00,Пять человек отравились насмерть угарным газом после пожара в Вологодской области,,,ru,RU
a24872afe147,interfax,https://www.interfax.ru/russia/1074057,2026-02-21 00:00:00,Лавров выразил соболезнования Ван И в связи с гибелью китайских туристов на Байкале,,,ru,RU
14cc7bc5a839,interfax,https://www.interfax.ru/world/1074076,2026-02-21 00:00:00,"Фильм ""Желтые письма"" стал обладателем главной награды Берлинале",,,ru,RU
95df54598802,interfax,https://www.interfax.ru/russia/1074075,2026-02-21 00:00:00,Пожар на Донской улице в Москве ликвидирован,,,ru,RU
d0ce94ab24fe,interfax,https://www.interfax.ru/russia/1074073,2026-02-21 00:00:00,Два человека ранены после атаки дронов в Белгородской области,,,ru,RU
656be213c1fa,interfax,https://www.interfax.ru/russia/1074072,2026-02-21 00:00:00,Правительство РФ определило условия заключения соглашений на экспорт сахара на ближайшие 5 лет,,,ru,RU
5f253721ec99,interfax,https://www.interfax.ru/world/1074066,2026-02-21 00:00:00,"Трамп решил поднять ""глобальные"" пошлины с 10% до 15%",,,ru,RU
548a3f56f249,interfax,https://www.interfax.ru/moscow/1074065,2026-02-21 00:00:00,Пожар возник в пятиэтажке на Донской улице в Москве,,,ru,RU
fc6f9797a598,interfax,https://www.interfax.ru/culture/1074064,2026-02-21 00:00:00,Минкультуры запускает акцию для льготников со скидками по ID в Мах,,,ru,RU
2e1a69987557,interfax,https://www.interfax.ru/russia/1074062,2026-02-21 00:00:00,Российская таможня предупредила об очередях на эстонской границе,,,ru,RU
65f470b13f5c,interfax,https://www.interfax.ru/business/1074069,2026-02-21 00:00:00,"Суд РФ налагает на OMV новые запреты вокруг спора с ""Газпромом"" об обмене активами",,,ru,RU
0b5d43a63a78,interfax,https://www.interfax.ru/world/1074132,2026-02-22 00:00:00,В Абхазии задержан подозреваемый по делу о ранении оппозиционного политика,,,ru,RU
eff627c186ea,interfax,https://www.interfax.ru/russia/1074124,2026-02-22 00:00:00,Пять дронов ВСУ сбито в Калужской области,,,ru,RU
40b95a39b96e,interfax,https://www.interfax.ru/russia/1074126,2026-02-22 00:00:00,ВСУ атаковали фельдшерско-акушерский пункт в Брянской области,,,ru,RU
120e63d0ab72,interfax,https://www.interfax.ru/moscow/1074127,2026-02-22 00:00:00,Пожар произошел на улице Образцова в Москве,,,ru,RU
f14b4b52792c,interfax,https://www.interfax.ru/moscow/1074128,2026-02-22 00:00:00,В московских аэропортах сняты временные ограничения,,,ru,RU
2b43648e0c03,interfax,https://www.interfax.ru/russia/1074130,2026-02-22 00:00:00,Над регионами РФ во второй половине дня воскресенья поражен 71 беспилотник,,,ru,RU
eaca467059ad,interfax,https://www.interfax.ru/world/1074131,2026-02-22 00:00:00,"Бывший глава ЦРУ считает, что удары США по Ирану не приведут к смене режима",,,ru,RU
74c3790eceb1,interfax,https://www.interfax.ru/moscow/1074133,2026-02-22 00:00:00,Три московских аэропорта обсуживают рейсы по согласованию с соответствующими органами,,,ru,RU
5e61b3118e06,interfax,https://www.interfax.ru/moscow/1074139,2026-02-22 00:00:00,Работа аэропорта Шереметьево ограничена,,,ru,RU
a9bf0108a7b9,interfax,https://www.interfax.ru/world/1074136,2026-02-22 00:00:00,На территории резиденции Трампа по Флориде застрелили вооруженного мужчину,,,ru,RU
61a70f148ac3,interfax,https://www.interfax.ru/moscow/1074137,2026-02-22 00:00:00,Аэропорт Внуково приостановил полеты,,,ru,RU
a02906d3ffb3,interfax,https://www.interfax.ru/moscow/1074138,2026-02-22 00:00:00,"Сбит 12-й беспилотник, летевший в направлении Москвы",,,ru,RU
a6a376072ded,interfax,https://www.interfax.ru/moscow/1074122,2026-02-22 00:00:00,Временные ограничения введены в четырех аэропортах столицы,,,ru,RU
a5f4edffc6c5,interfax,https://www.interfax.ru/world/1074140,2026-02-22 00:00:00,Ограничения в аэропортах РФ привели к отмене ряда рейсов между Москвой и Минском,,,ru,RU
458cb385658e,interfax,https://www.interfax.ru/moscow/1074141,2026-02-22 00:00:00,Еще восемь беспилотников нейтрализованы на подлете к Москве,,,ru,RU
cf3542e0ae61,interfax,https://www.interfax.ru/moscow/1074142,2026-02-22 00:00:00,В Домодедово и Жуковском ввели ограничения на полеты,,,ru,RU
92aac7bebc53,interfax,https://www.interfax.ru/moscow/1074144,2026-02-22 00:00:00,Количество сбитых на подлете к Москве дронов выросло до 21,,,ru,RU
74d39f429d46,interfax,https://www.interfax.ru/world/1074134,2026-02-22 00:00:00,"Axios узнал о согласии США на новые переговоры с Ираном, если получат от него проект договора по атому",,,ru,RU
640005952714,interfax,https://www.interfax.ru/moscow/1074121,2026-02-22 00:00:00,"До семи увеличилось число сбитых БПЛА, летевших на Москву",,,ru,RU
817b9a4d0561,interfax,https://www.interfax.ru/russia/1074114,2026-02-22 00:00:00,В Кремле не видят смысла в участии европейцев в переговорах по Украине,,,ru,RU
0861084acaae,interfax,https://www.interfax.ru/moscow/1074119,2026-02-22 00:00:00,БПЛА ликвидирован на подлете к Москве,,,ru,RU
a0a7697b9199,interfax,https://www.interfax.ru/russia/1074095,2026-02-22 00:00:00,Над Курской областью за сутки уничтожены 38 БПЛА,,,ru,RU
42a4bbbaab92,interfax,https://www.interfax.ru/russia/1074096,2026-02-22 00:00:00,Нотариусы в 2025 году предоставили участникам СВО льготы на 870 млн руб.,,,ru,RU
33c250dacc2f,interfax,https://www.interfax.ru/world/1074097,2026-02-22 00:00:00,На Солнце пропали все пятна,,,ru,RU
73e6085f67d8,interfax,https://www.interfax.ru/russia/1074098,2026-02-22 00:00:00,В Запорожской области снова произошло отключение электроснабжения,,,ru,RU
a86eaa89c89b,interfax,https://www.interfax.ru/russia/1074099,2026-02-22 00:00:00,Нефтебаза в Луганске загорелась после атаки беспилотников,,,ru,RU
729207d86e62,interfax,https://www.interfax.ru/russia/1074101,2026-02-22 00:00:00,"Кремль предупредил об ответе в случае, если Эстония направит ядерное оружие на РФ",,,ru,RU
cc1aa3c0494e,interfax,https://www.interfax.ru/russia/1074103,2026-02-22 00:00:00,Один человек погиб и еще один ранен из-за атаки дронов ВСУ в Белгородской области,,,ru,RU
46b31a179a92,interfax,https://www.interfax.ru/russia/1074105,2026-02-22 00:00:00,"Военные РФ нанесли удар по объектам ВПК и энергетики Украины, используемым в интересах ВСУ",,,ru,RU
c52e9a4dbd60,interfax,https://www.interfax.ru/moscow/1074120,2026-02-22 00:00:00,"Собянин сообщил о втором беспилотнике, сбитом на подлете к Москве",,,ru,RU
11de1e1d949a,interfax,https://www.interfax.ru/russia/1074106,2026-02-22 00:00:00,Минобороны сообщило об ударе по логистическому центру ВСУ и месту хранения БПЛА,,,ru,RU
54e1c47822f3,interfax,https://www.interfax.ru/russia/1074108,2026-02-22 00:00:00,Средства ПВО за сутки сбили 326 дронов,,,ru,RU
7db328be42ac,interfax,https://www.interfax.ru/russia/1074109,2026-02-22 00:00:00,Военные заявили об улучшении позиций в зоне СВО в минувшие сутки,,,ru,RU
48e147c6f1ee,interfax,https://www.interfax.ru/moscow/1074146,2026-02-22 00:00:00,Московские аэропорты обслуживают рейсы по согласованию,,,ru,RU
c0eda6669461,interfax,https://www.interfax.ru/world/1074110,2026-02-22 00:00:00,"Сийярто пообещал блокировать санкции ЕС против РФ, пока Киев не возобновит транзит по ""Дружбе""",,,ru,RU
e610f1647142,interfax,https://www.interfax.ru/moscow/1074113,2026-02-22 00:00:00,Жителей Москвы предупредили о возможной метели в воскресенье,,,ru,RU
18a81a7412c0,interfax,https://www.interfax.ru/russia/1074115,2026-02-22 00:00:00,"Директор ФСБ заявил о ""британском следе"" в деле о покушении на генерала Алексеева",,,ru,RU
1c594ff27d6a,interfax,https://www.interfax.ru/russia/1074116,2026-02-22 00:00:00,Над российскими регионами с утра воскресенья нейтрализованы 73 беспилотника,,,ru,RU
9ba4a15901a6,interfax,https://www.interfax.ru/world/1074118,2026-02-22 00:00:00,"NYT сообщила, что Хаменеи принял меры на случай попытки США ликвидировать руководство Ирана",,,ru,RU
519ee9785108,interfax,https://www.interfax.ru/russia/1074107,2026-02-22 00:00:00,Путин на следующей неделе примет участие в коллегии ФСБ,,,ru,RU
6212a2939cff,interfax,https://www.interfax.ru/moscow/1074147,2026-02-22 00:00:00,Пожар на улице Образцова в Москве локализован,,,ru,RU
ae920950681d,interfax,https://www.interfax.ru/russia/1074135,2026-02-22 00:00:00,Авиакомпании РФ завершили вывоз туристов с Кубы,,,ru,RU
fefc92e4d2de,interfax,https://www.interfax.ru/moscow/1074149,2026-02-22 00:00:00,Аэропорт Шереметьево вернулся к штатной работе,,,ru,RU
7cbbba0a2520,interfax,https://www.interfax.ru/moscow/1074164,2026-02-22 00:00:00,Аэропорты московского авиаузла возобновили работу,,,ru,RU
778a470bc56b,interfax,https://www.interfax.ru/russia/1074163,2026-02-22 00:00:00,Российские военные нейтрализовали за вечер воскресенья 36 украинских БПЛА,,,ru,RU
4719c003acf8,interfax,https://www.interfax.ru/russia/1074162,2026-02-22 00:00:00,Транскавказская автомагистраль в Северной Осетии закрыта из-за непогоды,,,ru,RU
480bc14794e1,interfax,https://www.interfax.ru/russia/1074161,2026-02-22 00:00:00,Ограничения введены в аэропортах Пензы и Саратова,,,ru,RU
181b41441bd9,interfax,https://www.interfax.ru/moscow/1074150,2026-02-22 00:00:00,Пожарные потушили открытый огонь в здании на северо-востоке Москвы,,,ru,RU
58527854c361,interfax,https://www.interfax.ru/moscow/1074159,2026-02-22 00:00:00,Число сбитых на подлете к столице беспилотников достигло 25,,,ru,RU
ed906f7a6976,interfax,https://www.interfax.ru/world/1074158,2026-02-22 00:00:00,Словакия пригрозила остановить аварийные поставки электроэнергии на Украину,,,ru,RU
520839a31519,interfax,https://www.interfax.ru/russia/1074160,2026-02-22 00:00:00,Военно-Грузинская дорога временно закрыта для проезда грузовиков,,,ru,RU
f3af3f99e754,interfax,https://www.interfax.ru/moscow/1074156,2026-02-22 00:00:00,"Собянин сообщил об уничтожении еще одного БПЛА, пытавшегося атаковать Москву",,,ru,RU
ef1801925f30,interfax,https://www.interfax.ru/moscow/1074155,2026-02-22 00:00:00,"Уничтожено 23 беспилотника, летевших на столицу",,,ru,RU
4669155ee8e6,interfax,https://www.interfax.ru/russia/1074154,2026-02-22 00:00:00,БПЛА сбиты над тремя муниципалитетами Калужской области и на окраине Калуги,,,ru,RU
3615682a1ea5,interfax,https://www.interfax.ru/moscow/1074153,2026-02-22 00:00:00,На подлете к Москве сбит 22-й беспилотник,,,ru,RU
c0fb2d7c9404,interfax,https://www.interfax.ru/moscow/1074152,2026-02-22 00:00:00,Пожар на северо-востоке Москвы ликвидирован,,,ru,RU
34cc5d524aed,interfax,https://www.interfax.ru/russia/1074151,2026-02-22 00:00:00,С 16:00 над регионами нейтрализованы 130 украинских дронов,,,ru,RU
13ddb4918dd6,interfax,https://www.interfax.ru/world/1074157,2026-02-22 00:00:00,"Оман подтвердил, что переговоры Ирана и США пройдут в четверг",,,ru,RU
97f46003194d,interfax,https://www.interfax.ru/russia/1074237,2026-02-23 00:00:00,Движение по Крымскому мосту перекрыто в четвертый раз за понедельник,,,ru,RU
f07e317568fe,interfax,https://www.interfax.ru/moscow/1074239,2026-02-23 00:00:00,В подмосковной Балашихе произошел пожар в здании автосервиса,,,ru,RU
9f3d06e9cdd0,interfax,https://www.interfax.ru/world/1074240,2026-02-23 00:00:00,Новое правительство Нидерландов принесло присягу,,,ru,RU
c3515313a7c5,interfax,https://www.interfax.ru/russia/1074242,2026-02-23 00:00:00,Минобороны РФ заявило о ликвидации 27 дронов ВСУ,,,ru,RU
964841efc862,interfax,https://www.interfax.ru/world/1074243,2026-02-23 00:00:00,Евросоюз внес в санкционные списки по РФ еще восемь человек,,,ru,RU
9cd419ac375f,interfax,https://www.interfax.ru/world/1074245,2026-02-23 00:00:00,Самолеты МЧС РФ доставили 60 тонн гуманитарного груза на Мадагаскар,,,ru,RU
b0b563481dc3,interfax,https://www.interfax.ru/world/1074246,2026-02-23 00:00:00,"СМИ заявили, что главы МИД стран ЕС не смогут сегодня договориться по новым санкциям против РФ",,,ru,RU
557171e0f5fd,interfax,https://www.interfax.ru/world/1074257,2026-02-23 00:00:00,КПП на границе Абхазии с РФ временно закрыт в связи с угрозой атаки БПЛА в Сочи,,,ru,RU
77191c207ed1,interfax,https://www.interfax.ru/world/1074249,2026-02-23 00:00:00,Сомали предложили США обновить соглашение об использовании портов и аэропортов,,,ru,RU
454ca7c5c601,interfax,https://www.interfax.ru/russia/1074250,2026-02-23 00:00:00,Аэропорт Сочи приостановил работу в третий раз за понедельник,,,ru,RU
a00b02803cfa,interfax,https://www.interfax.ru/russia/1074252,2026-02-23 00:00:00,Песков сообщил о встрече Путина с вдовами геройски погибших спецназовцев,,,ru,RU
e6f25f11506d,interfax,https://www.interfax.ru/russia/1074253,2026-02-23 00:00:00,Путин заверил вдов погибших на СВО военных в особом внимании вопросам помощи их семьям,,,ru,RU
4242d095f1e0,interfax,https://www.interfax.ru/business/1074254,2026-02-23 00:00:00,"Ирак подписал с Chevron предварительное соглашение по управлению ""Западной Курной""",,,ru,RU
fc2f91bddb14,interfax,https://www.interfax.ru/russia/1074256,2026-02-23 00:00:00,"Аэропорт Геленджика приостановил работу, аэропорт Сочи ее возобновил",,,ru,RU
d5adc488094c,interfax,https://www.interfax.ru/russia/1074236,2026-02-23 00:00:00,"""Росатом"" обсуждает с сербскими компаниями их участие в атомных проектах в третьих странах",,,ru,RU
294d3a1f04b3,interfax,https://www.interfax.ru/world/1074255,2026-02-23 00:00:00,"Активисты вывесили в Лувре фото брата короля Карла III, сделанное после ареста",,,ru,RU
dc8b9e24de36,interfax,https://www.interfax.ru/business/1074247,2026-02-23 00:00:00,Совет ЕС продлил санкции против России,,,ru,RU
44b2557c4947,interfax,https://www.interfax.ru/moscow/1074234,2026-02-23 00:00:00,Локальные перекрытия движения ожидаются в центре Москвы во вторник и среду,,,ru,RU
143daa708663,interfax,https://www.interfax.ru/russia/1074226,2026-02-23 00:00:00,Двое мужчин ранены в результате атаки ВСУ в Белгородской области,,,ru,RU
5857f6e04802,interfax,https://www.interfax.ru/russia/1074232,2026-02-23 00:00:00,"Глава ""Росатома"" сравнил с прыжками по граблям возможные санкции ЕС против атомной промышленности РФ",,,ru,RU
9c5ae7d92675,interfax,https://www.interfax.ru/russia/1074213,2026-02-23 00:00:00,"Минобороны РФ сообщило, что за сутки сбит 541 беспилотник ВСУ",,,ru,RU
e99663de2273,interfax,https://www.interfax.ru/russia/1074214,2026-02-23 00:00:00,"Нанесены удары по связанным с ВСУ объектам транспортной, энергетической и топливной инфраструктуры",,,ru,RU
d0f41ee8f22e,interfax,https://www.interfax.ru/business/1074216,2026-02-23 00:00:00,"Долг Киргизии перед ""Русгидро"" по проекту строительства Верхне-Нарынского каскада ГЭС превышает $51 млн",,,ru,RU
287b59847fb9,interfax,https://www.interfax.ru/russia/1074217,2026-02-23 00:00:00,Путин почтил память павших воинов у Могилы Неизвестного Солдата,,,ru,RU
bc57c6747259,interfax,https://www.interfax.ru/russia/1074219,2026-02-23 00:00:00,Власти Иркутской области решают вопрос с вывозом туристов с острова Ольхон,,,ru,RU
417ef2afa083,interfax,https://www.interfax.ru/russia/1074220,2026-02-23 00:00:00,Графики аварийных отключений ввели в Запорожской области после украинских обстрелов,,,ru,RU
435758083a60,interfax,https://www.interfax.ru/world/1074221,2026-02-23 00:00:00,"В Грузии иностранцы не смогут работать водителями, курьерами и гидами",,,ru,RU
2866259d4f39,interfax,https://www.interfax.ru/russia/1074222,2026-02-23 00:00:00,"Нижегородский аэропорт за сутки принял около 30 рейсов, летевших в Москву",,,ru,RU
706b8a53462d,interfax,https://www.interfax.ru/russia/1074223,2026-02-23 00:00:00,Минобороны РФ заявило о нейтрализации 34 украинских беспилотников,,,ru,RU
61e8e82c4b2e,interfax,https://www.interfax.ru/world/1074224,2026-02-23 00:00:00,Не менее 14 человек погибли в Мексике в столкновениях после гибели лидера наркокартеля,,,ru,RU
e7822044341c,interfax,https://www.interfax.ru/russia/1074225,2026-02-23 00:00:00,"Новый образец самолета ""Байкал"" совершил первый полет",,,ru,RU
1bf4d93bb04b,interfax,https://www.interfax.ru/world/1074259,2026-02-23 00:00:00,В Госдепе США обеспокоены активным наращиванием Китаем ядерного арсенала,,,ru,RU
6d72ca54e4eb,interfax,https://www.interfax.ru/business/1074227,2026-02-23 00:00:00,"Глава МИД Франции убежден, что новый пакет санкций ЕС против РФ будет утвержден",,,ru,RU
620ce7d47f00,interfax,https://www.interfax.ru/world/1074228,2026-02-23 00:00:00,"NYT узнала о намерении Трампа свергнуть правительство Ирана, если Тегеран не пойдет на уступки",,,ru,RU
e711a750874a,interfax,https://www.interfax.ru/russia/1074229,2026-02-23 00:00:00,Аэропорт Сочи приостановил работу второй раз за сутки,,,ru,RU
e4316cd92176,interfax,https://www.interfax.ru/russia/1074230,2026-02-23 00:00:00,"Медведев сообщил, что РФ пока не получила от Украины ответа на озвученные позиции по урегулированию",,,ru,RU
2f81d6e4508a,interfax,https://www.interfax.ru/world/1074231,2026-02-23 00:00:00,"МИД Франции заявил, что решения Израиля по Западному берегу угрожают безопасности региона",,,ru,RU
df4745539bf6,interfax,https://www.interfax.ru/business/1074233,2026-02-23 00:00:00,В ЕС намерены затормозить ратификацию соглашения с США из-за решения ввести глобальные пошлины,,,ru,RU
cad7dfc1634b,interfax,https://www.interfax.ru/russia/1074261,2026-02-23 00:00:00,Четыре человека ранены при атаке дрона ВСУ на машину в Белгородской области,,,ru,RU
ab15eb6f2d9c,interfax,https://www.interfax.ru/world/1074260,2026-02-23 00:00:00,США разместили в Греции три разведывательных самолета на фоне напряженности с Ираном,,,ru,RU
4d7b1fa925b1,interfax,https://www.interfax.ru/world/1074277,2026-02-23 00:00:00,Каллас объявила о намерении сократить штат постпредства РФ при ЕС,,,ru,RU
67ac493bd08f,interfax,https://www.interfax.ru/world/1074281,2026-02-23 00:00:00,"Фицо объявил, что Словакия прекращает экстренные поставки электроэнергии Украине",,,ru,RU
2efa6178017d,interfax,https://www.interfax.ru/russia/1074278,2026-02-23 00:00:00,Здание школы и жилой дом повреждены в Брянской области при обстреле,,,ru,RU
0447ceffe142,interfax,https://www.interfax.ru/russia/1074276,2026-02-23 00:00:00,Шесть муниципалитетов Белгородской области атакованы БПЛА,,,ru,RU
8f505c75abd8,interfax,https://www.interfax.ru/world/1074275,2026-02-23 00:00:00,Уиткофф и Кушнер согласны в четверг участвовать в переговорах с Ираном в Женеве,,,ru,RU
07d0b038c54b,interfax,https://www.interfax.ru/world/1074262,2026-02-23 00:00:00,КПП на российско-абхазской границе возобновил пропуск граждан и автотранспорта,,,ru,RU
1cf2d02a5560,interfax,https://www.interfax.ru/world/1074270,2026-02-23 00:00:00,Каллас призвала быстрее решить вопрос с кредитом в 90 млрд евро Киеву,,,ru,RU
2696661d8bd9,interfax,https://www.interfax.ru/world/1074273,2026-02-23 00:00:00,Беспилотник упал и взорвался в Гагрском районе Абхазии,,,ru,RU
4e2cddd78bdd,interfax,https://www.interfax.ru/russia/1074267,2026-02-23 00:00:00,Аэропорт Сочи приостановил работу четвертый раз за день,,,ru,RU
0c7ab5e384cd,interfax,https://www.interfax.ru/world/1074266,2026-02-23 00:00:00,"Авианосец ""Джеральд Форд"" зашел в Грецию по пути на Ближний Восток",,,ru,RU
d968d5a0d0ee,interfax,https://www.interfax.ru/moscow/1074265,2026-02-23 00:00:00,Синоптики спрогнозировали сильный снег в Москве во вторник,,,ru,RU
88b3c55526bd,interfax,https://www.interfax.ru/russia/1074264,2026-02-23 00:00:00,Человек погиб в результате атаки БПЛА на Брянскую область,,,ru,RU
f7d5518fd634,interfax,https://www.interfax.ru/russia/1074263,2026-02-23 00:00:00,Северо-западная часть Запорожской области осталась без света из-за обстрела ВСУ,,,ru,RU
213a94f34244,interfax,https://www.interfax.ru/business/1074268,2026-02-23 00:00:00,"Каллас заявила, что ЕС продолжит работу над 20-м пакетом санкций против России",,,ru,RU
bc5e0c13f907,interfax,https://www.interfax.ru/russia/1074412,2026-02-24 00:00:00,Главы МИД России и Египта обсудили вопросы внешнеполитической координации,,,ru,RU
3b04111686d2,interfax,https://www.interfax.ru/world/1074411,2026-02-24 00:00:00,КСИР провел учения на юге Ирана и островах Персидского залива,,,ru,RU
45643b3d3f16,interfax,https://www.interfax.ru/business/1074410,2026-02-24 00:00:00,Warner Bros. получила обновленное предложение от Paramount,,,ru,RU
6e577296bd52,interfax,https://www.interfax.ru/business/1074425,2026-02-24 00:00:00,Рынок акций завершил вторник консолидацией под 2780 пунктов по индексу МосБиржи,,,ru,RU
660dffcd6828,interfax,https://www.interfax.ru/business/1074405,2026-02-24 00:00:00,"РФ с 1 по 20 февраля увеличила отгрузки пшеницы на экспорт на 10,6% почти до 1,7 млн т",,,ru,RU
c6338b001381,interfax,https://www.interfax.ru/russia/1074381,2026-02-24 00:00:00,В Белгородском округе в результате удара дрона погиб водитель грузовика,,,ru,RU
f16dbf3cf529,interfax,https://www.interfax.ru/business/1074414,2026-02-24 00:00:00,Дума в апреле рассмотрит проект о праве ФНС замораживать активы компаний до конца проверки,,,ru,RU
cf06a3da3c41,interfax,https://www.interfax.ru/world/1074409,2026-02-24 00:00:00,В оборонных ведомствах Европы боятся за ее обороноспособность при отказе от военных технологий США,,,ru,RU
57f6ceb7f0f7,interfax,https://www.interfax.ru/world/1074415,2026-02-24 00:00:00,"JPost пишет, что Трамп еще не выбрал подход к решению иранской проблемы",,,ru,RU
41c32eeff279,interfax,https://www.interfax.ru/world/1074422,2026-02-24 00:00:00,Канада выделила $300 млн на военную помощь Украине,,,ru,RU
7e410caf6b82,interfax,https://www.interfax.ru/russia/1074417,2026-02-24 00:00:00,Жительница Петербурга получила 18 лет по делу о подготовке теракта и госизмене,,,ru,RU
ddab57984845,interfax,https://www.interfax.ru/world/1074420,2026-02-24 00:00:00,Канада внесла в санкционные списки по РФ еще 53 юридических и 21 физическое лицо,,,ru,RU
0700adbd7912,interfax,https://www.interfax.ru/world/1074419,2026-02-24 00:00:00,"Вучича проинформировали о подготовке покушения на него, его жену и сына",,,ru,RU
68ea4b37b63d,interfax,https://www.interfax.ru/moscow/1074418,2026-02-24 00:00:00,Бывший студент РГГУ погиб во время репетиции концерта в вузе,,,ru,RU
fa59406196da,interfax,https://www.interfax.ru/world/1074421,2026-02-24 00:00:00,Мелони назвала мир на Украине приоритетом для Италии и для всей Европы,,,ru,RU
84ff7b1fe1d8,interfax,https://www.interfax.ru/moscow/1074382,2026-02-24 00:00:00,В центре Москвы снова перекрывали несколько улиц,,,ru,RU
a468ec32330d,interfax,https://www.interfax.ru/russia/1074423,2026-02-24 00:00:00,МИД РФ отменил рекомендацию об опасности поездок в Венесуэлу,,,ru,RU
13499f83fc89,interfax,https://www.interfax.ru/russia/1074424,2026-02-24 00:00:00,Главы МИД России и Вьетнама обсудили перспективы взаимодействия в ООН,,,ru,RU
20d8af5758e9,interfax,https://www.interfax.ru/world/1074426,2026-02-24 00:00:00,Страны G7 заявили о поддержке усилий Трампа по украинскому урегулированию,,,ru,RU
05e2fd56ed80,interfax,https://www.interfax.ru/world/1074416,2026-02-24 00:00:00,Ливанская армия обвинила Израиль в обстреле ее военных,,,ru,RU
9fe48651a8f5,interfax,https://www.interfax.ru/world/1074383,2026-02-24 00:00:00,ЕК ждет от стран ЕС выполнения обязательств по помощи Киеву в 90 млрд евро,,,ru,RU
d29d58f02f6c,interfax,https://www.interfax.ru/world/1074392,2026-02-24 00:00:00,Под британские санкции против России впервые попали грузинские компании,,,ru,RU
fa07ba45bc18,interfax,https://www.interfax.ru/russia/1074385,2026-02-24 00:00:00,Думе предложили сократить срок оспаривания сделок граждан в банкротстве до года,,,ru,RU
825f33e1c731,interfax,https://www.interfax.ru/world/1074408,2026-02-24 00:00:00,В мексиканском штате Халиско продолжаются беспорядки после гибели наркобарона,,,ru,RU
a57ab507c53a,interfax,https://www.interfax.ru/world/1074406,2026-02-24 00:00:00,"США заявили о перехвате танкера, перевозившего нефть из Венесуэлы в обход санкций против Ирана",,,ru,RU
a1e1fa207fb6,interfax,https://www.interfax.ru/russia/1074407,2026-02-24 00:00:00,"МИД заявил, что РФ даст жесткий отпор попыткам предоставить Киеву ядерное оружие",,,ru,RU
05e11698f438,interfax,https://www.interfax.ru/world/1074404,2026-02-24 00:00:00,Глава ФРБ Чикаго допустил охлаждение инфляции после решения ВС США по пошлинам,,,ru,RU
3572f31bf9f6,interfax,https://www.interfax.ru/russia/1074402,2026-02-24 00:00:00,Песков назвал граничащими с безумием планы Парижа и Лондона помочь Киеву с ядерным оружием,,,ru,RU
8cf44acef98d,interfax,https://www.interfax.ru/world/1074403,2026-02-24 00:00:00,ЕК планирует в апреле представить предложение о запрете на импорт нефти из РФ,,,ru,RU
c79a33f26d51,interfax,https://www.interfax.ru/russia/1074401,2026-02-24 00:00:00,Путин отметил важность обеспечения безопасности на выборах в Госдуму,,,ru,RU
3e2a064c34a1,interfax,https://www.interfax.ru/russia/1074400,2026-02-24 00:00:00,Кремль доведет до США информацию о попытках Киева заполучить ядерное оружие,,,ru,RU
d41ffca9a4b0,interfax,https://www.interfax.ru/russia/1074398,2026-02-24 00:00:00,Путин заявил о необходимости внедрять новые методы против киберпреступности,,,ru,RU
3f37634b60d1,interfax,https://www.interfax.ru/russia/1074399,2026-02-24 00:00:00,Президент призвал ФСБ продолжать защищать права российского бизнеса,,,ru,RU
a4ccdf2b7499,interfax,https://www.interfax.ru/world/1074397,2026-02-24 00:00:00,Соединенным Штатам может не хватить противоракет для долгой операции против Ирана,,,ru,RU
68a91fd5bf34,interfax,https://www.interfax.ru/russia/1074395,2026-02-24 00:00:00,Путин сообщил о находящихся в стадии реализации оборонных разработках РФ,,,ru,RU
2e1b3fe62275,interfax,https://www.interfax.ru/russia/1074396,2026-02-24 00:00:00,ФСБ поручено усилить защиту чиновников Минобороны и лидеров общественного мнения,,,ru,RU
531f0a93b05d,interfax,https://www.interfax.ru/russia/1074393,2026-02-24 00:00:00,Путин поручил принять дополнительные меры для охраны госграницы,,,ru,RU
e7f0f765c886,interfax,https://www.interfax.ru/russia/1074391,2026-02-24 00:00:00,Президент РФ сообщил о данных о попытке подрыва газопроводов в Черном море,,,ru,RU
17dc6c43eef5,interfax,https://www.interfax.ru/russia/1074390,2026-02-24 00:00:00,"Путин заявил, что взрыв на Савеловском вокзале могли совершить дистанционно",,,ru,RU
562f3da8463d,interfax,https://www.interfax.ru/russia/1074389,2026-02-24 00:00:00,Тигров не осталось в Ленинградском зоопарке,,,ru,RU
0e060ae1358d,interfax,https://www.interfax.ru/russia/1074388,2026-02-24 00:00:00,Более 30 тыс. жителей Саратова остались без холодной воды из-за коммунальной аварии,,,ru,RU
ada8f27cde24,interfax,https://www.interfax.ru/russia/1074387,2026-02-24 00:00:00,Правительство поддержало повышение госпошлины за установку наружной рекламы,,,ru,RU
76d558577487,interfax,https://www.interfax.ru/world/1074384,2026-02-24 00:00:00,ВС Таиланда пообещали не допустить эскалации на границе с Камбоджей,,,ru,RU
16d6484dfaeb,interfax,https://www.interfax.ru/russia/1074428,2026-02-24 00:00:00,"Самолет авиакомпании ""Ямал"" по технической причине сел в тюменском ""Рощино""",,,ru,RU
a232352044f6,interfax,https://www.interfax.ru/russia/1074394,2026-02-24 00:00:00,В подрыве автомобиля ДПС у Савеловского вокзала заподозрили уроженца Удмуртии,,,ru,RU
3794cd144bfa,interfax,https://www.interfax.ru/russia/1074430,2026-02-24 00:00:00,В Брянской области в результате атаки дронов ранены двое,,,ru,RU
93baf55f7e16,interfax,https://www.interfax.ru/world/1074429,2026-02-24 00:00:00,"В ЕК ждут, что Европарламент одобрит торговое соглашение с США в марте",,,ru,RU
f85535872fe7,interfax,https://www.interfax.ru/russia/1074450,2026-02-24 00:00:00,Подмосковье внедрило ИИ для поддержки врачебных решений при выписке лекарств,,,ru,RU
fc11dac91af1,interfax,https://www.interfax.ru/world/1074449,2026-02-24 00:00:00,ФИФА запросила у Мексики детальные гарантии безопасности перед матчами ЧМ-2026,,,ru,RU
519da3edb36f,interfax,https://www.interfax.ru/world/1074447,2026-02-24 00:00:00,США добавили в санкционные списки по РФ четырех человек и три организации,,,ru,RU
f6ef5e77f6f4,interfax,https://www.interfax.ru/world/1074446,2026-02-24 00:00:00,США перебрасывают истребители F-22 из Великобритании в Израиль,,,ru,RU
fc0e4fce7fc9,interfax,https://www.interfax.ru/world/1074444,2026-02-24 00:00:00,Белград поддерживает партнерство Европы и США в энергетической сфере,,,ru,RU
e7868ca71bd0,interfax,https://www.interfax.ru/world/1074443,2026-02-24 00:00:00,"Bloomberg сообщил, что воздушная разведка НАТО в Турции переключилась с России на Иран",,,ru,RU
9b4a8391833a,interfax,https://www.interfax.ru/culture/1074442,2026-02-24 00:00:00,Макрон принял отставку директора Лувра,,,ru,RU
29992871630c,interfax,https://www.interfax.ru/world/1074441,2026-02-24 00:00:00,Экс-премьер Норвегии госпитализирован на фоне стресса после публикации файлов Эпштейна,,,ru,RU
c2896d3c8681,interfax,https://www.interfax.ru/world/1074445,2026-02-24 00:00:00,Израильские военные объяснили обстрел территории Ливана,,,ru,RU
ace112bc3407,interfax,https://www.interfax.ru/russia/1074439,2026-02-24 00:00:00,Мишустин 25 февраля представит в Госдуме годовой отчет правительства,,,ru,RU
7cfe1c9d8785,interfax,https://www.interfax.ru/business/1074440,2026-02-24 00:00:00,"Власти и кредиторы ""Самолета"" не увидели у него ""критических проблем""",,,ru,RU
db0ba4ab381e,interfax,https://www.interfax.ru/business/1074433,2026-02-24 00:00:00,"Рубль на ""Мосбирже"" немного подорожал к юаню",,,ru,RU
08c889f67fb9,interfax,https://www.interfax.ru/world/1074434,2026-02-24 00:00:00,Президент Мексики гарантирует безопасность на матчах ЧМ по футболу,,,ru,RU
893f6479feda,interfax,https://www.interfax.ru/business/1074435,2026-02-24 00:00:00,В РСТ посетовали на дороговизну детских туров по России,,,ru,RU
6ff0cedfaf2e,interfax,https://www.interfax.ru/world/1074431,2026-02-24 00:00:00,"Глава ЕК уверена, что ЕС сможет принять 20-й пакет санкций против России",,,ru,RU
56f621828d48,interfax,https://www.interfax.ru/world/1074437,2026-02-24 00:00:00,Группировка ВМС США на Ближнем Востоке увеличилась до 19 боевых кораблей,,,ru,RU
467d57f37df8,interfax,https://www.interfax.ru/russia/1074438,2026-02-24 00:00:00,Совет Думы получит право менять сроки представления отзывов к законопроектам,,,ru,RU
fde37ebc2443,interfax,https://www.interfax.ru/business/1074436,2026-02-24 00:00:00,"Великобритания исключила нефтепровод ""Дружба"" из-под санкций до октября 2027 года",,,ru,RU
0902de9dc066,interfax,https://www.interfax.ru/russia/1074603,2026-02-25 00:00:00,Путин предложил усовершенствовать правовую базу для ускорения развития биоэкономики,,,ru,RU
66fe00be62a7,interfax,https://www.interfax.ru/russia/1074596,2026-02-25 00:00:00,Последнего пациента с оспой обезьян выписали из подмосковной больницы,,,ru,RU
b998770667b9,interfax,https://www.interfax.ru/business/1074597,2026-02-25 00:00:00,"Нужные США ископаемые залегают в Венесуэле на территории, не подконтрольной правительству",,,ru,RU
59c48539723d,interfax,https://www.interfax.ru/business/1074598,2026-02-25 00:00:00,"""Транснефть"" инициировала изменение закона о морских портах в поисках баланса с предоставлением информации",,,ru,RU
03592e455347,interfax,https://www.interfax.ru/business/1074599,2026-02-25 00:00:00,"Кредиторская задолженность сельского хозяйства России за год выросла на 9,7%",,,ru,RU
1c09acb60c12,interfax,https://www.interfax.ru/world/1074600,2026-02-25 00:00:00,"В США заявили, что поднимут импортные пошлины для части стран до 15% или выше",,,ru,RU
f9267996f8c0,interfax,https://www.interfax.ru/russia/1074601,2026-02-25 00:00:00,КС разрешил заочный арест находящихся в федеральном розыске,,,ru,RU
c3e669df3256,interfax,https://www.interfax.ru/world/1074602,2026-02-25 00:00:00,Президент Ирана видит позитивные перспективы на переговорах с США,,,ru,RU
06845f490e6d,interfax,https://www.interfax.ru/russia/1074604,2026-02-25 00:00:00,Правительству поручено проработать меры защиты внутреннего рынка отраслей биотеха,,,ru,RU
31b9f57e6831,interfax,https://www.interfax.ru/business/1074614,2026-02-25 00:00:00,"Росстат отметил сокращение долгов по зарплате в январе на 8,5%",,,ru,RU
41a97a0ad3cf,interfax,https://www.interfax.ru/business/1074606,2026-02-25 00:00:00,Алиханов оценил объем рынка биотехнологий в 2025 году в 440-450 млрд рублей,,,ru,RU
034afa77f60e,interfax,https://www.interfax.ru/world/1074607,2026-02-25 00:00:00,"В Берлине заявили, что тему использования активов РФ в ЕС пока не обсуждают",,,ru,RU
f853595f9fde,interfax,https://www.interfax.ru/russia/1074609,2026-02-25 00:00:00,Визовый центр Франции в Москве временно изменил схему оплаты сервисного сбора,,,ru,RU
4f655591f772,interfax,https://www.interfax.ru/world/1074610,2026-02-25 00:00:00,США расширили санкции против Ирана,,,ru,RU
809e92294f2d,interfax,https://www.interfax.ru/business/1074611,2026-02-25 00:00:00,В США запасы нефти за неделю выросли максимально с 2023 года,,,ru,RU
319fe0d1e0dd,interfax,https://www.interfax.ru/business/1074612,2026-02-25 00:00:00,"Лондон продлил лицензию на операции с зарубежными дочками ""ЛУКОЙЛа"" до 25 августа",,,ru,RU
7199bd64eeda,interfax,https://www.interfax.ru/business/1074613,2026-02-25 00:00:00,Рынок акций РФ в среду подрос к 2800 пунктам по индексу МосБиржи,,,ru,RU
674ed6ae7959,interfax,https://www.interfax.ru/world/1074595,2026-02-25 00:00:00,"Азербайджан отправил в Армению 4,5 тысячи тонн дизтоплива",,,ru,RU
48b19d768746,interfax,https://www.interfax.ru/world/1074615,2026-02-25 00:00:00,"В ЕК предложили Венгрии и Словакии временно получать нефть через нефтепровод ""Адрия""",,,ru,RU
eb07e1897976,interfax,https://www.interfax.ru/moscow/1074605,2026-02-25 00:00:00,Сбой в движении поездов произошел на МЦД-3 из-за инцидента с человеком на путях,,,ru,RU
1cc81b9f4830,interfax,https://www.interfax.ru/russia/1074594,2026-02-25 00:00:00,"Хуснуллин заявил, что нет единой для всех регионов формулы для тарифов в ЖКХ",,,ru,RU
114663f7f010,interfax,https://www.interfax.ru/russia/1074584,2026-02-25 00:00:00,В Смоленской области ликвидировали пожар на предприятии после атаки БПЛА,,,ru,RU
1a2a16070d65,interfax,https://www.interfax.ru/world/1074592,2026-02-25 00:00:00,Иранская делегация вылетела в Женеву на третий раунд переговоров с США,,,ru,RU
b3950bb54abc,interfax,https://www.interfax.ru/business/1074569,2026-02-25 00:00:00,Силуанов не исключил некоторого смещения показателей бюджета 2026 г. из-за внешней конъюнктуры,,,ru,RU
14468b337995,interfax,https://www.interfax.ru/business/1074570,2026-02-25 00:00:00,"Доля реструктурированных кредитов юрлицам в портфеле ВТБ выросла до 14,2%",,,ru,RU
a0ad387fc9a2,interfax,https://www.interfax.ru/business/1074571,2026-02-25 00:00:00,Новак заявил о стабильной ситуации на внутреннем топливном рынке РФ,,,ru,RU
621f76841d70,interfax,https://www.interfax.ru/business/1074573,2026-02-25 00:00:00,Голикова сообщила о росте реальных доходов и зарплат россиян в 2025 году,,,ru,RU
bf810c84d513,interfax,https://www.interfax.ru/russia/1074572,2026-02-25 00:00:00,Бюджетное правило могут снова ужесточить на фоне недобора нефтегазовых доходов,,,ru,RU
3e05c6e36ec7,interfax,https://www.interfax.ru/business/1074577,2026-02-25 00:00:00,Силуанов рассчитывает на принятие решения о продаже ЮГК в ближайшие недели,,,ru,RU
9112d3ed69c6,interfax,https://www.interfax.ru/business/1074575,2026-02-25 00:00:00,De Beers повыcила цены на крупные алмазы на фоне их дефицита,,,ru,RU
35fdad42f93a,interfax,https://www.interfax.ru/business/1074578,2026-02-25 00:00:00,Ведомства РФ проработают налоговые преференции для биотехнологических компаний,,,ru,RU
3a27b1137db9,interfax,https://www.interfax.ru/business/1074579,2026-02-25 00:00:00,Власти РФ намерены продлить действующие до марта меры поддержки угольной отрасли,,,ru,RU
cfb87fd00698,interfax,https://www.interfax.ru/business/1074593,2026-02-25 00:00:00,"Минфин РФ 25 февраля разместил ОФЗ на сумму 176,195 млрд руб. по номиналу",,,ru,RU
b992654f522c,interfax,https://www.interfax.ru/world/1074581,2026-02-25 00:00:00,ЕС пока не достиг согласия по 20-му пакету санкций против России,,,ru,RU
e416e382d896,interfax,https://www.interfax.ru/russia/1074580,2026-02-25 00:00:00,Новак сообщил о поисках Россией путей поддержки Кубы в связи с топливным кризисом,,,ru,RU
c227e2c153b1,interfax,https://www.interfax.ru/russia/1074582,2026-02-25 00:00:00,Генпрокуратура потребовала изъять краснодарские активы экс-депутата Исаева на 10 млрд руб.,,,ru,RU
ba29b9e21c5f,interfax,https://www.interfax.ru/russia/1074616,2026-02-25 00:00:00,Гладков сообщил о смерти пострадавшего при атаке БПЛА в Краснояружском округе,,,ru,RU
c4fbcf1730cb,interfax,https://www.interfax.ru/russia/1074585,2026-02-25 00:00:00,Минэкономразвития в апреле уточнит прогнозные макропоказатели с учетом санкций,,,ru,RU
84ba08ccd95c,interfax,https://www.interfax.ru/russia/1074586,2026-02-25 00:00:00,Решетников назвал жесткую ДКП причиной ослабления влияния повышения НДС на инфляцию,,,ru,RU
742ea0f2ff39,interfax,https://www.interfax.ru/business/1074588,2026-02-25 00:00:00,"Индия в 2025 году увеличила импорт удобрений из России в 1,4 раза, до 6,5 млн т",,,ru,RU
03b5512a4b7c,interfax,https://www.interfax.ru/business/1074587,2026-02-25 00:00:00,Минэнерго планирует в весеннюю сессию внести в Думу проект об инвестициях в электроэнергетику,,,ru,RU
4d624ba44e0e,interfax,https://www.interfax.ru/russia/1074589,2026-02-25 00:00:00,Кузбасс и РЖД договорились о вывозе в восточном направлении 60 млн т угля в 2026 году,,,ru,RU
2998292c883d,interfax,https://www.interfax.ru/business/1074591,2026-02-25 00:00:00,Минтранс назвал контролируемой ситуацию с судоходством в Финском заливе,,,ru,RU
9d295c9b60a7,interfax,https://www.interfax.ru/russia/1074583,2026-02-25 00:00:00,"Новак заявил, что России выгодно наращивать нефтедобычу и экспорт при таких ценах",,,ru,RU
d521e6c4f79f,interfax,https://www.interfax.ru/russia/1074617,2026-02-25 00:00:00,"Песков надеется, что публикация планов Запада передать ядерное оружие Киеву помешает их реализации",,,ru,RU
2d3e0875bc05,interfax,https://www.interfax.ru/business/1074590,2026-02-25 00:00:00,ВТБ хочет видеть отражение подлинных расходов на скидки на балансах ecom-банков,,,ru,RU
7cb57e8a8a8f,interfax,https://www.interfax.ru/world/1074620,2026-02-25 00:00:00,"Вэнс считает, что украинский кризис не удастся решить без дипломатии",,,ru,RU
17d77f4d2951,interfax,https://www.interfax.ru/world/1074640,2026-02-25 00:00:00,"Кубинские пограничники открыли ответный огонь по гражданскому катеру из США, есть жертвы",,,ru,RU
1e3628ce0d08,interfax,https://www.interfax.ru/world/1074639,2026-02-25 00:00:00,"ЕС придерживается позиции, что Израиль должен освободить палестинские территории",,,ru,RU
82f0f95036ed,interfax,https://www.interfax.ru/world/1074638,2026-02-25 00:00:00,Американские корабли покинули базу в Бахрейне,,,ru,RU
1ebf5b64e5df,interfax,https://www.interfax.ru/russia/1074637,2026-02-25 00:00:00,Российские военные нейтрализовали вечером в среду 60 беспилотников ВСУ,,,ru,RU
b51b8e103439,interfax,https://www.interfax.ru/world/1074636,2026-02-25 00:00:00,Ирландия усилит сотрудничество со странами НАТО для укрепления морской безопасности,,,ru,RU
93fa057664f3,interfax,https://www.interfax.ru/business/1074619,2026-02-25 00:00:00,Рубль в среду упал в паре с юанем на МосБирже,,,ru,RU
fdc11bdeea63,interfax,https://www.interfax.ru/world/1074634,2026-02-25 00:00:00,Уиткофф заявил о намерении США получить бессрочное соглашение с Ираном по атому,,,ru,RU
d9ba2c7322a7,interfax,https://www.interfax.ru/russia/1074633,2026-02-25 00:00:00,Крыша дома частично обрушилась в Казани,,,ru,RU
f4616ac8d79b,interfax,https://www.interfax.ru/world/1074632,2026-02-25 00:00:00,Axios сообщил о телефонном разговоре Трампа и Зеленского,,,ru,RU
36c45b33d74f,interfax,https://www.interfax.ru/russia/1074635,2026-02-25 00:00:00,В Госдуму внесен проект обращения к Европарламенту в связи с планами передать ядерное оружие Украине,,,ru,RU
84be4f9787bc,interfax,https://www.interfax.ru/world/1074630,2026-02-25 00:00:00,"FT узнала, что Иран в случае удара США намерен начать полноценную контратаку",,,ru,RU
a7f0c62b7277,interfax,https://www.interfax.ru/business/1074629,2026-02-25 00:00:00,"Глобальный долг достиг рекордных $348,3 трлн в 2025 году",,,ru,RU
26128783fe9c,interfax,https://www.interfax.ru/world/1074627,2026-02-25 00:00:00,"США позволят перепродавать венесуэльскую нефть на Кубу, но по спецлицензиям",,,ru,RU
4faf5b1f6b22,interfax,https://www.interfax.ru/world/1074626,2026-02-25 00:00:00,"Канада предоставит Кубе продовольствие на $5,8 млн в качестве срочной гумпомощи",,,ru,RU
b85f31f0a49d,interfax,https://www.interfax.ru/russia/1074625,2026-02-25 00:00:00,"Песков счел, что Путину, Трампу и Зеленскому стоит встречаться только для финализации договоренностей",,,ru,RU
35f97bd7fc06,interfax,https://www.interfax.ru/russia/1074624,2026-02-25 00:00:00,"Кремль считает, что Киев не стремится к урегулированию",,,ru,RU
e048d65ed3d2,interfax,https://www.interfax.ru/russia/1074622,2026-02-25 00:00:00,Минтруд предложил обновить список профессий для альтернативной гражданской службы,,,ru,RU
f6afc86313c2,interfax,https://www.interfax.ru/russia/1074621,2026-02-25 00:00:00,"Житель Курской области погиб, еще один ранен при атаке дрона",,,ru,RU
37dd4bdc51b1,interfax,https://www.interfax.ru/world/1074631,2026-02-25 00:00:00,"США хотят потратить еще $12,6 млрд для усиления слежки за военной активностью КНР",,,ru,RU
a1774985d34d,interfax,https://www.interfax.ru/world/1074844,2026-02-26 00:00:00,"Порядка 1,8 тыс. компаний требуют от США компенсаций из-за повышения пошлин на импорт",,,ru,RU
ea1649df9d71,interfax,https://www.interfax.ru/russia/1074846,2026-02-26 00:00:00,Лавров 3 марта проведет переговоры с брунейским коллегой,,,ru,RU
c9401628f6d7,interfax,https://www.interfax.ru/business/1074843,2026-02-26 00:00:00,Рубль скорректировался после сильного падения на новостях об ужесточении бюджетного правила,,,ru,RU
308b6413fdfa,interfax,https://www.interfax.ru/business/1074838,2026-02-26 00:00:00,Рынок акций РФ в четверг просел до 2785п по индексу МосБиржи,,,ru,RU
c4151434103d,interfax,https://www.interfax.ru/world/1074840,2026-02-26 00:00:00,Новые терминалы сухумского аэропорта введены в строй,,,ru,RU
c1db2e848eb5,interfax,https://www.interfax.ru/world/1074839,2026-02-26 00:00:00,Президент Мексики обещает обеспечить безопасность ЧМ по футболу,,,ru,RU
47a12e06b74a,interfax,https://www.interfax.ru/world/1074841,2026-02-26 00:00:00,Иран не намерен отказываться навсегда от обогащения урана,,,ru,RU
5a1bfc3f13bd,interfax,https://www.interfax.ru/world/1074850,2026-02-26 00:00:00,Переговоры Ирана и США возобновились в Женеве,,,ru,RU
ae9172d2e19e,interfax,https://www.interfax.ru/world/1074862,2026-02-26 00:00:00,"Авианосец ВМС США ""Джеральд Форд"" вышел с базы в Греции в направлении Ближнего Востока",,,ru,RU
9fd92ec83e3f,interfax,https://www.interfax.ru/world/1074851,2026-02-26 00:00:00,Корабль Cargo Dragon покинул МКС для возвращения на Землю,,,ru,RU
477153c643e8,interfax,https://www.interfax.ru/russia/1074855,2026-02-26 00:00:00,Российские ледоколы помогают финским судам в Финском заливе,,,ru,RU
bb0598d6d2d0,interfax,https://www.interfax.ru/world/1074856,2026-02-26 00:00:00,Афганские военные сообщили об ударах по Пакистану в ответ на недавние авиаудары,,,ru,RU
48a7843d2cd4,interfax,https://www.interfax.ru/world/1074858,2026-02-26 00:00:00,Уиткофф и Аракчи пообщались напрямую на переговорах в Женеве,,,ru,RU
b7d3a0a9f122,interfax,https://www.interfax.ru/business/1074849,2026-02-26 00:00:00,"Изъятый в доход РФ зернотрейдер ""Родные поля"" включен в план приватизации на 2026-2028 гг.",,,ru,RU
85f0a52e9108,interfax,https://www.interfax.ru/world/1074860,2026-02-26 00:00:00,Хиллари Клинтон в Конгрессе США опровергла информацию о знакомстве с Эпштейном,,,ru,RU
c2080ab0d5b2,interfax,https://www.interfax.ru/world/1074861,2026-02-26 00:00:00,"Началось тестирование прокачки нефти из Хорватии в Венгрию по трубопроводу ""Адрия""",,,ru,RU
b8a8d0179cbd,interfax,https://www.interfax.ru/world/1074837,2026-02-26 00:00:00,Глава ЕК объявила об оборонных планах для восточных стран ЕС,,,ru,RU
e2e1677eef07,interfax,https://www.interfax.ru/business/1074852,2026-02-26 00:00:00,Ozon в 2026 г. даст доступ клиентам к акциям и облигациям на Мосбирже,,,ru,RU
0f2e1acbe517,interfax,https://www.interfax.ru/russia/1074836,2026-02-26 00:00:00,РКН не стал комментировать сообщения о сроках блокировки Telegram в РФ,,,ru,RU
9109ee9504f0,interfax,https://www.interfax.ru/russia/1074825,2026-02-26 00:00:00,МИД опроверг сообщения о переговорах РФ-США в Женеве по ядерным вооружениям,,,ru,RU
88cf17475d99,interfax,https://www.interfax.ru/business/1074834,2026-02-26 00:00:00,Правительству поручено усилить контроль над ценами важнейших лекарств,,,ru,RU
ab16ec43d654,interfax,https://www.interfax.ru/russia/1074811,2026-02-26 00:00:00,Петербурженка попала в больницу после падения на нее наледи,,,ru,RU
2c2f0fe79376,interfax,https://www.interfax.ru/business/1074813,2026-02-26 00:00:00,Сбер отметил ухудшение кредитного качества у компаний,,,ru,RU
c57b602396f9,interfax,https://www.interfax.ru/russia/1074814,2026-02-26 00:00:00,Совместная медиакомпания Союзного государства может начать работу в ближайшие месяцы,,,ru,RU
8cc99e9148b3,interfax,https://www.interfax.ru/business/1074815,2026-02-26 00:00:00,Объем инвестиций нерезидентов в ОФЗ в январе увеличился на 25 млрд руб.,,,ru,RU
e11360b71a7b,interfax,https://www.interfax.ru/russia/1074816,2026-02-26 00:00:00,МИД заявил о стремлении РФ к решению всех вопросов вокруг крушения самолета AZAL,,,ru,RU
bf4cfdcd6051,interfax,https://www.interfax.ru/world/1074818,2026-02-26 00:00:00,ЕС на год продлил санкции в отношении Белоруссии,,,ru,RU
68210074e7cb,interfax,https://www.interfax.ru/business/1074819,2026-02-26 00:00:00,РФ в 2025 году сохранила второе место по поставкам гороха в Индию,,,ru,RU
031052589024,interfax,https://www.interfax.ru/business/1074822,2026-02-26 00:00:00,ЦБ РФ хочет изменить правила расчета переменной части вознаграждения НПФ,,,ru,RU
43acf56e11b5,interfax,https://www.interfax.ru/russia/1074823,2026-02-26 00:00:00,Москва назвала санкции против РФ механизмом стратегического давления со стороны Запада,,,ru,RU
6704ffe8f6fc,interfax,https://www.interfax.ru/business/1074824,2026-02-26 00:00:00,Греф заявил о прекращении роста безналичных платежей из-за налоговых новаций,,,ru,RU
1a10e3f2439c,interfax,https://www.interfax.ru/moscow/1074828,2026-02-26 00:00:00,В четырех столичных аэропортах отменили временные ограничения,,,ru,RU
cdab64891cf5,interfax,https://www.interfax.ru/world/1074829,2026-02-26 00:00:00,Иран готовит ядерные объекты к возможному нападению на страну,,,ru,RU
894c752d84cb,interfax,https://www.interfax.ru/world/1074827,2026-02-26 00:00:00,"Установлены личности кубинцев из США, вторгшихся на американском катере в воды Кубы",,,ru,RU
6c76689d4bd4,interfax,https://www.interfax.ru/business/1074830,2026-02-26 00:00:00,ЦБ РФ призвал организаторов воспитывать в эмитентах ответственность за капитализацию после IPO,,,ru,RU
4b5c9a4990bd,interfax,https://www.interfax.ru/business/1074832,2026-02-26 00:00:00,"США продлили до 1 апреля срок для продажи зарубежных активов ""ЛУКОЙЛа""",,,ru,RU
180095751972,interfax,https://www.interfax.ru/russia/1074831,2026-02-26 00:00:00,Президент РФ поручил усилить контроль за сроками передачи жилья дольщикам,,,ru,RU
f1e7506b4e98,interfax,https://www.interfax.ru/russia/1074833,2026-02-26 00:00:00,Путин поручил провести мониторинг исполнения актов о выплатах семьям погибших на СВО,,,ru,RU
e5c81699da7f,interfax,https://www.interfax.ru/russia/1074835,2026-02-26 00:00:00,"Кабмин подготовит предложения об изменении условий семейной ипотеки на ""вторичку""",,,ru,RU
4c526f768622,interfax,https://www.interfax.ru/russia/1074863,2026-02-26 00:00:00,Более ста БПЛА нейтрализованы в Брянской области,,,ru,RU
f096a6bd10dd,interfax,https://www.interfax.ru/world/1074866,2026-02-26 00:00:00,"Катер, вторгшийся в воды Кубы, угнали проживающие в США кубинцы",,,ru,RU
8ba90b788afe,interfax,https://www.interfax.ru/world/1074865,2026-02-26 00:00:00,Во Франции заблокируют 35 сайтов российских СМИ,,,ru,RU
7830e0b7d5bb,interfax,https://www.interfax.ru/world/1074864,2026-02-26 00:00:00,Уиткофф и Кушнер остались недовольны утренними консультациями с Ираном в Женеве,,,ru,RU
7bf85eeb6edb,interfax,https://www.interfax.ru/russia/1074881,2026-02-26 00:00:00,Минобороны РФ заявило о нейтрализации вечером в четверг 53 беспилотников ВСУ,,,ru,RU
1370c336bb13,interfax,https://www.interfax.ru/world/1074880,2026-02-26 00:00:00,Авианосец USS Gerald R. Ford направляется к берегам Израиля,,,ru,RU
8162d4361a9c,interfax,https://www.interfax.ru/russia/1074878,2026-02-26 00:00:00,Посольство ОАЭ в РФ провело в Москве вечер Рамадана,,,ru,RU
5d70e29b3b05,interfax,https://www.interfax.ru/world/1074877,2026-02-26 00:00:00,Глава МИД Ирана заявил об успехах на переговорах с США,,,ru,RU
e3e84b42998c,interfax,https://www.interfax.ru/world/1074876,2026-02-26 00:00:00,"Журналист Axios сообщил, что США сочли позитивными переговоры с Ираном",,,ru,RU
96d6620d7af0,interfax,https://www.interfax.ru/moscow/1074879,2026-02-26 00:00:00,"Еще четыре БПЛА сбито на подлете к Москве, их число достигло 27",,,ru,RU
54ea17ac8a7a,interfax,https://www.interfax.ru/world/1074874,2026-02-26 00:00:00,"СМИ пишут, что Тегеран намерен продолжить обогащение урана",,,ru,RU
7161dc782869,interfax,https://www.interfax.ru/moscow/1074873,2026-02-26 00:00:00,Количество сбитых на подлете к Москве БПЛА достигло 19,,,ru,RU
2bc36f0a781a,interfax,https://www.interfax.ru/russia/1074872,2026-02-26 00:00:00,Полицейский ранен после атаки БПЛА на Брянскую область,,,ru,RU
4ee0b1c91c77,interfax,https://www.interfax.ru/world/1074871,2026-02-26 00:00:00,ЕС расширил критерии применения санкций за терроризм,,,ru,RU
158bb5191d0f,interfax,https://www.interfax.ru/world/1074869,2026-02-26 00:00:00,Пакистанские власти заявили о столкновениях на границе с Афганистаном,,,ru,RU
299fb6d1c869,interfax,https://www.interfax.ru/world/1074867,2026-02-26 00:00:00,Глава МИД Омана заявил о завершении переговоров США и Ирана и достигнутых успехах,,,ru,RU
e4c1d743090d,interfax,https://www.interfax.ru/moscow/1074875,2026-02-26 00:00:00,"Ликвидировано еще четыре беспилотника, летевших на Москву",,,ru,RU
3a0ee5711b10,interfax,https://www.interfax.ru/russia/1075060,2026-02-27 00:00:00,"Росстат отметил сокращение производства грузовых вагонов в январе в 1,8 раза",,,ru,RU
65fc91a12d24,interfax,https://www.interfax.ru/russia/1075028,2026-02-27 00:00:00,В Курской области в результате атаки дрона на жилой дом пострадал мужчина,,,ru,RU
b815e204d0f6,interfax,https://www.interfax.ru/culture/1075026,2026-02-27 00:00:00,"В Териберке одноименный отель выставили на ""Авито"" за 230 млн рублей",,,ru,RU
34f84760936e,interfax,https://www.interfax.ru/russia/1075025,2026-02-27 00:00:00,В Белгородской области за сутки нейтрализовали 47 БПЛА,,,ru,RU
46b76268fb77,interfax,https://www.interfax.ru/world/1075054,2026-02-27 00:00:00,За последний год американцы стали больше сочувствовать палестинцам,,,ru,RU
7553d6c627e6,interfax,https://www.interfax.ru/business/1075055,2026-02-27 00:00:00,Проект реконструкции Беломорканала вступил в завершающую стадию,,,ru,RU
c7977bb0d24c,interfax,https://www.interfax.ru/russia/1075057,2026-02-27 00:00:00,Правительство поддержало поправки о продаже конфискованных у коррупционеров земель на торгах,,,ru,RU
aebb66ee3067,interfax,https://www.interfax.ru/business/1075062,2026-02-27 00:00:00,"В России с 17 по 24 февраля яйца подорожали на 3,9%, с начала года - на 10,5%",,,ru,RU
af9065a7eaed,interfax,https://www.interfax.ru/business/1075070,2026-02-27 00:00:00,"В январе производство российского пива снизилось на 1,6%",,,ru,RU
41d5991b32ca,interfax,https://www.interfax.ru/business/1075065,2026-02-27 00:00:00,"Росстат сообщил о сокращении производства легковых машин в январе на 13,2%",,,ru,RU
67f1b8f26997,interfax,https://www.interfax.ru/business/1075066,2026-02-27 00:00:00,"РФ в январе сократила выпуск стального проката на 6,8% м/м и на 9,1% г/г",,,ru,RU
4221f49ab584,interfax,https://www.interfax.ru/business/1075068,2026-02-27 00:00:00,"Промпроизводство в РФ в январе снизилось на 0,8%, впервые с февраля 2025 года",,,ru,RU
4647c4da32f7,interfax,https://www.interfax.ru/business/1075069,2026-02-27 00:00:00,"Производство СПГ в РФ в январе выросло на 8,3% - до 3,3 млн тонн",,,ru,RU
698b60a9d939,interfax,https://www.interfax.ru/business/1075067,2026-02-27 00:00:00,"Добыча угля в России в январе снизилась на 8,9%, до 34,2 млн тонн",,,ru,RU
b6b804e310c2,interfax,https://www.interfax.ru/moscow/1075027,2026-02-27 00:00:00,Расписание движения поездов на МЦД-4 изменится с 1 по 11 марта в ночное время,,,ru,RU
14eea3a2720a,interfax,https://www.interfax.ru/business/1075071,2026-02-27 00:00:00,Рубль в последний торговый день зимы слегка поднялся в паре с юанем,,,ru,RU
39a0299acfb4,interfax,https://www.interfax.ru/business/1075072,2026-02-27 00:00:00,Швейцария закрыла банк MBaer из-за его содействия клиентам в обходе санкций,,,ru,RU
d676c3d5cf14,interfax,https://www.interfax.ru/russia/1075063,2026-02-27 00:00:00,"Огурцы в РФ с 17 по 24 февраля подешевели на 3,8%, впервые с конца сентября 2025 г.",,,ru,RU
fe21e75bd1a3,interfax,https://www.interfax.ru/russia/1075029,2026-02-27 00:00:00,Экс-ректор БФУ имени Канта получил реальный срок по делу о присвоении 35 млн рублей,,,ru,RU
ed6b16e0d87d,interfax,https://www.interfax.ru/russia/1075038,2026-02-27 00:00:00,Мурманский губернатор сообщил о готовности порта Мурманск принять грузы с Балтики,,,ru,RU
d164de04fb47,interfax,https://www.interfax.ru/russia/1075032,2026-02-27 00:00:00,Белгородские власти заявили о стабильной ситуации с топливом в регионе,,,ru,RU
7da5a8aaa1d7,interfax,https://www.interfax.ru/world/1075051,2026-02-27 00:00:00,Trump Media может выделить соцсеть Truth Social в самостоятельную компанию,,,ru,RU
e8c4876c1310,interfax,https://www.interfax.ru/world/1075053,2026-02-27 00:00:00,Нефть активно дорожает на фоне напряженности на Ближнем Востоке,,,ru,RU
be20584a3be0,interfax,https://www.interfax.ru/russia/1075052,2026-02-27 00:00:00,Власти Сочи призвали отели размещать туристов дешевле в периоды закрытия аэропорта,,,ru,RU
55a0ffa045c1,interfax,https://www.interfax.ru/russia/1075050,2026-02-27 00:00:00,МИД заявил протест послу Финляндии в связи с сожжением флага РФ в Хельсинки,,,ru,RU
b7618ad78f14,interfax,https://www.interfax.ru/business/1075049,2026-02-27 00:00:00,Владелец ММК сообщил о сохранении минимальной рентабельности за счет снижения себестоимости,,,ru,RU
b39b3e58f997,interfax,https://www.interfax.ru/russia/1075048,2026-02-27 00:00:00,"В Курской области дрон атаковал вышку сотовой связи, ранена женщина",,,ru,RU
9d64a7bf9eb2,interfax,https://www.interfax.ru/world/1075045,2026-02-27 00:00:00,"Иран отказал МАГАТЭ в доступе к ядерным объектам, атакованным Израилем и США в 2025 году",,,ru,RU
cc09073487e8,interfax,https://www.interfax.ru/world/1075047,2026-02-27 00:00:00,Население Израиля еще не получало конкретных инструкций на случай обострения с Ираном,,,ru,RU
606e7508b41c,interfax,https://www.interfax.ru/world/1075030,2026-02-27 00:00:00,Anthropic отказалась снять ограничения на использование ее ИИ-инструментов Пентагоном,,,ru,RU
9c7d938b5ab0,interfax,https://www.interfax.ru/digital/1075046,2026-02-27 00:00:00,РКН сообщил о сложной DDoS-атаке на ресурсы Роскомнадзора и Минобороны,,,ru,RU
8caa72e145de,interfax,https://www.interfax.ru/world/1075042,2026-02-27 00:00:00,"В ЕК одобрили предложение Орбана направить инспекцию на нефтепровод ""Дружба""",,,ru,RU
e8dfbf16325f,interfax,https://www.interfax.ru/business/1075041,2026-02-27 00:00:00,"""Крымская Роза"" в 2027 году планирует возобновить переработку розы",,,ru,RU
cd6f0e2a244b,interfax,https://www.interfax.ru/russia/1075039,2026-02-27 00:00:00,Бывший депутат Госдумы Шилкин получил три года по делу о растрате,,,ru,RU
7d542f8023bc,interfax,https://www.interfax.ru/business/1075074,2026-02-27 00:00:00,"Сбор зерна в РФ в 2025 году составил 141,15 млн т, в том числе 91,1 млн т пшеницы",,,ru,RU
d58eaad0251a,interfax,https://www.interfax.ru/russia/1075037,2026-02-27 00:00:00,Торговые сети Белгородской области оснастили генераторами,,,ru,RU
6fbe2848cb80,interfax,https://www.interfax.ru/world/1075035,2026-02-27 00:00:00,Части персонала посольства США в Израиле рекомендовано покинуть страну,,,ru,RU
486ea5a0f747,interfax,https://www.interfax.ru/world/1075034,2026-02-27 00:00:00,Китай рекомендовал своим гражданам покинуть Иран и не посещать его,,,ru,RU
4bf25577c4f3,interfax,https://www.interfax.ru/russia/1075033,2026-02-27 00:00:00,Иноагентом признана журналистка и телережиссер Вера Кричевская,,,ru,RU
2a7d99fbf047,interfax,https://www.interfax.ru/russia/1075044,2026-02-27 00:00:00,"Зампредправления ""Газпром нефти"" Джалябов арестован по делу о получении взяток",,,ru,RU
1e9a38451d05,interfax,https://www.interfax.ru/world/1075075,2026-02-27 00:00:00,Рубио прибудет в Израиль 2 марта,,,ru,RU
5f81bdd08fbc,interfax,https://www.interfax.ru/russia/1075036,2026-02-27 00:00:00,Минвостокразвития в конце апреля представит комплексный проект развития Арктики и ТТК,,,ru,RU
1ff664b5b725,interfax,https://www.interfax.ru/russia/1075077,2026-02-27 00:00:00,Основатель медиахолдинга Readovkа арестован по делу о мошенничестве,,,ru,RU
7cce18970342,interfax,https://www.interfax.ru/business/1075076,2026-02-27 00:00:00,"Добыча газа в РФ в морозном январе подскочила на 6,5% до 4-летнего максимума",,,ru,RU
a55ed812fc6b,interfax,https://www.interfax.ru/russia/1075095,2026-02-27 00:00:00,Два человека пострадали в результате инцидента на юго-западе Москвы,,,ru,RU
c0572f1b0c9f,interfax,https://www.interfax.ru/russia/1075094,2026-02-27 00:00:00,Мирный житель пострадал в Белгородском округе при атаке беспилотника ВСУ,,,ru,RU
e0788ccb1c0a,interfax,https://www.interfax.ru/world/1075092,2026-02-27 00:00:00,"Билл Клинтон заявил, что не общался с Эпштейном после раскрытия его преступлений",,,ru,RU
b0487ad381ff,interfax,https://www.interfax.ru/world/1075091,2026-02-27 00:00:00,NASA перенесло высадку астронавтов на поверхность Луны с 2027 на 2028 год,,,ru,RU
64dcbdd4e06c,interfax,https://www.interfax.ru/russia/1075089,2026-02-27 00:00:00,"При атаке в среду БПЛА на смоленский ""Дорогобуж"" пострадали 11 человек",,,ru,RU
56c991e36690,interfax,https://www.interfax.ru/world/1075088,2026-02-27 00:00:00,В ЕК не считают закрытым вопрос об использовании замороженных активов РФ для Украины,,,ru,RU
fd580d3b340e,interfax,https://www.interfax.ru/world/1075093,2026-02-27 00:00:00,"Трамп заявил, что может рассмотреть захват Кубы, так как недоволен переговорами с ней",,,ru,RU
6b61b9f188c5,interfax,https://www.interfax.ru/world/1075085,2026-02-27 00:00:00,Трамп недоволен результатами переговоров с Ираном,,,ru,RU
7461863746c8,interfax,https://www.interfax.ru/business/1075084,2026-02-27 00:00:00,Выпуск алюминия в РФ в январе был на 7% выше г/г,,,ru,RU
141640b04239,interfax,https://www.interfax.ru/business/1075083,2026-02-27 00:00:00,"РФ в 2025 году увеличила сбор картофеля на 9,3% до 19,5 млн т",,,ru,RU
a4eb5260202d,interfax,https://www.interfax.ru/business/1075082,2026-02-27 00:00:00,В ЕС приветствовали инициативу Молдавии по экономическому сближению с Приднестровьем,,,ru,RU
c7d150baf2d1,interfax,https://www.interfax.ru/world/1075079,2026-02-27 00:00:00,"Премьер Словакии заявил, что Зеленский не разрешил инспекцию нефтепровода ""Дружба""",,,ru,RU
61ea7cd9c374,interfax,https://www.interfax.ru/business/1075078,2026-02-27 00:00:00,"Пошлины на экспорт из РФ пшеницы, ячменя и кукурузы с 4 марта останутся нулевыми",,,ru,RU
cc52c3762395,interfax,https://www.interfax.ru/world/1075086,2026-02-27 00:00:00,"Выпуск нержавеющей стали в мире в 2025 году вырос на 2% до 64,2 млн т",,,ru,RU
31a99287314f,interfax,https://www.interfax.ru/world/1075235,2026-02-28 00:00:00,Израильские военные сообщили об авиаударах по пусковым установкам ракет в Иране,,,ru,RU
d863299ac2ac,interfax,https://www.interfax.ru/world/1075227,2026-02-28 00:00:00,"Глава МИД Ирана заявил, что Хаменеи, Пезешкиан и другие высокопоставленные лица живы",,,ru,RU
dfd947b07bb0,interfax,https://www.interfax.ru/world/1075228,2026-02-28 00:00:00,Армия обороны Израиля заявила о завершении волны ударов по системе ПВО Ирана,,,ru,RU
fc4f6853e644,interfax,https://www.interfax.ru/world/1075229,2026-02-28 00:00:00,Авиарейсы из Киргизии в ОАЭ временно отменены,,,ru,RU
f557c3eabc19,interfax,https://www.interfax.ru/russia/1075230,2026-02-28 00:00:00,Отменены регулярные рейсы из Чечни в Дубай,,,ru,RU
f2822da8de83,interfax,https://www.interfax.ru/russia/1075231,2026-02-28 00:00:00,Мирный житель ранен в результате атаки дронов ВСУ на Брянскую область,,,ru,RU
b60f34be594b,interfax,https://www.interfax.ru/russia/1075232,2026-02-28 00:00:00,Временные ограничения ввели на трассе М-5 в Самарской области из-за непогоды,,,ru,RU
db0efc888fef,interfax,https://www.interfax.ru/world/1075234,2026-02-28 00:00:00,СМИ сообщили об атаке беспилотника на международный аэропорт в Кувейте,,,ru,RU
57fa8ea95eb6,interfax,https://www.interfax.ru/russia/1075236,2026-02-28 00:00:00,"Решетников отметил, что уровень взаимодействия России и Абхазии беспрецедентен",,,ru,RU
9b8ad1f0fa6e,interfax,https://www.interfax.ru/russia/1075248,2026-02-28 00:00:00,Система мониторинга мерзлоты запущена на 60%,,,ru,RU
451be560908f,interfax,https://www.interfax.ru/world/1075238,2026-02-28 00:00:00,"NBC News сообщил, что жертв среди американцев из-за ударов Ирана не зафиксировано",,,ru,RU
aaa6a9ce4cf4,interfax,https://www.interfax.ru/russia/1075241,2026-02-28 00:00:00,Лавров провел телефонный разговор с главой МИД Катара,,,ru,RU
57dbf6ca8c9c,interfax,https://www.interfax.ru/world/1075243,2026-02-28 00:00:00,Пожар произошел в отеле Fairmont в Дубае после падения ракеты,,,ru,RU
22b8e5d0b031,interfax,https://www.interfax.ru/russia/1075244,2026-02-28 00:00:00,Остановленная из-за аварии котельная запущена в центре Калуге,,,ru,RU
75238fa6d9a1,interfax,https://www.interfax.ru/world/1075246,2026-02-28 00:00:00,ОАЭ и Саудовская Аравия закрыли свое воздушное пространство,,,ru,RU
4429a9ae349e,interfax,https://www.interfax.ru/world/1075247,2026-02-28 00:00:00,В КСИР объявили о запуске новой волны ракет по базам США в Персидском заливе,,,ru,RU
4da29a9dc8de,interfax,https://www.interfax.ru/world/1075226,2026-02-28 00:00:00,Россия и Китай запросили срочное проведение заседания СБ ООН по Ирану,,,ru,RU
bec907c9853a,interfax,https://www.interfax.ru/world/1075245,2026-02-28 00:00:00,"Системы ПВО ОАЭ перехватили новую серию ракет и дронов, запущенных из Ирана",,,ru,RU
da5d3e669931,interfax,https://www.interfax.ru/russia/1075237,2026-02-28 00:00:00,Red Wings отменила до 10 марта рейсы в Израиль,,,ru,RU
19d8532e93da,interfax,https://www.interfax.ru/russia/1075224,2026-02-28 00:00:00,Два грузовых судна столкнулись в Финском заливе,,,ru,RU
fd62ff740a08,interfax,https://www.interfax.ru/russia/1075211,2026-02-28 00:00:00,Министр молодежной политики Калининградской области арестована по делу о мошенничестве,,,ru,RU
502a61c85367,interfax,https://www.interfax.ru/world/1075222,2026-02-28 00:00:00,"Военные Израиля заявили, что Иран начал новую волну ракетных ударов по стране",,,ru,RU
97258345443d,interfax,https://www.interfax.ru/russia/1075200,2026-02-28 00:00:00,Два человека пострадали при атаке БПЛА на поселок в Брянской области,,,ru,RU
7edf1ff90502,interfax,https://www.interfax.ru/world/1075203,2026-02-28 00:00:00,Израиль заявил об ударах по сотням иранских военных целей,,,ru,RU
b4fb04690119,interfax,https://www.interfax.ru/russia/1075202,2026-02-28 00:00:00,Лавров в телефонном разговоре с Аракчи осудил нападение США и Израиля на Иран,,,ru,RU
39021839e896,interfax,https://www.interfax.ru/world/1075204,2026-02-28 00:00:00,Макрон выступил за созыв экстренного заседания СБ ООН по Ирану,,,ru,RU
9f8f413f0651,interfax,https://www.interfax.ru/world/1075201,2026-02-28 00:00:00,"В Израиле полагают, что в результате ударов по Ирану мог быть убит командующий КСИР",,,ru,RU
4ec8de387a41,interfax,https://www.interfax.ru/world/1075205,2026-02-28 00:00:00,Иран направил десятки БПЛА для нанесения ударов по Израилю,,,ru,RU
d74a3adcb16c,interfax,https://www.interfax.ru/world/1075206,2026-02-28 00:00:00,"СМИ сообщили, что силы ПВО Катара продолжают перехватывать иранские ракеты",,,ru,RU
72361c8a5ac2,interfax,https://www.interfax.ru/russia/1075207,2026-02-28 00:00:00,Пожар в торговом центре в Челябинской области ликвидирован,,,ru,RU
a5a865abaffd,interfax,https://www.interfax.ru/world/1075223,2026-02-28 00:00:00,CNN сообщил о запланированной США серии возрастающих по силе ударов по Ирану,,,ru,RU
a36ee5eaec87,interfax,https://www.interfax.ru/world/1075208,2026-02-28 00:00:00,ЦАХАЛ зафиксировал новую волну ракет со стороны Ирана,,,ru,RU
1fc56bd7c279,interfax,https://www.interfax.ru/world/1075210,2026-02-28 00:00:00,Air Astana приостанавливает полеты на Ближний Восток до 3 марта включительно,,,ru,RU
2e012fc4ea05,interfax,https://www.interfax.ru/russia/1075213,2026-02-28 00:00:00,Путин в режиме ВКС обсудил с членами СБ РФ ситуацию вокруг Ирана,,,ru,RU
8612b49c5c6f,interfax,https://www.interfax.ru/russia/1075242,2026-02-28 00:00:00,Ространснадзор начал проверку авиакомпании AZUR air,,,ru,RU
ca848c6637aa,interfax,https://www.interfax.ru/world/1075215,2026-02-28 00:00:00,Нефтяные танкеры избегают Ормузский пролив после атаки США на Иран,,,ru,RU
6553803c5108,interfax,https://www.interfax.ru/russia/1075216,2026-02-28 00:00:00,"Туроператоры заверили, что решают проблемы туристов, застрявших на Ближнем Востоке",,,ru,RU
790bdeb6a4fc,interfax,https://www.interfax.ru/world/1075217,2026-02-28 00:00:00,Оман призвал США не ввязываться в войну с Ираном,,,ru,RU
70be7cfcf808,interfax,https://www.interfax.ru/world/1075220,2026-02-28 00:00:00,Аракчи заявил Лаврову о необходимости международных мер в отношении США и Израиля,,,ru,RU
97ca7011f5b1,interfax,https://www.interfax.ru/russia/1075219,2026-02-28 00:00:00,Обязательная маркировка мясной и колбасной продукции начнется в РФ с 1 марта,,,ru,RU
63df2736659d,interfax,https://www.interfax.ru/world/1075209,2026-02-28 00:00:00,Аракчи назвал удары по Ирану незаконными и обещал отпор со стороны иранских военных,,,ru,RU
52471c0f896f,interfax,https://www.interfax.ru/world/1075249,2026-02-28 00:00:00,Не менее 14 военных баз США подверглись атакам иранских ракет и беспилотников,,,ru,RU
2d0be891acc9,interfax,https://www.interfax.ru/world/1075214,2026-02-28 00:00:00,Спутниковый снимок зафиксировал разрушение резиденции Хаменеи,,,ru,RU
5da1cb2ea0f4,interfax,https://www.interfax.ru/world/1075253,2026-02-28 00:00:00,Израильские военные зафиксировали новый пуск ракет из Ирана по Израилю,,,ru,RU
b9f288c09957,interfax,https://www.interfax.ru/world/1075270,2026-02-28 00:00:00,Глава совета нацбезопасности Ирана пообещал отомстить США за удары,,,ru,RU
826e87c6957a,interfax,https://www.interfax.ru/russia/1075269,2026-02-28 00:00:00,Несколько жилых домов повреждены в Брянской области в результате атак ВСУ,,,ru,RU
0387ef8bbbf3,interfax,https://www.interfax.ru/world/1075267,2026-02-28 00:00:00,Каллас созовет внеочередной Совет ЕС по иностранным делам по ситуации вокруг Ирана,,,ru,RU
a2f62f3b8d49,interfax,https://www.interfax.ru/world/1075266,2026-02-28 00:00:00,ОПЕК+ на фоне атак на Иран рассмотрит вариант более значительного увеличения добычи нефти,,,ru,RU
9d17515f3f42,interfax,https://www.interfax.ru/russia/1075265,2026-02-28 00:00:00,"""Турпомощь"" открывает горячую линию в связи с ситуацией на Ближнем Востоке",,,ru,RU
4c944a7ee9cc,interfax,https://www.interfax.ru/russia/1075264,2026-02-28 00:00:00,"ВСУ атаковали автомобили с гумпомощью в ЛНР, есть погибший и раненые",,,ru,RU
24d8b171ffab,interfax,https://www.interfax.ru/world/1075263,2026-02-28 00:00:00,"В Росатоме сообщили, что площадка АЭС ""Бушер"" в Иране работает ""в обычном режиме""",,,ru,RU
049b13ab9623,interfax,https://www.interfax.ru/world/1075261,2026-02-28 00:00:00,В Иране сообщили о 201 погибшем в результате атак Израиля и США,,,ru,RU
f4e91daac579,interfax,https://www.interfax.ru/world/1075252,2026-02-28 00:00:00,"СМИ в Иране сообщили, что Тегеран перекрыл Ормузский пролив",,,ru,RU
bfa8cf3ef128,interfax,https://www.interfax.ru/russia/1075260,2026-02-28 00:00:00,Военные РФ во второй половине дня в субботу уничтожили 21 БПЛА над регионами,,,ru,RU
57867e328f11,interfax,https://www.interfax.ru/world/1075259,2026-02-28 00:00:00,Остановка перелетов через ОАЭ нарушила авиасообщение с островами Индийского океана,,,ru,RU
5da16380ca34,interfax,https://www.interfax.ru/world/1075257,2026-02-28 00:00:00,В МВД Бахрейна сообщили о попадании иранских ракет по жилым районам Манамы,,,ru,RU
4d09a9e3c2c7,interfax,https://www.interfax.ru/world/1075256,2026-02-28 00:00:00,"Трамп поговорил с Нетаньяху по телефону, ночью следил за операцией против Ирана",,,ru,RU
ea6317c55317,interfax,https://www.interfax.ru/world/1075255,2026-02-28 00:00:00,"В ЦАХАЛ сообщили, что в операции против Ирана задействовали свыше 200 самолетов",,,ru,RU
2002939afa1e,interfax,https://www.interfax.ru/russia/1075250,2026-02-28 00:00:00,"Запуск филиала российской дрейфующей станции ""Северный полюс"" намечен на апрель",,,ru,RU
87ea3f2bd398,interfax,https://www.interfax.ru/world/1075254,2026-02-28 00:00:00,"Военные Иордании перехватили 13 ракет и 36 беспилотников, запущенных из Ирана",,,ru,RU
9fbf6ce9453c,interfax,https://www.interfax.ru/world/1075258,2026-02-28 00:00:00,США и Израиль выбрали время операции исходя из данных о встрече иранских чиновников,,,ru,RU
5d73690b4646,interfax,https://www.interfax.ru/world/1075403,2026-03-01 00:00:00,Израильские ВВС наносят очередные удары по Тегерану,,,ru,RU
05d4dfe5c1b4,interfax,https://www.interfax.ru/world/1075402,2026-03-01 00:00:00,Почти 40% рейсов в страны Ближнего Востока и Персидского залива отменены,,,ru,RU
537ac2d1ac29,interfax,https://www.interfax.ru/russia/1075404,2026-03-01 00:00:00,Аэропорт Калуги ввел ограничения на прием и отправку рейсов,,,ru,RU
31b37e31ec1f,interfax,https://www.interfax.ru/world/1075406,2026-03-01 00:00:00,Командование CENTCOM сообщило о трех погибших военных в ходе операции против Ирана,,,ru,RU
6dc0de717f65,interfax,https://www.interfax.ru/world/1075405,2026-03-01 00:00:00,"Трамп уверен, что операция против Ирана развивается по благоприятному сценарию",,,ru,RU
dbe1c8029429,interfax,https://www.interfax.ru/business/1075407,2026-03-01 00:00:00,Запасы газа в хранилищах Европы опустились ниже 30%,,,ru,RU
4c7d4f2eda1f,interfax,https://www.interfax.ru/moscow/1075408,2026-03-01 00:00:00,Жителей Москвы предупредили о тумане,,,ru,RU
72c0ea5655c0,interfax,https://www.interfax.ru/world/1075410,2026-03-01 00:00:00,"Трамп заявил, что власти Ирана хотят переговоров и он готов пойти им навстречу",,,ru,RU
b148dfde1a53,interfax,https://www.interfax.ru/world/1075414,2026-03-01 00:00:00,"СМИ узнали о желании США завершить операцию против Ирана, пока не кончились боеприпасы",,,ru,RU
f699a11dce94,interfax,https://www.interfax.ru/world/1075413,2026-03-01 00:00:00,Израиль мобилизовал 100 тысяч резервистов,,,ru,RU
a1830a38bb7a,interfax,https://www.interfax.ru/russia/1075401,2026-03-01 00:00:00,Лавров и Ван И осудили массированные военные удары США и Израиля по Ирану,,,ru,RU
48993ed62832,interfax,https://www.interfax.ru/world/1075416,2026-03-01 00:00:00,"КСИР утверждает, что нанес удары по танкерам США и Великобритании",,,ru,RU
3be079c0d760,interfax,https://www.interfax.ru/russia/1075409,2026-03-01 00:00:00,"Что произошло за день: воскресенье, 1 марта",,,ru,RU
0ed0a5d6012a,interfax,https://www.interfax.ru/world/1075415,2026-03-01 00:00:00,По запросу РФ 2 марта будет созвано спецзаседание Совета управляющих МАГАТЭ по теме Ирана,,,ru,RU
d157e0f89b93,interfax,https://www.interfax.ru/world/1075419,2026-03-01 00:00:00,"Трамп утверждает, что США потопили девять иранских кораблей, разрушили штаб ВМС",,,ru,RU
0341541aec2e,interfax,https://www.interfax.ru/world/1075418,2026-03-01 00:00:00,"В Иране заверили, что потеря командующих не повлияла на военную мощь страны",,,ru,RU
dd12c9d8dac7,interfax,https://www.interfax.ru/world/1075420,2026-03-01 00:00:00,Utair отменила рейсы в Дубай до снятия ограничений,,,ru,RU
af89f21f18a6,interfax,https://www.interfax.ru/world/1075411,2026-03-01 00:00:00,Здание посольства Эстонии в Абу-Даби повреждено в результате ракетного удара Ирана,,,ru,RU
75907346078e,interfax,https://www.interfax.ru/world/1075400,2026-03-01 00:00:00,"CENTCOM утверждает, что иранский корабль тонет после ударов США",,,ru,RU
2cbba503c317,interfax,https://www.interfax.ru/russia/1075395,2026-03-01 00:00:00,Ракетному обстрелу ВСУ подверглись Белгород и пригород,,,ru,RU
bb3b2d99fade,interfax,https://www.interfax.ru/russia/1075397,2026-03-01 00:00:00,Лавров обсудил с главой МИД ОАЭ ситуацию вокруг Ирана,,,ru,RU
51cbb104a8c1,interfax,https://www.interfax.ru/world/1075373,2026-03-01 00:00:00,Премьер Пакистана из-за сложной обстановки в стране и в регионе отложил визит в РФ,,,ru,RU
3d1f27184875,interfax,https://www.interfax.ru/russia/1075375,2026-03-01 00:00:00,Со льда Финского залива в Петербурге спасли 230 рыбаков,,,ru,RU
6d7efcf599bf,interfax,https://www.interfax.ru/russia/1075376,2026-03-01 00:00:00,Четверо из пяти пропавших туристов погибли на севере Прикамья,,,ru,RU
02bc1404a225,interfax,https://www.interfax.ru/world/1075377,2026-03-01 00:00:00,Шесть человек погибли близ Иерусалима при иранском ракетном ударе,,,ru,RU
f2f993a551ec,interfax,https://www.interfax.ru/russia/1075379,2026-03-01 00:00:00,"Матвиенко заявила, что агрессия в отношении Ирана способна нанести ущерб стабильности в регионе",,,ru,RU
736059a9f574,interfax,https://www.interfax.ru/russia/1075380,2026-03-01 00:00:00,Обломки дрона повредили ЛЭП под Новороссийском,,,ru,RU
b5a358599dfc,interfax,https://www.interfax.ru/world/1075381,2026-03-01 00:00:00,В МИД Саудовской Аравии вызвали иранского посла,,,ru,RU
601c33542fd6,interfax,https://www.interfax.ru/world/1075382,2026-03-01 00:00:00,В ОАЭ в результате иранских ударов погибли трое иностранцев,,,ru,RU
0b1a7abc9635,interfax,https://www.interfax.ru/world/1075383,2026-03-01 00:00:00,Около 500 россиян будут эвакуированы из Ирана через Азербайджан,,,ru,RU
2eecd9a37548,interfax,https://www.interfax.ru/world/1075384,2026-03-01 00:00:00,Около тысячи организованных российских туристов застряли в Саудовской Аравии,,,ru,RU
57bfa3917d0c,interfax,https://www.interfax.ru/world/1075386,2026-03-01 00:00:00,До девяти выросло число погибших после иранского ракетного удара по Израилю,,,ru,RU
c442e78e84d7,interfax,https://www.interfax.ru/world/1075422,2026-03-01 00:00:00,Более ста рейсов из РФ на Ближний Восток отменены к вечеру воскресенья,,,ru,RU
462d0c4a2fd5,interfax,https://www.interfax.ru/world/1075387,2026-03-01 00:00:00,Минтранс отслеживает ситуацию с судами РФ в зоне конфликта на Ближнем Востоке,,,ru,RU
38cafec7d25b,interfax,https://www.interfax.ru/world/1075389,2026-03-01 00:00:00,МИД РФ рекомендовал россиянам покинуть Иран и Израиль,,,ru,RU
d65e11b70951,interfax,https://www.interfax.ru/russia/1075391,2026-03-01 00:00:00,МИД РФ после гибели Хаменеи осудил практику политических убийств,,,ru,RU
a4e35e1dd68b,interfax,https://www.interfax.ru/world/1075392,2026-03-01 00:00:00,Нового руководителя Ирана выберут в ближайшие два дня,,,ru,RU
c10884cc275f,interfax,https://www.interfax.ru/russia/1075396,2026-03-01 00:00:00,"Иран утверждает, что нанес удар по американскому авианосцу",,,ru,RU
69d36fbabc6f,interfax,https://www.interfax.ru/world/1075399,2026-03-01 00:00:00,"NYT сообщила, что морское сообщение через Ормузский пролив свелось к минимуму",,,ru,RU
e296cd2abfbf,interfax,https://www.interfax.ru/russia/1075385,2026-03-01 00:00:00,"Володин заявил, что международные институты обязаны отреагировать на эскалацию на Ближнем Востоке",,,ru,RU
7a5b5989cdbb,interfax,https://www.interfax.ru/world/1075421,2026-03-01 00:00:00,"CNN сообщил об отражении атаки в Эрбиле в Ираке, где базируются военные США",,,ru,RU
5069fc83aedd,interfax,https://www.interfax.ru/russia/1075425,2026-03-01 00:00:00,Аэропорты Владикавказа и Грозного приостановили работу,,,ru,RU
d9af676c5976,interfax,https://www.interfax.ru/moscow/1075424,2026-03-01 00:00:00,Росавиация допустила отмену рейсов из-за тумана в Москве,,,ru,RU
e773a3c20c3f,interfax,https://www.interfax.ru/world/1075441,2026-03-01 00:00:00,ЕС угрожает Ирану новыми санкциями,,,ru,RU
19c0e80261c0,interfax,https://www.interfax.ru/world/1075440,2026-03-01 00:00:00,"Трамп считает, что военная операция в Иране может продлиться до месяца",,,ru,RU
11a1e01eafe9,interfax,https://www.interfax.ru/russia/1075437,2026-03-01 00:00:00,В Севастополе почти полностью восстановлено электроснабжение,,,ru,RU
a0ab28361f50,interfax,https://www.interfax.ru/russia/1075434,2026-03-01 00:00:00,Ряд населенных пунктов Крыма остался без света из-за аварии,,,ru,RU
2f05accb0727,interfax,https://www.interfax.ru/world/1075435,2026-03-01 00:00:00,"Израиль сообщает, что нанес удары по штабу КСИР",,,ru,RU
586f9db75b34,interfax,https://www.interfax.ru/world/1075433,2026-03-01 00:00:00,"Французский авианосец ""Шарль де Голль"" направляется в восточное Средиземноморье",,,ru,RU
429cdcca0eb1,interfax,https://www.interfax.ru/world/1075439,2026-03-01 00:00:00,Главы МИД стран ЕС обсудили ситуацию вокруг Ирана,,,ru,RU
e8b540df03a6,interfax,https://www.interfax.ru/world/1075431,2026-03-01 00:00:00,"Глава МИД Ирана заявил, что удары по Тегерану не скажутся на обороноспособности страны",,,ru,RU
d29193f36210,interfax,https://www.interfax.ru/world/1075430,2026-03-01 00:00:00,CША задействовали стратегические бомбардировщики B-2 против Ирана,,,ru,RU
35624968c900,interfax,https://www.interfax.ru/world/1075429,2026-03-01 00:00:00,"США продолжат удары по Ирану, несмотря на готовность Трампа к диалогу",,,ru,RU
9112568aa2c4,interfax,https://www.interfax.ru/world/1075428,2026-03-01 00:00:00,"Иранское агентство ""Тасним"" сообщает, что в Тегеране вновь слышны взрывы",,,ru,RU
65386107ff38,interfax,https://www.interfax.ru/world/1075427,2026-03-01 00:00:00,Иранское радио продолжает работу в штатном режиме,,,ru,RU
636ecdcbcce5,interfax,https://www.interfax.ru/world/1075426,2026-03-01 00:00:00,"Атака иранских БПЛА вызвала пожар на базе в ОАЭ, где размещены французские военные",,,ru,RU
1e32b383956b,interfax,https://www.interfax.ru/world/1075432,2026-03-01 00:00:00,ОАЭ закрывают посольство в Тегеране и отзывают посла,,,ru,RU
aad11d8ee136,interfax,https://www.interfax.ru/world/1075612,2026-03-02 00:00:00,Путин обсудил с саудовским наследным принцем обострение обстановки на Ближнем Востоке,,,ru,RU
7f78f30ffafa,interfax,https://www.interfax.ru/russia/1075602,2026-03-02 00:00:00,Екатерина Шульман заочно приговорена к году колонии за нарушения закона об иноагентах,,,ru,RU
782d9e6aa15a,interfax,https://www.interfax.ru/russia/1075604,2026-03-02 00:00:00,"Олег Кононенко назначен командиром экипажа корабля ""Союз МС-31""",,,ru,RU
03ed13dcf12e,interfax,https://www.interfax.ru/digital/1075605,2026-03-02 00:00:00,DDoS-атака на ресурсы Роскомнадзора продолжается четвертый день,,,ru,RU
d6590c893135,interfax,https://www.interfax.ru/world/1075606,2026-03-02 00:00:00,Макрон заявил о необходимости расширения ядерного арсенала Франции,,,ru,RU
0aef023a02e2,interfax,https://www.interfax.ru/russia/1075608,2026-03-02 00:00:00,Мужчина погиб в результате удара дрона ВСУ по дому в Запорожской области,,,ru,RU
ebf6bbf36812,interfax,https://www.interfax.ru/world/1075610,2026-03-02 00:00:00,Два аэропорта Дубая возобновят работу в ограниченном режиме вечером в понедельник,,,ru,RU
3ac1c781fa2e,interfax,https://www.interfax.ru/business/1075611,2026-03-02 00:00:00,"Объем торгов Мосбиржи в феврале вырос на 24% г/г до 163,9 трлн рублей",,,ru,RU
3f518546e448,interfax,https://www.interfax.ru/world/1075613,2026-03-02 00:00:00,Трамп пообещал мощную волну ударов по Ирану,,,ru,RU
0f2f7fad87c5,interfax,https://www.interfax.ru/business/1075620,2026-03-02 00:00:00,"Рубль немного подешевел в паре с юанем, несмотря на уверенный рост цен на нефть",,,ru,RU
907290d96415,interfax,https://www.interfax.ru/world/1075615,2026-03-02 00:00:00,В иранском Красном полумесяце сообщили о 555 погибших при ударах США и Израиля,,,ru,RU
1bdf853fe891,interfax,https://www.interfax.ru/business/1075616,2026-03-02 00:00:00,Рынок акций РФ начал неделю с роста вслед за нефтью,,,ru,RU
77897b574eb4,interfax,https://www.interfax.ru/business/1075617,2026-03-02 00:00:00,"Нефть Brent подорожала до $78,52 за баррель на фоне геополитических новостей",,,ru,RU
8fef707d52d1,interfax,https://www.interfax.ru/world/1075618,2026-03-02 00:00:00,Иран не считает свои удары по базам США на Ближнем Востоке агрессией против арабских стран,,,ru,RU
6da355d0530a,interfax,https://www.interfax.ru/russia/1075619,2026-03-02 00:00:00,Россия в 2025 году увеличила выручку от экспорта чая на 11%,,,ru,RU
1b4619a4102d,interfax,https://www.interfax.ru/russia/1075603,2026-03-02 00:00:00,Авиакомпании РФ готовятся к возобновлению полетов в страны Ближнего Востока,,,ru,RU
87d0d854eea5,interfax,https://www.interfax.ru/world/1075622,2026-03-02 00:00:00,Трамп не исключил возможность сухопутной операции в Иране,,,ru,RU
3f5c80a7fb01,interfax,https://www.interfax.ru/russia/1075624,2026-03-02 00:00:00,"""Аэрофлот"" со вторника начнет выполнять вывозные рейсы из ОАЭ",,,ru,RU
2f7fe261d6fd,interfax,https://www.interfax.ru/russia/1075579,2026-03-02 00:00:00,Аэропорт Пензы ограничил работу,,,ru,RU
94df30fd996b,interfax,https://www.interfax.ru/world/1075614,2026-03-02 00:00:00,Число раненых американских военных в ходе операции против Ирана возросло до 18,,,ru,RU
cacfb4915084,interfax,https://www.interfax.ru/world/1075601,2026-03-02 00:00:00,Глава МИД КНР в телефонном разговоре выразил поддержку иранскому коллеге,,,ru,RU
77dced33309a,interfax,https://www.interfax.ru/world/1075592,2026-03-02 00:00:00,"В ЕК заявили, что ЕС удовлетворен оставшимися к концу зимы запасами газа в ПХГ",,,ru,RU
8ae159ba3a16,interfax,https://www.interfax.ru/world/1075599,2026-03-02 00:00:00,"Глава Пентагона заявил, что операция США против Ирана не будет бесконечной",,,ru,RU
3cf3298be084,interfax,https://www.interfax.ru/world/1075580,2026-03-02 00:00:00,В ЕК пока не обеспокоены состоянием энергоснабжения ЕС из-за событий вокруг Ирана,,,ru,RU
8aa36236f5ec,interfax,https://www.interfax.ru/world/1075582,2026-03-02 00:00:00,Шеф Пентагона назвал операцию против Ирана одной из самых сложных за всю историю,,,ru,RU
af9306ef3cf0,interfax,https://www.interfax.ru/business/1075581,2026-03-02 00:00:00,Ожидания снижения ставок мировыми ЦБ ослабевают на фоне иранских событий,,,ru,RU
03d3e30ad233,interfax,https://www.interfax.ru/russia/1075583,2026-03-02 00:00:00,В Россию запустят вывозные рейсы из Дубая и Абу-Даби 3 марта,,,ru,RU
d9a891711771,interfax,https://www.interfax.ru/russia/1075632,2026-03-02 00:00:00,Путин и король Бахрейна обсудили по телефону обстановку вокруг Ирана,,,ru,RU
f09bbe7e756e,interfax,https://www.interfax.ru/russia/1075584,2026-03-02 00:00:00,"В ""Шереметьево"" ждут рейсы из ОАЭ и Омана вечером 2 марта",,,ru,RU
ba66eb3dd452,interfax,https://www.interfax.ru/business/1075585,2026-03-02 00:00:00,"Шишкарев официально уведомил ""Росатом"" о намерении выкупить долю госкорпорации в ГК ""Дело""",,,ru,RU
0ae2693813cf,interfax,https://www.interfax.ru/world/1075586,2026-03-02 00:00:00,"Глава Пентагона заявил, что сейчас в Иране нет американских военных",,,ru,RU
6bf1a115e7d1,interfax,https://www.interfax.ru/world/1075587,2026-03-02 00:00:00,Генерал Дэн Кейн заявил о полном превосходстве США над Ираном в воздухе,,,ru,RU
036b7394c377,interfax,https://www.interfax.ru/world/1075590,2026-03-02 00:00:00,В ВС США заявили о перехвате сотен иранских баллистических ракет,,,ru,RU
d284f465b5f2,interfax,https://www.interfax.ru/russia/1075589,2026-03-02 00:00:00,Туристам напомнили о праве расторгнуть или изменить договор с турфирмой при угрозе безопасности,,,ru,RU
ed798a4125f5,interfax,https://www.interfax.ru/world/1075588,2026-03-02 00:00:00,Американский военачальник ожидает новых потерь среди военнослужащих США в ходе операции против Ирана,,,ru,RU
cf7d78ee1f0e,interfax,https://www.interfax.ru/russia/1075591,2026-03-02 00:00:00,Застрявшим на Ближнем Востоке российским туристам начали продлевать страховые полисы ВЗР,,,ru,RU
50aec8269fd1,interfax,https://www.interfax.ru/russia/1075621,2026-03-02 00:00:00,"Лавров и глава МИД Саудовской Аравии обсудили Иран, выступив за прекращение боевых действий",,,ru,RU
78568a69c077,interfax,https://www.interfax.ru/world/1075595,2026-03-02 00:00:00,"В Тегеране заявляют, что подготовились к затяжной войне",,,ru,RU
ba7b1195dcf8,interfax,https://www.interfax.ru/russia/1075594,2026-03-02 00:00:00,Доля иностранцев в советах директоров крупнейших ПАО упала в 2025 году до 4-5%,,,ru,RU
b24765f13a6e,interfax,https://www.interfax.ru/russia/1075593,2026-03-02 00:00:00,"Опубликован тестовый вариант перечня книг, которые нужно маркировать из-за упоминания наркотиков",,,ru,RU
a70f3c1ebbcb,interfax,https://www.interfax.ru/world/1075596,2026-03-02 00:00:00,Финляндия с 1 июня не будет принимать небиометрические паспорта РФ,,,ru,RU
ff4fd81557cd,interfax,https://www.interfax.ru/russia/1075597,2026-03-02 00:00:00,Пять человек погибли и 15 ранены в Херсонской области в результате атак ВСУ,,,ru,RU
2e8c805fe649,interfax,https://www.interfax.ru/russia/1075600,2026-03-02 00:00:00,"В Думу внесен проект об ответственности за намеренное ""затирание"" религиозных символов",,,ru,RU
29ee8c7d8b5f,interfax,https://www.interfax.ru/world/1075623,2026-03-02 00:00:00,Эксперт: новые лидеры Ирана вряд ли пойдут на капитуляцию,,,ru,RU
605212904b6b,interfax,https://www.interfax.ru/digital/1075625,2026-03-02 00:00:00,"Apple представила новый ""бюджетный"" iPhone",,,ru,RU
870095cf0711,interfax,https://www.interfax.ru/world/1075631,2026-03-02 00:00:00,"Израиль заявил, что в ходе операции против Ирана сбросил 2500 бомб на 600 целей",,,ru,RU
c4c17fec305d,interfax,https://www.interfax.ru/world/1075626,2026-03-02 00:00:00,"Стармер заявил, что Великобритания не присоединится к ударам по Ирану",,,ru,RU
76f1a59e98e2,interfax,https://www.interfax.ru/russia/1075648,2026-03-02 00:00:00,Японский космический корабль HTV-X1 6 марта покинет МКС,,,ru,RU
b7abd0bc0536,interfax,https://www.interfax.ru/russia/1075647,2026-03-02 00:00:00,Мужчина погиб в результате атаки ВСУ в Белгородской области,,,ru,RU
8e6005bf13f6,interfax,https://www.interfax.ru/russia/1075646,2026-03-02 00:00:00,В столице задержан подросток за поджог банкомата по указанию мошенников,,,ru,RU
b879108fb639,interfax,https://www.interfax.ru/world/1075645,2026-03-02 00:00:00,"Гросси заявил, что Иран не обладает ядерным оружием",,,ru,RU
bdb109c11bcf,interfax,https://www.interfax.ru/world/1075640,2026-03-02 00:00:00,ЕК обозначила приоритеты и направления работы в связи с ситуацией вокруг Ирана,,,ru,RU
716945fcbeee,interfax,https://www.interfax.ru/world/1075643,2026-03-02 00:00:00,Стратегические бомбардировщики ВВС США нанесли очередные удары по Ирану,,,ru,RU
a4f457c61b72,interfax,https://www.interfax.ru/world/1075641,2026-03-02 00:00:00,Более 100 россиян эвакуированы из Ирана в Азербайджан,,,ru,RU
74331009cc5d,interfax,https://www.interfax.ru/world/1075644,2026-03-02 00:00:00,"Канадская Cameco поставит Индии уран на $1,9 млрд",,,ru,RU
a09653db5700,interfax,https://www.interfax.ru/world/1075639,2026-03-02 00:00:00,Премьер Эстонии заявил о поддержке действий США и Израиля на Ближнем Востоке,,,ru,RU
d2394d9e69e4,interfax,https://www.interfax.ru/world/1075638,2026-03-02 00:00:00,"Катар и ОАЭ хотят создать коалицию, чтобы добиться от Трампа быстрого урегулирования с Ираном",,,ru,RU
6106c58f8bcb,interfax,https://www.interfax.ru/world/1075637,2026-03-02 00:00:00,S7 во вторник выполнит вывозной рейс из Дубая в Новосибирск,,,ru,RU
ca4fdcb00023,interfax,https://www.interfax.ru/russia/1075633,2026-03-02 00:00:00,Федеральная трасса закрыта до утра для грузовиков и автобусов из-за непогоды в Башкирии,,,ru,RU
7b5afd126cb1,interfax,https://www.interfax.ru/russia/1075630,2026-03-02 00:00:00,"Что произошло за день: понедельник, 2 марта",,,ru,RU
75f0ef520026,interfax,https://www.interfax.ru/world/1075635,2026-03-02 00:00:00,Трамп заявил о возможности США вести атаки против Ирана дольше 4-5 недель,,,ru,RU
26591f10b4f3,interfax,https://www.interfax.ru/world/1075634,2026-03-02 00:00:00,США перебросили на Ближний Восток еще одну эскадрилью истребителей,,,ru,RU
3bc461e51f47,interfax,https://www.interfax.ru/world/1075642,2026-03-02 00:00:00,Испания не разрешила США использовать свои базы для атак на Иран,,,ru,RU
ca4dbc44d32b,interfax,https://www.interfax.ru/world/1075629,2026-03-02 00:00:00,"Макрон заявил, что ситуация в мире требует от Франции ""продвинутого ядерного сдерживания""",,,ru,RU
06c785160523,interfax,https://www.interfax.ru/business/1075846,2026-03-03 00:00:00,Рубль во вторник подрос в паре с юанем на фоне уверенного повышения цен на нефть,,,ru,RU
022af0db5d0a,interfax,https://www.interfax.ru/world/1075845,2026-03-03 00:00:00,ЕС выступает за деэскалацию на Ближнем Востоке,,,ru,RU
4a3d68bc11fb,interfax,https://www.interfax.ru/world/1075841,2026-03-03 00:00:00,"Индия подписала с РФ контракт на закупку ЗРК ""Штиль"" на $238 млн",,,ru,RU
6f9711f3b230,interfax,https://www.interfax.ru/business/1075842,2026-03-03 00:00:00,"Нефть Brent подорожала почти на 8%, до $83,87 за баррель",,,ru,RU
38cd00b97eb9,interfax,https://www.interfax.ru/russia/1075790,2026-03-03 00:00:00,Роспотребнадзор сообщил о случаях туляремии в России,,,ru,RU
b64a4f96af08,interfax,https://www.interfax.ru/business/1075847,2026-03-03 00:00:00,Мантуров предложил обсуждать допмеры поддержки металлургов в индивидуальном порядке,,,ru,RU
eee42b946be1,interfax,https://www.interfax.ru/world/1075844,2026-03-03 00:00:00,"Вывозной рейс ""Белавиа"" вылетел из Дубая в Минск со 189 пассажирами на борту",,,ru,RU
25564da9e9b8,interfax,https://www.interfax.ru/russia/1075848,2026-03-03 00:00:00,МИД рекомендовал россиянам не ездить в страны Персидского залива с целью туризма,,,ru,RU
b045315385bf,interfax,https://www.interfax.ru/russia/1075855,2026-03-03 00:00:00,"Что произошло за день: вторник, 3 марта",,,ru,RU
2b4215c1db72,interfax,https://www.interfax.ru/world/1075850,2026-03-03 00:00:00,"США и Израиль нанесли удары близ иранского аэропорта ""Мехрабад""",,,ru,RU
108cdd03eb68,interfax,https://www.interfax.ru/russia/1075852,2026-03-03 00:00:00,Лавров и Аракчи обсудили по телефону ситуацию в связи с операцией США и Израиля,,,ru,RU
332e95614052,interfax,https://www.interfax.ru/world/1075853,2026-03-03 00:00:00,ОАЭ рассматривают возможность ударов по Ирану,,,ru,RU
1820f6e7a39d,interfax,https://www.interfax.ru/world/1075854,2026-03-03 00:00:00,"Трамп заявил об уничтожении фактически всего, что есть у Ирана",,,ru,RU
14484bb53eba,interfax,https://www.interfax.ru/russia/1075856,2026-03-03 00:00:00,Минэкономразвития рекомендовало приостановить продажи туров в страны Персидского залива,,,ru,RU
62cada11cc85,interfax,https://www.interfax.ru/world/1075857,2026-03-03 00:00:00,Трамп ожидает снижения цен на нефть после завершения операции против Ирана,,,ru,RU
b8014fb8fbce,interfax,https://www.interfax.ru/world/1075858,2026-03-03 00:00:00,ЕС анонсировал энергетический диалог высокого уровня с Азербайджаном,,,ru,RU
47e798cbda2a,interfax,https://www.interfax.ru/world/1075840,2026-03-03 00:00:00,Израиль изучает возможность открытия воздушного пространства на этой неделе,,,ru,RU
3bb986a22196,interfax,https://www.interfax.ru/world/1075859,2026-03-03 00:00:00,Трамп назвал украинское урегулирование одним из своих важных приоритетов,,,ru,RU
3412c5d053ab,interfax,https://www.interfax.ru/world/1075849,2026-03-03 00:00:00,Американские военные назвали неизбирательными ответные ракетные удары Ирана,,,ru,RU
f8bcf11f266b,interfax,https://www.interfax.ru/russia/1075839,2026-03-03 00:00:00,"""Аэрофлот"" в среду планирует два вывозных рейса из Дубая",,,ru,RU
78eba92bffe8,interfax,https://www.interfax.ru/world/1075830,2026-03-03 00:00:00,Норвегия против размещения ядерного оружия на своей территории в мирное время,,,ru,RU
fd1e6e0c847d,interfax,https://www.interfax.ru/business/1075837,2026-03-03 00:00:00,"На технологическое обеспечение продбезопасности в 2026 году выделят 19,8 млрд рублей",,,ru,RU
725a9730473c,interfax,https://www.interfax.ru/world/1075817,2026-03-03 00:00:00,В суд ЕС поступило заявление об оспаривании регламента Евросоюза о заморозке активов ЦБ РФ,,,ru,RU
94eb26b2441a,interfax,https://www.interfax.ru/russia/1075818,2026-03-03 00:00:00,"В ""Росатоме"" сообщили, что на АЭС ""Бушер"" в Иране находятся более 600 человек",,,ru,RU
15d0f69ecc3f,interfax,https://www.interfax.ru/world/1075819,2026-03-03 00:00:00,Таиланд продлил срок действия виз застрявшим в стране туристам,,,ru,RU
77ead3ccb1f9,interfax,https://www.interfax.ru/world/1075820,2026-03-03 00:00:00,"Главу ""Росатома"" не информировали о масштабе повреждений ядерных объектов Ирана",,,ru,RU
66d3aefbd21f,interfax,https://www.interfax.ru/world/1075821,2026-03-03 00:00:00,Число жертв ударов США и Израиля по Ирану выросло до 787 человек,,,ru,RU
7e317fa0b2cf,interfax,https://www.interfax.ru/world/1075822,2026-03-03 00:00:00,Азербайджан удвоит мощности по переработке нефти в Средиземноморском регионе,,,ru,RU
9854f300508e,interfax,https://www.interfax.ru/business/1075824,2026-03-03 00:00:00,"Банк ""Зенит"" cократил годовую чистую прибыль по МСФО в пять раз",,,ru,RU
68548a5e211e,interfax,https://www.interfax.ru/world/1075823,2026-03-03 00:00:00,"""Росатом"" сообщил о приостановке работ на стройплощадке АЭС ""Бушер"" в Иране",,,ru,RU
9bf4295bd4fc,interfax,https://www.interfax.ru/world/1075838,2026-03-03 00:00:00,Более 30 граждан РФ покинули Иран через границу с Арменией,,,ru,RU
546e29ea3799,interfax,https://www.interfax.ru/world/1075826,2026-03-03 00:00:00,"Лихачев видит в ударе по АЭС ""Бушер"" риск катастрофы регионального масштаба",,,ru,RU
b26bd6b3480c,interfax,https://www.interfax.ru/world/1075828,2026-03-03 00:00:00,Ирак снизил производство нефти из-за затоваривания и прекратил экспорт из Курдистана,,,ru,RU
96b989500736,interfax,https://www.interfax.ru/moscow/1075829,2026-03-03 00:00:00,ВККС открыла вакансию на должность председателя Мосгорсуда,,,ru,RU
379b38c44532,interfax,https://www.interfax.ru/business/1075860,2026-03-03 00:00:00,ЦБ включил индекс золота Мосбиржи в реестр национальных ценовых индикаторов,,,ru,RU
4a9257e4740b,interfax,https://www.interfax.ru/world/1075832,2026-03-03 00:00:00,Не менее 40 человек погибли в Ливане после израильских ударов,,,ru,RU
d7f5d0de786c,interfax,https://www.interfax.ru/world/1075831,2026-03-03 00:00:00,Республиканцы в Сенате предостерегли Трампа от расширения операции против Ирана,,,ru,RU
6a4d0b8df1a1,interfax,https://www.interfax.ru/world/1075834,2026-03-03 00:00:00,ЕК подтвердила готовность Украины к переговорам о вступлении в ЕС по шести кластерам,,,ru,RU
d1cf77aa4f5b,interfax,https://www.interfax.ru/russia/1075836,2026-03-03 00:00:00,"Главы МИД РФ и Омана обсудили по телефону ситуацию в Иране, высказались в пользу скорейшего прекращения военных действий",,,ru,RU
15812eef6278,interfax,https://www.interfax.ru/world/1075835,2026-03-03 00:00:00,КСИР заявил об уничтожении американской системы ПРО THAAD,,,ru,RU
d7f0d160cf39,interfax,https://www.interfax.ru/russia/1075827,2026-03-03 00:00:00,Прокуроры в РФ взяли на контроль ситуацию с вывозными рейсами с Ближнего Востока,,,ru,RU
38cd29d0c3d8,interfax,https://www.interfax.ru/world/1075861,2026-03-03 00:00:00,В Норвегии создадут комиссию по расследованию связей Эпштейна с норвежскими властями,,,ru,RU
e5c7249efeae,interfax,https://www.interfax.ru/russia/1075833,2026-03-03 00:00:00,Совет Федерации в среду назначит пятерых членов ЦИК по своей квоте,,,ru,RU
71537e2d4315,interfax,https://www.interfax.ru/world/1075863,2026-03-03 00:00:00,"Трамп заявил, что прекратит торговлю с Испанией",,,ru,RU
3e811566a481,interfax,https://www.interfax.ru/russia/1075885,2026-03-03 00:00:00,Пять человек ранены после атаки БПЛА по жилому дому в Волгоградской области,,,ru,RU
451aaa082835,interfax,https://www.interfax.ru/world/1075884,2026-03-03 00:00:00,"Испания уверена, что сможет избежать ущерба в случае прекращения торговли с США",,,ru,RU
546096391c65,interfax,https://www.interfax.ru/russia/1075883,2026-03-03 00:00:00,Минобороны РФ заявило об уничтожении вечером 38 украинских беспилотников,,,ru,RU
521cdc2963d5,interfax,https://www.interfax.ru/world/1075882,2026-03-03 00:00:00,Макрон обратился к нации в связи с событиями на Ближнем Востоке,,,ru,RU
b328038e86d1,interfax,https://www.interfax.ru/world/1075881,2026-03-03 00:00:00,В ЦАХАЛ заявили об уничтожении 300 пусковых установок баллистических ракет Ирана,,,ru,RU
e5ba4d18d31f,interfax,https://www.interfax.ru/world/1075880,2026-03-03 00:00:00,ВМС США будут сопровождать танкеры через Ормузский пролив в случае необходимости,,,ru,RU
8c514e11f12f,interfax,https://www.interfax.ru/world/1075879,2026-03-03 00:00:00,"В Пентагоне заявили, что американские удары значительно ослабили Иран",,,ru,RU
1979094fb6b6,interfax,https://www.interfax.ru/world/1075877,2026-03-03 00:00:00,Израиль заявил об ударе по связанному с иранской ядерной программой объекту,,,ru,RU
0d3b090c6bdb,interfax,https://www.interfax.ru/world/1075862,2026-03-03 00:00:00,Корабли США наносят массированные ракетные удары по Ирану,,,ru,RU
b75d11e86e15,interfax,https://www.interfax.ru/world/1075873,2026-03-03 00:00:00,Франция поможет Кипру бороться против ракет и дронов,,,ru,RU
3c3651150ae9,interfax,https://www.interfax.ru/world/1075870,2026-03-03 00:00:00,"США поразили более 1,7 тыс. целей в Иране с начала военной операции",,,ru,RU
c0645ba76700,interfax,https://www.interfax.ru/world/1075869,2026-03-03 00:00:00,Ученые РАН спрогнозировали рост солнечной активности в ближайшие десятилетия,,,ru,RU
f1a3c1e20e3a,interfax,https://www.interfax.ru/world/1075867,2026-03-03 00:00:00,РФ и Китай выступили против американской программы работы СБ ООН на март,,,ru,RU
9a46c2a28341,interfax,https://www.interfax.ru/world/1075866,2026-03-03 00:00:00,"Тегеран заявил, что никто не работал в атакованном Израилем офисе Совета экспертов",,,ru,RU
2aee57aae6ad,interfax,https://www.interfax.ru/world/1075865,2026-03-03 00:00:00,Оман призвал вернуться к дипломатическим вариантам выхода из иранского кризиса,,,ru,RU
4627bab320bd,interfax,https://www.interfax.ru/business/1075864,2026-03-03 00:00:00,Мерц посетовал на ущерб экономикам Германии и США из-за роста цен на энергоносители,,,ru,RU
187113f03c90,interfax,https://www.interfax.ru/world/1075874,2026-03-03 00:00:00,Израиль в ночь на четверг начнет открывать воздушное пространство,,,ru,RU
41ef4ac20219,interfax,https://www.interfax.ru/business/1076115,2026-03-04 00:00:00,"Выпуск по базовым видам деятельности в России в январе упал на 3,2%",,,ru,RU
e0c5f2aebe04,interfax,https://www.interfax.ru/world/1076116,2026-03-04 00:00:00,В Тегеране оценили потери ВС США в полтысячи человек,,,ru,RU
56417b636e61,interfax,https://www.interfax.ru/business/1076117,2026-03-04 00:00:00,"Юань на ""Мосбирже"" подорожал на 10,35 копейки",,,ru,RU
839c99988fcb,interfax,https://www.interfax.ru/russia/1076118,2026-03-04 00:00:00,ФРП назвал условие для снижения ставки льготного кредита на 2 п.п.,,,ru,RU
60e785221ef4,interfax,https://www.interfax.ru/russia/1076119,2026-03-04 00:00:00,Горным курортам дадут право контролировать поведение лыжников на трассах,,,ru,RU
c310b55f7ea3,interfax,https://www.interfax.ru/russia/1076120,2026-03-04 00:00:00,"Путин решил освободить двоих граждан Венгрии, которые попали в плен к российским военным",,,ru,RU
d3bb98b5126e,interfax,https://www.interfax.ru/world/1076123,2026-03-04 00:00:00,Венгрия попросила у России гарантий поставок нефти и газа,,,ru,RU
8d42f60658cf,interfax,https://www.interfax.ru/business/1076124,2026-03-04 00:00:00,Минсельхоз оценил обеспечение молочной отрасли российским оборудованием в 45%,,,ru,RU
9b5532f487ee,interfax,https://www.interfax.ru/russia/1076128,2026-03-04 00:00:00,Глава Курского горсобрания подал в отставку после критики губернатора,,,ru,RU
901fcd8e9107,interfax,https://www.interfax.ru/business/1076126,2026-03-04 00:00:00,"Средняя максимальная ставка по вкладам топ-10 банков в III декаде февраля снизилась до 14,06%",,,ru,RU
51b35f3a4f05,interfax,https://www.interfax.ru/russia/1076127,2026-03-04 00:00:00,"Москва может ответить на атаку на ""Арктик Метагаз"" политико-дипломатическими мерами",,,ru,RU
04cc4c60aa5a,interfax,https://www.interfax.ru/business/1076114,2026-03-04 00:00:00,"Росстат отметил рост оборота розничной торговли в январе на 0,7%",,,ru,RU
5f084749d997,interfax,https://www.interfax.ru/russia/1076129,2026-03-04 00:00:00,Москва заявила протест Нидерландам из-за акции у посольства России в Гааге,,,ru,RU
50e2c2ebef5f,interfax,https://www.interfax.ru/russia/1076130,2026-03-04 00:00:00,Лед на Финском заливе начал разрушаться,,,ru,RU
dcf92237db89,interfax,https://www.interfax.ru/world/1076131,2026-03-04 00:00:00,МИД Ливана заявил о гибели 72 человек в результате израильских атак,,,ru,RU
167768624c0d,interfax,https://www.interfax.ru/business/1076132,2026-03-04 00:00:00,Страховка для следующих через Ормузский пролив судов подорожала в 12 раз,,,ru,RU
0b7314d9df8a,interfax,https://www.interfax.ru/world/1076122,2026-03-04 00:00:00,"Что произошло за день: среда, 4 марта",,,ru,RU
43064025366f,interfax,https://www.interfax.ru/russia/1076133,2026-03-04 00:00:00,Минпромторг обновил перечень допускаемых в такси автомобилей,,,ru,RU
4fe1bbcbc42e,interfax,https://www.interfax.ru/business/1076125,2026-03-04 00:00:00,Росстат отметил рост производства золота в январе на 36%,,,ru,RU
9d31b148a342,interfax,https://www.interfax.ru/business/1076113,2026-03-04 00:00:00,"Объем каршеринговых услуг населению России в январе сократился на 19,3%",,,ru,RU
6da17eb14e97,interfax,https://www.interfax.ru/business/1076108,2026-03-04 00:00:00,"Цены на бензин в РФ с 25 февраля по 2 марта выросли на 0,07%, с начала года – на 2,04%",,,ru,RU
3f98e0c39f36,interfax,https://www.interfax.ru/business/1076111,2026-03-04 00:00:00,"В России грузооборот транспорта снизился в январе на 5,8%",,,ru,RU
4c483fdff319,interfax,https://www.interfax.ru/russia/1076088,2026-03-04 00:00:00,Турбизнесу разрешат использовать фонд персональной ответственности для возвратов клиентам,,,ru,RU
f7f6b4b47f3a,interfax,https://www.interfax.ru/russia/1076089,2026-03-04 00:00:00,Самыми популярными предметами для сдачи ЕГЭ-2026 стали профильная математика и физика,,,ru,RU
834261b1caab,interfax,https://www.interfax.ru/business/1076090,2026-03-04 00:00:00,РЖД будет получать 20 млрд рублей в год на закупку подвижного состава,,,ru,RU
aebf0c4e1981,interfax,https://www.interfax.ru/russia/1076092,2026-03-04 00:00:00,"Путин своим указом установил штатную численность ВС РФ почти в 2,4 млн единиц",,,ru,RU
6dfaae1a6fd9,interfax,https://www.interfax.ru/business/1076093,2026-03-04 00:00:00,"Объем ФНБ в феврале снизился на 90,5 млрд рублей до 13,5 трлн рублей",,,ru,RU
df3bf0a609c6,interfax,https://www.interfax.ru/world/1076091,2026-03-04 00:00:00,В ЕК рассчитывают на единство ЕС в поддержке Испании на фоне угроз Трампа прекратить с ней торговлю,,,ru,RU
d09763dd2c31,interfax,https://www.interfax.ru/business/1076094,2026-03-04 00:00:00,"""Россети"" получат акции национализированных ""СУЭНКО"" и ""Облкоммунэнерго""",,,ru,RU
b4c7f10bc537,interfax,https://www.interfax.ru/world/1076095,2026-03-04 00:00:00,Не менее 80 человек погибли после удара США по иранскому кораблю в Индийском океане,,,ru,RU
f598f18e2995,interfax,https://www.interfax.ru/business/1076112,2026-03-04 00:00:00,Перевозки грузов речным транспортом в январе снизились на 24%,,,ru,RU
142acab43b14,interfax,https://www.interfax.ru/business/1076098,2026-03-04 00:00:00,Минэкономразвития предложило масштабировать классификацию гостевых домов на всю страну,,,ru,RU
16a9e2623720,interfax,https://www.interfax.ru/business/1076102,2026-03-04 00:00:00,Индекс МосБиржи просел ниже 2810 пунктов,,,ru,RU
2b9b405d07ef,interfax,https://www.interfax.ru/world/1076101,2026-03-04 00:00:00,MOL и Slovnaft пожаловались в ЕК на хорватскую Janaf из-за условий поставок нефти,,,ru,RU
af1d8e1fefaa,interfax,https://www.interfax.ru/russia/1076134,2026-03-04 00:00:00,Путин назвал нападение на российский газовоз террористической атакой,,,ru,RU
e965f55cae0d,interfax,https://www.interfax.ru/business/1076104,2026-03-04 00:00:00,"Минэкономразвития сообщило о снижении ВВП в январе на 2,1% в годовом выражении",,,ru,RU
7d6e75605394,interfax,https://www.interfax.ru/business/1076106,2026-03-04 00:00:00,"Яйца в РФ с 25 февраля по 2 марта подорожали на 3,3%, с начала года – на 14,1%",,,ru,RU
1c2b4b6ea55a,interfax,https://www.interfax.ru/business/1076107,2026-03-04 00:00:00,"Предпринимательская уверенность в России в феврале снизилась и в добыче, и в обработке",,,ru,RU
3d960c483197,interfax,https://www.interfax.ru/business/1076109,2026-03-04 00:00:00,"В России в январе безработица осталась на уровне 2,2%",,,ru,RU
1f79f02a123b,interfax,https://www.interfax.ru/russia/1076110,2026-03-04 00:00:00,Росстат отметил замедление в декабре роста зарплат в реальном выражении,,,ru,RU
a19972c7bae9,interfax,https://www.interfax.ru/russia/1076099,2026-03-04 00:00:00,Классификацию горнолыжных трасс на крупных курортах предлагается сделать обязательной,,,ru,RU
2b07c924c575,interfax,https://www.interfax.ru/business/1076105,2026-03-04 00:00:00,"Огурцы в РФ с 25 февраля по 2 марта подешевели на 7,1%",,,ru,RU
a78cfb5184d7,interfax,https://www.interfax.ru/russia/1076135,2026-03-04 00:00:00,Президент России допустил скорое прекращение поставок газа в Европу,,,ru,RU
b51dc01f28e5,interfax,https://www.interfax.ru/russia/1076136,2026-03-04 00:00:00,Минсельхоз предложил продлить разрешение на ввоз ГМО-сои для производства кормов на экспорт,,,ru,RU
99027f7f2bbb,interfax,https://www.interfax.ru/russia/1076137,2026-03-04 00:00:00,"Путин сообщил о подготовке Украины к подрывам ""Голубого"" и ""Турецкого"" потоков",,,ru,RU
c69ef07d6859,interfax,https://www.interfax.ru/world/1076157,2026-03-04 00:00:00,В Пентагоне считают иранские беспилотники проблемой для операции США в Иране,,,ru,RU
f3d087e2a274,interfax,https://www.interfax.ru/world/1076156,2026-03-04 00:00:00,"МИД Испании отрицает, что страна согласилась сотрудничать с армией США по Ирану",,,ru,RU
716798277908,interfax,https://www.interfax.ru/world/1076154,2026-03-04 00:00:00,ВС США поразили более 20 кораблей ВМС Ирана,,,ru,RU
dafd4cd03af3,interfax,https://www.interfax.ru/world/1076151,2026-03-04 00:00:00,Венгрия получила от Москвы гарантии поставок энергоресурсов по текущим ценам,,,ru,RU
7d61c8c36ac6,interfax,https://www.interfax.ru/world/1076150,2026-03-04 00:00:00,Вашингтон не имеет графика для восстановления судоходства через Ормузский пролив,,,ru,RU
fe58b387b7e8,interfax,https://www.interfax.ru/world/1076148,2026-03-04 00:00:00,США не планируют использовать курдов для борьбы против Ирана,,,ru,RU
6851290a67b4,interfax,https://www.interfax.ru/world/1076152,2026-03-04 00:00:00,Испания согласилась сотрудничать с военными США,,,ru,RU
211562b86235,interfax,https://www.interfax.ru/world/1076147,2026-03-04 00:00:00,"WP сообщила, что ВС США скоро придется экономить боеприпасы для ПВО из-за атак Ирана",,,ru,RU
da44fabed3d5,interfax,https://www.interfax.ru/world/1076146,2026-03-04 00:00:00,"Орбан настаивает на необходимости восстановить транзит нефти по ""Дружбе""",,,ru,RU
d4f6900ef18e,interfax,https://www.interfax.ru/world/1076145,2026-03-04 00:00:00,Каллас напомнила об обещании ЕС выделить Украине 90 млрд евро,,,ru,RU
5a8c44ed9782,interfax,https://www.interfax.ru/world/1076144,2026-03-04 00:00:00,В Ираке случился полный блэкаут,,,ru,RU
df60accc60d3,interfax,https://www.interfax.ru/world/1076143,2026-03-04 00:00:00,Иранцы проводят церемонии в память об аятолле Хаменеи,,,ru,RU
1a0d0a9c668c,interfax,https://www.interfax.ru/moscow/1076139,2026-03-04 00:00:00,Подмосковье протестирует ГТО по управлению дронами,,,ru,RU
16a39617dbc6,interfax,https://www.interfax.ru/russia/1076149,2026-03-04 00:00:00,"Рейс ""Аэрофлота"" из Дубая сел в Нальчике из-за ограничений в Краснодаре",,,ru,RU
0417788b3395,interfax,https://www.interfax.ru/world/1076366,2026-03-05 00:00:00,Азербайджан приостановил движение грузов через границу с Ираном,,,ru,RU
a8cbcb2fa714,interfax,https://www.interfax.ru/russia/1076331,2026-03-05 00:00:00,"Песков заявил, что пауза в переговорах с Киевом возникла по объективным причинам",,,ru,RU
c506ff4b49e2,interfax,https://www.interfax.ru/world/1076332,2026-03-05 00:00:00,Аэропорт Нахичевани остановил работу после удара БПЛА,,,ru,RU
21f331ef2f2e,interfax,https://www.interfax.ru/business/1076363,2026-03-05 00:00:00,АТОР спрогнозировала рост ущерба туроператоров до конца недели до 3 млрд рублей,,,ru,RU
a48782fcb638,interfax,https://www.interfax.ru/russia/1076361,2026-03-05 00:00:00,Суд обратил в доход РФ имущество экс-чиновника Ингушетии на 80 млн рублей,,,ru,RU
0ee8ecec28fb,interfax,https://www.interfax.ru/world/1076364,2026-03-05 00:00:00,Беспилотную опасность отменили в Абхазии,,,ru,RU
8d2283855a8b,interfax,https://www.interfax.ru/world/1076365,2026-03-05 00:00:00,В Израиле сообщили об уничтожении в Иране 300 пусковых установок ракет с начала операции,,,ru,RU
1ddd5d136b00,interfax,https://www.interfax.ru/world/1076367,2026-03-05 00:00:00,"В Абу-Даби слышны взрывы, работают системы ПВО",,,ru,RU
29c05653730b,interfax,https://www.interfax.ru/world/1076379,2026-03-05 00:00:00,Минздрав Ливана сообщил о 102 погибших в результате ударов Израиля,,,ru,RU
ab7c4d8e08bb,interfax,https://www.interfax.ru/world/1076369,2026-03-05 00:00:00,В ВОЗ подтвердили данные о 13 атаках на объекты системы здравоохранения в Иране,,,ru,RU
e2849fee07be,interfax,https://www.interfax.ru/world/1076371,2026-03-05 00:00:00,Эрдоган в разговоре с Алиевым осудил удары Ирана беспилотниками по Нахичевани,,,ru,RU
6319821c0b62,interfax,https://www.interfax.ru/business/1076373,2026-03-05 00:00:00,"Рост цен на нефть усилился, Brent подорожала до $84,32 за баррель",,,ru,RU
f43bd9a39623,interfax,https://www.interfax.ru/world/1076374,2026-03-05 00:00:00,Ford отзывает более 600 тыс. машин в США из-за возможных неполадок с дворниками,,,ru,RU
e4ab91db0c88,interfax,https://www.interfax.ru/business/1076377,2026-03-05 00:00:00,Рубль в четверг снизился к юаню на МосБирже,,,ru,RU
b2bb1e223102,interfax,https://www.interfax.ru/russia/1076378,2026-03-05 00:00:00,"В МАГАТЭ сообщили о восстановлении линии ""Ферросплавная"" и ее подключении к ЗАЭС",,,ru,RU
5265c56253b7,interfax,https://www.interfax.ru/world/1076335,2026-03-05 00:00:00,Каллас не исключила приток мигрантов в ЕС из-за войны на Ближнем Востоке,,,ru,RU
f384f1680970,interfax,https://www.interfax.ru/russia/1076380,2026-03-05 00:00:00,"Сенатор Косачев выразил безоговорочную поддержку Ирану, подвергшемуся атакам Израиля и США",,,ru,RU
90bb9f39004a,interfax,https://www.interfax.ru/world/1076381,2026-03-05 00:00:00,"Более 3,6 тыс. гражданских объектов повреждены в Иране при ударах США и Израиля",,,ru,RU
930cffcef69f,interfax,https://www.interfax.ru/business/1076368,2026-03-05 00:00:00,"Глава ЦБ считает, что обращение криптовалют и ЦФА в РФ должно постепенно сближаться",,,ru,RU
48e6f3a4692d,interfax,https://www.interfax.ru/world/1076334,2026-03-05 00:00:00,Минобороны Азербайджана обвинило Иран в атаке региона Нахичевань четырьмя дронами,,,ru,RU
d7ac97cd8889,interfax,https://www.interfax.ru/world/1076346,2026-03-05 00:00:00,В Абхазии объявили беспилотную опасность,,,ru,RU
b4ba67ab3c5d,interfax,https://www.interfax.ru/world/1076337,2026-03-05 00:00:00,Алиев назвал терактом атаку БПЛА на Нахичевань,,,ru,RU
996696775390,interfax,https://www.interfax.ru/world/1076382,2026-03-05 00:00:00,Правительство Финляндии предложило снять ограничения на ввоз ядерного оружия в страну,,,ru,RU
d41c21d7dbb6,interfax,https://www.interfax.ru/business/1076362,2026-03-05 00:00:00,"OFAC выпустил бессрочную лицензию на сделки с германскими ""дочками"" ""Роснефти""",,,ru,RU
101e32269585,interfax,https://www.interfax.ru/russia/1076360,2026-03-05 00:00:00,В Кремле назвали задержание Цаликова частью работы правоохранительных органов,,,ru,RU
9f0f917535ad,interfax,https://www.interfax.ru/world/1076359,2026-03-05 00:00:00,Литва дополнительно выделит на оборону более 700 млн евро,,,ru,RU
b81d31b42938,interfax,https://www.interfax.ru/business/1076357,2026-03-05 00:00:00,"Набиуллина назвала достаточно острой проблему ""раздолжнителей""",,,ru,RU
fd7918716100,interfax,https://www.interfax.ru/digital/1076356,2026-03-05 00:00:00,Путин заявил об опасности неподконтрольных РФ систем связи для военных в зоне СВО,,,ru,RU
a55b7509329d,interfax,https://www.interfax.ru/russia/1076353,2026-03-05 00:00:00,Пожароопасный сезон в Подмосковье стартует 20 марта,,,ru,RU
a337f9e1d3cc,interfax,https://www.interfax.ru/russia/1076354,2026-03-05 00:00:00,"Орбан заявил, что прорвет нефтяную блокаду Украины силой",,,ru,RU
7b6d6620b9e8,interfax,https://www.interfax.ru/russia/1076351,2026-03-05 00:00:00,Расследование дела Цаликова находится на контроле руководства СКР,,,ru,RU
14bdaa085065,interfax,https://www.interfax.ru/world/1076352,2026-03-05 00:00:00,"""Аэрофлот"" запланировал на пятницу четыре вывозных рейса из ОАЭ на Boeing 777",,,ru,RU
30030a18006f,interfax,https://www.interfax.ru/world/1076350,2026-03-05 00:00:00,Иран сообщил об атаке дронов на штаб сил США в иракском Эрбиле,,,ru,RU
ae410dee33e0,interfax,https://www.interfax.ru/russia/1076349,2026-03-05 00:00:00,Начальник ГРУ сообщил о консультациях для следующего раунда переговоров с США,,,ru,RU
577de291f3c1,interfax,https://www.interfax.ru/world/1076347,2026-03-05 00:00:00,Поставки газа в Приднестровье упали до критического уровня,,,ru,RU
c3839b2a781a,interfax,https://www.interfax.ru/world/1076348,2026-03-05 00:00:00,Военные США опровергли сообщения о перехвате истребителя F-15 над Ираном,,,ru,RU
7b6f708d86d8,interfax,https://www.interfax.ru/russia/1076344,2026-03-05 00:00:00,КС запретил налоговикам вызывать проверяемого свидетелем по его собственному делу,,,ru,RU
dcae431040a8,interfax,https://www.interfax.ru/business/1076343,2026-03-05 00:00:00,Emirates прекратила оплачивать отели застрявшим на Маврикии российским туристам,,,ru,RU
3c11668a6fff,interfax,https://www.interfax.ru/russia/1076342,2026-03-05 00:00:00,Кремль назвал целью минимизацию последствий войны с Ираном для экономики России,,,ru,RU
c4a161710d17,interfax,https://www.interfax.ru/russia/1076339,2026-03-05 00:00:00,ЦИК РФ на выборах в Госдуму планирует шире применять дроны для доставки документов,,,ru,RU
18cc16628791,interfax,https://www.interfax.ru/russia/1076338,2026-03-05 00:00:00,"Суд 21 апреля может завершить процедуру банкротства ""Радио Свобода""",,,ru,RU
dd3135e96511,interfax,https://www.interfax.ru/business/1076336,2026-03-05 00:00:00,Авиакомпания Emirates работает по сокращенному расписанию,,,ru,RU
042c0e12b0d2,interfax,https://www.interfax.ru/world/1076384,2026-03-05 00:00:00,Из Ирана в Азербайджан с начала недели эвакуировали 262 россиянина,,,ru,RU
82efd0481f62,interfax,https://www.interfax.ru/world/1076345,2026-03-05 00:00:00,Хорватская Janaf ответила на обвинения со стороны MOL и Slovnaft,,,ru,RU
20f851fac8ca,interfax,https://www.interfax.ru/world/1076386,2026-03-05 00:00:00,"Трамп заявил, что видит желание Путина, но не Зеленского достичь урегулирования на Украине",,,ru,RU
9d46c9b3e3a8,interfax,https://www.interfax.ru/world/1076385,2026-03-05 00:00:00,Трамп хотел бы лично участвовать в определении нового верховного лидера Ирана,,,ru,RU
b9441fde5237,interfax,https://www.interfax.ru/world/1076405,2026-03-05 00:00:00,Президент Узбекистана решительно осудил удары иранских дронов по Нахичевани,,,ru,RU
0757ba2b7062,interfax,https://www.interfax.ru/russia/1076404,2026-03-05 00:00:00,Главы МИД Армении и Азербайджана по телефону обсудили ситуацию в регионе,,,ru,RU
f095a272d9a1,interfax,https://www.interfax.ru/world/1076403,2026-03-05 00:00:00,Обломки сбитых воздушных целей повредили подстанцию в Севастополе,,,ru,RU
1e053add13dc,interfax,https://www.interfax.ru/russia/1076396,2026-03-05 00:00:00,Дом горного начальника XVIII века загорелся в Петрозаводске,,,ru,RU
a0d8edce506d,interfax,https://www.interfax.ru/russia/1076399,2026-03-05 00:00:00,Власти Шри-Ланки эвакуировали 208 человек с запросившего помощи иранского корабля,,,ru,RU
856a32c24d7c,interfax,https://www.interfax.ru/world/1076398,2026-03-05 00:00:00,Трамп решил сменить министра внутренней безопасности,,,ru,RU
ffcac3b5a848,interfax,https://www.interfax.ru/russia/1076397,2026-03-05 00:00:00,Бывший первый замглавы Минобороны РФ Цаликов отправлен под домашний арест,,,ru,RU
e40e5e718b07,interfax,https://www.interfax.ru/russia/1076400,2026-03-05 00:00:00,Ограничения на прием и выпуск рейсов в аэропорту Кирова сняты,,,ru,RU
abb7399a5461,interfax,https://www.interfax.ru/world/1076394,2026-03-05 00:00:00,"Аракчи заявил, что Иран пока не перекрывал Ормузский пролив",,,ru,RU
c3cc9b21f7ad,interfax,https://www.interfax.ru/world/1076393,2026-03-05 00:00:00,"Власти Ирана заявили, что готовы на случай сухопутной операции США",,,ru,RU
f9ab01b651c4,interfax,https://www.interfax.ru/russia/1076391,2026-03-05 00:00:00,Студент МИФИ приговорен к 19 годам колонии за госизмену и теракт,,,ru,RU
07a0d7813ff4,interfax,https://www.interfax.ru/culture/1076392,2026-03-05 00:00:00,"Питер Джексон станет обладателем почетной ""Золотой пальмовой ветви"" Каннского кинофестиваля",,,ru,RU
daee88a12e6f,interfax,https://www.interfax.ru/world/1076390,2026-03-05 00:00:00,"Глава МИД Ирана сообщил о ""политической и иной"" поддержке от РФ и Китая",,,ru,RU
1cd2da76edb8,interfax,https://www.interfax.ru/world/1076388,2026-03-05 00:00:00,Президент ОАЭ в разговоре с Алиевым осудил удары иранских дронов по Нахичевани,,,ru,RU
c36ea3916d77,interfax,https://www.interfax.ru/world/1076375,2026-03-05 00:00:00,"Что произошло за день: четверг, 5 марта",,,ru,RU
d314f880aca9,interfax,https://www.interfax.ru/russia/1076395,2026-03-05 00:00:00,Один человек погиб и один пострадал при атаке дрона по машине в ЛНР,,,ru,RU
869b215eced3,interfax,https://www.interfax.ru/russia/1076562,2026-03-06 00:00:00,Лавров обсудил с главой МИД Афганистана негативные последствия агрессии против Ирана,,,ru,RU
4cd2e8ff1955,interfax,https://www.interfax.ru/world/1076561,2026-03-06 00:00:00,В Еврокомиссии осудили угрозы Зеленского в адрес Орбана,,,ru,RU
7a40479e6d9e,interfax,https://www.interfax.ru/russia/1076560,2026-03-06 00:00:00,"Путин провел совещание, посвященное использованию военной техники в зоне СВО",,,ru,RU
07ea07454fc2,interfax,https://www.interfax.ru/russia/1076556,2026-03-06 00:00:00,"""Аэрофлот"" вводит в марте 13 дополнительных рейсов в Таиланд и на Мальдивы",,,ru,RU
345a94c4f591,interfax,https://www.interfax.ru/russia/1076558,2026-03-06 00:00:00,В Нижнем Новгороде из-за обрушения кровли нежилого здания погиб человек,,,ru,RU
e5891e7fee6e,interfax,https://www.interfax.ru/world/1076557,2026-03-06 00:00:00,Кувейт планирует сокращение нефтедобычи из-за заполненности хранилищ,,,ru,RU
befa54831557,interfax,https://www.interfax.ru/russia/1076563,2026-03-06 00:00:00,В Шебекинском округе в результате взрыва дрона на парковке ранен мужчина,,,ru,RU
8b5446622b6f,interfax,https://www.interfax.ru/business/1076559,2026-03-06 00:00:00,В ФРС не ждут устойчивого влияния войны с Ираном на инфляцию в США,,,ru,RU
841168968c20,interfax,https://www.interfax.ru/russia/1076564,2026-03-06 00:00:00,S7 планирует 7-12 марта выполнить 12 вывозных рейсов из ОАЭ,,,ru,RU
99abf311f049,interfax,https://www.interfax.ru/business/1076574,2026-03-06 00:00:00,Компании РФ перенаправят часть поставляемого в Европу СПГ на другие рынки,,,ru,RU
902c570b911c,interfax,https://www.interfax.ru/world/1076566,2026-03-06 00:00:00,НАТО усилила ПРО на фоне конфликта на Ближнем Востоке,,,ru,RU
9deb459197e9,interfax,https://www.interfax.ru/world/1076568,2026-03-06 00:00:00,В КСИР заявили об ударах по военным базам США в ОАЭ и Кувейте,,,ru,RU
c76b1b1e2b11,interfax,https://www.interfax.ru/russia/1076567,2026-03-06 00:00:00,Три жителя курского приграничья возвращаются с территории Украины,,,ru,RU
db3c87bb7fea,interfax,https://www.interfax.ru/russia/1076569,2026-03-06 00:00:00,"В Бодайбо, где устраняют аварию ЖКХ, подключили дополнительный водовод",,,ru,RU
ff7b03eceed4,interfax,https://www.interfax.ru/world/1076570,2026-03-06 00:00:00,Число погибших от израильских ударов в Ливане превысило 200 человек,,,ru,RU
cfd821960689,interfax,https://www.interfax.ru/business/1076571,2026-03-06 00:00:00,"BP заявила, что на добычу нефти на Шах-Денизе санкции против ""ЛУКОЙЛа"" не влияют",,,ru,RU
93a0c7e23303,interfax,https://www.interfax.ru/moscow/1076572,2026-03-06 00:00:00,"Объявление о продаже башен РЖД в ""Москва-Сити"" сняли вскоре после публикации",,,ru,RU
fdf55e2c01f8,interfax,https://www.interfax.ru/business/1076555,2026-03-06 00:00:00,РФ в 2025 году увеличила выращивание цветов на 8% до более 470 млн штук,,,ru,RU
2d1ce08b9e3a,interfax,https://www.interfax.ru/world/1076573,2026-03-06 00:00:00,Французский авианосец вошел в Средиземное море,,,ru,RU
29899384f8d1,interfax,https://www.interfax.ru/world/1076565,2026-03-06 00:00:00,Трамп поручит Рубио заняться темой Кубы,,,ru,RU
be13a0c19055,interfax,https://www.interfax.ru/russia/1076554,2026-03-06 00:00:00,"""Аэрофлот"" 11 марта выполнит последние вывозные рейсы из ОАЭ",,,ru,RU
78166d27b3ed,interfax,https://www.interfax.ru/moscow/1076544,2026-03-06 00:00:00,"Московские риелторы направили в ФАС жалобу на ""Циан"" из-за повышения тарифов",,,ru,RU
3b886b04a57d,interfax,https://www.interfax.ru/business/1076551,2026-03-06 00:00:00,Цена Brent превысила $90 за баррель впервые с апреля 2024 года,,,ru,RU
21ab7b72b90d,interfax,https://www.interfax.ru/business/1076532,2026-03-06 00:00:00,"ММК приостановит добычу на угольной шахте ""Чертинская-Коксовая""",,,ru,RU
75b2afe6df51,interfax,https://www.interfax.ru/business/1076533,2026-03-06 00:00:00,Ученые выявили связь между ухудшением экологии в стране и подорожанием госзаимствований,,,ru,RU
6fa2a1b8f29a,interfax,https://www.interfax.ru/world/1076534,2026-03-06 00:00:00,Иранские военные заявили об атаке на танкер США у берегов Кувейта,,,ru,RU
b298d0dab5f0,interfax,https://www.interfax.ru/business/1076535,2026-03-06 00:00:00,"""Мосбиржа"" запустит торги мини-фьючерсами на платину и палладий",,,ru,RU
197c7dcf77bc,interfax,https://www.interfax.ru/world/1076536,2026-03-06 00:00:00,"Латвийские военные начали установку ""зубов дракона"" на границе с Россией",,,ru,RU
8167e5ca15b5,interfax,https://www.interfax.ru/business/1076537,2026-03-06 00:00:00,"Саудовская Аравия в апреле повысит цену нефти для Европы на $3,5 за баррель",,,ru,RU
2778cec8cf9a,interfax,https://www.interfax.ru/world/1076538,2026-03-06 00:00:00,Иран стал чаще атаковать объекты США в Иракском Курдистане,,,ru,RU
b601ca5dc452,interfax,https://www.interfax.ru/world/1076539,2026-03-06 00:00:00,Axel Springer покупает Telegraph Media Group за 575 млн фунтов,,,ru,RU
9baf16e2d0e2,interfax,https://www.interfax.ru/world/1076540,2026-03-06 00:00:00,"Военные Катара в Бахрейне находились в зданиях, ставших целями иранских ударов",,,ru,RU
9fa61b14bf7f,interfax,https://www.interfax.ru/russia/1076541,2026-03-06 00:00:00,Аэропорт Краснодара второй раз за сутки прерывал работу,,,ru,RU
f72fdb464d42,interfax,https://www.interfax.ru/world/1076542,2026-03-06 00:00:00,Уиткофф ожидает новых успехов в урегулировании на Украине в ближайшие недели,,,ru,RU
b8b9499ba078,interfax,https://www.interfax.ru/russia/1076543,2026-03-06 00:00:00,Спрос россиян на турпоездки упал почти на всех направлениях,,,ru,RU
d3c60a863401,interfax,https://www.interfax.ru/russia/1076577,2026-03-06 00:00:00,Ространснадзор выявил у AZUR air нарушения воздушного законодательства,,,ru,RU
8a2b68bcf6f3,interfax,https://www.interfax.ru/business/1076545,2026-03-06 00:00:00,Disney в марте в Сингапуре запустит свой крупнейший круизный лайнер,,,ru,RU
edb4a06c2978,interfax,https://www.interfax.ru/business/1076546,2026-03-06 00:00:00,"Международные резервы РФ в феврале снизились на 2,9% до $809,3 млрд",,,ru,RU
c5940fd27ec6,interfax,https://www.interfax.ru/russia/1076547,2026-03-06 00:00:00,Студент МИФИ получил 19 лет лишения свободы по делу о госизмене,,,ru,RU
2682a2480910,interfax,https://www.interfax.ru/russia/1076548,2026-03-06 00:00:00,В Грайворонском округе в результате атаки дрона на грузовик ранен мужчина,,,ru,RU
99a5d164a0af,interfax,https://www.interfax.ru/world/1076550,2026-03-06 00:00:00,"В ЕК задумались о содействии ремонту нефтепровода ""Дружба""",,,ru,RU
fd0933dd46c0,interfax,https://www.interfax.ru/russia/1076549,2026-03-06 00:00:00,В РФ снизились продажи туров в Абхазию из-за изменения правил въезда,,,ru,RU
385ebebc9840,interfax,https://www.interfax.ru/business/1076553,2026-03-06 00:00:00,Минфин предложил поэтапно ввести полный НДС для трансграничной e-commerce с 2029 года,,,ru,RU
4b8da6affe70,interfax,https://www.interfax.ru/business/1076578,2026-03-06 00:00:00,Рубль в пятницу почти не изменился в паре с юанем перед длительными выходными,,,ru,RU
206bf31fe85a,interfax,https://www.interfax.ru/world/1076552,2026-03-06 00:00:00,"Трамп заявил, что его устроит только капитуляция Ирана",,,ru,RU
0d7301d48b0f,interfax,https://www.interfax.ru/business/1076580,2026-03-06 00:00:00,Золото дорожает на фоне ослабления доллара,,,ru,RU
1e194f46e027,interfax,https://www.interfax.ru/world/1076579,2026-03-06 00:00:00,ЕС усилил контроль на границах на фоне событий на Ближнем Востоке,,,ru,RU
b174d37cdc74,interfax,https://www.interfax.ru/russia/1076599,2026-03-06 00:00:00,Президенты РФ и Ирана условились продолжать контакты по различным каналам,,,ru,RU
feea34cfbcfd,interfax,https://www.interfax.ru/russia/1076597,2026-03-06 00:00:00,Путин и Пезешкиан обсудили по телефону ситуацию вокруг Ирана,,,ru,RU
f5caff41f9a8,interfax,https://www.interfax.ru/world/1076596,2026-03-06 00:00:00,"В Белом доме ожидают, что операция против Ирана продлится до шести недель",,,ru,RU
3454e0d6a8cc,interfax,https://www.interfax.ru/world/1076595,2026-03-06 00:00:00,"Генсек ООН опасается, что ситуация на Ближнем Востоке может выйти из-под контроля",,,ru,RU
5185c62e3d72,interfax,https://www.interfax.ru/world/1076593,2026-03-06 00:00:00,Спецслужба Азербайджана предотвратила планировавшиеся КСИР теракты,,,ru,RU
21378a9b7817,interfax,https://www.interfax.ru/world/1076592,2026-03-06 00:00:00,"Американский ""грузовик"" Cygnus XL покинет МКС 12 марта",,,ru,RU
bd3546a7d456,interfax,https://www.interfax.ru/world/1076591,2026-03-06 00:00:00,"В ЦАХАЛ сообщили, что за пятницу поразили 400 целей на западе Ирана",,,ru,RU
2bd73d8d48c2,interfax,https://www.interfax.ru/world/1076594,2026-03-06 00:00:00,ВВС США разместили в Израиле эскадрилью F-35A для использования в операции против Ирана,,,ru,RU
c43dc706e8ca,interfax,https://www.interfax.ru/russia/1076589,2026-03-06 00:00:00,Правительство выдвинуло в совет директоров РЖД министра транспорта Никитина,,,ru,RU
654129f36b4f,interfax,https://www.interfax.ru/business/1076588,2026-03-06 00:00:00,"Росстат сообщил о снижении инвестиций в основной капитал в РФ в 2025 г. на 2,3%",,,ru,RU
50912fdfa3b8,interfax,https://www.interfax.ru/russia/1076583,2026-03-06 00:00:00,"Что произошло за день: пятница, 6 марта",,,ru,RU
32ae2bd4f6fd,interfax,https://www.interfax.ru/business/1076586,2026-03-06 00:00:00,"Цена Brent превысила $92 за баррель, WTI выше $90",,,ru,RU
c6333238b382,interfax,https://www.interfax.ru/world/1076585,2026-03-06 00:00:00,Канцлер ФРГ опасается наплыва иммигрантов из Ирана,,,ru,RU
8a70caf712e3,interfax,https://www.interfax.ru/business/1076584,2026-03-06 00:00:00,"В АБР сочли, что длительность войны в Иране больше всего повлияет на масштаб последствий для Азии",,,ru,RU
5ed0dc5cbeb5,interfax,https://www.interfax.ru/world/1076582,2026-03-06 00:00:00,"США начнут сопровождать суда через Ормузский пролив после того, как снизят боеспособность Ирана",,,ru,RU
7b2011def455,interfax,https://www.interfax.ru/moscow/1076590,2026-03-06 00:00:00,Стоимость проезда по МСД будет проиндексирована с 14 марта,,,ru,RU
c6e143abf0e5,interfax,https://www.interfax.ru/business/1076581,2026-03-06 00:00:00,Нефтекомпании доложили кабмину о мерах по сохранению баланса на рынке топлива РФ,,,ru,RU
90a658a5befc,interfax,https://www.interfax.ru/world/1076653,2026-03-07 00:00:00,Трамп встретится в Майами с лидерами ряда латиноамериканских государств,,,ru,RU
0bdc634eefef,interfax,https://www.interfax.ru/russia/1076652,2026-03-07 00:00:00,Российские войска в течение суток улучшили позиции в зоне СВО,,,ru,RU
acfdcd44a293,interfax,https://www.interfax.ru/russia/1076651,2026-03-07 00:00:00,Военные заявили о массированном ударе по объектам энергетики и военным аэродромам Украины,,,ru,RU
f489227f7d57,interfax,https://www.interfax.ru/world/1076646,2026-03-07 00:00:00,Нефтяной танкер подвергся удару беспилотника в Ормузском проливе,,,ru,RU
7585cf0f61ff,interfax,https://www.interfax.ru/russia/1076647,2026-03-07 00:00:00,Первая замглавы Пятигорска арестована по делу о хищении 117 млн рублей,,,ru,RU
11d605dcba4a,interfax,https://www.interfax.ru/russia/1076654,2026-03-07 00:00:00,Над Белгородской областью за сутки уничтожено 47 дронов ВСУ,,,ru,RU
8c84aa389db0,interfax,https://www.interfax.ru/russia/1076649,2026-03-07 00:00:00,Минобороны РФ сообщило об отражении атак ВСУ в Днепропетровской области,,,ru,RU
2ef72df29091,interfax,https://www.interfax.ru/russia/1076655,2026-03-07 00:00:00,Один человек погиб в Херсонской области из-за атак украинских дронов,,,ru,RU
c2f97c2eef80,interfax,https://www.interfax.ru/russia/1076665,2026-03-07 00:00:00,Мужчина пострадал при ударе дрона ВСУ в Белгородской области,,,ru,RU
01423a252e83,interfax,https://www.interfax.ru/russia/1076657,2026-03-07 00:00:00,Движение поездов в Рязанской области полностью восстановлено,,,ru,RU
df09d2fec4b0,interfax,https://www.interfax.ru/world/1076660,2026-03-07 00:00:00,Трамп угрожает Ирану мощным ударом,,,ru,RU
2236eb38c0ab,interfax,https://www.interfax.ru/russia/1076658,2026-03-07 00:00:00,В Тульской области избрали меру пресечения фигуранту дела об обрушении крыши в цехах,,,ru,RU
b4a05f2f4fec,interfax,https://www.interfax.ru/world/1076661,2026-03-07 00:00:00,"Трамп считает, что США располагают практически неограниченным запасом вооружений",,,ru,RU
042614a1fc7d,interfax,https://www.interfax.ru/world/1076662,2026-03-07 00:00:00,"Около 3,6 тыс. российских туристов застряли на Шри-Ланке",,,ru,RU
bccc12a90036,interfax,https://www.interfax.ru/world/1076663,2026-03-07 00:00:00,"В Иордании сообщили, что более сотни ракет и дронов атаковали страну за неделю",,,ru,RU
75341aaa5d04,interfax,https://www.interfax.ru/russia/1076644,2026-03-07 00:00:00,Один из российских телекоммуникационных спутников вышел из строя,,,ru,RU
294ca62a6741,interfax,https://www.interfax.ru/world/1076656,2026-03-07 00:00:00,"Представитель ВС Ирана обещал не наносить удары по соседям, если те не проявят агрессивности",,,ru,RU
ba96c0b85e2c,interfax,https://www.interfax.ru/russia/1076643,2026-03-07 00:00:00,"Авиакомпании в субботу планируют вывезти из ОАЭ и Омана в РФ 9,2 тыс. пассажиров",,,ru,RU
95db94e6daea,interfax,https://www.interfax.ru/world/1076629,2026-03-07 00:00:00,В Баку заявили об эвакуации 282 россиян из Ирана в Азербайджан с начала недели,,,ru,RU
a9e4464571e6,interfax,https://www.interfax.ru/russia/1076639,2026-03-07 00:00:00,Трое подростков арестованы в Челябинске по делу об избиении мужчины до смерти,,,ru,RU
6d3106904910,interfax,https://www.interfax.ru/world/1076615,2026-03-07 00:00:00,Госдеп США одобрил продажу Израилю 12 тыс. авиабомб на фоне операции против Ирана,,,ru,RU
2531916d8282,interfax,https://www.interfax.ru/world/1076616,2026-03-07 00:00:00,"Дмитриев подтвердил, что РФ обсуждает с США возможность ослабления санкций против нефти",,,ru,RU
0ac3cba5edb7,interfax,https://www.interfax.ru/russia/1076617,2026-03-07 00:00:00,"Аэропорты Волгограда, Калуги, Пензы, Саратова и Ульяновска работают в штатном режиме",,,ru,RU
d55f36cf96d1,interfax,https://www.interfax.ru/russia/1076618,2026-03-07 00:00:00,Три человека погибли в результате пожара в жилом доме в Башкирии,,,ru,RU
f6f2410caa7c,interfax,https://www.interfax.ru/world/1076619,2026-03-07 00:00:00,Эр-Рияд активизировал контакты с Тегераном для сдерживания конфликта на Ближнем Востоке,,,ru,RU
9d96ce69e122,interfax,https://www.interfax.ru/world/1076620,2026-03-07 00:00:00,США могут отправить на Ближний Восток бригаду элитной воздушно-десантной дивизии,,,ru,RU
a44f0adbc524,interfax,https://www.interfax.ru/russia/1076622,2026-03-07 00:00:00,"Ограничения сняты в аэропортах Казани, Бугульмы, Нижнекамска и Самары",,,ru,RU
17f8f9341140,interfax,https://www.interfax.ru/world/1076623,2026-03-07 00:00:00,"Что случилось этой ночью: суббота, 7 марта",,,ru,RU
893a94769657,interfax,https://www.interfax.ru/world/1076641,2026-03-07 00:00:00,Временный руководящий совет Ирана распорядился прекратить обстрелы соседних стран,,,ru,RU
1cf09d9ccd3e,interfax,https://www.interfax.ru/russia/1076624,2026-03-07 00:00:00,Беспилотник упал рядом с многоквартирным домом в липецком Ельце,,,ru,RU
7505dc6a5385,interfax,https://www.interfax.ru/russia/1076627,2026-03-07 00:00:00,"В Брянской области из-за атаки БПЛА повреждены здания на территориях ""Мираторга"" и ""Охотно""",,,ru,RU
9e637ca943c2,interfax,https://www.interfax.ru/world/1076666,2026-03-07 00:00:00,Около тысячи граждан Азербайджана подали заявки на эвакуацию из стран Ближнего Востока,,,ru,RU
8bd42d3ed9ed,interfax,https://www.interfax.ru/russia/1076631,2026-03-07 00:00:00,Один человек пострадал из-за падения обломков БПЛА в Самарской области,,,ru,RU
37e85cf6b2be,interfax,https://www.interfax.ru/world/1076628,2026-03-07 00:00:00,"США спешат заменить радар противоракетной системы THAAD, уничтоженный Ираном",,,ru,RU
b85d4dda46a7,interfax,https://www.interfax.ru/world/1076632,2026-03-07 00:00:00,ЦАХАЛ сообщила о новых авиаударах по Тегерану,,,ru,RU
3ed333df6a7e,interfax,https://www.interfax.ru/russia/1076636,2026-03-07 00:00:00,"Володин отметил, что Дума совершенствует законы для защиты здоровья россиян",,,ru,RU
35ffbc766f7a,interfax,https://www.interfax.ru/russia/1076637,2026-03-07 00:00:00,Поезда задерживаются в пути из-за повреждения ж/д инфраструктуры в Рязанской области,,,ru,RU
5fbe94d37215,interfax,https://www.interfax.ru/russia/1076638,2026-03-07 00:00:00,Над Курской областью за сутки уничтожены 35 беспилотников,,,ru,RU
476d233eec85,interfax,https://www.interfax.ru/world/1076625,2026-03-07 00:00:00,Азербайджан эвакуировал из Ирана большую часть сотрудников дипмиссии,,,ru,RU
71bc04ecdc94,interfax,https://www.interfax.ru/russia/1076668,2026-03-07 00:00:00,МИД РФ призвал Баку и Тегеран воздерживаться от непродуманных шагов,,,ru,RU
95517b141b9a,interfax,https://www.interfax.ru/world/1076676,2026-03-07 00:00:00,"Президент ОАЭ заявил, что его страна находится в состоянии войны",,,ru,RU
417553d3351e,interfax,https://www.interfax.ru/culture/1076671,2026-03-07 00:00:00,"Безруков заявил, что во МХАТ им. Горького не стоит ждать молниеносных изменений",,,ru,RU
93c15917979e,interfax,https://www.interfax.ru/russia/1076670,2026-03-07 00:00:00,Три человека погибли в ДТП на Кольском полуострове,,,ru,RU
01fd2fca32e7,interfax,https://www.interfax.ru/world/1076687,2026-03-07 00:00:00,Трамп объявил о создании военной коалиции по борьбе с наркоторговлей в Латинской Америке,,,ru,RU
1fcb508cb9f2,interfax,https://www.interfax.ru/world/1076686,2026-03-07 00:00:00,Израиль нанес более 3 тыс. ударов по Ирану с начала военной операции,,,ru,RU
faca126d1aac,interfax,https://www.interfax.ru/world/1076684,2026-03-07 00:00:00,"Трамп заявляет, что США потопили более 40 кораблей ВМС Ирана",,,ru,RU
164b4ccd8629,interfax,https://www.interfax.ru/world/1076683,2026-03-07 00:00:00,Израиль впервые атаковал нефтяную инфраструктуру Ирана,,,ru,RU
80553dc9d453,interfax,https://www.interfax.ru/world/1076682,2026-03-07 00:00:00,США признали новое правительство Венесуэлы,,,ru,RU
6ec2895fb532,interfax,https://www.interfax.ru/russia/1076685,2026-03-07 00:00:00,Краснодарский аэропорт приостановил работу,,,ru,RU
c7cccc41aebd,interfax,https://www.interfax.ru/moscow/1076679,2026-03-07 00:00:00,"Выход станции метро ""Пражская"" возобновил работу",,,ru,RU
9813405fe220,interfax,https://www.interfax.ru/world/1076678,2026-03-07 00:00:00,Организация тюркских государств осуждает иранские атаки на Турцию и Азербайджан,,,ru,RU
da6811f6c823,interfax,https://www.interfax.ru/russia/1076677,2026-03-07 00:00:00,Федеральная трасса закрыта до утра из-за непогоды в Башкирии,,,ru,RU
4f5f1fff7453,interfax,https://www.interfax.ru/world/1076675,2026-03-07 00:00:00,В американской разведке усомнились в вероятности смены власти в Иране,,,ru,RU
8ed11c96a1d7,interfax,https://www.interfax.ru/moscow/1076672,2026-03-07 00:00:00,"Автомобиль врезался в двери выхода станции ""Пражская"" московского метро",,,ru,RU
3aaf8656c51f,interfax,https://www.interfax.ru/world/1076680,2026-03-07 00:00:00,Великобритания готовит авианосец к возможной отправке на Ближний Восток,,,ru,RU
56b7b7a68040,interfax,https://www.interfax.ru/russia/1076755,2026-03-08 00:00:00,"Путин подписал закон, корректирующий штрафы за перевозку пассажиров такси без страховки",,,ru,RU
65018abb9b84,interfax,https://www.interfax.ru/moscow/1076769,2026-03-08 00:00:00,"Уничтожено еще три БПЛА, летевших на столицу",,,ru,RU
9a2b76bc7fec,interfax,https://www.interfax.ru/world/1076747,2026-03-08 00:00:00,На юге Ливана погибли двое израильских военнослужащих,,,ru,RU
729253ca64f5,interfax,https://www.interfax.ru/russia/1076748,2026-03-08 00:00:00,"Путин подписал закон об увеличении до 2,5 млн руб. штрафов за нарушение границы РФ",,,ru,RU
93be8dcac14b,interfax,https://www.interfax.ru/russia/1076750,2026-03-08 00:00:00,"Путин подписал закон об отказе в выдаче иностранцев, служивших в ВС РФ",,,ru,RU
56a9f2c7ba73,interfax,https://www.interfax.ru/russia/1076754,2026-03-08 00:00:00,Президент подписал закон об обязательной геномной регистрации военных и полицейских,,,ru,RU
f9f87b65cd7c,interfax,https://www.interfax.ru/world/1076756,2026-03-08 00:00:00,В МИД Ирана назвали бомбардировки нефтехранилищ страны новой опасной фазой конфликта,,,ru,RU
aebc21e28264,interfax,https://www.interfax.ru/russia/1076768,2026-03-08 00:00:00,Российско-абхазскую границу на время закрывали из-за угрозы атак БПЛА,,,ru,RU
dcc598bb3edf,interfax,https://www.interfax.ru/world/1076759,2026-03-08 00:00:00,"Министр США заявил, что Штаты не участвовали в ударах по объектам энергетики Ирана",,,ru,RU
0a06470f96b9,interfax,https://www.interfax.ru/russia/1076760,2026-03-08 00:00:00,Аэропорт Сочи снова приостановил обслуживание рейсов,,,ru,RU
7af6cd0fd3dd,interfax,https://www.interfax.ru/russia/1076761,2026-03-08 00:00:00,Минобороны РФ заявило об уничтожении с 14:00 170 украинских дронов,,,ru,RU
2b2834ffaba5,interfax,https://www.interfax.ru/russia/1076765,2026-03-08 00:00:00,Минобороны РФ заявило о нейтрализации вечером 30 дронов ВСУ,,,ru,RU
7c8a56f18d0c,interfax,https://www.interfax.ru/world/1076745,2026-03-08 00:00:00,Qatar Airways планирует вывозной рейс из Катара в Москву на 9 марта,,,ru,RU
44b23d900163,interfax,https://www.interfax.ru/world/1076766,2026-03-08 00:00:00,"Трамп заявил, что следующий лидер Ирана не продержится долго без одобрения США",,,ru,RU
d7c05c278051,interfax,https://www.interfax.ru/world/1076767,2026-03-08 00:00:00,Трамп и Стармер обсудили использование британских военных баз для оборонительных целей,,,ru,RU
c514a0abb209,interfax,https://www.interfax.ru/russia/1076758,2026-03-08 00:00:00,Вылет 14 рейсов задерживается в аэропорту Сочи,,,ru,RU
d3e572a2670e,interfax,https://www.interfax.ru/world/1076742,2026-03-08 00:00:00,Военные ОАЭ опровергли сообщения о нанесении удара по Ирану,,,ru,RU
22d36a4fbf69,interfax,https://www.interfax.ru/business/1076729,2026-03-08 00:00:00,"Песков заявил, что европейская экономика пострадает от ""энергетического шантажа"" Киева",,,ru,RU
392fa966a069,interfax,https://www.interfax.ru/russia/1076738,2026-03-08 00:00:00,Супружеская пара погибла из-за атаки дрона ВСУ на машину в Запорожской области,,,ru,RU
b9f34adf05bb,interfax,https://www.interfax.ru/world/1076716,2026-03-08 00:00:00,ЦАХАЛ заявила об уничтожении группы истребителей F-14 в аэропорту Исфахана,,,ru,RU
85e9ae52b9ed,interfax,https://www.interfax.ru/russia/1076717,2026-03-08 00:00:00,Домашний скот изымают в Новосибирской области из-за бешенства и пастереллеза,,,ru,RU
789d15935900,interfax,https://www.interfax.ru/russia/1076718,2026-03-08 00:00:00,Аэропорт Калуги временно не принимает и не выпускает рейсы,,,ru,RU
a368a64807f4,interfax,https://www.interfax.ru/russia/1076720,2026-03-08 00:00:00,Минобороны заявило об уничтожении в зоне СВО пусковых установок HIMARS и MLRS,,,ru,RU
a9ec28754523,interfax,https://www.interfax.ru/russia/1076722,2026-03-08 00:00:00,"Песков считает, что международного права фактически больше нет",,,ru,RU
e0b261f2f50e,interfax,https://www.interfax.ru/world/1076724,2026-03-08 00:00:00,"Иран ответит соседним странам, если они будут предоставлять свою территорию военным США",,,ru,RU
13fdc66752b2,interfax,https://www.interfax.ru/world/1076725,2026-03-08 00:00:00,США и Израиль за ночь атаковали четыре иранских нефтехранилища,,,ru,RU
2da1750e18f1,interfax,https://www.interfax.ru/russia/1076726,2026-03-08 00:00:00,Один человек погиб от удара дронов ВСУ в запорожской Васильевке,,,ru,RU
c8588109b011,interfax,https://www.interfax.ru/russia/1076727,2026-03-08 00:00:00,Президент России на неделе проведет совещание по вопросам образования,,,ru,RU
fde5d3d48f3a,interfax,https://www.interfax.ru/world/1076728,2026-03-08 00:00:00,"США не исключили, что иранцы могут извлечь обогащенный уран из объекта в Исфахане",,,ru,RU
a058b5e08458,interfax,https://www.interfax.ru/russia/1076730,2026-03-08 00:00:00,Песков увидел перспективы в азиатских рынках,,,ru,RU
8c19e5741569,interfax,https://www.interfax.ru/russia/1076731,2026-03-08 00:00:00,"Путин считает, что в отношениях ЕС и Украины ""хвост виляет собакой""",,,ru,RU
61d47d83ac85,interfax,https://www.interfax.ru/russia/1076732,2026-03-08 00:00:00,"Глава ГРУ заявил, что РФ в жесткой форме поставила перед Киевом вопрос о покушении на Алексеева",,,ru,RU
a9b66844a0ed,interfax,https://www.interfax.ru/world/1076733,2026-03-08 00:00:00,"В иранском Совете экспертов пока не сообщают, кого выбрали лидером страны",,,ru,RU
cc27a0ed01b6,interfax,https://www.interfax.ru/world/1076735,2026-03-08 00:00:00,На заправках в Бангладеш ввели ограничения на покупку горючего,,,ru,RU
5cd96dad7233,interfax,https://www.interfax.ru/russia/1076740,2026-03-08 00:00:00,"Песков заявил, что Россия сохраняет открытость к переговорам с США, так как это в интересах РФ",,,ru,RU
3ae88d3d4bcf,interfax,https://www.interfax.ru/russia/1076771,2026-03-08 00:00:00,"Осколки БПЛА повредили автобус в Сочи, никто не пострадал",,,ru,RU
fa84d28af04c,interfax,https://www.interfax.ru/moscow/1076773,2026-03-08 00:00:00,Аэропорт Жуковский вернулся к штатной работе,,,ru,RU
f326adce9c06,interfax,https://www.interfax.ru/russia/1076782,2026-03-08 00:00:00,Российские военные ликидировали за вечер 34 беспилотника ВСУ,,,ru,RU
846120c0626f,interfax,https://www.interfax.ru/russia/1076774,2026-03-08 00:00:00,Мирные жители и двое военных ранены после атак БПЛА в Белгородской области,,,ru,RU
7e62213897bd,interfax,https://www.interfax.ru/russia/1076775,2026-03-08 00:00:00,"Четыре человека, включая ребенка, погибли в результате боевых действий в ДНР в воскресенье",,,ru,RU
b5df4b91c5ca,interfax,https://www.interfax.ru/world/1076776,2026-03-08 00:00:00,"Беспилотник ВМС США провел разведку вблизи иранской АЭС ""Бушер""",,,ru,RU
f8412b2d4dbc,interfax,https://www.interfax.ru/russia/1076777,2026-03-08 00:00:00,Ограничения отменены в аэропорту Калуги,,,ru,RU
f36fae126f5e,interfax,https://www.interfax.ru/world/1076778,2026-03-08 00:00:00,"Израиль заявил, что нанес удары по штаб-квартире ВВС КСИР",,,ru,RU
4cfcdaf685e4,interfax,https://www.interfax.ru/russia/1076779,2026-03-08 00:00:00,Главы МИД России и ОАЭ выступили за деэскалацию конфликта вокруг Ирана,,,ru,RU
e6137dfbdb3b,interfax,https://www.interfax.ru/world/1076780,2026-03-08 00:00:00,"Авианосец ВМС США ""Авраам Линкольн"" приблизился к Ирану на расстояние 350 км",,,ru,RU
a96c74185502,interfax,https://www.interfax.ru/world/1076781,2026-03-08 00:00:00,"Пезешкиан заявил Алиеву, что Иран не имеет отношения к атаке на Нахичевань",,,ru,RU
afb4544efdb9,interfax,https://www.interfax.ru/world/1076772,2026-03-08 00:00:00,США нарастили количество стратегических бомбардировщиков B-1B в Британии до пяти,,,ru,RU
afe2402c3b89,interfax,https://www.interfax.ru/business/1076856,2026-03-09 00:00:00,Алюминий поднимался выше $3500 за тонну впервые с весны 2022 года,,,ru,RU
52df29f15f8d,interfax,https://www.interfax.ru/world/1076854,2026-03-09 00:00:00,"Авианосец ""Джеральд Форд"" идет по Красному морю в направлении Индийского океана",,,ru,RU
09feebe90502,interfax,https://www.interfax.ru/world/1076853,2026-03-09 00:00:00,"""Хезболла"" заявила о верности новому верховному лидеру Ирана Моджтабу Хаменеи",,,ru,RU
08e4f393a6bf,interfax,https://www.interfax.ru/russia/1076831,2026-03-09 00:00:00,Пять человек погибли в ДТП в Башкирии,,,ru,RU
db44e548d1b3,interfax,https://www.interfax.ru/world/1076850,2026-03-09 00:00:00,Литва закупила крупную партию боеприпасов,,,ru,RU
3a54ddd43f90,interfax,https://www.interfax.ru/world/1076849,2026-03-09 00:00:00,США создали на севере Персидского залива воздушную зону дозаправки истребителей,,,ru,RU
af773862b65b,interfax,https://www.interfax.ru/world/1076847,2026-03-09 00:00:00,"Глава ЕК признала трудности, с которыми столкнулось решение о кредите для Украины",,,ru,RU
153fbd7990f0,interfax,https://www.interfax.ru/world/1076851,2026-03-09 00:00:00,ВВС США и Израиля вывели из строя более половины авиабаз Ирана,,,ru,RU
d0be856335ff,interfax,https://www.interfax.ru/world/1076857,2026-03-09 00:00:00,"В Эстонии готовы обсуждать с Францией вопрос создания европейского ""ядерного зонтика""",,,ru,RU
081032562efe,interfax,https://www.interfax.ru/world/1076858,2026-03-09 00:00:00,Главы Евросовета и ЕК обсудили с лидерами стран Ближнего Востока энергобезопасность,,,ru,RU
ddf58e190fc5,interfax,https://www.interfax.ru/business/1076860,2026-03-09 00:00:00,В Японии сообщили о переговорах стран G7 по высвобождению нефти из стратегических резервов,,,ru,RU
2ebf3ca56a72,interfax,https://www.interfax.ru/world/1076861,2026-03-09 00:00:00,"Трамп заявил, что еще не решил, стоит ли отправлять войска в Иран",,,ru,RU
76bb3b3060a1,interfax,https://www.interfax.ru/business/1076862,2026-03-09 00:00:00,Страны G7 заявили о готовности к совместному высвобождению нефти из стратегических резервов,,,ru,RU
49c588aabb77,interfax,https://www.interfax.ru/business/1076846,2026-03-09 00:00:00,"Нефть отступила от дневных максимумов, Brent торгуется у $104 за баррель",,,ru,RU
8adccdbff122,interfax,https://www.interfax.ru/world/1076865,2026-03-09 00:00:00,США перебросили в Британию группу бомбардировщиков B-52H для ударов по Ирану,,,ru,RU
99c46f1e7bce,interfax,https://www.interfax.ru/russia/1076866,2026-03-09 00:00:00,Объект энергетики атаковали ВСУ в Курской области,,,ru,RU
368dd77ee262,interfax,https://www.interfax.ru/world/1076867,2026-03-09 00:00:00,Здание дома Русской культуры уничтожено в Ливане ударом израильской ракеты,,,ru,RU
ed620229f5a2,interfax,https://www.interfax.ru/russia/1076868,2026-03-09 00:00:00,Путин назвал условия для работы России с европейскими покупателями углеводородов,,,ru,RU
dbeaccf823bb,interfax,https://www.interfax.ru/world/1076859,2026-03-09 00:00:00,"WP узнала, что часть чиновников в Израиле полагает достаточным в Иране уничтожить лишь военные цели",,,ru,RU
a5810afcbe91,interfax,https://www.interfax.ru/world/1076844,2026-03-09 00:00:00,Силы НАТО сбили выпущенную из Ирана баллистическую ракету над Турцией,,,ru,RU
4bfa33a13711,interfax,https://www.interfax.ru/business/1076836,2026-03-09 00:00:00,Премьер Венгрии созывает экстренное совещание кабмина из-за ситуации в энергетике,,,ru,RU
03f15affdb37,interfax,https://www.interfax.ru/world/1076841,2026-03-09 00:00:00,Премьер Грузии назвал ложными обвинения оппозиции о тайных связях страны с Ираном,,,ru,RU
0322c055da8f,interfax,https://www.interfax.ru/russia/1076820,2026-03-09 00:00:00,Около 20 тыс. жителей Дагестана остались без света из-за аварий,,,ru,RU
55f357e7f399,interfax,https://www.interfax.ru/world/1076821,2026-03-09 00:00:00,Взрыв произошел возле синагоги в бельгийском городе Льеж,,,ru,RU
3fa379a71b9f,interfax,https://www.interfax.ru/business/1076822,2026-03-09 00:00:00,"Глава МВФ призвала готовиться к ""немыслимому"" в связи с конфликтом на Ближнем Востоке",,,ru,RU
125a07d4994c,interfax,https://www.interfax.ru/world/1076823,2026-03-09 00:00:00,"В Пентагоне заявили, что США еще не начинали настоящую кампанию против Ирана",,,ru,RU
f487b52352b8,interfax,https://www.interfax.ru/russia/1076824,2026-03-09 00:00:00,Российские военные взяли под контроль населенный пункт Голубовка в ДНР,,,ru,RU
c9ddeed8d0f7,interfax,https://www.interfax.ru/russia/1076825,2026-03-09 00:00:00,Минобороны РФ сообщило об ударах по обеспечивающим ВСУ объектам энергетики,,,ru,RU
902dedfea86e,interfax,https://www.interfax.ru/russia/1076826,2026-03-09 00:00:00,Уголовное дело возбуждено по факту крупной коммунальной аварии в Хабаровске,,,ru,RU
65d74f21c604,interfax,https://www.interfax.ru/world/1076828,2026-03-09 00:00:00,Израильские войска ночью продолжили действовать на юге Ливана,,,ru,RU
3bae2ddda237,interfax,https://www.interfax.ru/business/1076842,2026-03-09 00:00:00,"СМИ сообщили, что Иран продолжает отправлять крупные партии нефти через Ормузский пролив",,,ru,RU
fab6a4cba15a,interfax,https://www.interfax.ru/business/1076829,2026-03-09 00:00:00,"Европейские рынки акций падают, Stoxx Europe 600 на минимуме с ноября 2025 года",,,ru,RU
f03c841f0e85,interfax,https://www.interfax.ru/world/1076832,2026-03-09 00:00:00,"В Тегеране заявили, что Иран не наносил удары по Турции, Азербайджану и Кипру",,,ru,RU
b11869566f0e,interfax,https://www.interfax.ru/business/1076833,2026-03-09 00:00:00,Венгрия призвала ЕС отменить эмбарго на импорт газа и нефти из РФ,,,ru,RU
69e11cfe9a3f,interfax,https://www.interfax.ru/world/1076835,2026-03-09 00:00:00,Глава ЕК предупредила о непредвиденных последствиях войны на Ближнем Востоке,,,ru,RU
089cc7ab6b03,interfax,https://www.interfax.ru/world/1076834,2026-03-09 00:00:00,"В Ливане заявили, что Израиль не добьется своих целей за счет ударов по его территории",,,ru,RU
745a9d966a1b,interfax,https://www.interfax.ru/russia/1076869,2026-03-09 00:00:00,"РФ продолжит поставлять углеводороды странам, являющимся для нее надежными партнерами",,,ru,RU
aa65a024ad23,interfax,https://www.interfax.ru/business/1076837,2026-03-09 00:00:00,Спотовые цены на газ в Европе превысили $830 за тыс. куб. м. впервые с начала 2023 г.,,,ru,RU
e5e692443009,interfax,https://www.interfax.ru/business/1076839,2026-03-09 00:00:00,"Bloomberg узнал, что Саудовская Аравия начала сокращать добычу нефти",,,ru,RU
47deda4d4a09,interfax,https://www.interfax.ru/russia/1076840,2026-03-09 00:00:00,Житель Херсонской области погиб в результате украинских обстрелов,,,ru,RU
fd2fc30f5684,interfax,https://www.interfax.ru/russia/1076830,2026-03-09 00:00:00,Путин поздравил Моджтабу Хаменеи в связи с его избранием Верховным руководителем Ирана,,,ru,RU
15179327f9c4,interfax,https://www.interfax.ru/business/1076870,2026-03-09 00:00:00,"Нефть замедлила рост, цена Brent снова ниже $100 за баррель",,,ru,RU
54e48b37fd2c,interfax,https://www.interfax.ru/world/1076845,2026-03-09 00:00:00,Военные ОАЭ сообщили о перехвате более 25 ракет и дронов,,,ru,RU
3a8bb88ba2cc,interfax,https://www.interfax.ru/business/1076872,2026-03-09 00:00:00,"Рубль умеренно укрепился в понедельник, отыгрывая резкий рост мировых цен на нефть",,,ru,RU
f6cfd6799221,interfax,https://www.interfax.ru/russia/1076871,2026-03-09 00:00:00,Путин предупредил об угрозе остановки добычи нефти на Ближнем Востоке,,,ru,RU
d6229618704a,interfax,https://www.interfax.ru/world/1076889,2026-03-09 00:00:00,США уже выполнили почти все военные задачи в Иране,,,ru,RU
4c8ea4941731,interfax,https://www.interfax.ru/world/1076888,2026-03-09 00:00:00,"Трамп не исключил, что поддержал бы убийство нового лидера Ирана",,,ru,RU
cf8b38846781,interfax,https://www.interfax.ru/world/1076887,2026-03-09 00:00:00,"Разговор Путина и Трампа носил деловой, откровенный и конструктивный характер",,,ru,RU
9328d86fa627,interfax,https://www.interfax.ru/world/1076886,2026-03-09 00:00:00,Беседа Путина и Трампа будет иметь практическое значение для дальнейшей работы двух стран,,,ru,RU
1710fdc4ab1c,interfax,https://www.interfax.ru/world/1076884,2026-03-09 00:00:00,"В Кремле считают, что Путин и Трамп провели полезный обмен мнениями по иранскому конфликту",,,ru,RU
b3ce29a81838,interfax,https://www.interfax.ru/world/1076883,2026-03-09 00:00:00,Путин и Трамп провели телефонный разговор,,,ru,RU
e085ee995038,interfax,https://www.interfax.ru/world/1076885,2026-03-09 00:00:00,Трамп в разговоре с Путиным выразил заинтересованность в прекращении конфликта на Украине,,,ru,RU
19b882416a40,interfax,https://www.interfax.ru/world/1076881,2026-03-09 00:00:00,"Макрон заявил, что страны G7 склоняются к идее использования нефтяных стратегических резервов",,,ru,RU
42b6ac329cce,interfax,https://www.interfax.ru/russia/1076879,2026-03-09 00:00:00,Севастополь частично обесточен из-за неисправности на воздушной линии,,,ru,RU
5a9bc6639150,interfax,https://www.interfax.ru/business/1076878,2026-03-09 00:00:00,В ЕК не нашли причин беспокоиться об энергоснабжении,,,ru,RU
1e4299d6eea6,interfax,https://www.interfax.ru/russia/1076877,2026-03-09 00:00:00,Минобороны РФ сообщило о нейтрализации над регионами 21 украинского дрона,,,ru,RU
051e8de63f76,interfax,https://www.interfax.ru/world/1076876,2026-03-09 00:00:00,ВВС Израиля нанесли удары по десяткам объектов иранской инфраструктуры,,,ru,RU
ca6ca9cf1442,interfax,https://www.interfax.ru/world/1076874,2026-03-09 00:00:00,"""Белавиа"" приостанавливает выполнение регулярных рейсов в ОАЭ по 28 марта",,,ru,RU
4d8259c8872b,interfax,https://www.interfax.ru/business/1076873,2026-03-09 00:00:00,Рынки акций Европы снижаются в начале недели,,,ru,RU
560a2327cbaa,interfax,https://www.interfax.ru/world/1076882,2026-03-09 00:00:00,В КСИР заявили об увеличении дальности и мощности иранских ракетных комплексов,,,ru,RU
44a83a3a1cc7,interfax,https://www.interfax.ru/world/1077062,2026-03-10 00:00:00,Минэнерго США снизило прогноз роста мировой добычи ЖУВ в 2026 году более чем вдвое,,,ru,RU
af6dfb54a97a,interfax,https://www.interfax.ru/business/1077054,2026-03-10 00:00:00,Рубль во вторник упал к юаню и обновил минимум с декабря 2025 года,,,ru,RU
f8cf41d0a8eb,interfax,https://www.interfax.ru/world/1077055,2026-03-10 00:00:00,Израиль подвергся ракетной атаке со стороны Ливана и Ирана одновременно,,,ru,RU
646b2ca64f38,interfax,https://www.interfax.ru/world/1077057,2026-03-10 00:00:00,"Уиткофф сообщил о переносе встречи делегаций США, РФ и Украины на следующую неделю",,,ru,RU
fbbadfc03fab,interfax,https://www.interfax.ru/world/1077060,2026-03-10 00:00:00,"США повысили прогноз добычи нефти в стране в 2027 году на 0,5 млн б/с до 13,83 млн б/с",,,ru,RU
726ba7a3a8b8,interfax,https://www.interfax.ru/world/1077061,2026-03-10 00:00:00,"Уиткофф сообщил, что Москва опровергла предположения о передаче Ирану разведданных",,,ru,RU
17484f14a631,interfax,https://www.interfax.ru/world/1077063,2026-03-10 00:00:00,Уиткофф заявил об открытости США к диалогу с Ираном и сомнениях в его успешности,,,ru,RU
b67becb0058b,interfax,https://www.interfax.ru/russia/1077073,2026-03-10 00:00:00,В больницы Брянска доставлены 35 пострадавших при ракетной атаке ВСУ,,,ru,RU
ca637daa30a3,interfax,https://www.interfax.ru/world/1077067,2026-03-10 00:00:00,США перебросили в Великобританию еще одну группу бомбардировщиков B-1 Lancer,,,ru,RU
ffdddc244ee9,interfax,https://www.interfax.ru/world/1077068,2026-03-10 00:00:00,"Цена нефти Brent упала до $83,9 за баррель",,,ru,RU
f9127ad15eb5,interfax,https://www.interfax.ru/world/1077070,2026-03-10 00:00:00,Ирак снизил добычу нефти почти в четыре раза,,,ru,RU
faa2b43c51cb,interfax,https://www.interfax.ru/world/1077071,2026-03-10 00:00:00,"Глава Минэнерго США заявил, что ВМС провели танкер через Ормузский пролив",,,ru,RU
d1a40574bce9,interfax,https://www.interfax.ru/world/1077072,2026-03-10 00:00:00,Иран заявил об ударах по НПЗ и центру спутниковой связи в Израиле,,,ru,RU
0db3697b0803,interfax,https://www.interfax.ru/russia/1077053,2026-03-10 00:00:00,"ВСУ нанесли ракетный удар по Брянску, есть жертвы",,,ru,RU
e1ace41a4be9,interfax,https://www.interfax.ru/business/1077065,2026-03-10 00:00:00,"Минэнерго США понизило прогноз цены газа на Henry Hub на 2026 и 2027 гг., СПГ-мощности – на максимуме",,,ru,RU
af04580c4a54,interfax,https://www.interfax.ru/business/1077052,2026-03-10 00:00:00,"Дефицит бюджета РФ в январе-феврале составил 3,5 трлн руб., или 1,5% ВВП",,,ru,RU
7da40fc3f13c,interfax,https://www.interfax.ru/moscow/1077044,2026-03-10 00:00:00,Водителей в Москве призвали не торопиться с заменой зимних шин на летние,,,ru,RU
dec359788ee6,interfax,https://www.interfax.ru/russia/1077050,2026-03-10 00:00:00,Пезешкиан в разговоре с Путиным поблагодарил РФ за поддержку,,,ru,RU
64f758373e16,interfax,https://www.interfax.ru/world/1077033,2026-03-10 00:00:00,Глава Пентагона назвал 10 марта днем самых интенсивных ударов США по Ирану,,,ru,RU
c8d05eae6c47,interfax,https://www.interfax.ru/world/1077034,2026-03-10 00:00:00,Германия обеспокоена отсутствием у Израиля и США плана по окончанию войны с Ираном,,,ru,RU
dc1b207240e6,interfax,https://www.interfax.ru/world/1077035,2026-03-10 00:00:00,"ЕК надеется, что власти всех стран ЕС выполнят обязательства по кредиту Украине",,,ru,RU
c3f78d66f87a,interfax,https://www.interfax.ru/russia/1077037,2026-03-10 00:00:00,Российские туроператоры вывезли почти всех туристов из Бахрейна,,,ru,RU
2f6becf0fdcc,interfax,https://www.interfax.ru/world/1077038,2026-03-10 00:00:00,В Тегеране посоветовали Трампу воздержаться от пустых угроз в адрес Ирана,,,ru,RU
4ef06f1dea03,interfax,https://www.interfax.ru/world/1077039,2026-03-10 00:00:00,Мерц выразил сожаление о решении Германии отказаться от атомной энергетики,,,ru,RU
92d921ed2063,interfax,https://www.interfax.ru/russia/1077036,2026-03-10 00:00:00,"В Роспотребнадзоре заявили, что снежная зима не гарантирует нашествия комаров весной",,,ru,RU
d0cc878a7743,interfax,https://www.interfax.ru/world/1077041,2026-03-10 00:00:00,Канцлер ФРГ выступил против смягчения антироссийских санкций,,,ru,RU
7e2862f1ce08,interfax,https://www.interfax.ru/world/1077043,2026-03-10 00:00:00,КСИР заявил об ударах по аэропорту и военным объектам Израиля,,,ru,RU
098bf206088a,interfax,https://www.interfax.ru/world/1077074,2026-03-10 00:00:00,Сообщение о проводке танкера через Ормузский пролив удалено в соцсети главы Минэнерго США,,,ru,RU
d7a54f031797,interfax,https://www.interfax.ru/russia/1077042,2026-03-10 00:00:00,"Пост омбудсмена останется за представителем ""Справедливой России""",,,ru,RU
5b1b2266d024,interfax,https://www.interfax.ru/world/1077045,2026-03-10 00:00:00,"CNN сообщил, что США в первые 2 дня конфликта с Ираном потратили боеприпасов на $5,6 млрд",,,ru,RU
942f0a99f390,interfax,https://www.interfax.ru/world/1077046,2026-03-10 00:00:00,Германия убедила несколько стран Европы поставить Украине 35 ракет для ЗРК Patriot,,,ru,RU
a8bc3bdc0554,interfax,https://www.interfax.ru/russia/1077047,2026-03-10 00:00:00,"Житель ХМАО заплатит 18,4 млн рублей за вылов ценных рыб",,,ru,RU
3aa585879217,interfax,https://www.interfax.ru/world/1077049,2026-03-10 00:00:00,Глава МИД Израиля заявил о неготовности страны вести кампанию против Ирана бесконечно,,,ru,RU
a3bb858ae000,interfax,https://www.interfax.ru/business/1077051,2026-03-10 00:00:00,Рынок акций РФ во вторник откатился ниже 2855п по индексу МосБиржи,,,ru,RU
bcb20cbd479e,interfax,https://www.interfax.ru/russia/1077075,2026-03-10 00:00:00,Шесть человек погибли при ракетной атаке Брянска,,,ru,RU
71283a5cf6b0,interfax,https://www.interfax.ru/world/1077084,2026-03-10 00:00:00,Трамп рассматривает все варианты военных действий в Иране,,,ru,RU
51bda55939f5,interfax,https://www.interfax.ru/world/1077077,2026-03-10 00:00:00,Разведка США узнала о планах Ирана заминировать Ормузский пролив,,,ru,RU
3fa37c3bd8dd,interfax,https://www.interfax.ru/business/1077030,2026-03-10 00:00:00,Экспорт соусов из РФ в 2025 году достиг рекордных 157 тыс. тонн на $290 млн,,,ru,RU
03ced1ff0c50,interfax,https://www.interfax.ru/russia/1077032,2026-03-10 00:00:00,В аэропорту Сочи ввели временные ограничения,,,ru,RU
1026dd5edcc9,interfax,https://www.interfax.ru/russia/1077029,2026-03-10 00:00:00,Смольный анонсировал открытие навигации по Неве 10 апреля,,,ru,RU
df05905c505d,interfax,https://www.interfax.ru/russia/1077028,2026-03-10 00:00:00,Российская ПВО за восемь часов нейтрализовала 35 БПЛА над регионами,,,ru,RU
25945eba5823,interfax,https://www.interfax.ru/russia/1077025,2026-03-10 00:00:00,Лавров в разговоре с Аракчи высказался за скорейшую деэскалацию ситуации вокруг Ирана,,,ru,RU
28aa1acf5aa0,interfax,https://www.interfax.ru/russia/1077026,2026-03-10 00:00:00,Германская SSI International оштрафована на 6 млн рублей за нелокализованные данные россиян,,,ru,RU
f2d10deb9c05,interfax,https://www.interfax.ru/business/1077024,2026-03-10 00:00:00,"Юань поднялся выше 11,5 руб. впервые с 19 декабря 2025 года",,,ru,RU
3105b5b44ab0,interfax,https://www.interfax.ru/russia/1077023,2026-03-10 00:00:00,"Путин сообщил, что Киев контролирует только 15-17% территории ДНР",,,ru,RU
3849001445a3,interfax,https://www.interfax.ru/world/1077011,2026-03-10 00:00:00,Трамп не исключил возможность переговоров с Ираном,,,ru,RU
5f101988955c,interfax,https://www.interfax.ru/world/1077021,2026-03-10 00:00:00,Катар надеется на дипломатическое урегулирование конфликта на Ближнем Востоке,,,ru,RU
f9d437eb098e,interfax,https://www.interfax.ru/world/1077022,2026-03-10 00:00:00,"Глава Пентагона заявил, что США побеждают в операции против Ирана",,,ru,RU
3f22c7732562,interfax,https://www.interfax.ru/world/1077076,2026-03-10 00:00:00,Глава МЭА созвал экстренное заседание в связи с ситуацией с поставками нефти в мире,,,ru,RU
2e195d163654,interfax,https://www.interfax.ru/russia/1077031,2026-03-10 00:00:00,"""ОДК-Сатурн"" потребовал более $30 млн от французских партнеров по выпуску двигателей SSJ100",,,ru,RU
7c7e765f4afd,interfax,https://www.interfax.ru/world/1077079,2026-03-10 00:00:00,Лавров и глава МИД Саудовской Аравии выступили за прекращение боевых действий на Ближнем Востоке,,,ru,RU
13ddffb0fe89,interfax,https://www.interfax.ru/world/1077080,2026-03-10 00:00:00,Генконсульство РФ в иранском Исфагане пострадало из-за атаки на администрацию губернатора провинции,,,ru,RU
7379d1077b93,interfax,https://www.interfax.ru/world/1077081,2026-03-10 00:00:00,США призвали Израиль не атаковать объекты энергетики в Иране,,,ru,RU
fe059658394f,interfax,https://www.interfax.ru/world/1077082,2026-03-10 00:00:00,В ЕС назвали неприемлемым уровень насилия на Западном берегу Иордана,,,ru,RU
6457da915699,interfax,https://www.interfax.ru/world/1077083,2026-03-10 00:00:00,США пока не готовы объявить о снятии каких-либо санкций в нефтяной сфере,,,ru,RU
2952449b37c9,interfax,https://www.interfax.ru/russia/1077087,2026-03-10 00:00:00,Глава Осташковского района Тверской области задержан по подозрению в коррупции,,,ru,RU
486eeaec8076,interfax,https://www.interfax.ru/world/1077089,2026-03-10 00:00:00,Трамп предостерег Иран от минирования Ормузского пролива,,,ru,RU
62fbe51007ae,interfax,https://www.interfax.ru/world/1077312,2026-03-11 00:00:00,Премьер-министр Франции предостерег бизнес от завышения цен на топливо на фоне кризиса,,,ru,RU
d316a37ea435,interfax,https://www.interfax.ru/russia/1077321,2026-03-11 00:00:00,Источник сообщил о новых переговорах Кирилла Дмитриева в Майами,,,ru,RU
e22f3afca30f,interfax,https://www.interfax.ru/world/1077319,2026-03-11 00:00:00,В связи со взрывом у посольства США в Осло задержаны трое иракцев,,,ru,RU
2ad7d990cafc,interfax,https://www.interfax.ru/world/1077318,2026-03-11 00:00:00,У Макрона нет достоверной информации о минировании Ираном Ормузского пролива,,,ru,RU
ae535a2fde33,interfax,https://www.interfax.ru/world/1077316,2026-03-11 00:00:00,ВС Ирана пообещали ответить на удары по иранским портам,,,ru,RU
387945bce2a8,interfax,https://www.interfax.ru/world/1077305,2026-03-11 00:00:00,Предварительное расследование указало на вину ВС США в ударе по школе в Иране,,,ru,RU
5a30cc011e95,interfax,https://www.interfax.ru/world/1077302,2026-03-11 00:00:00,Глава CENTCOM сообщил об уничтожении 60 иранских кораблей с начала войны,,,ru,RU
46a78ac83a7e,interfax,https://www.interfax.ru/russia/1077308,2026-03-11 00:00:00,Генпрокуратура просит изъять у Александра Галицкого имущество и деньги более чем на 8 млрд руб.,,,ru,RU
0f6d06d08b64,interfax,https://www.interfax.ru/russia/1077309,2026-03-11 00:00:00,"Источник сообщил, что иск к фонду Almaz Capital связан с финансированием ВСУ",,,ru,RU
1a73cd6e785b,interfax,https://www.interfax.ru/world/1077310,2026-03-11 00:00:00,"Трамп отметил, что война США с Ираном еще не закончилась",,,ru,RU
1b22f888a39f,interfax,https://www.interfax.ru/russia/1077299,2026-03-11 00:00:00,В Новосибирской области на фоне изъятия скота полиция следит за порядком,,,ru,RU
6276bf74113b,interfax,https://www.interfax.ru/world/1077311,2026-03-11 00:00:00,Microsoft поддержала ИИ-стартап Anthropic в тяжбе с Пентагоном,,,ru,RU
ddd9c0b47305,interfax,https://www.interfax.ru/world/1077313,2026-03-11 00:00:00,"Израиль готовится к активизации атак Ирана и ""Хезболлы"" в ночь на четверг",,,ru,RU
1c3a12cc7a9c,interfax,https://www.interfax.ru/world/1077314,2026-03-11 00:00:00,Фон дер Ляйен считает преждевременным ослабление санкций против России,,,ru,RU
cd184a6d4368,interfax,https://www.interfax.ru/business/1077306,2026-03-11 00:00:00,Трамп объявил об участии индийской Reliance Industries в строительстве НПЗ в США,,,ru,RU
3cf33ed83fd3,interfax,https://www.interfax.ru/russia/1077322,2026-03-11 00:00:00,МИД предупредил россиян о рисках отмены стыковочных рейсов на Ближнем Востоке,,,ru,RU
5bafa9f71d61,interfax,https://www.interfax.ru/business/1077274,2026-03-11 00:00:00,ЦБ сохранил прогноз по росту средств клиентов в банках на 2026 год на уровне 5-10%,,,ru,RU
d9546676cabc,interfax,https://www.interfax.ru/world/1077304,2026-03-11 00:00:00,Венецианская биеннале может лишиться субсидии ЕК в 2 млн евро из-за допуска России,,,ru,RU
5344e1bbb56b,interfax,https://www.interfax.ru/world/1077301,2026-03-11 00:00:00,Вблизи международного аэропорта Багдад ПВО сбила четыре БПЛА,,,ru,RU
350111ca5a11,interfax,https://www.interfax.ru/russia/1077300,2026-03-11 00:00:00,В Новороссийске в ночь на 2 марта БПЛА повредили 141 жилой дом,,,ru,RU
8a4a75ec2e75,interfax,https://www.interfax.ru/russia/1077298,2026-03-11 00:00:00,Замглавы ФАС Андрей Цыганов освобожден от должности,,,ru,RU
6b0cc7a8778b,interfax,https://www.interfax.ru/business/1077296,2026-03-11 00:00:00,"Рубль на ""Мосбирже"" подешевел к юаню в ожидании новостей о бюджетном правиле",,,ru,RU
cad3929a950f,interfax,https://www.interfax.ru/business/1077294,2026-03-11 00:00:00,"Опрошенные Банком России аналитики снизили прогноз траектории ""ключа"" до 2028 года",,,ru,RU
d3f31a0d50ea,interfax,https://www.interfax.ru/russia/1077293,2026-03-11 00:00:00,В Брянске после ракетного удара повреждены фасады 20 многоквартирных домов,,,ru,RU
e5d070f8428c,interfax,https://www.interfax.ru/world/1077292,2026-03-11 00:00:00,Успешно пройти через Ормузский пролив с 6 марта смогли шесть судов,,,ru,RU
667b71a7bfa7,interfax,https://www.interfax.ru/business/1077290,2026-03-11 00:00:00,"Сальдированная прибыль предприятий РФ в 2025 году сократилась на 3,9% до 27,1 трлн руб.",,,ru,RU
d289e072affa,interfax,https://www.interfax.ru/world/1077291,2026-03-11 00:00:00,Финляндия не планирует размещать у себя ядерное оружие,,,ru,RU
fb1ed96a91ee,interfax,https://www.interfax.ru/business/1077289,2026-03-11 00:00:00,"ЦБ отметил сокращение инвестиций в основной капитал сельского хозяйства в 2025 году на 3,6%",,,ru,RU
b4d4bfcc43ef,interfax,https://www.interfax.ru/russia/1077288,2026-03-11 00:00:00,Росстат отметил снижение доли прибыльных хозяйств в растениеводстве и животноводстве,,,ru,RU
1f360a4f384b,interfax,https://www.interfax.ru/business/1077287,2026-03-11 00:00:00,"Совокупная чистая прибыль российских страховщиков в 2025 году выросла на 8,5%",,,ru,RU
3a6c5fe2ae19,interfax,https://www.interfax.ru/russia/1077284,2026-03-11 00:00:00,В Белгородской области в результате очередных атак БПЛА пострадали трое,,,ru,RU
cccb6c2cfd0d,interfax,https://www.interfax.ru/russia/1077282,2026-03-11 00:00:00,Весенние полевые работы стартовали в 14 регионах РФ,,,ru,RU
9810e9540153,interfax,https://www.interfax.ru/russia/1077281,2026-03-11 00:00:00,В Сочи обломки БПЛА упали на пятиэтажку и неработавший санаторий,,,ru,RU
b0b27f48ac9e,interfax,https://www.interfax.ru/world/1077280,2026-03-11 00:00:00,ВС США призвали мирных иранцев держаться подальше от портов в Ормузском проливе,,,ru,RU
f614bffb3679,interfax,https://www.interfax.ru/business/1077279,2026-03-11 00:00:00,"""Аэрофлот"" надеется компенсировать закрытие ОАЭ дополнительными рейсами в ЮВА",,,ru,RU
3475be461c3f,interfax,https://www.interfax.ru/russia/1077278,2026-03-11 00:00:00,"Глава ""Росатома"" назвал очень сложной ситуацию на АЭС ""Бушер""",,,ru,RU
fce4bba00982,interfax,https://www.interfax.ru/russia/1077277,2026-03-11 00:00:00,В центре Петербурга мужчина получил травму из-за падения штукатурки с фасада,,,ru,RU
3d8d8e57c037,interfax,https://www.interfax.ru/russia/1077276,2026-03-11 00:00:00,Аэропорт Калуги снова перестал обслуживать рейсы,,,ru,RU
d324f716ff0c,interfax,https://www.interfax.ru/world/1077269,2026-03-11 00:00:00,"Глава ""Хезболлы"" присягнул новому верховному лидеру Ирана",,,ru,RU
e56eabc6f70a,interfax,https://www.interfax.ru/russia/1077275,2026-03-11 00:00:00,В Анапе скоро завершат эксперимент по засыпке одного из пляжей чистым песком,,,ru,RU
b8cc7d7af28e,interfax,https://www.interfax.ru/business/1077273,2026-03-11 00:00:00,Стартап Revolut получил полную банковскую лицензию в Великобритании,,,ru,RU
fb5a7387b533,interfax,https://www.interfax.ru/world/1077324,2026-03-11 00:00:00,"""Хезболла"" запустила 100 реактивных снарядов по Израилю",,,ru,RU
aa79199fbbe4,interfax,https://www.interfax.ru/russia/1077320,2026-03-11 00:00:00,Гладков сообщил о еще пятерых раненных в регионе,,,ru,RU
d0cbe6f986ef,interfax,https://www.interfax.ru/world/1077323,2026-03-11 00:00:00,Макрон не видит причин отменять санкции против России,,,ru,RU
faec110d7ef0,interfax,https://www.interfax.ru/russia/1077341,2026-03-11 00:00:00,Аэропорт Краснодара не принимает и не отправляет самолеты,,,ru,RU
5c5cb6fbfe38,interfax,https://www.interfax.ru/russia/1077340,2026-03-11 00:00:00,Российский противодиверсионный катер провел учение в Балтийском море,,,ru,RU
1a7284c51d91,interfax,https://www.interfax.ru/russia/1077338,2026-03-11 00:00:00,Иранские власти обещают в случае продолжения атак США начать новую фазу конфликта в регионе,,,ru,RU
ad76c29bff05,interfax,https://www.interfax.ru/world/1077337,2026-03-11 00:00:00,Министры иностранных дел РФ и Бахрейна заявили о необходимости запуска переговоров по Ирану,,,ru,RU
40fc2ccd24c9,interfax,https://www.interfax.ru/world/1077332,2026-03-11 00:00:00,Алиев и Кошта обсудили расширение торговли между Азербайджаном и ЕС за счет льготных тарифов,,,ru,RU
23ba46bccae7,interfax,https://www.interfax.ru/world/1077334,2026-03-11 00:00:00,Посольство США в Багдаде предупредило о возможных атаках Ирана на энергетическую инфраструктуру,,,ru,RU
c2a3a05c172b,interfax,https://www.interfax.ru/russia/1077335,2026-03-11 00:00:00,В Сбербанке заявили о намерении наращивать прибыль двузначным темпом,,,ru,RU
e3c1206a58c3,interfax,https://www.interfax.ru/world/1077336,2026-03-11 00:00:00,"В ЦАХАЛ заявляют, что приступили к масштабным ударам по югу Бейрута",,,ru,RU
22f265ecc9c7,interfax,https://www.interfax.ru/russia/1077331,2026-03-11 00:00:00,Сбербанк повысил прогноз по инфляции на 2026 г.,,,ru,RU
e57de41aad22,interfax,https://www.interfax.ru/world/1077330,2026-03-11 00:00:00,"ПВО Саудовской Аравии сбили БПЛА, летевший к крупнейшему месторождению на востоке страны",,,ru,RU
7478c81ab0af,interfax,https://www.interfax.ru/world/1077328,2026-03-11 00:00:00,Президент Ирана назвал условия для завершения войны,,,ru,RU
c1a98344cb8f,interfax,https://www.interfax.ru/moscow/1077329,2026-03-11 00:00:00,"В Москве на ""Маленковской"" поезд сбил насмерть четырех человек",,,ru,RU
e935e3269b46,interfax,https://www.interfax.ru/business/1077325,2026-03-11 00:00:00,Сбербанк подал ходатайство в ЦБ о выделении заблокированных активов,,,ru,RU
22c69a65ae07,interfax,https://www.interfax.ru/world/1077327,2026-03-11 00:00:00,Глава МВД Эквадора сообщил о подготовке операции против преступности,,,ru,RU
b5c48537d349,interfax,https://www.interfax.ru/russia/1077326,2026-03-11 00:00:00,"Гражданин США заочно арестован в России по делу об ущербе ""ВСМПО-Ависма"" на 5 млрд рублей",,,ru,RU
ab255f1a2c27,interfax,https://www.interfax.ru/russia/1077333,2026-03-11 00:00:00,"""Аэрофлот"" корректирует расписание рейсов в Сочи из-за ограничений",,,ru,RU
85d407e2fc5c,interfax,https://www.interfax.ru/world/1077540,2026-03-12 00:00:00,"ЦАХАЛ призвал эвакуироваться жителей в центре Бейрута перед ударом по объекту ""Хезболлы""",,,ru,RU
b33c7c4891ab,interfax,https://www.interfax.ru/world/1077539,2026-03-12 00:00:00,Штаб и объекты иракского ополчения подверглись авиаударам,,,ru,RU
4bd74fe7f6b2,interfax,https://www.interfax.ru/russia/1077538,2026-03-12 00:00:00,Лавров заявил о неприемлемости давления на Кубу со стороны США,,,ru,RU
5bdd5eb83d59,interfax,https://www.interfax.ru/world/1077533,2026-03-12 00:00:00,Акционер Intel обвинил руководство в передаче США 10%-й доли во избежание нападок Трампа,,,ru,RU
7caedf95a394,interfax,https://www.interfax.ru/russia/1077536,2026-03-12 00:00:00,Партия пенсионеров ожидает 12-14 мандатов в Госдуме на предстоящих выборах,,,ru,RU
e6f8788ab390,interfax,https://www.interfax.ru/world/1077535,2026-03-12 00:00:00,WP сообщила об отвергнутом Израилем предложении Ливана о переговорах,,,ru,RU
466bc9abc9e6,interfax,https://www.interfax.ru/world/1077541,2026-03-12 00:00:00,Двое моряков пострадали при пожаре на авианосце ВМС США в Красном море,,,ru,RU
17af09dc119c,interfax,https://www.interfax.ru/world/1077537,2026-03-12 00:00:00,Литовский парламент продлил и расширил санкции против россиян и белорусов,,,ru,RU
d51db4c6433a,interfax,https://www.interfax.ru/business/1077542,2026-03-12 00:00:00,Банки РФ в феврале сократили розничные кредиты,,,ru,RU
b2dd81824928,interfax,https://www.interfax.ru/world/1077552,2026-03-12 00:00:00,"Глава Минобороны Британии заявил, что Иран мог начать минировать Ормузский пролив",,,ru,RU
def56755ebe5,interfax,https://www.interfax.ru/russia/1077545,2026-03-12 00:00:00,Адвокаты окажут бесплатную помощь пострадавшим от атаки в Брянске,,,ru,RU
3e5eb095ae2b,interfax,https://www.interfax.ru/world/1077546,2026-03-12 00:00:00,В ЕК заявили о сохранении курса на отказ от ископаемого топлива из России,,,ru,RU
a225f505f281,interfax,https://www.interfax.ru/business/1077547,2026-03-12 00:00:00,РФ нарастила экспорт сжиженного газа в 2025 году на 2%,,,ru,RU
629a64a87cbd,interfax,https://www.interfax.ru/russia/1077548,2026-03-12 00:00:00,Путин произвел перестановки в руководстве МВД РФ,,,ru,RU
6907e16d87e3,interfax,https://www.interfax.ru/business/1077549,2026-03-12 00:00:00,Рубль в четверг снизился к юаню даже при позитивной динамике цен на нефть,,,ru,RU
8d7394f1ee82,interfax,https://www.interfax.ru/world/1077550,2026-03-12 00:00:00,Израиль начал воздушные атаки на Бейрут,,,ru,RU
5d87bc602b10,interfax,https://www.interfax.ru/world/1077551,2026-03-12 00:00:00,Верховный лидер Ирана зарегистрировался в соцсетях,,,ru,RU
4200b9aa6964,interfax,https://www.interfax.ru/business/1077534,2026-03-12 00:00:00,Цена Brent снова поднялась выше $100 за баррель,,,ru,RU
093dde093e7b,interfax,https://www.interfax.ru/world/1077553,2026-03-12 00:00:00,Конституционный суд Армении одобрил национализацию компании Карапетяна,,,ru,RU
ddb083512aad,interfax,https://www.interfax.ru/world/1077544,2026-03-12 00:00:00,НАТО перебросила часть систем ПВО из Европы на Ближний Восток,,,ru,RU
05dcc92dbb5e,interfax,https://www.interfax.ru/russia/1077532,2026-03-12 00:00:00,Восемь человек погибли при ударе ВСУ по медучреждению в ДНР,,,ru,RU
20fed4ac2ed3,interfax,https://www.interfax.ru/business/1077523,2026-03-12 00:00:00,Fitch повысило прогноз цены Brent в 2026 году до $70 за баррель,,,ru,RU
e8d4ce4af927,interfax,https://www.interfax.ru/world/1077530,2026-03-12 00:00:00,ЕК не видит проблем с нефте- и газоснабжением ЕС в краткосрочной перспективе,,,ru,RU
a7e1f01b8e7d,interfax,https://www.interfax.ru/russia/1077510,2026-03-12 00:00:00,В европейской части России максимальные уровни половодья на реках ожидаются выше нормы,,,ru,RU
7b200aca5ca7,interfax,https://www.interfax.ru/russia/1077511,2026-03-12 00:00:00,Жительница Вичуги получила травмы в результате падения наледи с крыши,,,ru,RU
4cb8b566d35a,interfax,https://www.interfax.ru/world/1077512,2026-03-12 00:00:00,Польша установила на границе с Белоруссией систему по обнаружению беспилотников,,,ru,RU
46971aa92cad,interfax,https://www.interfax.ru/world/1077513,2026-03-12 00:00:00,"Тегеран пригрозил атаковать военных США, если Штаты оставят Иран без света",,,ru,RU
e38885ed8d30,interfax,https://www.interfax.ru/world/1077515,2026-03-12 00:00:00,Минобороны Польши видит риски задержек поставок в Европу оружия из США,,,ru,RU
423ab9fe50b0,interfax,https://www.interfax.ru/world/1077514,2026-03-12 00:00:00,Трамп ожидает хорошей прибыли для США от высоких цен на нефть,,,ru,RU
cbb8ea1b563c,interfax,https://www.interfax.ru/russia/1077516,2026-03-12 00:00:00,Москва предупредила Европу об экономических последствиях войны с Ираном,,,ru,RU
4cd08a6fca58,interfax,https://www.interfax.ru/world/1077517,2026-03-12 00:00:00,Верховный лидер Ирана пообещал оставить в силе блокаду Ормузского пролива,,,ru,RU
ffcc6098a828,interfax,https://www.interfax.ru/russia/1077518,2026-03-12 00:00:00,Продвигать туристическую Россию в арабских странах мешает нехватка денег,,,ru,RU
c4b1df6db133,interfax,https://www.interfax.ru/business/1077520,2026-03-12 00:00:00,Министр энергетики США назвал кризис на топливном рынке краткосрочным,,,ru,RU
bf96d5bc7f3b,interfax,https://www.interfax.ru/world/1077519,2026-03-12 00:00:00,"Глава Минэнерго США заявил, что антироссийские санкции смягчаться не будут",,,ru,RU
849b4cfc5973,interfax,https://www.interfax.ru/world/1077521,2026-03-12 00:00:00,"Власти Ирана готовы ""открыть новые фронты"" в случае продолжения конфликта",,,ru,RU
3434fdf103c8,interfax,https://www.interfax.ru/russia/1077522,2026-03-12 00:00:00,"Минкультуры считает отказ вернуть ""скифское золото"" нарушением музейного принципа",,,ru,RU
e947c0538552,interfax,https://www.interfax.ru/world/1077555,2026-03-12 00:00:00,В Кувейте сообщили об обстреле ракетами и беспилотниками,,,ru,RU
3070011967e0,interfax,https://www.interfax.ru/world/1077525,2026-03-12 00:00:00,"CNN сообщил, что разведка США пока не видит признаков неминуемого краха власти в Иране",,,ru,RU
e99d1a4b4a11,interfax,https://www.interfax.ru/world/1077526,2026-03-12 00:00:00,Власти Финляндии предложили приостановить соглашение с Россией о налогообложении,,,ru,RU
886863d13d2f,interfax,https://www.interfax.ru/russia/1077527,2026-03-12 00:00:00,В МИД РФ назвали контрпродуктивным язык шантажа и угроз в отношении Кубы,,,ru,RU
43a1e0c48f21,interfax,https://www.interfax.ru/world/1077528,2026-03-12 00:00:00,Синод РПЦ учредил православный приход в Абу-Даби,,,ru,RU
1221707a2171,interfax,https://www.interfax.ru/russia/1077529,2026-03-12 00:00:00,РФ и КНР вместе работают над раскрытием транспортно-логистического потенциала СМП,,,ru,RU
601399b03364,interfax,https://www.interfax.ru/world/1077531,2026-03-12 00:00:00,Израиль призвал к эвакуации жителей еще десятков населенных пунктов южного Ливана,,,ru,RU
d1c21d8335b7,interfax,https://www.interfax.ru/russia/1077556,2026-03-12 00:00:00,Лавров в пятницу встретится с главой МАГАТЭ,,,ru,RU
91cb377e7102,interfax,https://www.interfax.ru/business/1077524,2026-03-12 00:00:00,"Дефицит консолидированного бюджета РФ в январе составил 681,5 млрд рублей",,,ru,RU
7f1e4f68ea6f,interfax,https://www.interfax.ru/russia/1077559,2026-03-12 00:00:00,Два человека пострадали в результате атаки ВСУ на Брянскую область,,,ru,RU
3e789966b17e,interfax,https://www.interfax.ru/russia/1077579,2026-03-12 00:00:00,Минобороны РФ сообщило о ликвидации 14 украинских БПЛА над пятью регионами,,,ru,RU
36ed71f6752f,interfax,https://www.interfax.ru/moscow/1077578,2026-03-12 00:00:00,Два человека госпитализированы после пожара в гостинице на северо-востоке Москвы,,,ru,RU
b8e98ff87716,interfax,https://www.interfax.ru/world/1077577,2026-03-12 00:00:00,Евросоюз обеспокоен напряженной обстановкой в Ливане,,,ru,RU
2e601ef1e18f,interfax,https://www.interfax.ru/world/1077575,2026-03-12 00:00:00,ЕС приветствовал резолюцию Совбеза ООН по Ирану,,,ru,RU
dbdef2b15bbd,interfax,https://www.interfax.ru/russia/1077574,2026-03-12 00:00:00,"Губернатор Севастополя сообщил о двух воздушных целях, сбитых над городом",,,ru,RU
b055fd909cd3,interfax,https://www.interfax.ru/world/1077573,2026-03-12 00:00:00,"В Багдаде считают, что атаки на иракских ополченцев совершают США",,,ru,RU
eeba6ad07d6f,interfax,https://www.interfax.ru/russia/1077572,2026-03-12 00:00:00,"Глава ""Росатома"" и гендиректор МАГАТЭ обсудили вопросы развития атомной энергетики",,,ru,RU
6d6f405a290e,interfax,https://www.interfax.ru/world/1077571,2026-03-12 00:00:00,ОАЭ перехватили десять ракет и 26 БПЛА со стороны Ирана,,,ru,RU
b213c3afaa5d,interfax,https://www.interfax.ru/world/1077558,2026-03-12 00:00:00,Военные США заявили о поражении 6 тыс. иранских целей с начала операции,,,ru,RU
03fa613ed123,interfax,https://www.interfax.ru/russia/1077569,2026-03-12 00:00:00,РФ будет восстанавливать полеты на Ближний Восток с учетом ограничений в регионе,,,ru,RU
3d06eb76b2d7,interfax,https://www.interfax.ru/russia/1077567,2026-03-12 00:00:00,Росавиация ограничила сертификат AZUR air после выявленных нарушений,,,ru,RU
76a20cdaf4af,interfax,https://www.interfax.ru/russia/1077566,2026-03-12 00:00:00,"Глава Минтранса заявил, что РФ не отказывается от планов по проекту ""Север-Юг"" в Иране",,,ru,RU
970bbec3445b,interfax,https://www.interfax.ru/world/1077565,2026-03-12 00:00:00,Италия высвободит около 10 млн баррелей из стратегических запасов нефти,,,ru,RU
3c02e7e7396c,interfax,https://www.interfax.ru/world/1077564,2026-03-12 00:00:00,"ПВО Саудовской Аравии сбили пять БПЛА, летевших к нефтегазовому месторождению",,,ru,RU
106fb56f0616,interfax,https://www.interfax.ru/world/1077562,2026-03-12 00:00:00,В Мичигане произошло нападение на синагогу,,,ru,RU
e612cb3e551d,interfax,https://www.interfax.ru/russia/1077561,2026-03-12 00:00:00,Минэкономразвития оценило в 7 млрд руб. ущерб туроператоров от конфликта на Ближнем Востоке,,,ru,RU
1170ca2c04c0,interfax,https://www.interfax.ru/world/1077560,2026-03-12 00:00:00,"Bloomberg узнал, что США потратили $11,3 млрд за первые шесть дней войны с Ираном",,,ru,RU
1243e852ec68,interfax,https://www.interfax.ru/russia/1077570,2026-03-12 00:00:00,В МИД заявили о готовности РФ содействовать урегулированию кризиса вокруг Ирана,,,ru,RU
4533a818887c,interfax,https://www.interfax.ru/business/1077759,2026-03-13 00:00:00,Совет директоров АСВ утвердил стратегию развития госкорпорации до 2030 года,,,ru,RU
885153be675f,interfax,https://www.interfax.ru/business/1077758,2026-03-13 00:00:00,Brent подорожала и торгуется выше $100 за баррель,,,ru,RU
bd892c56bf77,interfax,https://www.interfax.ru/russia/1077756,2026-03-13 00:00:00,В Рыльске в результате атаки БПЛА пострадали двое,,,ru,RU
0cb84a22962f,interfax,https://www.interfax.ru/russia/1077751,2026-03-13 00:00:00,Лавров обсудил с Гросси вопросы безопасности ЗАЭС,,,ru,RU
8248705a45ea,interfax,https://www.interfax.ru/world/1077754,2026-03-13 00:00:00,ОАЭ отказались посредничать в переговорах с Ираном без прекращения ударов Ирана по Эмиратам,,,ru,RU
3eb4bb520906,interfax,https://www.interfax.ru/world/1077752,2026-03-13 00:00:00,Армия Израиля усиливает присутствие на севере страны,,,ru,RU
9a1c64bf78b4,interfax,https://www.interfax.ru/world/1077760,2026-03-13 00:00:00,Трамп пообещал не бомбить АЭС в Иране,,,ru,RU
1100b6aaf270,interfax,https://www.interfax.ru/world/1077755,2026-03-13 00:00:00,США перебросили в Великобританию еще три стратегических бомбардировщика,,,ru,RU
84591fdc14d6,interfax,https://www.interfax.ru/russia/1077762,2026-03-13 00:00:00,В Чебоксарах продавщица пострадала в результате обрушения снега на ее киоск,,,ru,RU
96a47968b284,interfax,https://www.interfax.ru/world/1077765,2026-03-13 00:00:00,"Президент США заявил, что Вашингтону не нужна помощь Украины для защиты от дронов",,,ru,RU
4ad9803fa08a,interfax,https://www.interfax.ru/world/1077761,2026-03-13 00:00:00,В Еврокомиссии не нашли повода для беспокойства из-за заполняемости газохранилищ ЕС,,,ru,RU
e41ba5b18bbb,interfax,https://www.interfax.ru/world/1077764,2026-03-13 00:00:00,"Трамп ""почувствует"", когда конфликт с Ираном будет исчерпан",,,ru,RU
e6066c0b9691,interfax,https://www.interfax.ru/business/1077766,2026-03-13 00:00:00,"В России в феврале инфляция составила 0,73%, годовая замедлилась до 5,91%",,,ru,RU
6291941a0766,interfax,https://www.interfax.ru/russia/1077767,2026-03-13 00:00:00,"Росстат отметил снижение числа бедных с 10,4 млн человек в 2024 году до 9,8 млн",,,ru,RU
c4ea13f57104,interfax,https://www.interfax.ru/business/1077768,2026-03-13 00:00:00,"Индекс МосБиржи снизился до 2871 пункта, индекс РТС - до 1123 пункта",,,ru,RU
ff38b7a921c9,interfax,https://www.interfax.ru/business/1077770,2026-03-13 00:00:00,Росстат отметил замедление роста цен на бензин в феврале,,,ru,RU
6258e3fb6343,interfax,https://www.interfax.ru/world/1077769,2026-03-13 00:00:00,WSJ узнала о переброске на Ближний Восток сил морской пехоты США,,,ru,RU
4085077427fa,interfax,https://www.interfax.ru/russia/1077750,2026-03-13 00:00:00,В результате падения наледи с крыш в Волжске и Иванове пострадали по два человека,,,ru,RU
35039433b8cf,interfax,https://www.interfax.ru/business/1077771,2026-03-13 00:00:00,"В феврале из продуктов питания сильнее всего подорожали яйца - на 9,3%",,,ru,RU
1594ca76b40f,interfax,https://www.interfax.ru/culture/1077763,2026-03-13 00:00:00,"Первое издание ""Войны и мира"" продали на аукционе за 1,6 млн рублей",,,ru,RU
049105bd10bc,interfax,https://www.interfax.ru/moscow/1077749,2026-03-13 00:00:00,В Химках произошел пожар в пансионате для пожилых,,,ru,RU
e6db6ca5db87,interfax,https://www.interfax.ru/world/1077739,2026-03-13 00:00:00,FT сообщила о переговорах Франции с Ираном о пропуске судов через Ормузский пролив,,,ru,RU
215ff83bb5a7,interfax,https://www.interfax.ru/world/1077747,2026-03-13 00:00:00,Молдавия сокращает расходы госучреждений,,,ru,RU
2fc17e1605e6,interfax,https://www.interfax.ru/russia/1077727,2026-03-13 00:00:00,КС уточнил условия возврата переплаты штрафов при их уплате без учета льготы,,,ru,RU
048b66249fef,interfax,https://www.interfax.ru/russia/1077728,2026-03-13 00:00:00,Послов Британии и Франции вызвали в МИД РФ из-за удара ВСУ по Брянску,,,ru,RU
2263d1d96931,interfax,https://www.interfax.ru/world/1077729,2026-03-13 00:00:00,В Гаване ждут агентов ФБР для расследования инцидента с катером,,,ru,RU
8e42886ec4da,interfax,https://www.interfax.ru/world/1077730,2026-03-13 00:00:00,"Лукашенко заявил о покупке ""Орешника"" у России",,,ru,RU
0ff52544e2c3,interfax,https://www.interfax.ru/russia/1077704,2026-03-13 00:00:00,"""Победа"" с 29 марта возобновит полеты в Минск из Петербурга, с 20 апреля – из Москвы",,,ru,RU
c5778f19230d,interfax,https://www.interfax.ru/world/1077732,2026-03-13 00:00:00,Глава Пентагона не имеет доказательств минирования Ираном Ормузского пролива,,,ru,RU
bb85fb0af120,interfax,https://www.interfax.ru/russia/1077731,2026-03-13 00:00:00,Владельцы холдинга КДВ внесены в перечень террористов и экстремистов,,,ru,RU
fc2557cc6a50,interfax,https://www.interfax.ru/world/1077733,2026-03-13 00:00:00,Евросоюз не планирует отменять санкции против России,,,ru,RU
93e17281d82a,interfax,https://www.interfax.ru/moscow/1077734,2026-03-13 00:00:00,Дептранс Москвы напомнил способы оплатить парковку при отсутствии интернета,,,ru,RU
52caeb73be58,interfax,https://www.interfax.ru/world/1077748,2026-03-13 00:00:00,Молдавия запросила помощь ЕС из-за загрязнения Днестра нефтепродуктами,,,ru,RU
f9a5e8143fbe,interfax,https://www.interfax.ru/russia/1077735,2026-03-13 00:00:00,Иноагентом признана правнучка Хрущева,,,ru,RU
26322a6c04b2,interfax,https://www.interfax.ru/moscow/1077737,2026-03-13 00:00:00,В Москве второй день подряд побит температурный рекорд,,,ru,RU
fefcb29980cb,interfax,https://www.interfax.ru/world/1077738,2026-03-13 00:00:00,"AP узнало об обещаниях США, что Ирак сможет избежать участия в войне",,,ru,RU
e42525950700,interfax,https://www.interfax.ru/russia/1077772,2026-03-13 00:00:00,Росстат отметил снижение цен на огурцы за неделю на 8%,,,ru,RU
a7b51bc7ebb3,interfax,https://www.interfax.ru/russia/1077740,2026-03-13 00:00:00,В Коми 15-летний школьник арестован по обвинению в подготовке массового убийства,,,ru,RU
cb51b05d1b6d,interfax,https://www.interfax.ru/russia/1077742,2026-03-13 00:00:00,Спикер Мосгордумы напомнил о судьбе внесенного в Госдуму законопроекта о шумомерах,,,ru,RU
f25434c65987,interfax,https://www.interfax.ru/world/1077743,2026-03-13 00:00:00,"Трамп заявил, что США пока не планируют брать под контроль иранский уран",,,ru,RU
2efec7b799ba,interfax,https://www.interfax.ru/business/1077744,2026-03-13 00:00:00,"Глава CME ждет ""библейской катастрофы"" в случае интервенции США на рынке фьючерсов",,,ru,RU
e7ae5f89d0ee,interfax,https://www.interfax.ru/business/1077745,2026-03-13 00:00:00,"Объем операций по электронным кошелькам в 2025 г. вырос в 1,6 раза, до 13,3 трлн руб.",,,ru,RU
39bc341b858a,interfax,https://www.interfax.ru/russia/1077746,2026-03-13 00:00:00,В Шебекинском округе в результате удара БПЛА по соцобъекту пострадали две женщины,,,ru,RU
d1ec27e1e6b5,interfax,https://www.interfax.ru/world/1077736,2026-03-13 00:00:00,Макрон не видит причин ослаблять санкции ЕС против РФ в контексте событий вокруг Ирана,,,ru,RU
623840ff178b,interfax,https://www.interfax.ru/russia/1077773,2026-03-13 00:00:00,"Услуги связи в РФ в феврале подорожали на 1,93% г/г",,,ru,RU
b1b717c3d10e,interfax,https://www.interfax.ru/world/1077777,2026-03-13 00:00:00,Правительство Польши приняло резолюцию о займе на вооружение в обход президентского вето,,,ru,RU
7df0ed4b1c33,interfax,https://www.interfax.ru/world/1077775,2026-03-13 00:00:00,В Норвегии арестованы четверо обвиняемых во взрыве у посольства США,,,ru,RU
5d304b29927f,interfax,https://www.interfax.ru/russia/1077794,2026-03-13 00:00:00,Уголовное дело о теракте возбуждено после поджога подростком двух АЗС в Подмосковье,,,ru,RU
bc8a1a04cbba,interfax,https://www.interfax.ru/world/1077793,2026-03-13 00:00:00,"Лидер ""Хезболлы"" заявляет о готовности к длительному противостоянию с Израилем",,,ru,RU
8c69ea56fc94,interfax,https://www.interfax.ru/world/1077792,2026-03-13 00:00:00,ЕС осудил атаку беспилотников против мирных жителей ДРК,,,ru,RU
28759dad88ce,interfax,https://www.interfax.ru/russia/1077791,2026-03-13 00:00:00,"Один человек погиб, один ранен при атаке дронами на Белгородскую область",,,ru,RU
60de8e05571b,interfax,https://www.interfax.ru/world/1077790,2026-03-13 00:00:00,Президент Кубы считает преждевременным прогнозировать развитие контактов с США,,,ru,RU
4c338cf7257b,interfax,https://www.interfax.ru/business/1077774,2026-03-13 00:00:00,Курс рубля к юаню обновил минимум с сентября 2025 года,,,ru,RU
1e98fb9605f3,interfax,https://www.interfax.ru/moscow/1077789,2026-03-13 00:00:00,В связи с пожаром в пансионате в Химках возбуждено уголовное дело,,,ru,RU
c78ea5004953,interfax,https://www.interfax.ru/world/1077787,2026-03-13 00:00:00,ВС США направили на Ближний Восток 10 000 дронов-перехватчиков Merops,,,ru,RU
466a8e53a6c0,interfax,https://www.interfax.ru/world/1077788,2026-03-13 00:00:00,"Президент Ливана заявил, что Израиль не ответил на предложение о прямых переговорах",,,ru,RU
3ee1b59685ad,interfax,https://www.interfax.ru/business/1077785,2026-03-13 00:00:00,Саудовская Аравия наращивает транспортировку нефти через Красное море,,,ru,RU
6fabc7f3d226,interfax,https://www.interfax.ru/russia/1077784,2026-03-13 00:00:00,Высоту орбиты МКС подняли более чем на километр,,,ru,RU
4d8b33785b6d,interfax,https://www.interfax.ru/world/1077783,2026-03-13 00:00:00,"NDTV сообщил о проходе через Ормузский пролив танкера, следующего в Индию",,,ru,RU
6789f14c0a88,interfax,https://www.interfax.ru/business/1077782,2026-03-13 00:00:00,JPMorgan ждет падения мировых поставок нефти к концу следующей недели до 12 млн б/с,,,ru,RU
67e1f2a7306d,interfax,https://www.interfax.ru/world/1077781,2026-03-13 00:00:00,Италия отрицает участие в переговорах с Ираном о судоходстве в Ормузском проливе,,,ru,RU
0542e538b0bd,interfax,https://www.interfax.ru/russia/1077780,2026-03-13 00:00:00,В Удмуртии женщина погибла из-за схода снега с крыши частного дома,,,ru,RU
cd385f771be1,interfax,https://www.interfax.ru/russia/1077778,2026-03-13 00:00:00,Житель Белгородского округа ранен в результате атаки БПЛА,,,ru,RU
c91be7a11a26,interfax,https://www.interfax.ru/world/1077776,2026-03-13 00:00:00,Куба намерена продолжать импортировать нефть и при эмбарго США,,,ru,RU
5c0e80b440d0,interfax,https://www.interfax.ru/world/1077786,2026-03-13 00:00:00,"В мире проходят акции солидарности с Палестиной по случаю дня ""Аль-Кудс""",,,ru,RU
092e6d7a4b08,interfax,https://www.interfax.ru/russia/1077870,2026-03-14 00:00:00,"В Минздраве заявили, что лечение ВИЧ, туберкулеза и психических заболеваний в РФ бесплатно",,,ru,RU
f14058d3096f,interfax,https://www.interfax.ru/world/1077871,2026-03-14 00:00:00,Трамп опроверг сообщения о серьезном повреждении самолетов США в Саудовской Аравии,,,ru,RU
a1aede64314d,interfax,https://www.interfax.ru/world/1077872,2026-03-14 00:00:00,Взрыв произошёл у еврейской школы в Амстердаме,,,ru,RU
34131a4b932b,interfax,https://www.interfax.ru/world/1077874,2026-03-14 00:00:00,Президент США призвал ряд стран направить свои корабли в Ормузский пролив,,,ru,RU
4d429e1a97b4,interfax,https://www.interfax.ru/russia/1077873,2026-03-14 00:00:00,Очередной рекорд тепла побит в Петербурге,,,ru,RU
73300508fb69,interfax,https://www.interfax.ru/moscow/1077876,2026-03-14 00:00:00,"Число сбитых БПЛА, летевших на Москву, достигло 22",,,ru,RU
e6fdd19e3401,interfax,https://www.interfax.ru/world/1077877,2026-03-14 00:00:00,Силы ПВО ОАЭ перехватили девять иранских баллистических ракет и 33 БПЛА,,,ru,RU
fd840127e484,interfax,https://www.interfax.ru/russia/1077889,2026-03-14 00:00:00,AZUR air до 20 марта представит Ространснадзору отчет об устранении замечаний,,,ru,RU
aa494dfd6476,interfax,https://www.interfax.ru/russia/1077879,2026-03-14 00:00:00,"Кабмин поручил ""Росатому"" и МИД провести переговоры с Вьетнамом о сооружении АЭС",,,ru,RU
60fd63cdd74e,interfax,https://www.interfax.ru/moscow/1077881,2026-03-14 00:00:00,Аэропорт Домодедово снова приостановил работу,,,ru,RU
1463aa14d82e,interfax,https://www.interfax.ru/world/1077880,2026-03-14 00:00:00,Скончался немецкий философ и социолог Юрген Хабермас,,,ru,RU
e4d06bee6f72,interfax,https://www.interfax.ru/russia/1077886,2026-03-14 00:00:00,Аэропорт Саратова снял ограничения на прием и выпуск самолетов,,,ru,RU
0fd6a04641d0,interfax,https://www.interfax.ru/world/1077887,2026-03-14 00:00:00,КНДР запустила 10 ракет в сторону Японского моря,,,ru,RU
be1184b2615e,interfax,https://www.interfax.ru/moscow/1077888,2026-03-14 00:00:00,Аэропорт Жуковский возобновил работу,,,ru,RU
fa2f42bf5cf7,interfax,https://www.interfax.ru/world/1077890,2026-03-14 00:00:00,Более 800 человек погибли в Ливане от израильских ударов,,,ru,RU
a1fb743b09ce,interfax,https://www.interfax.ru/world/1077868,2026-03-14 00:00:00,В Казахстане сообщили об отсутствии его нефти на танкере на момент инцидента у Новороссийска,,,ru,RU
1b009aa41ba2,interfax,https://www.interfax.ru/russia/1077841,2026-03-14 00:00:00,"Военные заявили о продвижении группировки ""Восток"" в зоне проведения СВО",,,ru,RU
bde4892d6cd7,interfax,https://www.interfax.ru/russia/1077869,2026-03-14 00:00:00,Эксперт Минздрава объяснил рекомендации о цвете одежды врачей обеспечением безопасности,,,ru,RU
794ecd1bc89e,interfax,https://www.interfax.ru/russia/1077855,2026-03-14 00:00:00,Аэропорты Внуково и Домодедово приостановили работу,,,ru,RU
816ab602bc9f,interfax,https://www.interfax.ru/world/1077863,2026-03-14 00:00:00,Беспилотник США провел разведку вблизи иранского порта Бушер в Персидском заливе,,,ru,RU
daca85c56dcf,interfax,https://www.interfax.ru/moscow/1077842,2026-03-14 00:00:00,"Число сбитых дронов, летевших на Москву, увеличилось до четырех",,,ru,RU
7070c345bd3a,interfax,https://www.interfax.ru/moscow/1077843,2026-03-14 00:00:00,Департамент здравоохранения Москвы сообщил о восьми пострадавших в ДТП на Калужском шоссе,,,ru,RU
de2685448b29,interfax,https://www.interfax.ru/world/1077845,2026-03-14 00:00:00,"Израильская армия сообщила об уничтожении командных центров ""Хезболлы"" в Бейруте",,,ru,RU
bb16e55b28b1,interfax,https://www.interfax.ru/moscow/1077846,2026-03-14 00:00:00,Число сбитых на подлете к столице БПЛА достигло пяти,,,ru,RU
2253a897ea53,interfax,https://www.interfax.ru/russia/1077847,2026-03-14 00:00:00,"Авиакомпания ""Победа"" начала продажу билетов на рейсы между Москвой и Минском",,,ru,RU
3bd7720b9c25,interfax,https://www.interfax.ru/russia/1077848,2026-03-14 00:00:00,Аэропорты Иваново и Ярославля приостановили прием и выпуск рейсов,,,ru,RU
ef92633ecf60,interfax,https://www.interfax.ru/moscow/1077849,2026-03-14 00:00:00,"Число сбитых беспилотников, летевших на Москву, достигло восьми",,,ru,RU
705ff500a5c1,interfax,https://www.interfax.ru/world/1077865,2026-03-14 00:00:00,"Кац заявил, что операция США и Израиля в Иране вошла в ""решающую фазу""",,,ru,RU
30a963131af6,interfax,https://www.interfax.ru/moscow/1077851,2026-03-14 00:00:00,"Число сбитых дронов, летевших на столицу, достигло 14",,,ru,RU
cfcca0180636,interfax,https://www.interfax.ru/world/1077853,2026-03-14 00:00:00,Стратегические бомбардировщики ВВС США совершили налеты на Иран,,,ru,RU
8807ff09f526,interfax,https://www.interfax.ru/world/1077856,2026-03-14 00:00:00,Бомбардировщики ВВС США нанесли 90 ударов по иранскому острову Харк,,,ru,RU
31faa3263a96,interfax,https://www.interfax.ru/russia/1077857,2026-03-14 00:00:00,"Аэропорты Внуково и Домодедово возобновили работу, аэропорт Геленджика ее приостановил",,,ru,RU
ccd699228007,interfax,https://www.interfax.ru/world/1077858,2026-03-14 00:00:00,Израиль нанес удары по космическому центру и заводу по производству систем ПВО в Иране,,,ru,RU
fd1237f76f39,interfax,https://www.interfax.ru/russia/1077891,2026-03-14 00:00:00,Умерла актриса Людмила Аринина,,,ru,RU
5f035ba95408,interfax,https://www.interfax.ru/russia/1077859,2026-03-14 00:00:00,За сутки над Белгородской областью уничтожены 75 украинских БПЛА,,,ru,RU
937b935a458c,interfax,https://www.interfax.ru/world/1077862,2026-03-14 00:00:00,"Иранский посол подтвердил, что Иран разрешил некоторым судам Индии пройти через Ормузский пролив",,,ru,RU
d2b6609dd8cf,interfax,https://www.interfax.ru/world/1077852,2026-03-14 00:00:00,Макрон предложил Ливану и Израилю провести прямые переговоры в Париже,,,ru,RU
4d4b506119ab,interfax,https://www.interfax.ru/moscow/1077892,2026-03-14 00:00:00,С начала дня на подлете к Москве сбили 32 беспилотника,,,ru,RU
53eb0c6f3ed5,interfax,https://www.interfax.ru/russia/1077906,2026-03-14 00:00:00,Электроснабжение нарушено в трех муниципалитетах Запорожской области,,,ru,RU
73a59a32cabf,interfax,https://www.interfax.ru/world/1077895,2026-03-14 00:00:00,ЕС продлил на полгода индивидуальные санкции в отношении России,,,ru,RU
ef679574c2d9,interfax,https://www.interfax.ru/moscow/1077894,2026-03-14 00:00:00,"Количество дронов, уничтоженных на подлете к Москве, достигло 39",,,ru,RU
0e1b3108157d,interfax,https://www.interfax.ru/russia/1077909,2026-03-14 00:00:00,"Сбито 65 украинских БПЛА, летевших на Москву",,,ru,RU
d296fcae84de,interfax,https://www.interfax.ru/russia/1077907,2026-03-14 00:00:00,"Уничтожены еще 15 БПЛА, летевших на Москву",,,ru,RU
5de274815765,interfax,https://www.interfax.ru/russia/1077904,2026-03-14 00:00:00,Ограничения введены в аэропорту Краснодара,,,ru,RU
ace7498d33ac,interfax,https://www.interfax.ru/russia/1077903,2026-03-14 00:00:00,Над Брянской областью уничтожено 128 БПЛА,,,ru,RU
b22a307b5138,interfax,https://www.interfax.ru/world/1077905,2026-03-14 00:00:00,"Трамп заявил, что страны, получающие нефть через Ормуз, обязаны обеспечить его безопасность",,,ru,RU
eeaf168d1cae,interfax,https://www.interfax.ru/russia/1077901,2026-03-14 00:00:00,ВС РФ за день субботы уничтожили 280 украинских беспилотников,,,ru,RU
72501615e292,interfax,https://www.interfax.ru/russia/1077900,2026-03-14 00:00:00,Четыре женщины ранены при атаке дрона в Белгородской области,,,ru,RU
6bc64430b2f8,interfax,https://www.interfax.ru/world/1077899,2026-03-14 00:00:00,"Глава МИД Ирана заявил, что не угрожал США созданием ядерного оружия",,,ru,RU
45f2ef469eee,interfax,https://www.interfax.ru/world/1077897,2026-03-14 00:00:00,Глава МИД Ирана предупредил об ответе Тегерана на удары США по острову Харк,,,ru,RU
b5b3c6ea5f9b,interfax,https://www.interfax.ru/world/1077893,2026-03-14 00:00:00,"Что произошло за день: суббота, 14 марта",,,ru,RU
606dbc27a0b8,interfax,https://www.interfax.ru/world/1077902,2026-03-14 00:00:00,Аракчи призвал ближневосточные страны выдворить силы США со своей территории,,,ru,RU
50e56b03a8ee,interfax,https://www.interfax.ru/russia/1078007,2026-03-15 00:00:00,Пожар на нефтебазе на Кубани полностью ликвидирован,,,ru,RU
34cba9745fd3,interfax,https://www.interfax.ru/moscow/1078002,2026-03-15 00:00:00,Аэропорты Внуково и Шереметьево работают штатно,,,ru,RU
a0743ca69242,interfax,https://www.interfax.ru/moscow/1077999,2026-03-15 00:00:00,ПВО ОАЭ сбила еще шесть дронов и четыре баллистические ракеты,,,ru,RU
4968cdb93c9e,interfax,https://www.interfax.ru/russia/1078003,2026-03-15 00:00:00,Мужчина ранен при атаке дронов ВСУ на сельхозпредприятие в Брянской области,,,ru,RU
2964f7cf5b14,interfax,https://www.interfax.ru/moscow/1078004,2026-03-15 00:00:00,В Москве побит третий с начала месяца температурный рекорд,,,ru,RU
facafe175c27,interfax,https://www.interfax.ru/world/1078006,2026-03-15 00:00:00,МИД Израиля опроверг сообщения о возможных вскоре переговорах с Ливаном,,,ru,RU
c5de51af60bf,interfax,https://www.interfax.ru/world/1078008,2026-03-15 00:00:00,Власти Бахрейна задержали пять человек по подозрению в сборе информации для КСИР,,,ru,RU
469cb899eb5a,interfax,https://www.interfax.ru/world/1078015,2026-03-15 00:00:00,Орбан заявил о необходимости для Венгрии не втягиваться в международные кризисы,,,ru,RU
d238b81abdea,interfax,https://www.interfax.ru/world/1078011,2026-03-15 00:00:00,"Глава Минэнерго США заявил, что операция против Ирана завершится в течение нескольких недель",,,ru,RU
f9a148b91970,interfax,https://www.interfax.ru/world/1078013,2026-03-15 00:00:00,США начали применять штурмовики A-10 для борьбы с иранскими беспилотниками,,,ru,RU
6049d99b7da9,interfax,https://www.interfax.ru/world/1078014,2026-03-15 00:00:00,Швеция и Норвегия готовы сотрудничать с Францией по ядерному сдерживанию в Европе,,,ru,RU
c936e171e571,interfax,https://www.interfax.ru/world/1078001,2026-03-15 00:00:00,Израиль планирует продолжать операцию против Ирана еще не меньше трех недель,,,ru,RU
a1a9b3cff649,interfax,https://www.interfax.ru/world/1078017,2026-03-15 00:00:00,Иран применил новые типы ракет в ходе ударов по Израилю,,,ru,RU
e246c4066fac,interfax,https://www.interfax.ru/world/1078018,2026-03-15 00:00:00,Аракчи сообщил об обсуждении с некоторыми странами прохода их судов через Ормузский пролив,,,ru,RU
1543cbf6ad9e,interfax,https://www.interfax.ru/russia/1078009,2026-03-15 00:00:00,Три человека ранены в приграничье Курской области в результате удара дрона ВСУ,,,ru,RU
91fc445ca31a,interfax,https://www.interfax.ru/russia/1078000,2026-03-15 00:00:00,Аэропорт Кирова вернулся к штатной работе,,,ru,RU
d0f637312b26,interfax,https://www.interfax.ru/moscow/1077983,2026-03-15 00:00:00,Аэропорт Внуково принимает и отправляет рейсы по согласованию,,,ru,RU
e8549348167f,interfax,https://www.interfax.ru/russia/1077995,2026-03-15 00:00:00,Нижегородский аэропорт работает штатно,,,ru,RU
9ca16ec8474d,interfax,https://www.interfax.ru/world/1077971,2026-03-15 00:00:00,В Японии считают очень рискованным отправку своих кораблей для охраны в Ормузский пролив,,,ru,RU
22acef62ca9a,interfax,https://www.interfax.ru/moscow/1077973,2026-03-15 00:00:00,Число пострадавших в аварии с участием двух трамваев в Москве выросло до 22,,,ru,RU
eeaa9fcbb88d,interfax,https://www.interfax.ru/world/1077974,2026-03-15 00:00:00,Референдум по новой Конституции Казахстана признан состоявшимся,,,ru,RU
b9a84fc2d9a9,interfax,https://www.interfax.ru/russia/1077978,2026-03-15 00:00:00,"Минобороны заявило, что российская армия улучшила позиции в зоне СВО",,,ru,RU
91642c93cfc3,interfax,https://www.interfax.ru/russia/1077979,2026-03-15 00:00:00,Путин примет участие в заседании расширенной коллегии Генпрокуратуры РФ,,,ru,RU
aafb1f33f1d7,interfax,https://www.interfax.ru/world/1077980,2026-03-15 00:00:00,США направили в Британию 12 истребителей F-35A для отправки на Ближний Восток,,,ru,RU
245f9b8eae09,interfax,https://www.interfax.ru/russia/1077981,2026-03-15 00:00:00,Локализован последний очаг возгорания на нефтебазе на Кубани,,,ru,RU
079fb04251dc,interfax,https://www.interfax.ru/moscow/1077982,2026-03-15 00:00:00,Движение трамваев на северо-западе Москвы восстановлено,,,ru,RU
c76de50128ef,interfax,https://www.interfax.ru/russia/1077984,2026-03-15 00:00:00,"Песков отметил, что РФ открыта к переговорам по Украине, но европейцы их не желают",,,ru,RU
06a1c523f4a2,interfax,https://www.interfax.ru/russia/1077985,2026-03-15 00:00:00,Военно-Грузинскую дорогу закрыли для всех видов транспорта из-за непогоды,,,ru,RU
2818dbd69035,interfax,https://www.interfax.ru/business/1078019,2026-03-15 00:00:00,Страны МЭА высвободят почти 412 млн баррелей нефти из стратрезервов,,,ru,RU
42e0e0f263e8,interfax,https://www.interfax.ru/russia/1077986,2026-03-15 00:00:00,Кировский аэропорт временно закрыт,,,ru,RU
81013ec07ebc,interfax,https://www.interfax.ru/world/1077988,2026-03-15 00:00:00,Премьеры стран Северной Европы и Канады высказались за укрепление безопасности в Арктике,,,ru,RU
e9ccd7d072e0,interfax,https://www.interfax.ru/world/1077989,2026-03-15 00:00:00,"FT сообщила, что боевые действия на Ближнем Востоке отвлекают США от переговоров по Украине",,,ru,RU
27cbe67aee15,interfax,https://www.interfax.ru/business/1077993,2026-03-15 00:00:00,Южная Корея резко нарастила импорт СПГ перед обострением на Ближнем Востоке,,,ru,RU
404100c682dd,interfax,https://www.interfax.ru/world/1077996,2026-03-15 00:00:00,Сторонники Орбана и его противники собираются на митинги в Будапеште,,,ru,RU
92b7bff7274a,interfax,https://www.interfax.ru/world/1078020,2026-03-15 00:00:00,Иран пока не планирует извлекать из-под завалов обогащенный до 60% уран,,,ru,RU
0447b1ece733,interfax,https://www.interfax.ru/russia/1077975,2026-03-15 00:00:00,"Минобороны РФ сообщило, что за сутки сбиты две крылатые ракеты ""Нептун""",,,ru,RU
21aac0a65b1b,interfax,https://www.interfax.ru/moscow/1078025,2026-03-15 00:00:00,Трамваи в Москве столкнулись в воскресенье из-за сбоя системы управления вагоном,,,ru,RU
fc29916bb97a,interfax,https://www.interfax.ru/world/1078022,2026-03-15 00:00:00,"Военные США заверили, что беспилотники нацелены только на иранские военные цели",,,ru,RU
d127c18f0368,interfax,https://www.interfax.ru/russia/1078039,2026-03-15 00:00:00,Возгорание водорода произошло в районе металлургического предприятия в Туле,,,ru,RU
79be97ab72e1,interfax,https://www.interfax.ru/moscow/1078037,2026-03-15 00:00:00,Собянин сообщил о ликвидации трех беспилотников,,,ru,RU
fae1c8b81bc0,interfax,https://www.interfax.ru/world/1078036,2026-03-15 00:00:00,"Десантный корабль ВМС США ""Триполи"" приблизился к Малаккскому проливу",,,ru,RU
97ce7d0f2e12,interfax,https://www.interfax.ru/moscow/1078040,2026-03-15 00:00:00,"Уничтожено еще три беспилотника, пытавшихся атаковать Москву",,,ru,RU
4fc4f806c77e,interfax,https://www.interfax.ru/moscow/1078034,2026-03-15 00:00:00,"Сбито еще два БПЛА, летевших на Москву",,,ru,RU
6afbae7c364c,interfax,https://www.interfax.ru/world/1078033,2026-03-15 00:00:00,Пять бомбардировщиков ВВС B-1B США вылетели на очередную миссию над Ираном,,,ru,RU
eed926587431,interfax,https://www.interfax.ru/russia/1078028,2026-03-15 00:00:00,"Российские военные с 14:00 мск уничтожили 113 дронов ВСУ, 18 - над Московским регионом",,,ru,RU
5602c94889ef,interfax,https://www.interfax.ru/world/1078027,2026-03-15 00:00:00,Китайская ракета вывела на орбиту спутник наблюдения за поверхностью Земли,,,ru,RU
8922202f05d1,interfax,https://www.interfax.ru/moscow/1078035,2026-03-15 00:00:00,Шереметьево принимает и отправляет рейсы по согласованию,,,ru,RU
0e7e6760ac67,interfax,https://www.interfax.ru/russia/1078224,2026-03-16 00:00:00,Герасимов заявил о продвижении российских войск в направлении Славянска,,,ru,RU
342d594da85a,interfax,https://www.interfax.ru/business/1078216,2026-03-16 00:00:00,Почтовая служба США попросит Конгресс о срочной реформе,,,ru,RU
8cd163d50b37,interfax,https://www.interfax.ru/business/1078217,2026-03-16 00:00:00,"""Мосбиржа"" с 23 марта запустит сделки фикс в золоте",,,ru,RU
689bf2fe051c,interfax,https://www.interfax.ru/world/1078219,2026-03-16 00:00:00,Бывшая помощник главы Пентагона заявила о неготовности США к угрозам БПЛА,,,ru,RU
61018ef0d4a1,interfax,https://www.interfax.ru/world/1078218,2026-03-16 00:00:00,Роберт Кочарян выдвинут кандидатом в премьер-министры Армении,,,ru,RU
dbb82ebd204e,interfax,https://www.interfax.ru/world/1078221,2026-03-16 00:00:00,Трамп заявил о согласии многих стран помочь обеспечить безопасность в Ормузском проливе,,,ru,RU
a168454d9114,interfax,https://www.interfax.ru/russia/1078223,2026-03-16 00:00:00,Генштаб ВС РФ заявил о наступлении российских войск на всех направлениях в зоне СВО,,,ru,RU
e6c9e3951272,interfax,https://www.interfax.ru/business/1078214,2026-03-16 00:00:00,Банк России отметил снижение инфляции в феврале,,,ru,RU
19ae4622e5cf,interfax,https://www.interfax.ru/world/1078230,2026-03-16 00:00:00,Трамп назвал Иран бумажным тигром,,,ru,RU
b2ffcf8e84a3,interfax,https://www.interfax.ru/russia/1078226,2026-03-16 00:00:00,Герасимов заявил о неспособности ВСУ остановить наступление на востоке Запорожской области,,,ru,RU
86d89a27b30e,interfax,https://www.interfax.ru/russia/1078227,2026-03-16 00:00:00,Генштаб ВС РФ сообщил о наступлении в направлении Запорожья,,,ru,RU
0092a7797b6c,interfax,https://www.interfax.ru/russia/1078228,2026-03-16 00:00:00,Начальник Генштаба ВС РФ сказал о создании полосы безопасности в Днепропетровской области,,,ru,RU
6f3318a55182,interfax,https://www.interfax.ru/russia/1078229,2026-03-16 00:00:00,Герасимов заявил о наступлении российских войск в направлении Доброполья,,,ru,RU
9579f97c4153,interfax,https://www.interfax.ru/world/1078213,2026-03-16 00:00:00,ЕС ввел дополнительные санкции против Ирана,,,ru,RU
cc2317f6ca9a,interfax,https://www.interfax.ru/world/1078220,2026-03-16 00:00:00,Трамп отрицает намеренные удары по иранской инфраструктуре,,,ru,RU
c720a1fc8809,interfax,https://www.interfax.ru/russia/1078231,2026-03-16 00:00:00,Военные РФ сообщили о контроле более чем над половиной города Красный Лиман,,,ru,RU
c06aa5f643c4,interfax,https://www.interfax.ru/russia/1078232,2026-03-16 00:00:00,Продолжается создание полосы безопасности в Сумской и Харьковской областях,,,ru,RU
052a46950ade,interfax,https://www.interfax.ru/russia/1078225,2026-03-16 00:00:00,В Генштабе ВС РФ заявили о выходе на юго-западные окраины Константиновки,,,ru,RU
c5041f4ee3a9,interfax,https://www.interfax.ru/russia/1078212,2026-03-16 00:00:00,Приставы арестовали 32 млрд рублей ЮГК,,,ru,RU
046f950e7d36,interfax,https://www.interfax.ru/business/1078206,2026-03-16 00:00:00,"Добыча нефти в Китае в январе-феврале выросла на 1,9%, газа - на 2,9%",,,ru,RU
ff862cc619ad,interfax,https://www.interfax.ru/russia/1078208,2026-03-16 00:00:00,Лавров провел переговоры с главой МИД Кении,,,ru,RU
cd37cd443d53,interfax,https://www.interfax.ru/russia/1078187,2026-03-16 00:00:00,Госдума во вторник обсудит ратификацию соглашения с Белоруссией о взаимном исполнении постановлений судов,,,ru,RU
864f8982ea7e,interfax,https://www.interfax.ru/business/1078188,2026-03-16 00:00:00,"Нефть усилила снижение, Brent торгуется у $101,1 за баррель",,,ru,RU
3800afaef8b8,interfax,https://www.interfax.ru/business/1078190,2026-03-16 00:00:00,"НРД перечислили 3,5 млрд руб. для выплаты купона по евробондам ""Россия-2043"" и замещающему выпуску",,,ru,RU
bb5e5a340170,interfax,https://www.interfax.ru/russia/1078189,2026-03-16 00:00:00,"Выживший в аварии с упавшим в Мойку автобусом отсудил 1,5 млн рублей",,,ru,RU
ba50441e0367,interfax,https://www.interfax.ru/world/1078191,2026-03-16 00:00:00,Сийярто сообщил об угрозах со стороны Германии,,,ru,RU
87474e46a0f3,interfax,https://www.interfax.ru/world/1078192,2026-03-16 00:00:00,"В ЕС ожидаемая продолжительность жизни выросла до 81,5 года",,,ru,RU
9a963c733257,interfax,https://www.interfax.ru/world/1078195,2026-03-16 00:00:00,Фицо призвал главу Евросовета не ставить интересы Киева выше интересов стран ЕС,,,ru,RU
7bbdc1324295,interfax,https://www.interfax.ru/world/1078194,2026-03-16 00:00:00,Италия не поддерживает перенаправление миссий Aspides или Atalanta в Ормузский пролив,,,ru,RU
0f8f19e160d4,interfax,https://www.interfax.ru/business/1078196,2026-03-16 00:00:00,Глава МЭА предупредил рынки о долгом восстановлении после кризиса,,,ru,RU
cde8f5c7f4d7,interfax,https://www.interfax.ru/world/1078199,2026-03-16 00:00:00,На Солнце произошла крупная вспышка с выбросом массы в сторону Земли,,,ru,RU
7b12070ae738,interfax,https://www.interfax.ru/world/1078200,2026-03-16 00:00:00,Непогода в США вызвала отмены авиарейсов и масштабные отключения электричества,,,ru,RU
68d8feadbfd9,interfax,https://www.interfax.ru/world/1078201,2026-03-16 00:00:00,Швеция временно перенесла посольство из Ирана в Азербайджан,,,ru,RU
f61649eb6cd0,interfax,https://www.interfax.ru/world/1078202,2026-03-16 00:00:00,В Европе отвергают призыв Трампа участвовать в обеспечении безопасности Ормузского пролива,,,ru,RU
577542222c18,interfax,https://www.interfax.ru/moscow/1078203,2026-03-16 00:00:00,"Количество сбитых БПЛА, летевших на Москву, выросло до 60",,,ru,RU
299d2a7ced85,interfax,https://www.interfax.ru/business/1078204,2026-03-16 00:00:00,Atlas Air сделала крупнейший в своей истории заказ грузовых самолетов у Airbus,,,ru,RU
554ac3e0cea1,interfax,https://www.interfax.ru/moscow/1078205,2026-03-16 00:00:00,В Москве на фиолетовой ветке метро поезда шли с увеличенными интервалами,,,ru,RU
2e6e6e69bf6e,interfax,https://www.interfax.ru/world/1078235,2026-03-16 00:00:00,Президент США сомневается в готовности Ирана к сделке,,,ru,RU
ae9db954fcb0,interfax,https://www.interfax.ru/russia/1078207,2026-03-16 00:00:00,Российский МИД призвал стороны конфликта на Ближнем Востоке к перемирию,,,ru,RU
ed452473dabe,interfax,https://www.interfax.ru/world/1078197,2026-03-16 00:00:00,Эксперт Юрий Лямин: военные действия на Ближнем Востоке вступают в новую фазу,,,ru,RU
9e5fda824696,interfax,https://www.interfax.ru/russia/1078211,2026-03-16 00:00:00,Замглавы МИД России принял посла Израиля,,,ru,RU
9524d5ecf913,interfax,https://www.interfax.ru/russia/1078236,2026-03-16 00:00:00,"Грузовой корабль ""Прогресс МС-31"" затоплен в Тихом океане",,,ru,RU
db30c09ca236,interfax,https://www.interfax.ru/world/1078233,2026-03-16 00:00:00,"Трамп считает, что Россия боится США",,,ru,RU
82e8e1d4f9df,interfax,https://www.interfax.ru/russia/1078239,2026-03-16 00:00:00,В Лабинске продолжают тушить пожар на нефтебазе,,,ru,RU
c9e21b248d81,interfax,https://www.interfax.ru/russia/1078237,2026-03-16 00:00:00,"В МИД сообщили о выбросах газа с судна ""Арктик Метагаз""",,,ru,RU
0254b58c1ac1,interfax,https://www.interfax.ru/world/1078255,2026-03-16 00:00:00,Пожар после удара БПЛА начался на нефтяном месторождении в Абу-Даби,,,ru,RU
64b14fcc8185,interfax,https://www.interfax.ru/world/1078254,2026-03-16 00:00:00,Иран готов к обсуждению завершения конфликта только после гарантий безопасности,,,ru,RU
dc2ecbe3554c,interfax,https://www.interfax.ru/world/1078252,2026-03-16 00:00:00,ЕС поможет Армении противодействовать гибридным угрозам в связи с выборами в стране,,,ru,RU
d521cb6d0cf7,interfax,https://www.interfax.ru/business/1078251,2026-03-16 00:00:00,На Шри-Ланке сократят рабочую неделю для экономии энергоресурсов,,,ru,RU
90ffcd66bb99,interfax,https://www.interfax.ru/world/1078250,2026-03-16 00:00:00,В Афганистане сообщили об ударе Пакистана по Кабулу,,,ru,RU
555711c2957b,interfax,https://www.interfax.ru/world/1078247,2026-03-16 00:00:00,Каллас заявила о стремлении ЕС добиться завершения войны против Ирана,,,ru,RU
1fef10f84b52,interfax,https://www.interfax.ru/world/1078248,2026-03-16 00:00:00,Израиль сообщил об уничтожении иранского центра по разработке противоспутникового оружия,,,ru,RU
b963228e08ee,interfax,https://www.interfax.ru/world/1078249,2026-03-16 00:00:00,Каллас отметила торможение мирного плана для Газы из-за войны с Ираном,,,ru,RU
1a11e00e5878,interfax,https://www.interfax.ru/business/1078245,2026-03-16 00:00:00,SAS отменит более 100 авиарейсов из-за дороговизны топлива,,,ru,RU
3bffd62635b4,interfax,https://www.interfax.ru/world/1078244,2026-03-16 00:00:00,ЕС не будет направлять в Ормузский пролив миссию ASPIDES,,,ru,RU
6dd56470e1da,interfax,https://www.interfax.ru/russia/1078243,2026-03-16 00:00:00,В Костроме рядом с гимназией № 28 нашли обломки беспилотника,,,ru,RU
0782d341fbee,interfax,https://www.interfax.ru/russia/1078242,2026-03-16 00:00:00,Минобороны РФ сообщило о поражении 59 беспилотников за четыре часа,,,ru,RU
f3ef9a9f23a8,interfax,https://www.interfax.ru/russia/1078241,2026-03-16 00:00:00,В России заинтересованы в участии в освоении месторождения урана в Намибии,,,ru,RU
f3f69aee570b,interfax,https://www.interfax.ru/russia/1078238,2026-03-16 00:00:00,В Белгородской области в результате атаки БПЛА на предприятие ранена женщина,,,ru,RU
b5e39dae3d11,interfax,https://www.interfax.ru/russia/1078240,2026-03-16 00:00:00,"Герасимов заявил, что группировка ""Запад"" ликвидирует остатки украинских подразделений на восточном берегу Оскола",,,ru,RU
768ac05ae7d2,interfax,https://www.interfax.ru/russia/1078246,2026-03-16 00:00:00,В Ставрополе заклинило аттракцион с людьми,,,ru,RU
8fee2bee16c6,interfax,https://www.interfax.ru/world/1078444,2026-03-17 00:00:00,Макрон исключил участие Франции в разблокировке Ормузского пролива,,,ru,RU
5ed1bb69e116,interfax,https://www.interfax.ru/world/1078438,2026-03-17 00:00:00,Эксперты спрогнозировали сохранение ставки ФРС на предстоящем заседании,,,ru,RU
aa025fe8f89d,interfax,https://www.interfax.ru/business/1078439,2026-03-17 00:00:00,Юань поднялся выше 12 рублей впервые с 11 сентября 2025 года,,,ru,RU
bef98bd7cc2b,interfax,https://www.interfax.ru/world/1078457,2026-03-17 00:00:00,Трамп снова пообещал обрушение цен на нефть после завершения операции на Ближнем Востоке,,,ru,RU
64f45f6bf78a,interfax,https://www.interfax.ru/business/1078440,2026-03-17 00:00:00,"ГК ""Дело"" зафиксировала снижение контейнерного рынка РФ за 2 месяца на 1,7%",,,ru,RU
819d22dcb4ff,interfax,https://www.interfax.ru/business/1078441,2026-03-17 00:00:00,"ЦБ сообщил о росте реального эффективного курса рубля в феврале на 0,7%",,,ru,RU
522376357bfc,interfax,https://www.interfax.ru/world/1078442,2026-03-17 00:00:00,"В ЕС заявили, что Израилю и Ливану необходимо приступить к переговорам",,,ru,RU
340399b85899,interfax,https://www.interfax.ru/business/1078445,2026-03-17 00:00:00,Минэкономразвития предложило случайный выбор управляющих для самостоятельно инициированных банкротств,,,ru,RU
64c1a8689aac,interfax,https://www.interfax.ru/russia/1078452,2026-03-17 00:00:00,Лидеров в области репутационного менеджмента наградят в Москве 24 апреля,,,ru,RU
f5c890e27460,interfax,https://www.interfax.ru/world/1078447,2026-03-17 00:00:00,"Авианосец США ""Джеральд Форд"" прервет участие в операции против Ирана",,,ru,RU
1835405c363d,interfax,https://www.interfax.ru/russia/1078412,2026-03-17 00:00:00,Дума приняла в I чтении проект о повышении защищенности сведений с гостайной,,,ru,RU
31b8238f0c01,interfax,https://www.interfax.ru/business/1078448,2026-03-17 00:00:00,Попытки роста рынка акций РФ во вторник оказались неудачными из-за забуксовавшей нефти,,,ru,RU
a77885e0c762,interfax,https://www.interfax.ru/world/1078449,2026-03-17 00:00:00,Трамп раскритиковал союзников США за нежелание участвовать в операциях против Ирана,,,ru,RU
b3d50fe6205c,interfax,https://www.interfax.ru/business/1078450,2026-03-17 00:00:00,Bloomberg сообщил об угрозе для плановой смены главы ФРС из-за преследования Пауэлла,,,ru,RU
302ddfa25b1a,interfax,https://www.interfax.ru/business/1078451,2026-03-17 00:00:00,Рубль во вторник упал к юаню и обновил минимум с середины сентября 2025 года,,,ru,RU
2d13db3feac3,interfax,https://www.interfax.ru/world/1078454,2026-03-17 00:00:00,"Трамп пока не думает о выходе из НАТО, но разочарован альянсом",,,ru,RU
cb8834dd26ae,interfax,https://www.interfax.ru/russia/1078437,2026-03-17 00:00:00,Матвиенко призывает решить проблему отмен пригородных поездов,,,ru,RU
0d28ea49b02b,interfax,https://www.interfax.ru/world/1078455,2026-03-17 00:00:00,Бомбардировщики США B-1 вылетели из Великобритании на очередное задание в Иран,,,ru,RU
2b143f3b3bc0,interfax,https://www.interfax.ru/world/1078446,2026-03-17 00:00:00,Эстония готова обсуждать отправку войск в Ормузский пролив,,,ru,RU
aa0f0360f839,interfax,https://www.interfax.ru/world/1078435,2026-03-17 00:00:00,Глава контртеррористического центра США уйдет в отставку из-за ситуации с Ираном,,,ru,RU
9980b22f1f2d,interfax,https://www.interfax.ru/russia/1078425,2026-03-17 00:00:00,В Новосибирскую область направили рабочую группу во главе с Данквертом,,,ru,RU
04249413683e,interfax,https://www.interfax.ru/russia/1078432,2026-03-17 00:00:00,"""Аэрофлот"" в марте-июне выполнит еще 43 дополнительных рейса в Юго-Восточную Азию",,,ru,RU
765456ea80af,interfax,https://www.interfax.ru/world/1078413,2026-03-17 00:00:00,Литва потребовала в Совете ЕС по окружающей среде приостановить работу БелАЭС,,,ru,RU
1913f7b34251,interfax,https://www.interfax.ru/world/1078414,2026-03-17 00:00:00,Литва не будет отправлять войска на Ближний Восток,,,ru,RU
0d93d7481e6b,interfax,https://www.interfax.ru/russia/1078417,2026-03-17 00:00:00,Обнаружено тело третьего пропавшего в Звенигороде ребенка,,,ru,RU
efc8718f54fe,interfax,https://www.interfax.ru/russia/1078415,2026-03-17 00:00:00,В I чтении принят проект о штрафах за нарушения на водном транспорте при видеофиксации,,,ru,RU
554219ffe250,interfax,https://www.interfax.ru/russia/1078416,2026-03-17 00:00:00,В Мурманской области четырех подростков будут судить по обвинению в поджогах,,,ru,RU
5857f44e576b,interfax,https://www.interfax.ru/russia/1078418,2026-03-17 00:00:00,В Тюмени до середины мая запретят проезд большегрузов,,,ru,RU
89d40b057384,interfax,https://www.interfax.ru/world/1078419,2026-03-17 00:00:00,Польша не будет направлять войска в регион Персидского залива,,,ru,RU
04025ad19c9e,interfax,https://www.interfax.ru/world/1078420,2026-03-17 00:00:00,США разместили в Саудовской Аравии эскадрилью истребителей F-35A,,,ru,RU
0a6e7c2c27db,interfax,https://www.interfax.ru/russia/1078434,2026-03-17 00:00:00,Трое рабочих погибли при ремонте в колодце на одном из заводов Новокуйбышевска,,,ru,RU
a042c5c3e5c4,interfax,https://www.interfax.ru/business/1078423,2026-03-17 00:00:00,Минфин 18 марта проведет аукционы по размещению ОФЗ 26238 и 26250,,,ru,RU
1059505392a1,interfax,https://www.interfax.ru/business/1078422,2026-03-17 00:00:00,"ЦБ предложил изменить правила определения расходов на ремонт по ОСАГО, прогнозируя рост средней выплаты на 9%",,,ru,RU
4e97d2e2161d,interfax,https://www.interfax.ru/world/1078421,2026-03-17 00:00:00,В Белом доме заявили о постепенном восстановлении движения танкеров в Ормузском проливе,,,ru,RU
436352501210,interfax,https://www.interfax.ru/world/1078426,2026-03-17 00:00:00,"ЕК заявила, что вопрос о 20-м пакете санкций против РФ пока не вышел из стадии дискуссий",,,ru,RU
1e126c1a3491,interfax,https://www.interfax.ru/russia/1078427,2026-03-17 00:00:00,МВД России предложило отказаться от миграционных карт для иностранцев,,,ru,RU
62fdcd01c21a,interfax,https://www.interfax.ru/moscow/1078429,2026-03-17 00:00:00,В Москве число курьеров на электровелосипедах сократят за счет доставки роботами,,,ru,RU
c8969e170641,interfax,https://www.interfax.ru/russia/1078428,2026-03-17 00:00:00,"МИД РФ заявил, что Россия продолжит оказывать Кубе поддержку",,,ru,RU
942370d7079a,interfax,https://www.interfax.ru/world/1078431,2026-03-17 00:00:00,"Глава МИД Турции обсудил с Лавровым энергетику, Украину и Ближний Восток",,,ru,RU
02330e090d11,interfax,https://www.interfax.ru/russia/1078430,2026-03-17 00:00:00,В ФМБА сообщили о наборе первых пациентов для персонифицированной химиотерапии глиобластом,,,ru,RU
71825424b675,interfax,https://www.interfax.ru/moscow/1078424,2026-03-17 00:00:00,В Москве будет тепло как минимум до начала следующей недели,,,ru,RU
8fbefec84c8b,interfax,https://www.interfax.ru/world/1078459,2026-03-17 00:00:00,"Трамп не видит причин опасаться ""второго Вьетнама"" в случае с Ираном",,,ru,RU
eea2ad3b5e26,interfax,https://www.interfax.ru/world/1078472,2026-03-17 00:00:00,Скончался католикос-патриарх Грузии Илия Второй,,,ru,RU
cee0dcda11db,interfax,https://www.interfax.ru/world/1078460,2026-03-17 00:00:00,"Президент США пообещал скоро предпринять ""кое-что"" в отношении Кубы",,,ru,RU
11a5113e1572,interfax,https://www.interfax.ru/world/1078461,2026-03-17 00:00:00,Bentley сократит рабочие места на фоне пересмотра плана развития электромобилей,,,ru,RU
88bf38430b40,interfax,https://www.interfax.ru/world/1078482,2026-03-17 00:00:00,"""Росатом"" готовится к третьему этапу эвакуации персонала с АЭС ""Бушер"" в Иране",,,ru,RU
7bcf6aca3807,interfax,https://www.interfax.ru/russia/1078481,2026-03-17 00:00:00,"Сотрудники ""Росатома"" не пострадали в результате обстрела АЭС ""Бушер"" в Иране",,,ru,RU
7548bbb12f31,interfax,https://www.interfax.ru/russia/1078477,2026-03-17 00:00:00,Ликвидирующая пожар на нефтебазе на Кубани группировка увеличена до 142 человек,,,ru,RU
4be59a3f601f,interfax,https://www.interfax.ru/world/1078476,2026-03-17 00:00:00,Главы МИД Азербайджана и Ирана обсудили ход расследования атаки БПЛА на Нахичевань,,,ru,RU
17742014d9c5,interfax,https://www.interfax.ru/russia/1078475,2026-03-17 00:00:00,"Первый пуск ракеты-носителя ""Союз-5"" запланирован на 27 марта",,,ru,RU
95b5e55adc3b,interfax,https://www.interfax.ru/business/1078473,2026-03-17 00:00:00,Минэкономразвития намерено ограничить доступ малых площадок к крупным торгам в банкротстве,,,ru,RU
4ce8414f46f7,interfax,https://www.interfax.ru/russia/1078479,2026-03-17 00:00:00,Сочинский аэропорт ввел временные ограничения на прием и отправку рейсов,,,ru,RU
ac8b80a0150c,interfax,https://www.interfax.ru/world/1078470,2026-03-17 00:00:00,"Иран сообщил о попадании снаряда по территории АЭС ""Бушер""",,,ru,RU
cc848b4fa21f,interfax,https://www.interfax.ru/world/1078468,2026-03-17 00:00:00,В ОАЭ не исключили участия в обеспечении безопасности Ормузского пролива,,,ru,RU
76f53eb4a638,interfax,https://www.interfax.ru/world/1078467,2026-03-17 00:00:00,"Глава МИД Германии усомнился в возможности ""контролируемой"" смены власти в Иране",,,ru,RU
3b181b79f846,interfax,https://www.interfax.ru/russia/1078465,2026-03-17 00:00:00,Гидрометцентр подготовил прогноз пожарной опасности в РФ в 2026 году,,,ru,RU
81f8e5faa338,interfax,https://www.interfax.ru/world/1078464,2026-03-17 00:00:00,Глава МИД Турции назвал незаконными удары Израиля по иранскому руководству,,,ru,RU
2fb5b350af37,interfax,https://www.interfax.ru/russia/1078462,2026-03-17 00:00:00,Глава Минтранса допустил работу флота до износа корпуса судна при проверках и страховке,,,ru,RU
ab7aed3116c7,interfax,https://www.interfax.ru/world/1078471,2026-03-17 00:00:00,Состояние госпитализированного экс-президента Бразилии Болсонару улучшилось,,,ru,RU
60b5f567fb7e,interfax,https://www.interfax.ru/world/1078675,2026-03-18 00:00:00,В США заявили о разработке Россией оружия для противокосмической обороны,,,ru,RU
6d66a328a3d9,interfax,https://www.interfax.ru/business/1078669,2026-03-18 00:00:00,"Цены на бензин в РФ с 11 по 16 марта ускорили рост на 0,25% после 0,15% в предыдущий период",,,ru,RU
2f03daf63c27,interfax,https://www.interfax.ru/business/1078670,2026-03-18 00:00:00,"Яйца в РФ с 11 по 16 марта подорожали на 1,7%, с начала года - на 16,5%",,,ru,RU
429b0b72753a,interfax,https://www.interfax.ru/business/1078671,2026-03-18 00:00:00,"Цены на огурцы в РФ с 11 по 16 марта снизились на 7,6%",,,ru,RU
f8269ad40c97,interfax,https://www.interfax.ru/business/1078672,2026-03-18 00:00:00,"Цены промпроизводителей в РФ в феврале выросли на 0,5% после трехмесячного снижения",,,ru,RU
644b9f02671d,interfax,https://www.interfax.ru/business/1078673,2026-03-18 00:00:00,Производители продовольствия в РФ в феврале снизили цены на свою продукцию на 1%,,,ru,RU
225fade0a6d3,interfax,https://www.interfax.ru/world/1078674,2026-03-18 00:00:00,"Гросси назвал не очень значительным урон, понесенный в ходе обстрела АЭС ""Бушер""",,,ru,RU
5018ec256aa8,interfax,https://www.interfax.ru/business/1078676,2026-03-18 00:00:00,Рубль в среду упал в паре с юанем на фоне волатильной динамики цен на нефть,,,ru,RU
3abee77c8034,interfax,https://www.interfax.ru/world/1078677,2026-03-18 00:00:00,Нацразведка США считает Россию основным соперником в Арктике,,,ru,RU
a92e9247af62,interfax,https://www.interfax.ru/world/1078687,2026-03-18 00:00:00,Самолеты США выполнили более 8 тыс. боевых вылетов с начала операции в Иране,,,ru,RU
11048a59ed2f,interfax,https://www.interfax.ru/business/1078680,2026-03-18 00:00:00,"Аналитики считают, что ЦБ РФ в пятницу повторит февральский шаг в 50 б.п., снизив ставку до 15%",,,ru,RU
d8ef78618ef0,interfax,https://www.interfax.ru/world/1078681,2026-03-18 00:00:00,"Нацразведка США ожидает, что РФ продолжит совершенствовать ядерные арсеналы",,,ru,RU
5967ca84771e,interfax,https://www.interfax.ru/business/1078682,2026-03-18 00:00:00,В РФ готовят проект постановления об использовании полученных с помощью реинжиниринга комплектующих,,,ru,RU
0ee073a4bed9,interfax,https://www.interfax.ru/russia/1078683,2026-03-18 00:00:00,"Минсельхоз заявил, что рисков для потребителей из-за ситуации с пастереллезом в Новосибирской области нет",,,ru,RU
d6cfc9fd398b,interfax,https://www.interfax.ru/world/1078686,2026-03-18 00:00:00,Всего 10 судов в день проходит через Ормузский пролив с начала войны с Ираном,,,ru,RU
895d777f570b,interfax,https://www.interfax.ru/world/1078685,2026-03-18 00:00:00,Нацразведка США допустила сотрудничество Штатов и РФ по некоторым направлениям,,,ru,RU
7bbbcc84e667,interfax,https://www.interfax.ru/business/1078668,2026-03-18 00:00:00,"Инфляция в РФ с 11 по 16 марта составила 0,08%, в годовом выражении ускорилась до 5,91%",,,ru,RU
107d8644034e,interfax,https://www.interfax.ru/business/1078688,2026-03-18 00:00:00,Новак заявил о крупнейшем энергокризисе в мире за последние 40 лет,,,ru,RU
7fc758bde6af,interfax,https://www.interfax.ru/business/1078678,2026-03-18 00:00:00,"Минэнерго заявило, что ситуация на рынке топлива РФ остается контролируемой",,,ru,RU
ccb35a06b152,interfax,https://www.interfax.ru/business/1078666,2026-03-18 00:00:00,"Минфин РФ 18 марта привлек 156,85 млрд рублей за счет размещения ОФЗ",,,ru,RU
1b0e78ffd9ee,interfax,https://www.interfax.ru/russia/1078657,2026-03-18 00:00:00,В МИД РФ призвали США и Израиль отказаться от атак на объекты ядерной инфраструктуры Ирана,,,ru,RU
d6b79417e5ff,interfax,https://www.interfax.ru/business/1078664,2026-03-18 00:00:00,Цена Brent приблизилась к $110 за баррель,,,ru,RU
7b5308cf8530,interfax,https://www.interfax.ru/world/1078645,2026-03-18 00:00:00,В Норвегии прокурор потребовал для сына кронпринцессы Метте-Марит почти восемь лет тюрьмы,,,ru,RU
122134a803b2,interfax,https://www.interfax.ru/russia/1078648,2026-03-18 00:00:00,Помощник президента РФ заявил о попытках США дистанцироваться от проблемы судоходства в Ормузском проливе,,,ru,RU
fac6b25ff74b,interfax,https://www.interfax.ru/russia/1078647,2026-03-18 00:00:00,"Патрушев заявил, что предусматриваются меры по конвоированию торгового флота кораблями ВМФ РФ",,,ru,RU
96166a01ab97,interfax,https://www.interfax.ru/russia/1078644,2026-03-18 00:00:00,Банкам запретят взыскивать кредиты с наследников до получения выплат от страховщиков,,,ru,RU
c7630bc75ed8,interfax,https://www.interfax.ru/russia/1078649,2026-03-18 00:00:00,Патрушев предупредил о разрушительных последствиях войны США и Израиля с Ираном,,,ru,RU
785bf2091950,interfax,https://www.interfax.ru/russia/1078650,2026-03-18 00:00:00,В РСТ ждут подорожания авиабилетов за рубеж на 5-7% из-за повышения цен на нефть,,,ru,RU
6ade28d08186,interfax,https://www.interfax.ru/russia/1078651,2026-03-18 00:00:00,Москва пообещала принять меры в случае приобретения Японией ракет Tomahawk,,,ru,RU
d2bcc0d46289,interfax,https://www.interfax.ru/world/1078653,2026-03-18 00:00:00,В Иране по обвинению в шпионаже казнили гражданина Швеции,,,ru,RU
ae01d6acb2db,interfax,https://www.interfax.ru/world/1078665,2026-03-18 00:00:00,ЕС и Исландия заключили соглашение по безопасности и обороне,,,ru,RU
919a34f3910e,interfax,https://www.interfax.ru/russia/1078654,2026-03-18 00:00:00,"Министр обороны РФ проинспектировал группировку войск ""Север"" в зоне СВО",,,ru,RU
8bc4783d1fce,interfax,https://www.interfax.ru/world/1078655,2026-03-18 00:00:00,Минфин США разрешил еще ряд операций с венесуэльской нефтекомпанией PDVSA,,,ru,RU
737f6467316b,interfax,https://www.interfax.ru/world/1078658,2026-03-18 00:00:00,"Трамп остановил действие ""закона Джонса"" на 60 дней, чтобы снизить цену перевозки нефти",,,ru,RU
874bc0d84488,interfax,https://www.interfax.ru/culture/1078691,2026-03-18 00:00:00,"""Парсифаль"" Вагнера в обновленной постановке впервые покажут в Большом театре",,,ru,RU
8cfd656b8fce,interfax,https://www.interfax.ru/world/1078659,2026-03-18 00:00:00,Президент Ирана подтвердил гибель министра разведки страны,,,ru,RU
51c05ee0927b,interfax,https://www.interfax.ru/moscow/1078660,2026-03-18 00:00:00,Суд в Москве заочно приговорил к 10 годам колонии украинского хакера,,,ru,RU
6064258acba1,interfax,https://www.interfax.ru/business/1078661,2026-03-18 00:00:00,Петербургская биржа открыла представительство в Пекине,,,ru,RU
b9c7716c7e12,interfax,https://www.interfax.ru/world/1078663,2026-03-18 00:00:00,"В Нацразведке США считают, что РФ сохраняет превосходство в украинском конфликте",,,ru,RU
d87aa8b6e134,interfax,https://www.interfax.ru/world/1078662,2026-03-18 00:00:00,ЕК на фоне войны с Ираном призвала избегать барьеров для нероссийского газа,,,ru,RU
bf33f491cb62,interfax,https://www.interfax.ru/russia/1078652,2026-03-18 00:00:00,"Минздрав пояснил, что психологи консультируют не планирующих детей россиянок только с согласия пациенток",,,ru,RU
bed41b42eb89,interfax,https://www.interfax.ru/russia/1078690,2026-03-18 00:00:00,Суд изъял в доход РФ активы экс-депутата гордумы Краснодара на 10 млрд рублей,,,ru,RU
210ce1c14b9d,interfax,https://www.interfax.ru/world/1078656,2026-03-18 00:00:00,"Иран призвал эвакуироваться людей, находящихся у нефтяных объектов в странах Персидского залива",,,ru,RU
ab04b9b5fcf5,interfax,https://www.interfax.ru/russia/1078693,2026-03-18 00:00:00,"Глава комитета ГД опроверг внесение в Думу проекта о запрете ""обвинительной"" информации в СМИ",,,ru,RU
6879cc2b4926,interfax,https://www.interfax.ru/russia/1078713,2026-03-18 00:00:00,Аэропорт Геленджика временно не принимает и не выпускает самолеты,,,ru,RU
e4fd3ed77b2f,interfax,https://www.interfax.ru/world/1078712,2026-03-18 00:00:00,Lockheed Martin построит в Эстонии центр обслуживания РСЗО HIMARS,,,ru,RU
8a8431dba05d,interfax,https://www.interfax.ru/world/1078711,2026-03-18 00:00:00,В МИД Катара осудили иранский обстрел промзоны Рас-Лаффан,,,ru,RU
bb55aba703db,interfax,https://www.interfax.ru/world/1078709,2026-03-18 00:00:00,Астронавты NASA вернулись на борт МКС после проведения наружных работ,,,ru,RU
7c19d8a27c80,interfax,https://www.interfax.ru/business/1078706,2026-03-18 00:00:00,"Тегеран пригрозил США и Израилю ""неконтролируемыми последствиями"" ударов по энергетике Ирана",,,ru,RU
4d2457b85cf0,interfax,https://www.interfax.ru/world/1078705,2026-03-18 00:00:00,Пакистан и Афганистан приостановят удары в связи с завершением Рамадана,,,ru,RU
8b3b2e65003e,interfax,https://www.interfax.ru/world/1078704,2026-03-18 00:00:00,Пауэлл не намерен покидать ФРС до завершения Минюстом США расследования в отношении него,,,ru,RU
5f1e9d28d5d5,interfax,https://www.interfax.ru/business/1078703,2026-03-18 00:00:00,"ФРС не намерена снижать ставку, если не будет прогресса в замедлении инфляции",,,ru,RU
8450324160fe,interfax,https://www.interfax.ru/world/1078692,2026-03-18 00:00:00,"Нацразведка США прогнозирует, что РФ сможет сохранить устойчивость к санкциям",,,ru,RU
d5737f504f40,interfax,https://www.interfax.ru/world/1078701,2026-03-18 00:00:00,"QatarEnergy сообщила, что промышленная зона в Рас-Лаффане подверглась ракетной атаке",,,ru,RU
95cb65261e63,interfax,https://www.interfax.ru/world/1078700,2026-03-18 00:00:00,"В Нацразведке США заявили, что Европа считает РФ своим главным соперником",,,ru,RU
424eebd44126,interfax,https://www.interfax.ru/world/1078699,2026-03-18 00:00:00,Верховный лидер Ирана пообещал отомстить за гибель Лариджани,,,ru,RU
782ce8773609,interfax,https://www.interfax.ru/russia/1078698,2026-03-18 00:00:00,"Ледокол ""Сибирь"" завершил работу в Финском заливе, возвращается на Севморпуть",,,ru,RU
6bd53c8182a1,interfax,https://www.interfax.ru/world/1078697,2026-03-18 00:00:00,ЦАХАЛ сообщила о поражении за последние сутки более 200 иранских целей,,,ru,RU
51c25fc54ae5,interfax,https://www.interfax.ru/business/1078696,2026-03-18 00:00:00,ФРС повысила прогноз по инфляции в США на 2026 год,,,ru,RU
ebbc4b71a3f0,interfax,https://www.interfax.ru/business/1078695,2026-03-18 00:00:00,"Доли в ""Ачим девелопменте"" и ""Ачимгазе"" в процессе ""русификации"" оценены в 7,5 млрд руб.",,,ru,RU
10036686da0a,interfax,https://www.interfax.ru/digital/1078702,2026-03-18 00:00:00,Законопроект о регулировании ИИ в РФ вынесен на общественное обсуждение,,,ru,RU
5807284edbeb,interfax,https://www.interfax.ru/russia/1078891,2026-03-19 00:00:00,Путин призвал реагировать на попытки дестабилизации общественно-политической обстановки,,,ru,RU
f1dceabacbb3,interfax,https://www.interfax.ru/russia/1078893,2026-03-19 00:00:00,Гостехнадзор сможет останавливать и проверять самоходные машины,,,ru,RU
6668941feb76,interfax,https://www.interfax.ru/russia/1078895,2026-03-19 00:00:00,"Первый этап съезда ""Единой России"" пройдет в июне",,,ru,RU
c30ae7de1e4f,interfax,https://www.interfax.ru/russia/1078894,2026-03-19 00:00:00,"Медведев считает, что Зеленский никогда не будет для РФ легальной стороной переговоров",,,ru,RU
22a7365eda93,interfax,https://www.interfax.ru/world/1078897,2026-03-19 00:00:00,"США снимут санкции с ""Беларуськалия"", двух банков и Минфина",,,ru,RU
52f50848ec92,interfax,https://www.interfax.ru/world/1078898,2026-03-19 00:00:00,В Израиле заявили об ударе по иранским кораблям в каспийском порту,,,ru,RU
9c91dfb1383d,interfax,https://www.interfax.ru/world/1078900,2026-03-19 00:00:00,СМИ сообщили об иранском ракетном ударе по НПЗ в Израиле,,,ru,RU
3cfe39017431,interfax,https://www.interfax.ru/world/1078901,2026-03-19 00:00:00,Русский язык как первый иностранный будут преподавать в школах Кубы с 2026/27 учебного года,,,ru,RU
81f6e0542a89,interfax,https://www.interfax.ru/business/1078907,2026-03-19 00:00:00,"Рубль существенно подешевел, обновив минимум с февраля 2025 года в паре с юанем",,,ru,RU
01ae96ef0e79,interfax,https://www.interfax.ru/russia/1078903,2026-03-19 00:00:00,В Кремле заявили об обсуждении с руководством Кубы возможной помощи из-за блокады острова,,,ru,RU
7d5e84c3160c,interfax,https://www.interfax.ru/business/1078904,2026-03-19 00:00:00,"ВТО ждет замедления роста глобального ВВП в 2026 г. до 2,8% в базовом сценарии",,,ru,RU
62f9dd3fe6f1,interfax,https://www.interfax.ru/world/1078892,2026-03-19 00:00:00,Стратегические бомбардировщики ВВС США вылетели из Англии на очередное задание в Иран,,,ru,RU
1bd4fc4bd651,interfax,https://www.interfax.ru/world/1078908,2026-03-19 00:00:00,Трамп не собирается направлять дополнительные войска на Ближний Восток,,,ru,RU
1ec8de5e9ee0,interfax,https://www.interfax.ru/world/1078909,2026-03-19 00:00:00,В МИД РФ отметили востребованность инициатив по предотвращению гонки вооружений в космическом пространстве,,,ru,RU
b0d99d1daca8,interfax,https://www.interfax.ru/russia/1078905,2026-03-19 00:00:00,В Думу внесен проект о защите арестованных за рубежом россиян с помощью военных,,,ru,RU
c38e30dd6591,interfax,https://www.interfax.ru/world/1078911,2026-03-19 00:00:00,"Британия на два года разрешила операции с ""Транснефтью"" по доставке нефти Казахстана",,,ru,RU
ec67b91ca28a,interfax,https://www.interfax.ru/world/1078912,2026-03-19 00:00:00,"Трамп заявил, что просил Нетаньяху не наносить удары по нефтегазовым объектам Ирана",,,ru,RU
b0258444bd00,interfax,https://www.interfax.ru/world/1078915,2026-03-19 00:00:00,США не предупредили союзников об операции в Иране для внезапности нападения,,,ru,RU
054e20f2c1c2,interfax,https://www.interfax.ru/business/1078902,2026-03-19 00:00:00,Рынок акций РФ завершил день снижением индексов из-за нефти и подешевевших металлов,,,ru,RU
946fa00007e1,interfax,https://www.interfax.ru/russia/1078889,2026-03-19 00:00:00,"Директор ФСБ заявил, что в РФ усилят защиту фигур уровня генерала Алексеева",,,ru,RU
ee1ac1efe056,interfax,https://www.interfax.ru/world/1078886,2026-03-19 00:00:00,ЕС подтвердил свою готовность обеспечить гарантии безопасности Украине,,,ru,RU
e862375a5521,interfax,https://www.interfax.ru/world/1078888,2026-03-19 00:00:00,Шесть стран выразили готовность участвовать в обеспечении безопасности Ормузского пролива,,,ru,RU
71029aa75b82,interfax,https://www.interfax.ru/moscow/1078867,2026-03-19 00:00:00,"В Москве утром 20 марта изменится режим работы станций метро ""Рижская"" и ""Проспект Мира""",,,ru,RU
9ec14d1f9aef,interfax,https://www.interfax.ru/russia/1078868,2026-03-19 00:00:00,Минсельхоз проработает вопрос поставки животных в Новосибирскую область из других регионов,,,ru,RU
fce779fc1dfe,interfax,https://www.interfax.ru/russia/1078869,2026-03-19 00:00:00,Путин поручил следить за выплатой компенсаций пострадавшим от атак ВСУ в приграничье,,,ru,RU
17f33d48e79f,interfax,https://www.interfax.ru/russia/1078870,2026-03-19 00:00:00,Президент попросил прокуроров контролировать средства гособоронзаказа,,,ru,RU
ff706c5ab5c6,interfax,https://www.interfax.ru/world/1078872,2026-03-19 00:00:00,Пентагон уже запросил еще $200 млрд на продолжение войны с Ираном,,,ru,RU
3b669aae69cd,interfax,https://www.interfax.ru/russia/1078871,2026-03-19 00:00:00,Прокуроры в 2025 г. добились возвращения государству имущества на 4 трлн рублей,,,ru,RU
be48e9263d63,interfax,https://www.interfax.ru/world/1078875,2026-03-19 00:00:00,Евросоюз нацелен на быстрое утверждение 20-го пакета санкций против России,,,ru,RU
a61c0f88f375,interfax,https://www.interfax.ru/russia/1078874,2026-03-19 00:00:00,"Суды по искам прокуроров за год обратили в доход РФ имущество коррупционеров на 1,6 трлн руб.",,,ru,RU
dde5d00c72e6,interfax,https://www.interfax.ru/business/1078877,2026-03-19 00:00:00,Евросовет рассчитывает начать выплату кредита Украине в 90 млрд евро в начале апреля,,,ru,RU
ffe1943b7b11,interfax,https://www.interfax.ru/russia/1078878,2026-03-19 00:00:00,"Генпрокурор поручил проверить, как осуждённые коррупционеры проходят службу в зоне СВО",,,ru,RU
3213d1539684,interfax,https://www.interfax.ru/world/1078879,2026-03-19 00:00:00,Кувейт приостановил работу двух нефтеперерабатывающих заводов после атаки дронов,,,ru,RU
49946d98886b,interfax,https://www.interfax.ru/russia/1078876,2026-03-19 00:00:00,Правительство рассматривает законопроект о сохранении котировок Argus для расчета налогов,,,ru,RU
f7da8354a0e9,interfax,https://www.interfax.ru/russia/1078880,2026-03-19 00:00:00,Генпрокурор отметил сохраняющиеся нарушения в работе миграционных подразделений МВД,,,ru,RU
16f100d8d6ff,interfax,https://www.interfax.ru/world/1078918,2026-03-19 00:00:00,Катарский завод Shell по переработке газа в жидкое топливо остановлен после ракетной атаки,,,ru,RU
518e2cded3c1,interfax,https://www.interfax.ru/russia/1078882,2026-03-19 00:00:00,"В 2025 году количество нарушений в сфере ОПК в России выросло на 6,1%",,,ru,RU
84490cd589e4,interfax,https://www.interfax.ru/business/1078884,2026-03-19 00:00:00,"В Минэнерго заявили, что вопрос запрета экспорта бензина сейчас остро не стоит",,,ru,RU
32a03b6ad442,interfax,https://www.interfax.ru/moscow/1078885,2026-03-19 00:00:00,"В Москве задержали подростка, подорвавшего банкомат по указанию мошенников",,,ru,RU
14725bb0a02f,interfax,https://www.interfax.ru/russia/1078887,2026-03-19 00:00:00,Генпрокурор РФ заявил о кратном росте случаев вовлечения подростков в деятельность террористов,,,ru,RU
ce3bbb94b987,interfax,https://www.interfax.ru/russia/1078883,2026-03-19 00:00:00,Россия планирует увеличить переработку нефти в 2026 году,,,ru,RU
0130d0fdb642,interfax,https://www.interfax.ru/russia/1078890,2026-03-19 00:00:00,Путин напомнил о важности квалифицированной поддержки прокурорами гособвинения,,,ru,RU
2f1e1c6d93c1,interfax,https://www.interfax.ru/russia/1078881,2026-03-19 00:00:00,Путин подчеркнул важность соблюдения законов в ходе выборов,,,ru,RU
114aad212d9f,interfax,https://www.interfax.ru/world/1078914,2026-03-19 00:00:00,"Трамп заявил, что страны НАТО запоздали с переменой мнения об участии в разблокировке Ормузского пролива",,,ru,RU
93f5505851dd,interfax,https://www.interfax.ru/russia/1078917,2026-03-19 00:00:00,В Кремле на фоне событий в Ливане заявили о недопустимости атак на журналистов,,,ru,RU
63d077bad75c,interfax,https://www.interfax.ru/world/1078919,2026-03-19 00:00:00,Получивший повреждения в небе над Ираном американский F-35 смог вернуться на базу,,,ru,RU
0dcbea14a57b,interfax,https://www.interfax.ru/world/1078939,2026-03-19 00:00:00,Польша усилит границу с Украиной в следующем году,,,ru,RU
4907ec8b34fe,interfax,https://www.interfax.ru/world/1078937,2026-03-19 00:00:00,Администрация США обновила лицензию на поставки некоторых грузов нефти из РФ,,,ru,RU
1aa3c4132d86,interfax,https://www.interfax.ru/russia/1078934,2026-03-19 00:00:00,МИД России призвал прекратить боевые действия в зоне Персидского залива,,,ru,RU
396c6bee66ea,interfax,https://www.interfax.ru/world/1078933,2026-03-19 00:00:00,"Индия ведет переговоры с РФ, Белоруссией и Марокко об увеличении поставок удобрений",,,ru,RU
1fcf68f81198,interfax,https://www.interfax.ru/world/1078932,2026-03-19 00:00:00,Израиль продлевает визы находящимся в стране иностранцам,,,ru,RU
aa5975666ef3,interfax,https://www.interfax.ru/russia/1078931,2026-03-19 00:00:00,"Правительство выделит 5,7 млрд руб. на жилье жителям курского приграничья",,,ru,RU
9fe91e7e34af,interfax,https://www.interfax.ru/russia/1078930,2026-03-19 00:00:00,Росавиация продлила ограничения на полеты в Израиль и Иран до 28 марта,,,ru,RU
2780349c4301,interfax,https://www.interfax.ru/world/1078935,2026-03-19 00:00:00,Еще два стратегических бомбардировщика США вылетели из Великобритании в сторону Ирана,,,ru,RU
538a52e132e9,interfax,https://www.interfax.ru/russia/1078927,2026-03-19 00:00:00,Бывший глава ЗАТО Звездный городок арестован по делу о взятках,,,ru,RU
a8fb0261dfbe,interfax,https://www.interfax.ru/russia/1078928,2026-03-19 00:00:00,Торговый центр горит в Бурятии на площади 6 тыс. кв. метров,,,ru,RU
bc2b5ea429a0,interfax,https://www.interfax.ru/world/1078926,2026-03-19 00:00:00,США не намерены вводить ограничения на экспорт нефти и газа,,,ru,RU
a81a8efa7526,interfax,https://www.interfax.ru/world/1078913,2026-03-19 00:00:00,"Посольство РФ обеспокоено ""языковыми патрулями"" в Киргизии, заставляющими переходить с русского на киргизский",,,ru,RU
908fb637fa01,interfax,https://www.interfax.ru/russia/1078922,2026-03-19 00:00:00,Женщина погибла в Екатеринбурге из-за возгорания электросамоката,,,ru,RU
569659951857,interfax,https://www.interfax.ru/world/1078921,2026-03-19 00:00:00,"Страны ЕС решили, что пока не видят угрозы для их снабжения нефтью",,,ru,RU
e9a5c582bcb3,interfax,https://www.interfax.ru/business/1078920,2026-03-19 00:00:00,Bloomberg сообщил о готовности руководителей ЕЦБ повысить ставки уже в апреле,,,ru,RU
0e494b179918,interfax,https://www.interfax.ru/world/1078929,2026-03-19 00:00:00,"Орбан заявил, что Украина не получит кредит ЕС, пока не возобновятся поставки по ""Дружбе""",,,ru,RU
03907ddbfef2,interfax,https://www.interfax.ru/business/1079132,2026-03-20 00:00:00,"Крупнейшие банки РФ в стресс-сценарии потеряют 2,6 п.п. достаточности капитала",,,ru,RU
b43a1ad3a1a4,interfax,https://www.interfax.ru/world/1079124,2026-03-20 00:00:00,"Трамп вновь заявил, что с Зеленским сложнее вести дела, чем с Путиным",,,ru,RU
a888da84567e,interfax,https://www.interfax.ru/russia/1079125,2026-03-20 00:00:00,"Суд передал государству активы экс-главы Заксобрания Иркутской области на 11,2 млрд руб.",,,ru,RU
f0c142c8bff4,interfax,https://www.interfax.ru/world/1079127,2026-03-20 00:00:00,ЕС приветствовал осуждение Советом IMO действий Ирана в Ормузском проливе,,,ru,RU
3e4720aecbe3,interfax,https://www.interfax.ru/russia/1079129,2026-03-20 00:00:00,"Путин назначил в новый состав Центризбиркома пять членов, включая Эллу Памфилову",,,ru,RU
d86f86d47b95,interfax,https://www.interfax.ru/world/1079130,2026-03-20 00:00:00,Японская SoftBank планирует построить ЦОД за $30-40 млрд в Огайо,,,ru,RU
25389a3437ef,interfax,https://www.interfax.ru/business/1079131,2026-03-20 00:00:00,ЮГК выплатила купон по бондам с задержкой в сутки на фоне ареста денег приставами,,,ru,RU
bf5f4897308c,interfax,https://www.interfax.ru/business/1079133,2026-03-20 00:00:00,Рынок акций РФ в пятницу консолидировался на фоне ожидаемого снижения ставки ЦБ,,,ru,RU
a0ba9f4f9c08,interfax,https://www.interfax.ru/world/1079142,2026-03-20 00:00:00,Дефицит британского бюджета в феврале вырос почти до рекорда,,,ru,RU
ad70be64193f,interfax,https://www.interfax.ru/russia/1079135,2026-03-20 00:00:00,Путин обсудил с СБ РФ предложения по развитию МВД,,,ru,RU
89c30dfc5fb6,interfax,https://www.interfax.ru/business/1079136,2026-03-20 00:00:00,ЦБ РФ в 2025 году получил 185 млрд рублей убытка,,,ru,RU
a404855c8c38,interfax,https://www.interfax.ru/world/1079137,2026-03-20 00:00:00,Пентагон направит на Ближний Восток еще три корабля с морской пехотой,,,ru,RU
e6ca1e39666a,interfax,https://www.interfax.ru/business/1079138,2026-03-20 00:00:00,Рубль в пятницу уверенно вырос в паре с юанем перед выходными,,,ru,RU
00032bb18d7a,interfax,https://www.interfax.ru/business/1079139,2026-03-20 00:00:00,"Экс-глава ""АЛРОСА"" Сергей Иванов вновь войдет в наблюдательный совет компании",,,ru,RU
bef6a59889dd,interfax,https://www.interfax.ru/business/1079140,2026-03-20 00:00:00,РФ за два месяца увеличила выручку от экспорта говядины в Китай в 2 раза почти до $27 млн,,,ru,RU
8f22230e8250,interfax,https://www.interfax.ru/business/1079141,2026-03-20 00:00:00,"Депутаты предложили переходный период для ужесточения маркировки ""фермерской"" продукции",,,ru,RU
0a1bd1d51103,interfax,https://www.interfax.ru/digital/1079122,2026-03-20 00:00:00,Amazon работает над ИИ-смартфоном,,,ru,RU
b6482786a715,interfax,https://www.interfax.ru/moscow/1079143,2026-03-20 00:00:00,Теплая погода сохранится в Москве в ближайшие дни,,,ru,RU
767701998a1d,interfax,https://www.interfax.ru/business/1079134,2026-03-20 00:00:00,ЦБ отметил снижение объемов подозрительных операций в 2025 году на 19%,,,ru,RU
535bc2bc2a47,interfax,https://www.interfax.ru/moscow/1079123,2026-03-20 00:00:00,"Аэропорт ""Внуково"" менее чем на полчаса прерывал работу",,,ru,RU
ba4f4b0eedd0,interfax,https://www.interfax.ru/world/1079112,2026-03-20 00:00:00,"Трамп раскритиковал НАТО, назвав альянс без США ""бумажным тигром""",,,ru,RU
af7becae383c,interfax,https://www.interfax.ru/russia/1079119,2026-03-20 00:00:00,Лавров обсудил с послами стран АСЕАН продвижение стратегического партнерства с РФ,,,ru,RU
f90e486bf580,interfax,https://www.interfax.ru/world/1079099,2026-03-20 00:00:00,"Поставки нефти из РФ в Китай в январе и феврале обновили рекорд, достигнув 2,7 млн б/с",,,ru,RU
79bc07d113ac,interfax,https://www.interfax.ru/business/1079100,2026-03-20 00:00:00,Набиуллина прокомментировала замедление экономической активности в начале 2026 года,,,ru,RU
70e41c4e6d04,interfax,https://www.interfax.ru/digital/1079101,2026-03-20 00:00:00,"ЦБ обсуждает с регуляторами внесение всех банков в ""белый список"" сайтов",,,ru,RU
0b4befac060f,interfax,https://www.interfax.ru/world/1079102,2026-03-20 00:00:00,В Испании утвержден пакет мер по поддержке экономики на 5 млрд евро,,,ru,RU
f0072382fefd,interfax,https://www.interfax.ru/russia/1079103,2026-03-20 00:00:00,"Турция выдала России соосновательницу пирамиды ""Финико"" с обманом на 1 млрд руб.",,,ru,RU
9f9b1653d33a,interfax,https://www.interfax.ru/business/1079104,2026-03-20 00:00:00,"В Норвегии добыча природного газа снизилась на 0,4%, добыча нефти выросла на 15,4%",,,ru,RU
fa5c0bf4230e,interfax,https://www.interfax.ru/russia/1079105,2026-03-20 00:00:00,Два человека погибли в результате падения легкомоторного самолета в Подмосковье,,,ru,RU
3c076039f770,interfax,https://www.interfax.ru/moscow/1079106,2026-03-20 00:00:00,Пожарные локализовали возгорание на рынке в городском округе Солнечногорск,,,ru,RU
6f536e8db7fc,interfax,https://www.interfax.ru/business/1079108,2026-03-20 00:00:00,ВЭБ в 2025 году увеличил чистую прибыль по МСФО на 18%,,,ru,RU
a89af6781230,interfax,https://www.interfax.ru/russia/1079107,2026-03-20 00:00:00,ФАС потребовала от Ozon и Wildberries выровнять условия для российских и иностранных продавцов,,,ru,RU
d3bae9b49630,interfax,https://www.interfax.ru/russia/1079110,2026-03-20 00:00:00,В брянском селе в результате атаки БПЛА ранен мужчина,,,ru,RU
d10a8b7a3a9d,interfax,https://www.interfax.ru/world/1079145,2026-03-20 00:00:00,НАТО вывела из Ирака военных из консультативной миссии,,,ru,RU
d5862ffe7b72,interfax,https://www.interfax.ru/russia/1079111,2026-03-20 00:00:00,Иноагентами признаны социолог Гаазе и журналистка Немзер,,,ru,RU
a8286b1a6520,interfax,https://www.interfax.ru/business/1079109,2026-03-20 00:00:00,"Кабмин РФ одобрил расширение территории ОЭЗ ""Усть-Луга"" и ""Технополис Москва""",,,ru,RU
5567e7ef91ac,interfax,https://www.interfax.ru/world/1079113,2026-03-20 00:00:00,За помилованными в Белоруссии осужденными будут следить спецслужбы,,,ru,RU
dd2e0b69e162,interfax,https://www.interfax.ru/world/1079114,2026-03-20 00:00:00,Умер Чак Норрис,,,ru,RU
bcfe40a7c324,interfax,https://www.interfax.ru/world/1079115,2026-03-20 00:00:00,Тегеран пригрозил израильским и американским чиновникам нападениями даже на отдыхе,,,ru,RU
60b60efa63a8,interfax,https://www.interfax.ru/world/1079116,2026-03-20 00:00:00,Глава МИД Франции призвал Тегеран к уступкам и резкому изменению позиции ради мира,,,ru,RU
8e7573039d44,interfax,https://www.interfax.ru/russia/1079118,2026-03-20 00:00:00,В нижегородском личном хозяйстве ввели карантин по пастереллезу,,,ru,RU
80b39de9b952,interfax,https://www.interfax.ru/russia/1079120,2026-03-20 00:00:00,Мировые авиакомпании отменяют всё больше рейсов из-за конфликта на Ближнем Востоке,,,ru,RU
82314eeab4e5,interfax,https://www.interfax.ru/world/1079146,2026-03-20 00:00:00,Nvidia в 2025 году больше всех выплатила в федеральный бюджет США налогов на прибыль,,,ru,RU
1003077c8c54,interfax,https://www.interfax.ru/russia/1079162,2026-03-20 00:00:00,Аэропорт Пензы приостановил прием и выпуск рейсов,,,ru,RU
34b58d9c84b1,interfax,https://www.interfax.ru/russia/1079148,2026-03-20 00:00:00,В отдельных районах Бурятии и Забайкалья с апреля запретили майнинг криптовалют,,,ru,RU
6aa6cea57a7b,interfax,https://www.interfax.ru/russia/1079147,2026-03-20 00:00:00,Генконсульство Мьянмы откроется во Владивостоке,,,ru,RU
678078e35fb8,interfax,https://www.interfax.ru/world/1079168,2026-03-20 00:00:00,"Трамп убежден, что Израиль остановит операцию против Ирана одновременно с США",,,ru,RU
babc21bbe060,interfax,https://www.interfax.ru/russia/1079167,2026-03-20 00:00:00,Аэропорты Волгограда и Саратова приостановили полеты,,,ru,RU
f9ac254646b4,interfax,https://www.interfax.ru/world/1079165,2026-03-20 00:00:00,Трамп по-прежнему хотел бы получить от Китая помощь по Ормузскому проливу,,,ru,RU
06998af1dff9,interfax,https://www.interfax.ru/russia/1079166,2026-03-20 00:00:00,Минобороны заявило о поражении 66 дронов ВСУ над регионами РФ,,,ru,RU
a4698a90d9c8,interfax,https://www.interfax.ru/russia/1079164,2026-03-20 00:00:00,"Трамп заверил, что Вашингтон почти ежедневно занимается украинским урегулированием",,,ru,RU
ba620f693ae0,interfax,https://www.interfax.ru/russia/1079163,2026-03-20 00:00:00,Пара стратегических бомбардировщиков США вылетела из Британии в направлении Ирана,,,ru,RU
adcebe1d277c,interfax,https://www.interfax.ru/russia/1079159,2026-03-20 00:00:00,Крупный пожар на строительном рынке в подмосковном Солнечногорске полностью потушен,,,ru,RU
01dab294b95b,interfax,https://www.interfax.ru/world/1079169,2026-03-20 00:00:00,"Военные США нанесли удар по очередному судну, подозреваемому в перевозке наркотиков",,,ru,RU
8f6ad4009ca5,interfax,https://www.interfax.ru/world/1079157,2026-03-20 00:00:00,Лондон разрешил Вашингтону использовать свои базы на фоне ситуации в Ормузском проливе,,,ru,RU
21bee1c7e6a5,interfax,https://www.interfax.ru/business/1079156,2026-03-20 00:00:00,"Загрузка ММК упала до 60%, инвестпрограмма практически полностью остановлена",,,ru,RU
cf9a84a76351,interfax,https://www.interfax.ru/world/1079155,2026-03-20 00:00:00,Парламент Молдавии денонсировал Соглашение о создании СНГ и Устав СНГ,,,ru,RU
c982742c4928,interfax,https://www.interfax.ru/business/1079153,2026-03-20 00:00:00,В любой непонятной ситуации снижайте ставку на 50 пунктов. Заявление Банка России,,,ru,RU
cebb40388fdf,interfax,https://www.interfax.ru/russia/1079151,2026-03-20 00:00:00,Минобороны сообщило об уничтожении 91 дрона над регионами РФ за шесть часов,,,ru,RU
e3b460159f6a,interfax,https://www.interfax.ru/russia/1079150,2026-03-20 00:00:00,В Думу внесено на ратификацию соглашение о военном сотрудничестве с Никарагуа,,,ru,RU
bfd9963d2149,interfax,https://www.interfax.ru/russia/1079149,2026-03-20 00:00:00,Дмитриев назвал фейком сообщение о якобы сделанном Штатам предложении по разведданным,,,ru,RU
d4e11468948a,interfax,https://www.interfax.ru/world/1079158,2026-03-20 00:00:00,В Израиле за пятницу зафиксировали восемь волн иранских ракетных пусков,,,ru,RU
8e5d8a3ab50a,interfax,https://www.interfax.ru/russia/1079250,2026-03-21 00:00:00,"Аэропорты Домодедово и Жуковский, а также аэропорт Калуги возобновили работу",,,ru,RU
4b7806eb4ac7,interfax,https://www.interfax.ru/world/1079236,2026-03-21 00:00:00,"МИД РФ заявил, что удар по ядерному центру в Натанзе нуждается в объективной оценке ООН и МАГАТЭ",,,ru,RU
9d887e86d9df,interfax,https://www.interfax.ru/russia/1079237,2026-03-21 00:00:00,Двух подозреваемых в поджогах вышек связи задержали в Воронеже,,,ru,RU
1fdaba3f22b5,interfax,https://www.interfax.ru/russia/1079238,2026-03-21 00:00:00,"Минцифры опровергло информацию о введении ""белых списков"" для домашнего интернета",,,ru,RU
f4d3bd30a3fa,interfax,https://www.interfax.ru/russia/1079239,2026-03-21 00:00:00,Два человека погибли при обстреле белгородского села со стороны ВСУ,,,ru,RU
50670024958a,interfax,https://www.interfax.ru/business/1079240,2026-03-21 00:00:00,"Лавров заявил, что США вытесняют Россию со всех энергорынков",,,ru,RU
3b439302a8a6,interfax,https://www.interfax.ru/world/1079234,2026-03-21 00:00:00,Эксперт: спонтанные решения Трампа - признак растерянности,,,ru,RU
36d84c6aeb0a,interfax,https://www.interfax.ru/business/1079244,2026-03-21 00:00:00,Иран возобновил поставки газа в Ирак,,,ru,RU
8765f7fc2aad,interfax,https://www.interfax.ru/world/1079242,2026-03-21 00:00:00,Не менее 14 человек стали жертвами пожара на заводе в южнокорейском Тэджоне,,,ru,RU
509dad03a320,interfax,https://www.interfax.ru/world/1079243,2026-03-21 00:00:00,"Израиль нанес удары по объекту, на котором производились компоненты для иранских ракет",,,ru,RU
c27dd7ba1eaf,interfax,https://www.interfax.ru/moscow/1079245,2026-03-21 00:00:00,"Работа аэропорта Шереметьево ограничена, Домодедово и Жуковский приостановили полеты",,,ru,RU
b791180ce627,interfax,https://www.interfax.ru/moscow/1079246,2026-03-21 00:00:00,Аэропорт Шереметьево работает штатно,,,ru,RU
7228e7db7810,interfax,https://www.interfax.ru/world/1079247,2026-03-21 00:00:00,"Глава CENTCOM заявил, что США поразили уже более восьми тысяч целей в Иране",,,ru,RU
6ac4e69872e0,interfax,https://www.interfax.ru/russia/1079248,2026-03-21 00:00:00,Трое пострадавших от атаки в Брянске 10 марта остаются в тяжелом состоянии,,,ru,RU
f9d295cc1064,interfax,https://www.interfax.ru/russia/1079235,2026-03-21 00:00:00,Около 20 БПЛА ликвидировано над Белгородской областью за сутки,,,ru,RU
8348d68bff26,interfax,https://www.interfax.ru/world/1079241,2026-03-21 00:00:00,Иран выступает против каких-либо конфликтов с соседними мусульманскими странами,,,ru,RU
84a41fdb331a,interfax,https://www.interfax.ru/russia/1079232,2026-03-21 00:00:00,Массовое ДТП в Ростовской области произошло из-за неисправности бензовоза,,,ru,RU
eb3ff4d33391,interfax,https://www.interfax.ru/russia/1079219,2026-03-21 00:00:00,Минобороны РФ сообщило об ударах по энергетической и транспортной инфраструктуре Украины,,,ru,RU
ef8bc8e2933c,interfax,https://www.interfax.ru/world/1079230,2026-03-21 00:00:00,"Глава минобороны Израиля заявил, что удары по Ирану будут усилены",,,ru,RU
5a4eeba58fda,interfax,https://www.interfax.ru/russia/1079205,2026-03-21 00:00:00,"ФСБ сообщила о задержании бизнесмена из Саранска, покупавшего сим-карты для украинской разведки",,,ru,RU
cc4017eb836c,interfax,https://www.interfax.ru/russia/1079207,2026-03-21 00:00:00,"Аэропорты Казани, Нижнекамска и Бугульмы вернулись к штатной работе",,,ru,RU
57be500f2968,interfax,https://www.interfax.ru/russia/1079208,2026-03-21 00:00:00,Единые линейки учебников по языкам республик России разрабатывают для школ,,,ru,RU
d47f78b132d2,interfax,https://www.interfax.ru/russia/1079209,2026-03-21 00:00:00,Изъятие скота в крупных хозяйствах Новосибирской области из-за пастереллеза завершено,,,ru,RU
ea8d8d8c4b6a,interfax,https://www.interfax.ru/world/1079211,2026-03-21 00:00:00,Иран готов способствовать безопасному проходу через Ормузский пролив судов под флагом Японии,,,ru,RU
8ae8a378aeae,interfax,https://www.interfax.ru/russia/1079214,2026-03-21 00:00:00,Над Брянской областью за сутки уничтожено 154 дрона ВСУ,,,ru,RU
24d2f8418943,interfax,https://www.interfax.ru/moscow/1079215,2026-03-21 00:00:00,Аэропорт Шереметьево вновь отправляет и принимает рейсы,,,ru,RU
1258f5e5013d,interfax,https://www.interfax.ru/moscow/1079217,2026-03-21 00:00:00,Работа аэропорта Домодедово ограничена,,,ru,RU
70e5ad5b421b,interfax,https://www.interfax.ru/world/1079218,2026-03-21 00:00:00,Беспилотники ударили по штаб-квартире иракской разведки в Багдаде,,,ru,RU
cd9725041df0,interfax,https://www.interfax.ru/world/1079252,2026-03-21 00:00:00,"Axios узнал, что ЦРУ и Моссад ищут подтверждение участия сына Хаменеи в управлении Ираном",,,ru,RU
cbf02b55ed24,interfax,https://www.interfax.ru/russia/1079220,2026-03-21 00:00:00,"Военные заявили об ударах по позициям ВСУ в районе Славянска, Константиновки и Краматорска",,,ru,RU
9fe7bb9e0442,interfax,https://www.interfax.ru/world/1079221,2026-03-21 00:00:00,По иранскому ядерному комплексу в Натанзе нанесен удар,,,ru,RU
21eddea808e5,interfax,https://www.interfax.ru/moscow/1079225,2026-03-21 00:00:00,Число сбитых на подлете к российской столице дронов выросло до 32,,,ru,RU
3ece9c3184e8,interfax,https://www.interfax.ru/russia/1079226,2026-03-21 00:00:00,Ограничения сняты во Внуково и в аэропорту Калуги,,,ru,RU
fd22e07c98ed,interfax,https://www.interfax.ru/russia/1079227,2026-03-21 00:00:00,Три человека погибли в ДТП с бензовозом в Ростовской области,,,ru,RU
c58c26fc3f8b,interfax,https://www.interfax.ru/russia/1079231,2026-03-21 00:00:00,Военные нейтрализовали 54 беспилотника ВСУ над девятью регионами РФ,,,ru,RU
31be288e062e,interfax,https://www.interfax.ru/moscow/1079253,2026-03-21 00:00:00,Движение на внутренней стороне МКАД на 2-м километре восстановлено после аварии,,,ru,RU
5a0281a05f6a,interfax,https://www.interfax.ru/russia/1079223,2026-03-21 00:00:00,Минобороны РФ сообщило о поражении за сутки почти 670 украинских беспилотников,,,ru,RU
a5f8bdb2ff6f,interfax,https://www.interfax.ru/russia/1079256,2026-03-21 00:00:00,До четырех выросло число жертв обстрела в белгородском селе Смородино,,,ru,RU
e61eca57dee7,interfax,https://www.interfax.ru/world/1079254,2026-03-21 00:00:00,K-pop группа BTS провела в Сеуле первый концерт за четыре года,,,ru,RU
575745c8c51b,interfax,https://www.interfax.ru/world/1079273,2026-03-21 00:00:00,"В Иране назвали атаку на израильскую Димону реакцией на удары по АЭС ""Бушер"" и Натанзу",,,ru,RU
a9e27503c06a,interfax,https://www.interfax.ru/world/1079270,2026-03-21 00:00:00,"В ЦАХАЛ заявили, что военная кампания против Ирана прошла ""половину пути""",,,ru,RU
ebe302949339,interfax,https://www.interfax.ru/world/1079269,2026-03-21 00:00:00,Почти 50 человек пострадали после иранского удара по израильскому городу Димона,,,ru,RU
07e930160e68,interfax,https://www.interfax.ru/russia/1079268,2026-03-21 00:00:00,Аэропорт Калуги вновь обслуживает рейсы,,,ru,RU
fab533348278,interfax,https://www.interfax.ru/world/1079272,2026-03-21 00:00:00,Израильские ВВС нанесли удары по центру ядерных исследований в Тегеране,,,ru,RU
e74164add671,interfax,https://www.interfax.ru/russia/1079266,2026-03-21 00:00:00,Ограничена работа аэропорта Калуги,,,ru,RU
5b28b5966211,interfax,https://www.interfax.ru/russia/1079261,2026-03-21 00:00:00,Возбуждено уголовное дело о ДТП с участием бензовоза в Ростовской области,,,ru,RU
f74934276009,interfax,https://www.interfax.ru/world/1079263,2026-03-21 00:00:00,"Трамп заявил, что рад смерти бывшего спецпрокурора, который вел ""дело об РФ""",,,ru,RU
1ba84bb668fd,interfax,https://www.interfax.ru/world/1079257,2026-03-21 00:00:00,"Спикер Палаты представителей США заявил, что миссия в Иране практически завершена",,,ru,RU
882a4115ce75,interfax,https://www.interfax.ru/world/1079267,2026-03-21 00:00:00,"В Вашингтоне ожидают, что военные действия против Ирана продлятся до трех недель",,,ru,RU
bd94f795fcd7,interfax,https://www.interfax.ru/world/1079329,2026-03-22 00:00:00,Лондон не располагает данными о наличии у Ирана дальнобойных ракет,,,ru,RU
eae40ba3b59b,interfax,https://www.interfax.ru/world/1079322,2026-03-22 00:00:00,Нетаньяху надеется на подключение других стран к операциям против Ирана,,,ru,RU
aa4590f1badc,interfax,https://www.interfax.ru/russia/1079323,2026-03-22 00:00:00,Восемь человек пострадали в ДТП в Калужской области,,,ru,RU
e3ac6006ec20,interfax,https://www.interfax.ru/russia/1079324,2026-03-22 00:00:00,"Ракета ""Союз-2.1а"" с грузовым кораблем ""Прогресс МС-33"" стартовала с Байконура",,,ru,RU
1a6773c786c0,interfax,https://www.interfax.ru/russia/1079325,2026-03-22 00:00:00,"Космический грузовик ""Прогресс МС-33"" вышел на орбиту и взял курс на МКС",,,ru,RU
e2ee563ee619,interfax,https://www.interfax.ru/world/1079327,2026-03-22 00:00:00,В Иране обещали удары по энергообъектам Ближнего Востока в случае атак на свои электростанции,,,ru,RU
a668e3b74f0e,interfax,https://www.interfax.ru/world/1079330,2026-03-22 00:00:00,"В ЦАХАЛ заявили, что Иран выпустил 400 баллистических ракет по Израилю с начала операции",,,ru,RU
79258bff1aa2,interfax,https://www.interfax.ru/russia/1079339,2026-03-22 00:00:00,Третий дрон уничтожен над Ленинградской областью,,,ru,RU
905f8f96c702,interfax,https://www.interfax.ru/russia/1079333,2026-03-22 00:00:00,Ракетному обстрелу подверглись два соцобъекта в Белгородской области,,,ru,RU
50a594fe497e,interfax,https://www.interfax.ru/russia/1079336,2026-03-22 00:00:00,Олег Кононенко назначен начальником Центра подготовки космонавтов,,,ru,RU
960d9eea8dc7,interfax,https://www.interfax.ru/world/1079337,2026-03-22 00:00:00,В Иране заявили о серьезном уроне системе водоснабжения из-за действий США и Израиля,,,ru,RU
340e58c9938c,interfax,https://www.interfax.ru/russia/1079338,2026-03-22 00:00:00,Два человека ранены из-за атаки ВСУ в Курской области,,,ru,RU
ea8a677f7751,interfax,https://www.interfax.ru/russia/1079321,2026-03-22 00:00:00,Путин проведет совещание по экономическим вопросам и заседание Совета по культуре,,,ru,RU
aa3b83f5c2bc,interfax,https://www.interfax.ru/world/1079340,2026-03-22 00:00:00,КСИР обещал полностью перекрыть Ормузский пролив в случае ударов США по электростанциям,,,ru,RU
ed8aa19a2a00,interfax,https://www.interfax.ru/world/1079343,2026-03-22 00:00:00,"NASA сообщило о неполадках на российском корабле ""Прогресс""",,,ru,RU
fe830842e8d2,interfax,https://www.interfax.ru/world/1079331,2026-03-22 00:00:00,Католикос-патриарх Грузии Илиа II похоронен в Сионском соборе в Тбилиси,,,ru,RU
c402073e6dfd,interfax,https://www.interfax.ru/russia/1079320,2026-03-22 00:00:00,"Песков назвал темой номер один у европейцев уже не Украину, а оплату счетов за газ и свет",,,ru,RU
967a372a8ab5,interfax,https://www.interfax.ru/world/1079313,2026-03-22 00:00:00,Саудовские военные сообщили о перехвате ракеты и нескольких дронов из Ирана,,,ru,RU
1b3cfabaa5aa,interfax,https://www.interfax.ru/russia/1079318,2026-03-22 00:00:00,Ограничения в новосибирских селах с выявленным пастереллезом сохранятся до завершения карантина,,,ru,RU
523840fcaa37,interfax,https://www.interfax.ru/world/1079298,2026-03-22 00:00:00,В Грузии хоронят католикоса-патриарха Илию II,,,ru,RU
cf8cc87df463,interfax,https://www.interfax.ru/world/1079291,2026-03-22 00:00:00,"Эксперт: ""Что делать?"" - главный вопрос для Трампа",,,ru,RU
8af941c1fb8d,interfax,https://www.interfax.ru/russia/1079299,2026-03-22 00:00:00,Семь БПЛА ликвидированы в Тульской области,,,ru,RU
7eb353a1a03f,interfax,https://www.interfax.ru/world/1079301,2026-03-22 00:00:00,"В Тегеране заявили, что Ормузский пролив полностью закрыт лишь для врагов Ирана",,,ru,RU
3ab69f64dc87,interfax,https://www.interfax.ru/russia/1079302,2026-03-22 00:00:00,"Ракета ""Союз-2.1а"" с грузовым кораблем ""Прогресс МС-33"" допущена к старту",,,ru,RU
7046c79c0d0a,interfax,https://www.interfax.ru/world/1079304,2026-03-22 00:00:00,Силы ПВО Израиля отразили четыре волны иранских ракетных атак,,,ru,RU
e9cfab7754f4,interfax,https://www.interfax.ru/world/1079305,2026-03-22 00:00:00,Вселенский патриарх Варфоломей принял участие в обряде отпевания Илии II в Тбилиси,,,ru,RU
fac5835f35ca,interfax,https://www.interfax.ru/russia/1079319,2026-03-22 00:00:00,"Песков заявил, что военные действия против Ирана сплачивают население вокруг власти",,,ru,RU
c4879ade11c6,interfax,https://www.interfax.ru/russia/1079306,2026-03-22 00:00:00,Минобороны заявило о переходе под контроль РФ Потаповки в Сумской области,,,ru,RU
b185d7ab7dc5,interfax,https://www.interfax.ru/russia/1079308,2026-03-22 00:00:00,Минобороны РФ заявило об улучшении позиций четырех группировок войск в зоне СВО,,,ru,RU
50d276a64d61,interfax,https://www.interfax.ru/russia/1079309,2026-03-22 00:00:00,Российские военные заявили об ударах по связанным с армией Украины объектам ТЭК,,,ru,RU
bfe36135390d,interfax,https://www.interfax.ru/moscow/1079310,2026-03-22 00:00:00,Мост через Оку в Озёрах временно закрыт для движения из-за паводка,,,ru,RU
e251e702718d,interfax,https://www.interfax.ru/world/1079311,2026-03-22 00:00:00,Британия разместила в Аравийском море атомную подлодку с крылатыми ракетами,,,ru,RU
0ab5a0d15f20,interfax,https://www.interfax.ru/world/1079346,2026-03-22 00:00:00,Гросси работает над возобновлением контактов США и Ирана по атому,,,ru,RU
84a9c940acc1,interfax,https://www.interfax.ru/world/1079315,2026-03-22 00:00:00,Иран предупредил США об ответных мерах в случае ударов по его электростанциям,,,ru,RU
c76a0e000c50,interfax,https://www.interfax.ru/russia/1079317,2026-03-22 00:00:00,Аэропорт Псков временно приостановил прием и выпуск самолетов,,,ru,RU
b4e89b3b0497,interfax,https://www.interfax.ru/russia/1079307,2026-03-22 00:00:00,Военные заявили об уничтожении за сутки 244 украинских дронов,,,ru,RU
9232d7ab3faa,interfax,https://www.interfax.ru/russia/1079347,2026-03-22 00:00:00,Дрон атаковал белгородское село во время поездки губернатора,,,ru,RU
5607be340e5b,interfax,https://www.interfax.ru/moscow/1079342,2026-03-22 00:00:00,Локальные перекрытия движения возможны в центре столицы 23 марта,,,ru,RU
1524bc698cea,interfax,https://www.interfax.ru/world/1079350,2026-03-22 00:00:00,Глава Минфина США заявил о достаточности средств для продолжения ударов по Ирану,,,ru,RU
979e3eaf9d5e,interfax,https://www.interfax.ru/world/1079349,2026-03-22 00:00:00,В CENTCOM назвали ложью сообщение о сбитом Ираном истребителе F-15,,,ru,RU
df26a0efd553,interfax,https://www.interfax.ru/world/1079366,2026-03-22 00:00:00,Бессент объяснил временное ослабление нефтяных санкций против России,,,ru,RU
c11c5a06ffa3,interfax,https://www.interfax.ru/russia/1079363,2026-03-22 00:00:00,Десять БПЛА уничтожено над Ленобластью,,,ru,RU
ccb957edaf5a,interfax,https://www.interfax.ru/russia/1079362,2026-03-22 00:00:00,Аэропорт Пулково возобновляет работу,,,ru,RU
c71baf9a173e,interfax,https://www.interfax.ru/russia/1079360,2026-03-22 00:00:00,"Корабль ""Прогресс МС-33"" пристыкуется к МКС в ручном режиме",,,ru,RU
fe599cf68791,interfax,https://www.interfax.ru/russia/1079364,2026-03-22 00:00:00,Движение поездов по МЦД-4 восстановлено после инцидента с зацепером,,,ru,RU
85ea348a66cb,interfax,https://www.interfax.ru/russia/1079356,2026-03-22 00:00:00,Над Ленинградской областью сбили уже девять беспилотников,,,ru,RU
d2555a0e0120,interfax,https://www.interfax.ru/russia/1079355,2026-03-22 00:00:00,Минобороны РФ заявило об уничтожении над регионами 60 украинских БПЛА с 18:00,,,ru,RU
47514037d458,interfax,https://www.interfax.ru/russia/1079354,2026-03-22 00:00:00,Число уничтоженных над Ленобластью БПЛА увеличилось до восьми,,,ru,RU
44f7ec8e5639,interfax,https://www.interfax.ru/russia/1079353,2026-03-22 00:00:00,"Землетрясение магнитудой 3,4 произошло на Ставрополье",,,ru,RU
5fa8ebc431e8,interfax,https://www.interfax.ru/russia/1079359,2026-03-22 00:00:00,"Сбой движения поездов МЦД-4 в сторону ""Железнодорожной"" произошел из-за травмирования зацепера",,,ru,RU
7219629cb1f6,interfax,https://www.interfax.ru/world/1079566,2026-03-23 00:00:00,США желают урегулировать конфликт с Ираном не позднее 9 апреля,,,ru,RU
7c5578f6f2ab,interfax,https://www.interfax.ru/russia/1079535,2026-03-23 00:00:00,Бизнесмен получил предостережение ФАС за прогноз о подорожании авиабилетов,,,ru,RU
6bc93e6a359c,interfax,https://www.interfax.ru/business/1079532,2026-03-23 00:00:00,Кабмин вскоре определится с шагами по снижению зависимости бюджета от цен на нефть,,,ru,RU
ebb81cd2c563,interfax,https://www.interfax.ru/world/1079561,2026-03-23 00:00:00,"В Израиле сообщили, что уничтожено уже две трети оборонной промышленности Ирана",,,ru,RU
d95c4f27e35e,interfax,https://www.interfax.ru/world/1079562,2026-03-23 00:00:00,Трамп по-прежнему намерен добиться выделения $200 млрд на нужды Пентагона,,,ru,RU
6230e8f2aefb,interfax,https://www.interfax.ru/world/1079563,2026-03-23 00:00:00,СМИ сообщили об обсуждении США и Ираном разблокирования Ормузского пролива,,,ru,RU
7893467fb62b,interfax,https://www.interfax.ru/world/1079564,2026-03-23 00:00:00,В Израиле призвали расширить границы страны за счет юга Ливана,,,ru,RU
fe183b7f1633,interfax,https://www.interfax.ru/business/1079567,2026-03-23 00:00:00,Рынок акций РФ начал неделю с отката к 2830 пунктам по индексу МосБиржи,,,ru,RU
c7323c55fbb3,interfax,https://www.interfax.ru/world/1079575,2026-03-23 00:00:00,"Axios узнал, что США контактируют с главой иранского парламента Галибафом",,,ru,RU
64fb0dd28665,interfax,https://www.interfax.ru/business/1079571,2026-03-23 00:00:00,Рубль уверенно вырос в паре с юанем при подготовке экспортеров к налоговым выплатам,,,ru,RU
e66991adb797,interfax,https://www.interfax.ru/russia/1079570,2026-03-23 00:00:00,Ограничения в аэропортах Иваново и Ярославля сняты,,,ru,RU
e22fe59e0ae5,interfax,https://www.interfax.ru/world/1079569,2026-03-23 00:00:00,Hyundai отзывает более 69 тыс. автомобилей в США и Канаде после гибели ребенка,,,ru,RU
77407ad53bef,interfax,https://www.interfax.ru/business/1079534,2026-03-23 00:00:00,Минфин обсуждает в том числе повышение лимитов по семейной ипотеке,,,ru,RU
b9e381feb233,interfax,https://www.interfax.ru/business/1079536,2026-03-23 00:00:00,"Зампред ЦБ заявил, что тренда на ослабление курса рубля сейчас нет",,,ru,RU
6a3305952b5e,interfax,https://www.interfax.ru/business/1079573,2026-03-23 00:00:00,Еврокомиссия объявила о наращивании помощи Ливану,,,ru,RU
f096e8c38388,interfax,https://www.interfax.ru/world/1079576,2026-03-23 00:00:00,Спикер парламента Ирана опроверг ведение переговоров с Вашингтоном,,,ru,RU
834a6bda78a3,interfax,https://www.interfax.ru/world/1079577,2026-03-23 00:00:00,Главы МИД России и Египта обсудили ситуацию в зоне Персидского залива,,,ru,RU
64b615ea933a,interfax,https://www.interfax.ru/business/1079579,2026-03-23 00:00:00,"США начнут выпускать из резервов по 1-1,5 млн б/с нефти, позже - до 3 млн б/с",,,ru,RU
c1a38442910e,interfax,https://www.interfax.ru/world/1079568,2026-03-23 00:00:00,"Стармер заявил, что Великобритания знала о воскресных переговорах США и Ирана",,,ru,RU
cbe15adeec82,interfax,https://www.interfax.ru/russia/1079537,2026-03-23 00:00:00,Правкомиссия РФ одобрила проект о регулировании операций с цифровыми валютами,,,ru,RU
1c68b8a92285,interfax,https://www.interfax.ru/world/1079543,2026-03-23 00:00:00,"Трамп грозит продолжить атаки на Иран, если переговоры с Тегераном не дадут результата",,,ru,RU
db6013071fc5,interfax,https://www.interfax.ru/world/1079539,2026-03-23 00:00:00,"Трамп заявил, что и США, и Иран хотят заключить соглашение по урегулированию конфликта",,,ru,RU
43ce410c0b2b,interfax,https://www.interfax.ru/business/1079572,2026-03-23 00:00:00,Рост цен в отелях РФ замедлился или прекратился в связи с торможением спроса,,,ru,RU
20bc22e6776d,interfax,https://www.interfax.ru/business/1079559,2026-03-23 00:00:00,Цены на нефть остаются в глубоком минусе после заявлений Трампа,,,ru,RU
4bb7d8ecc9e9,interfax,https://www.interfax.ru/world/1079558,2026-03-23 00:00:00,Иран опроверг сообщение об обстреле базы ВВС на британском острове Диего-Гарсиа,,,ru,RU
95fa5c2dd98a,interfax,https://www.interfax.ru/russia/1079557,2026-03-23 00:00:00,Житель Казани получил травмы из-за неисправности лифта в многоквартирном доме,,,ru,RU
e271244dbd98,interfax,https://www.interfax.ru/business/1079555,2026-03-23 00:00:00,"ЦБ отметил, что кредит экономике РФ в феврале показал умеренный рост",,,ru,RU
b86a35289a21,interfax,https://www.interfax.ru/russia/1079556,2026-03-23 00:00:00,Ограничения введены в аэропортах Иванова и Ярославля,,,ru,RU
6a30efaf5434,interfax,https://www.interfax.ru/russia/1079554,2026-03-23 00:00:00,Путин подписал закон о новых правилах выплаты банкротам средств от продажи ипотечного жилья,,,ru,RU
8396d250c313,interfax,https://www.interfax.ru/world/1079545,2026-03-23 00:00:00,Катар не участвует в посреднических усилиях по Ирану,,,ru,RU
55c36ed452a5,interfax,https://www.interfax.ru/world/1079552,2026-03-23 00:00:00,США помогут Саудовской Аравии восполнить арсеналы после атак Ирана,,,ru,RU
45ed5a88e0f6,interfax,https://www.interfax.ru/business/1079551,2026-03-23 00:00:00,В Минэкономразвития назвали причины торможения роста внутреннего туризма,,,ru,RU
c9cb3e120bae,interfax,https://www.interfax.ru/russia/1079550,2026-03-23 00:00:00,Путин подписал закон о запрете выдворения из РФ служивших в ВС России иностранцев,,,ru,RU
c302cf1ad3f7,interfax,https://www.interfax.ru/world/1079548,2026-03-23 00:00:00,Мерц приветствует решение Трампа отложить планы атаковать электростанции в Иране,,,ru,RU
2f41bfd47b15,interfax,https://www.interfax.ru/russia/1079549,2026-03-23 00:00:00,Возродить промысел гренландского тюленя могут в Баренцевом и Белом морях,,,ru,RU
7e9129ff9b96,interfax,https://www.interfax.ru/business/1079547,2026-03-23 00:00:00,"Акции CATL, BYD и Sungrow подорожали сильнее бумаг нефтепроизводителей с начала войны в Иране",,,ru,RU
6e85db7543a3,interfax,https://www.interfax.ru/world/1079546,2026-03-23 00:00:00,Президент США не считает ослабление санкций против иранской нефти выгодным Тегерану,,,ru,RU
28e7ff0d9dc9,interfax,https://www.interfax.ru/russia/1079544,2026-03-23 00:00:00,Путин подписал закон о праве ЧОПов применять боевое оружие для защиты от БПЛА,,,ru,RU
a3b8eefe9a5b,interfax,https://www.interfax.ru/russia/1079542,2026-03-23 00:00:00,Путин подписал соглашение о медобследовании граждан Таджикистана перед въездом в РФ,,,ru,RU
7f1b24c8a6c1,interfax,https://www.interfax.ru/russia/1079541,2026-03-23 00:00:00,Путин подписал закон о порядке взаимного исполнения РФ и Белоруссией постановлений судов,,,ru,RU
f7c0aa24fe84,interfax,https://www.interfax.ru/business/1079540,2026-03-23 00:00:00,Въездной туризм в России в 2025 году рос быстрее внутреннего,,,ru,RU
613cce9e0ff1,interfax,https://www.interfax.ru/business/1079538,2026-03-23 00:00:00,"РФ с 1 по 20 марта увеличила отгрузки пшеницы на экспорт в 2,7 раза до 3,1 млн т",,,ru,RU
5b49509ebaca,interfax,https://www.interfax.ru/world/1079580,2026-03-23 00:00:00,Каллас видит позитивный сигнал во временном отказе Трампа от ударов по энергосистеме Ирана,,,ru,RU
abba8d820736,interfax,https://www.interfax.ru/world/1079591,2026-03-23 00:00:00,Вэнс и Нетаньяху обсудили по телефону условия мирного соглашения с Ираном,,,ru,RU
e98ad309d4a6,interfax,https://www.interfax.ru/russia/1079574,2026-03-23 00:00:00,В Минэкономразвития не ждут переориентации туристов с Ближнего Востока на Россию,,,ru,RU
bdc4535a05c7,interfax,https://www.interfax.ru/world/1079581,2026-03-23 00:00:00,Иран сообщил о начале 77-й волны ударов по Израилю и базам США в регионе Персидского залива,,,ru,RU
753bf021f968,interfax,https://www.interfax.ru/world/1079601,2026-03-23 00:00:00,Пентагон рассматривает задействование воздушно-десантных войск в операции против Ирана,,,ru,RU
24b4c3a0e86c,interfax,https://www.interfax.ru/russia/1079600,2026-03-23 00:00:00,Мебельный цех горит в подмосковных Химках на площади почти 1 тыс. кв. метров,,,ru,RU
0cae24b1da8f,interfax,https://www.interfax.ru/world/1079599,2026-03-23 00:00:00,Десантные корабли ВМС США с морпехами подходят к Аравийскому морю,,,ru,RU
3f7ff3b36c65,interfax,https://www.interfax.ru/russia/1079597,2026-03-23 00:00:00,Калужский аэропорт вновь не принимает самолеты,,,ru,RU
4063113b7051,interfax,https://www.interfax.ru/world/1079596,2026-03-23 00:00:00,Нетаньяху обсудил Иран в телефонном разговоре с Трампом,,,ru,RU
12d6dd0c1158,interfax,https://www.interfax.ru/culture/1079594,2026-03-23 00:00:00,"""Ветер"" награжден ""Никой"" как лучший игровой фильм",,,ru,RU
ed8ff40e7e54,interfax,https://www.interfax.ru/russia/1079588,2026-03-23 00:00:00,Три человека пострадали в Белгородской области при атаке дронов на автобус,,,ru,RU
eea2def145c9,interfax,https://www.interfax.ru/russia/1079598,2026-03-23 00:00:00,Летчик ВВС США получил осколочные ранения при перехвате истребителя F-35 над Ираном,,,ru,RU
71d9f687a864,interfax,https://www.interfax.ru/culture/1079592,2026-03-23 00:00:00,"Алла Сурикова удостоена почетной ""Ники"" за ""Честь и достоинство""",,,ru,RU
52de3a5c2500,interfax,https://www.interfax.ru/world/1079590,2026-03-23 00:00:00,"Трамп считает, что Иран всерьез настроен на переговоры с Вашингтоном",,,ru,RU
e1d3d062b611,interfax,https://www.interfax.ru/russia/1079587,2026-03-23 00:00:00,Замглавы МИД РФ обсудил с послом ОАЭ ситуацию на Ближнем Востоке,,,ru,RU
b460f542aad2,interfax,https://www.interfax.ru/world/1079589,2026-03-23 00:00:00,Пакистан обеспечивал секретный канал связи Тегерана с Уиткоффом и Кушнером,,,ru,RU
a3d78b7c5c17,interfax,https://www.interfax.ru/business/1079586,2026-03-23 00:00:00,ЦБ РФ перенесет на полгода предоставление банками расширенной отчетности о трансграничных операциях физлиц,,,ru,RU
e1c4225d9fcd,interfax,https://www.interfax.ru/culture/1079584,2026-03-23 00:00:00,"Игорь Золотовицкий посмертно удостоен почетной ""Ники""",,,ru,RU
fac6c8143090,interfax,https://www.interfax.ru/world/1079585,2026-03-23 00:00:00,Bloomberg объяснил решение Трампа отложить атаки на электростанции Ирана желанием успокоить рынки,,,ru,RU
6f25c2756905,interfax,https://www.interfax.ru/world/1079595,2026-03-23 00:00:00,В Иране заявили о контроле над Ормузским проливом и отсутствии необходимости его минировать,,,ru,RU
9a19e12f719a,interfax,https://www.interfax.ru/russia/1079774,2026-03-24 00:00:00,Восьмой саммит Форума стран-экспортеров газа пройдет в Москве 27 октября,,,ru,RU
956c0f2defe6,interfax,https://www.interfax.ru/business/1079772,2026-03-24 00:00:00,Банк России готов поддержать две новые инициативы в сфере ОСАГО,,,ru,RU
9a764f034d33,interfax,https://www.interfax.ru/business/1079770,2026-03-24 00:00:00,В Минэнерго заявили о подготовке угольными компаниями планов финоздоровления,,,ru,RU
a0d4fb9a725e,interfax,https://www.interfax.ru/world/1079767,2026-03-24 00:00:00,Иран начал взимать плату с судов за проход через Ормузский пролив,,,ru,RU
c6ebcdbed82a,interfax,https://www.interfax.ru/business/1079769,2026-03-24 00:00:00,ЦБ РФ поддержал проект о реабилитации должников в банкротстве,,,ru,RU
5dc85de10e17,interfax,https://www.interfax.ru/world/1079768,2026-03-24 00:00:00,"Иран прекратил поставки газа в Турцию после атаки на месторождение ""Южный Парс""",,,ru,RU
ccd3277a5734,interfax,https://www.interfax.ru/world/1079773,2026-03-24 00:00:00,"CNN сообщил, что Иран и США пока не ведут полноценных переговоров",,,ru,RU
3d9db7a8a872,interfax,https://www.interfax.ru/russia/1079771,2026-03-24 00:00:00,Россельхознадзор заявил о ликвидации очагов пастереллеза в Новосибирской области,,,ru,RU
7aa55fffef07,interfax,https://www.interfax.ru/business/1079775,2026-03-24 00:00:00,Минфин РФ ждет продления указа о репатриации экспортной выручки,,,ru,RU
be6b12f6d9aa,interfax,https://www.interfax.ru/russia/1079784,2026-03-24 00:00:00,Четыре модели Haval и Tenet включены в список допускаемых для работы в такси в РФ,,,ru,RU
f37c472fdbfb,interfax,https://www.interfax.ru/world/1079776,2026-03-24 00:00:00,NASA планирует запустить к Марсу космический аппарат с ядерным двигателем,,,ru,RU
5603ec9d479e,interfax,https://www.interfax.ru/russia/1079778,2026-03-24 00:00:00,Случай оспы обезьян выявлен в Санкт-Петербурге,,,ru,RU
3908e10a912c,interfax,https://www.interfax.ru/world/1079779,2026-03-24 00:00:00,Великобритания предложила провести саммит по открытию Ормузского пролива,,,ru,RU
483542c940a1,interfax,https://www.interfax.ru/russia/1079780,2026-03-24 00:00:00,МВД предложило взимать плату с банков и операторов связи за информацию о гражданах из базы данных,,,ru,RU
4a07c7ad4475,interfax,https://www.interfax.ru/russia/1079781,2026-03-24 00:00:00,СК завел дело о приобретении взрывного устройства после взрыва в доме в Севастополе,,,ru,RU
64864bbba9f8,interfax,https://www.interfax.ru/business/1079782,2026-03-24 00:00:00,Рынок акций РФ во вторник подрос на нефтегазовых бумагах вместе с нефтью,,,ru,RU
3964276058cc,interfax,https://www.interfax.ru/world/1079783,2026-03-24 00:00:00,Bloomberg сообщил об условиях возможного участия Саудовской Аравии и ОАЭ в операции против Ирана,,,ru,RU
40a9db4e7f21,interfax,https://www.interfax.ru/russia/1079766,2026-03-24 00:00:00,"Шойгу констатировал, что перспектив прекращения конфликта на Ближнем Востоке не видно",,,ru,RU
396a326596ea,interfax,https://www.interfax.ru/world/1079777,2026-03-24 00:00:00,Моди и Трамп обсудили по телефону ситуацию в западной части Азии,,,ru,RU
bcbc4db75e11,interfax,https://www.interfax.ru/russia/1079765,2026-03-24 00:00:00,"Шойгу заявил, что атака на Иран поставила под удар всю систему международной безопасности",,,ru,RU
f946fe972d2f,interfax,https://www.interfax.ru/world/1079753,2026-03-24 00:00:00,Ливан не разрывает дипломатические отношения с Ираном,,,ru,RU
0f4b41d44f39,interfax,https://www.interfax.ru/business/1079762,2026-03-24 00:00:00,Нелегальным криптообменникам в РФ грозит административная и уголовная ответственность,,,ru,RU
60fcaf6a9c58,interfax,https://www.interfax.ru/world/1079738,2026-03-24 00:00:00,Израиль планирует взять под контроль юг Ливана до реки Эль-Литани,,,ru,RU
93093ab08d42,interfax,https://www.interfax.ru/business/1079741,2026-03-24 00:00:00,Президент Филиппин ввел режим ЧС из-за перебоев в энергоснабжении,,,ru,RU
48f9969f4547,interfax,https://www.interfax.ru/world/1079742,2026-03-24 00:00:00,В Молдавии вводят чрезвычайное положение в области энергетики,,,ru,RU
be6946ffda89,interfax,https://www.interfax.ru/world/1079743,2026-03-24 00:00:00,"В АТОР заверили, что на Шри-Ланке нет ограничений на передвижения туристов",,,ru,RU
b83e0ffef925,interfax,https://www.interfax.ru/world/1079746,2026-03-24 00:00:00,Рубио примет участие во встрече глав МИД G7 во Франции,,,ru,RU
b193e06f94da,interfax,https://www.interfax.ru/business/1079744,2026-03-24 00:00:00,"В Минфине заявили, что бюджетное правило может поменяться с 2027 года",,,ru,RU
9556e174eff9,interfax,https://www.interfax.ru/world/1079748,2026-03-24 00:00:00,Пограничная служба Финляндии закупит систему противодействия дронам,,,ru,RU
26173ea0bc3d,interfax,https://www.interfax.ru/russia/1079749,2026-03-24 00:00:00,Суд вынес приговор шести участникам перестрелки у офиса Wildberries в 2024 году,,,ru,RU
7bf8187a9222,interfax,https://www.interfax.ru/business/1079764,2026-03-24 00:00:00,Глава ЦБ назвала разумной стратегией совет нефтяникам гасить долги за счет допдоходов от цен,,,ru,RU
d80ecf70b7f5,interfax,https://www.interfax.ru/culture/1079750,2026-03-24 00:00:00,"В ""РОСИЗО"" пройдет выставка Эрика Булатова",,,ru,RU
0f8b0be0d952,interfax,https://www.interfax.ru/russia/1079751,2026-03-24 00:00:00,Международный транспортный саммит пройдет в Москве в августе,,,ru,RU
50ddd5224024,interfax,https://www.interfax.ru/business/1079785,2026-03-24 00:00:00,Рубль во вторник вырос к юаню при подготовке экспортеров к налоговым выплатам марта,,,ru,RU
4f5db0ae591d,interfax,https://www.interfax.ru/business/1079754,2026-03-24 00:00:00,"Набиуллина заявила, что вклад повышения НДС в инфляцию составил чуть более 1 п.п.",,,ru,RU
52372976de0b,interfax,https://www.interfax.ru/moscow/1079755,2026-03-24 00:00:00,По делу о гибели людей при пожаре на Николоямской улице арестован артист цирка,,,ru,RU
e4d7559e5b8b,interfax,https://www.interfax.ru/culture/1079758,2026-03-24 00:00:00,"В Доме Булгакова открылась выставка работ художника Владимира Волка, посвященная ""Мастеру и Маргарите""",,,ru,RU
3f4dce909496,interfax,https://www.interfax.ru/russia/1079759,2026-03-24 00:00:00,В Петербурге провайдер оштрафован за обход блокировки YouTube,,,ru,RU
99bd17692b91,interfax,https://www.interfax.ru/world/1079757,2026-03-24 00:00:00,"NYT утверждает, что саудовский кронпринц убеждает Трампа продолжать войну против Ирана",,,ru,RU
5696b60cf223,interfax,https://www.interfax.ru/world/1079763,2026-03-24 00:00:00,"Премьер Пакистана заявил, что его страна готова стать площадкой для прямых переговоров США и Ирана",,,ru,RU
6b0bc29e4510,interfax,https://www.interfax.ru/world/1079752,2026-03-24 00:00:00,"Космический грузовик ""Прогресс МС-33"" пристыкован к МКС в ручном режиме",,,ru,RU
ea1fec8f6a49,interfax,https://www.interfax.ru/world/1079787,2026-03-24 00:00:00,Иран пригрозил минировать Ормузский пролив при попытке США высадиться на остров Харк,,,ru,RU
ed928ea29f28,interfax,https://www.interfax.ru/world/1079760,2026-03-24 00:00:00,"В ЕК заявили, что Украина не станет членом ЕС к началу 2027 года",,,ru,RU
9543d32612a7,interfax,https://www.interfax.ru/world/1079789,2026-03-24 00:00:00,Венгерская MOL сможет вести переговоры о покупке доли акционеров РФ в NIS до 22 мая,,,ru,RU
76b4e7c45515,interfax,https://www.interfax.ru/world/1079788,2026-03-24 00:00:00,NASA представило инициативы по реализации национальной космической политики США,,,ru,RU
138ba3632eef,interfax,https://www.interfax.ru/business/1079810,2026-03-24 00:00:00,"""Росатом"" и NBEPar создадут СП по добыче полезных ископаемых в Бразилии",,,ru,RU
e2bfc80f712a,interfax,https://www.interfax.ru/world/1079809,2026-03-24 00:00:00,Шедшее из Мурманска в Колумбию грузовое судно запросило помощь в Норвежском море,,,ru,RU
69df0682e7ee,interfax,https://www.interfax.ru/world/1079808,2026-03-24 00:00:00,Израиль нанес серию ударов по иранскому центру производства взрывчатки,,,ru,RU
c1a614fb2af3,interfax,https://www.interfax.ru/world/1079804,2026-03-24 00:00:00,"Трамп заявил, что РФ и Украина приближаются к заключению соглашения",,,ru,RU
bb3ce8e9ded4,interfax,https://www.interfax.ru/world/1079802,2026-03-24 00:00:00,"США хотели бы провести переговоры с Ираном в четверг, но ответа от него пока не было",,,ru,RU
e7cb65b84112,interfax,https://www.interfax.ru/world/1079801,2026-03-24 00:00:00,Трамп заявил о готовности Ирана навсегда отказаться от ядерного оружия,,,ru,RU
9ccb5a7666a4,interfax,https://www.interfax.ru/world/1079807,2026-03-24 00:00:00,Парламент Молдавии ввел чрезвычайное положение в области энергетики сроком на 60 дней,,,ru,RU
4e37912fe13e,interfax,https://www.interfax.ru/russia/1079798,2026-03-24 00:00:00,В Севастополе ввели региональный режим ЧС из-за взрыва в жилом доме,,,ru,RU
4ad87ddb5e8a,interfax,https://www.interfax.ru/russia/1079797,2026-03-24 00:00:00,Калужский аэропорт закрыт в пятый раз за сутки,,,ru,RU
3ba1d1e29250,interfax,https://www.interfax.ru/russia/1079796,2026-03-24 00:00:00,Замглавы МИД РФ Алимов обсудил с послом ОАЭ ситуацию в Персидском заливе,,,ru,RU
e0dbc84c401b,interfax,https://www.interfax.ru/world/1079795,2026-03-24 00:00:00,Штаб 82-й воздушно-десантной дивизии США получил приказ выдвигаться на Ближний Восток,,,ru,RU
8ceb1630784b,interfax,https://www.interfax.ru/world/1079792,2026-03-24 00:00:00,Пентагон готовит приказ об отправке 3 тыс. десантников на Ближний Восток,,,ru,RU
da9a4e5b8f31,interfax,https://www.interfax.ru/business/1079791,2026-03-24 00:00:00,Механизм перераспределения господдержки с кредита на IPO/SPO заработает после решений отраслевых ведомств,,,ru,RU
9467b3e049e9,interfax,https://www.interfax.ru/business/1079790,2026-03-24 00:00:00,Глава Shell прогнозирует дефицит энергоресурсов в Европе уже в апреле,,,ru,RU
eb8dcec969a1,interfax,https://www.interfax.ru/russia/1079799,2026-03-24 00:00:00,Роспотребнадзор предложил запретить размещение производства готовой еды в жилых домах,,,ru,RU
538468fc0af0,interfax,https://www.interfax.ru/business/1080060,2026-03-25 00:00:00,Выпуск алюминия в РФ в январе-феврале вырос на 9% год к году,,,ru,RU
3b91254e4ad3,interfax,https://www.interfax.ru/russia/1080052,2026-03-25 00:00:00,"В РФ сообщили об отсутствии гарантий США не включать АЭС ""Бушер"" в список объектов для ударов",,,ru,RU
837659db7e64,interfax,https://www.interfax.ru/business/1080053,2026-03-25 00:00:00,Минфин осенью оценит необходимость введения НДС на операции в СБП,,,ru,RU
812451de872e,interfax,https://www.interfax.ru/russia/1080055,2026-03-25 00:00:00,Путин подписал указ о назначении Виктора Мельника замгенпрокурора РФ,,,ru,RU
7975679117cf,interfax,https://www.interfax.ru/world/1080057,2026-03-25 00:00:00,Израиль пытается нанести удары по максимуму целей в Иране из-за возможных переговоров,,,ru,RU
6f53cd8e35bd,interfax,https://www.interfax.ru/russia/1080059,2026-03-25 00:00:00,"Москва выразила возмущение военным ударом близ АЭС ""Бушер""",,,ru,RU
aeefe16b381a,interfax,https://www.interfax.ru/world/1080058,2026-03-25 00:00:00,Венесуэла пригласила американских инвесторов вернуться в страну,,,ru,RU
d7fe557bf2f9,interfax,https://www.interfax.ru/world/1080062,2026-03-25 00:00:00,Силы ПВО ОАЭ перехватили девять иранских БПЛА,,,ru,RU
ba454134a16e,interfax,https://www.interfax.ru/world/1080067,2026-03-25 00:00:00,В Иране изучали возможность переговоров в Пакистане с представителями США,,,ru,RU
842b85e84e4d,interfax,https://www.interfax.ru/business/1080065,2026-03-25 00:00:00,Минпромторг не получал от ММК просьб о поддержке на фоне падения загрузки,,,ru,RU
b59ed67bb3f3,interfax,https://www.interfax.ru/world/1080066,2026-03-25 00:00:00,Нетаньяху сообщил о формировании Израилем зоны безопасности в Ливане,,,ru,RU
b9ebfb37a86c,interfax,https://www.interfax.ru/russia/1080063,2026-03-25 00:00:00,На встрече с Набиуллиной был поднят вопрос ускорения разблокировок карт граждан,,,ru,RU
69e624f821d4,interfax,https://www.interfax.ru/world/1080069,2026-03-25 00:00:00,Трамп совершит визит в Пекин для встречи с председателем КНР Си Цзиньпином 14-15 мая,,,ru,RU
c43507f297b6,interfax,https://www.interfax.ru/world/1080068,2026-03-25 00:00:00,Пентагон подтвердил отправку части 82-й воздушно-десантной дивизии на Ближний Восток,,,ru,RU
ef8f57c488e2,interfax,https://www.interfax.ru/russia/1080072,2026-03-25 00:00:00,Аэропорт Иваново возобновил работу в штатном режиме,,,ru,RU
e1b8e6203cf0,interfax,https://www.interfax.ru/russia/1080051,2026-03-25 00:00:00,"Песков считает, что Москальковой предложат новую работу по окончании ее срока на посту омбудсмена",,,ru,RU
6751d14c2969,interfax,https://www.interfax.ru/business/1080073,2026-03-25 00:00:00,Ограничения на вывоз физлицами из РФ в ЕАЭС рублей эквивалентом от $100 тыс. вступят в силу с 1 апреля,,,ru,RU
2c5ba9fd6b4f,interfax,https://www.interfax.ru/world/1080064,2026-03-25 00:00:00,Иран пригрозил создать проблемы для судоходства в Баб-эль-Мандебском проливе,,,ru,RU
e40c97dd8250,interfax,https://www.interfax.ru/world/1080049,2026-03-25 00:00:00,США ведут обсуждения с РФ и КНР по теме стратегической стабильности,,,ru,RU
81b97ca36460,interfax,https://www.interfax.ru/business/1080042,2026-03-25 00:00:00,"Рост цен на бензин на АЗС с 17 по 23 марта ускорился до 0,36%",,,ru,RU
2a38fa1f01ef,interfax,https://www.interfax.ru/russia/1080048,2026-03-25 00:00:00,"Росстат отметил сокращение производства грузовиков в феврале на 31,3%",,,ru,RU
e62fe8fce687,interfax,https://www.interfax.ru/russia/1080026,2026-03-25 00:00:00,Шойгу заявил о рисках при выведении из строя систем опреснения воды на Ближнем Востоке,,,ru,RU
25f2715518df,interfax,https://www.interfax.ru/russia/1080027,2026-03-25 00:00:00,В белгородском хуторе в результате взрыва дрона пострадала женщина,,,ru,RU
b355e8736466,interfax,https://www.interfax.ru/business/1080031,2026-03-25 00:00:00,"Цены производителей на бензин в феврале выросли на 4,8% после снижения на 18,3% в январе",,,ru,RU
4df9954ece07,interfax,https://www.interfax.ru/business/1080029,2026-03-25 00:00:00,Инфляция в РФ в годовом выражении ускорилась до 6%,,,ru,RU
861bf8e5d7c3,interfax,https://www.interfax.ru/russia/1080028,2026-03-25 00:00:00,Шойгу назвал поиск мирного решения единственным выходом из ситуации на Ближнем Востоке,,,ru,RU
970ed4a79933,interfax,https://www.interfax.ru/business/1080033,2026-03-25 00:00:00,"Росстат отметил снижение цен на огурцы с 17 по 23 марта на 5,8%",,,ru,RU
ff42ab79716c,interfax,https://www.interfax.ru/russia/1080034,2026-03-25 00:00:00,Добыча газа в РФ в морозном феврале подскочила на 12%,,,ru,RU
e426938a9d74,interfax,https://www.interfax.ru/business/1080035,2026-03-25 00:00:00,"Росстат сообщил о сокращении добычи угля в январе-феврале на 7,1%",,,ru,RU
fe13856c17f2,interfax,https://www.interfax.ru/business/1080036,2026-03-25 00:00:00,Росстат сообщил о продолжении постепенного снижения потребительской уверенности в РФ в I квартале,,,ru,RU
6b91d14d1009,interfax,https://www.interfax.ru/world/1080037,2026-03-25 00:00:00,"Трамп назначил Цукерберга, Эллисона и Хуана в состав совета по технологиям",,,ru,RU
4d0167829757,interfax,https://www.interfax.ru/business/1080039,2026-03-25 00:00:00,"Промпроизводство в РФ в феврале сократилось на 0,9%",,,ru,RU
ea06e01b23aa,interfax,https://www.interfax.ru/business/1080040,2026-03-25 00:00:00,"В России в феврале долги по зарплате выросли на 8,3% до 2,01 млрд рублей",,,ru,RU
df54569aacf4,interfax,https://www.interfax.ru/digital/1080038,2026-03-25 00:00:00,Минобороны Израиля одобрило дополнительные цели для ударов в Иране,,,ru,RU
c734ec111e1c,interfax,https://www.interfax.ru/business/1080043,2026-03-25 00:00:00,"Россия в феврале сократила выпуск стального проката на 5,4% к январю",,,ru,RU
8a691eb47cf0,interfax,https://www.interfax.ru/business/1080044,2026-03-25 00:00:00,Рубль вечером ускорил снижение в паре с юанем на фоне негативной динамики цен на нефть,,,ru,RU
73b216f4fabe,interfax,https://www.interfax.ru/business/1080047,2026-03-25 00:00:00,"В России производство СПГ в феврале выросло на 6,2%, до 2,9 млн тонн",,,ru,RU
44e69aca33f1,interfax,https://www.interfax.ru/world/1080046,2026-03-25 00:00:00,В Израиле обеспокоены возможными намерениями США объявить перемирие с Ираном,,,ru,RU
beecb6203900,interfax,https://www.interfax.ru/russia/1080050,2026-03-25 00:00:00,Самолет с делегацией депутатов Госдумы приземлился в Нью-Йорке,,,ru,RU
bb4a3dfc36f4,interfax,https://www.interfax.ru/russia/1080074,2026-03-25 00:00:00,Физлица с мая смогут вывозить слитки золота свыше 100 г только через аэропорты Москвы и Владивостока,,,ru,RU
badeb48791eb,interfax,https://www.interfax.ru/world/1080076,2026-03-25 00:00:00,В Белом доме заявили о продуктивности продолжающихся переговоров с Тегераном,,,ru,RU
8fd1988bd324,interfax,https://www.interfax.ru/russia/1080081,2026-03-25 00:00:00,Два человека погибли при ударах дронов в Белгородской области,,,ru,RU
6cc5dcb47593,interfax,https://www.interfax.ru/world/1080075,2026-03-25 00:00:00,Иран в рамках налаживания диалога с США пропустил через Ормузский пролив несколько танкеров,,,ru,RU
655e7bfae21c,interfax,https://www.interfax.ru/russia/1080095,2026-03-25 00:00:00,Еще три БПЛА сбито на подлете к Москве,,,ru,RU
1696bae756c7,interfax,https://www.interfax.ru/russia/1080091,2026-03-25 00:00:00,Самолет с делегацией депутатов Госдумы вылетел из Нью-Йорка в Вашингтон,,,ru,RU
a74b289710ac,interfax,https://www.interfax.ru/russia/1080090,2026-03-25 00:00:00,Аэропорт Внуково обслуживает рейсы по согласованию,,,ru,RU
946a74b448f5,interfax,https://www.interfax.ru/russia/1080084,2026-03-25 00:00:00,"Путин заявил, что арест в Польше археолога из-за раскопок в Крыму вновь показывает, ""с кем мы имеем дело""",,,ru,RU
db1fe579381a,interfax,https://www.interfax.ru/russia/1080082,2026-03-25 00:00:00,Президент возьмет под особый контроль строительство Дворца танца в Петербурге,,,ru,RU
89e802dee182,interfax,https://www.interfax.ru/world/1080089,2026-03-25 00:00:00,Трамп может объявить о прекращении огня с Ираном в выходные,,,ru,RU
d223fab37d6e,interfax,https://www.interfax.ru/russia/1080085,2026-03-25 00:00:00,Путин поручает ускорить квотирование иностранного кино в российском прокате,,,ru,RU
b35eb68b9c5a,interfax,https://www.interfax.ru/world/1080083,2026-03-25 00:00:00,В CENTCOM опровергли сообщение о сбитом Ираном истребителе F/A-18,,,ru,RU
61d32b513788,interfax,https://www.interfax.ru/world/1080094,2026-03-25 00:00:00,"Тегеран изучает полученные от США предложения, но переговоров не ведет",,,ru,RU
afc84312aac0,interfax,https://www.interfax.ru/world/1080071,2026-03-25 00:00:00,Мексика не будет отказываться от сотрудничества с Кубой в сфере медицины,,,ru,RU
75c7628624c9,interfax,https://www.interfax.ru/world/1080079,2026-03-25 00:00:00,Шесть стран призвали Ирак прекратить нападения проиранских группировок с его территории,,,ru,RU
7b327054e2d0,interfax,https://www.interfax.ru/russia/1080077,2026-03-25 00:00:00,Путин поручил цивилизованно решить проблему отказа наследников передавать авторские права для театров,,,ru,RU
fc2e4ec18454,interfax,https://www.interfax.ru/world/1080080,2026-03-25 00:00:00,"В Евросовете заявили, что энергетический кризис в связи с Ираном не изменит политику ЕС",,,ru,RU
df8d367398e4,interfax,https://www.interfax.ru/business/1080338,2026-03-26 00:00:00,Глава Минфина США заявил о хорошем состоянии мирового рынка нефти,,,ru,RU
1c649ee54fba,interfax,https://www.interfax.ru/business/1080327,2026-03-26 00:00:00,На встрече РСПП и Путина обсуждалось распределение допдоходов компаний на фоне войны с Ираном,,,ru,RU
551ebf0ede67,interfax,https://www.interfax.ru/world/1080329,2026-03-26 00:00:00,Bloomberg узнал о поиске ФРГ слабых мест в экономике США на случай обострения отношений со Штатами,,,ru,RU
408d3735a027,interfax,https://www.interfax.ru/world/1080330,2026-03-26 00:00:00,"Трамп считает, что шансы на урегулирование украинского кризиса сохраняются",,,ru,RU
ba4aeaa6d198,interfax,https://www.interfax.ru/world/1080335,2026-03-26 00:00:00,Трамп заявил об отсутствии крайних сроков окончания операции против Ирана,,,ru,RU
c514973b2a30,interfax,https://www.interfax.ru/world/1080337,2026-03-26 00:00:00,"Трамп не исключил, что США могут получить доступ к иранской нефти",,,ru,RU
136dc200a753,interfax,https://www.interfax.ru/business/1080339,2026-03-26 00:00:00,ВТБ пока не собирается открывать филиал в Иране,,,ru,RU
93fdcfb60f94,interfax,https://www.interfax.ru/business/1080345,2026-03-26 00:00:00,Общество ограниченной ответственности маркетплейсов. Репортаж,,,ru,RU
31417c14174e,interfax,https://www.interfax.ru/world/1080341,2026-03-26 00:00:00,"Хуситы предупредили, что могут вступить в конфликт на Ближнем Востоке",,,ru,RU
19adea2e46e8,interfax,https://www.interfax.ru/world/1080300,2026-03-26 00:00:00,"Глава МИД Пакистана подтвердил, что между США и Ираном идут непрямые переговоры",,,ru,RU
12fcb5e53b00,interfax,https://www.interfax.ru/world/1080342,2026-03-26 00:00:00,Оппозиция Молдавии отложила внесение вотума недоверия кабмину из-за режима ЧП,,,ru,RU
d76a6dfba86e,interfax,https://www.interfax.ru/world/1080343,2026-03-26 00:00:00,Депутат ГД счел возможным восстановление контактов между Думой и Конгрессом США,,,ru,RU
d954494efe02,interfax,https://www.interfax.ru/world/1080346,2026-03-26 00:00:00,Канада ввела дополнительные санкции против связанных с Россией судов,,,ru,RU
01251b7871ee,interfax,https://www.interfax.ru/business/1080326,2026-03-26 00:00:00,"Чистая прибыль РЖД по МСФО в 2025 году упала в 22 раза, до 2,3 млрд рублей",,,ru,RU
0d0c9f48aa0b,interfax,https://www.interfax.ru/world/1080347,2026-03-26 00:00:00,Оппозиция обвинила президента Молдавии во втягивании страны в военный конфликт с РФ,,,ru,RU
9ba6e89bce17,interfax,https://www.interfax.ru/world/1080348,2026-03-26 00:00:00,Второе слушание в отношении Мадуро и его супруги началось в Нью-Йорке,,,ru,RU
9b1da92317bd,interfax,https://www.interfax.ru/world/1080340,2026-03-26 00:00:00,"Трамп заявил, что не сильно желает заключать соглашение с Ираном",,,ru,RU
d82e8425db23,interfax,https://www.interfax.ru/business/1080323,2026-03-26 00:00:00,"Минфин предложил продлить паузу в операциях на рынке по бюджетному правилу ""до выяснения ситуации""",,,ru,RU
bad56fae1cbf,interfax,https://www.interfax.ru/world/1080314,2026-03-26 00:00:00,"Землетрясение магнитудой 6,2 произошло у восточных берегов Японии",,,ru,RU
d468bd9fe114,interfax,https://www.interfax.ru/world/1080349,2026-03-26 00:00:00,Филиппины объявили чрезвычайное положение из-за нехватки энергоресурсов,,,ru,RU
5a271c54781e,interfax,https://www.interfax.ru/world/1080301,2026-03-26 00:00:00,"Суд ЕС отклонил апелляции российских бизнесменов, добивавшихся отмены санкций",,,ru,RU
746b9f8327fe,interfax,https://www.interfax.ru/business/1080299,2026-03-26 00:00:00,Дюков сообщил о диалоге с Минфином по стимулированию бурения и топливному демпферу,,,ru,RU
f0f271de835c,interfax,https://www.interfax.ru/business/1080303,2026-03-26 00:00:00,Pony AI завершила IV квартал с чистой прибылью,,,ru,RU
d839a1266977,interfax,https://www.interfax.ru/business/1080302,2026-03-26 00:00:00,РСПП предложил внедрить балльную оценку локализации во все сферы промышленности,,,ru,RU
1cadd4f6c9a5,interfax,https://www.interfax.ru/business/1080304,2026-03-26 00:00:00,В Думе предложили штрафовать за майнинг криптовалюты в реестровых дата-центрах,,,ru,RU
f5eadae343e9,interfax,https://www.interfax.ru/moscow/1080306,2026-03-26 00:00:00,"Число сбитых за четверг БПЛА, летевших на Москву, выросло до 30",,,ru,RU
ab22745b1962,interfax,https://www.interfax.ru/business/1080309,2026-03-26 00:00:00,"Средний размер бонусов на Уолл-стрит вырос в 2025 г. до рекордных $246,9 тыс.",,,ru,RU
8a56379c115a,interfax,https://www.interfax.ru/world/1080321,2026-03-26 00:00:00,"Уиткофф видит шанс на соглашение с Ираном, если его власти объективно оценят ситуацию",,,ru,RU
44054c51f4c7,interfax,https://www.interfax.ru/world/1080308,2026-03-26 00:00:00,Малайзийским судам разрешили проход через Ормузский пролив,,,ru,RU
a159ffb302dc,interfax,https://www.interfax.ru/world/1080311,2026-03-26 00:00:00,В Иране сообщили о передаче ответа на мирный план США через посредников,,,ru,RU
7aa9d5c483fb,interfax,https://www.interfax.ru/moscow/1080312,2026-03-26 00:00:00,"Посетителей ""ГЭС-2"" в Москве эвакуируют",,,ru,RU
3eafd51f29d4,interfax,https://www.interfax.ru/world/1080313,2026-03-26 00:00:00,США опровергли обвинения в нацеливании на иракские силы безопасности,,,ru,RU
77fdd1e775d3,interfax,https://www.interfax.ru/world/1080315,2026-03-26 00:00:00,Прибывшие в США российские депутаты начали переговоры с Конгрессом,,,ru,RU
b03186dbf6a7,interfax,https://www.interfax.ru/world/1080317,2026-03-26 00:00:00,"Трамп заявил, что США закладывали на операцию в Иране от 4 до 6 недель",,,ru,RU
d3049c1547b0,interfax,https://www.interfax.ru/world/1080318,2026-03-26 00:00:00,США закрыли район в Атлантике из-за возможного испытания гиперзвуковой ракеты,,,ru,RU
a90ea809dbdf,interfax,https://www.interfax.ru/world/1080316,2026-03-26 00:00:00,S&P Global Ratings ухудшило прогноз роста ВВП еврозоны и Великобритании до 1% в 2026 году,,,ru,RU
3298214b4623,interfax,https://www.interfax.ru/world/1080307,2026-03-26 00:00:00,WP сообщила об опасениях стран Персидского залива об окончании войны на условиях Ирана,,,ru,RU
89b75b661f58,interfax,https://www.interfax.ru/business/1080350,2026-03-26 00:00:00,РФ обсудила со Шри-Ланкой рост поставок энергоресурсов,,,ru,RU
1b17162e7769,interfax,https://www.interfax.ru/russia/1080362,2026-03-26 00:00:00,"Кабмин РФ запустил отбор особо значимых ИТ-проектов, претендующих на гранты",,,ru,RU
b4121b730312,interfax,https://www.interfax.ru/business/1080352,2026-03-26 00:00:00,"ЦБ заявил, что акции уходили в минус после некоторых IPO в 2024-25 гг. из-за изначально завышенных оценок",,,ru,RU
7397c82b95b1,interfax,https://www.interfax.ru/world/1080351,2026-03-26 00:00:00,Сын Мадуро назвал судебные слушания в отношении отца противоправными,,,ru,RU
a078418028cf,interfax,https://www.interfax.ru/world/1080373,2026-03-26 00:00:00,Вашингтон стремится добиться согласия Киева на реализацию договоренностей Анкориджа,,,ru,RU
32cadb8e1cc0,interfax,https://www.interfax.ru/world/1080369,2026-03-26 00:00:00,Лавров отверг обвинения России в помощи Ирану разведданными,,,ru,RU
987d4cdc7342,interfax,https://www.interfax.ru/world/1080365,2026-03-26 00:00:00,Франция провела переговоры с 35 странами по обеспечению безопасности в Ормузском проливе,,,ru,RU
bebbfe357dbe,interfax,https://www.interfax.ru/world/1080360,2026-03-26 00:00:00,Турция ведет переговоры о проходе 14 судов через Ормузский пролив,,,ru,RU
ef73e64ed592,interfax,https://www.interfax.ru/russia/1080371,2026-03-26 00:00:00,"Падение частей ракеты-носителя ""Союз-2"" ожидают в трех районах Коми",,,ru,RU
42ba2c897aab,interfax,https://www.interfax.ru/world/1080358,2026-03-26 00:00:00,"Депутат Думы заявил, что в Конгрессе США могут создать ""русский кокус""",,,ru,RU
62c223fc8c14,interfax,https://www.interfax.ru/world/1080357,2026-03-26 00:00:00,Израиль оценивает операцию против Ирана как успешную даже при ее немедленном прекращении,,,ru,RU
464f4b1dbcc9,interfax,https://www.interfax.ru/world/1080356,2026-03-26 00:00:00,Второе слушание в отношении Мадуро и его супруги завершилось в суде Нью-Йорка,,,ru,RU
2e4fcd2cb2e7,interfax,https://www.interfax.ru/moscow/1080355,2026-03-26 00:00:00,"Полиция задержала подростка, который поджег банкомат на юго-западе Москвы",,,ru,RU
4029e26d9751,interfax,https://www.interfax.ru/world/1080354,2026-03-26 00:00:00,Российские депутаты пригласили американских конгрессменов в РФ на День Победы,,,ru,RU
d27b64e7def8,interfax,https://www.interfax.ru/world/1080359,2026-03-26 00:00:00,"Рубио утверждает, что в переговорах с Ираном наметился прогресс",,,ru,RU
3074804df77e,interfax,https://www.interfax.ru/moscow/1080553,2026-03-27 00:00:00,В Коломне утвержден предмет охраны еще двух башен и крепостных стен кремля,,,ru,RU
c7fd4d79f69f,interfax,https://www.interfax.ru/world/1080548,2026-03-27 00:00:00,Металлургический завод иранской Mobarakeh Steel пострадал от израильских ударов,,,ru,RU
883aa366a734,interfax,https://www.interfax.ru/moscow/1080547,2026-03-27 00:00:00,На Ленинградском вокзале в Москве откроют пять залов ожидания,,,ru,RU
c953f0f07619,interfax,https://www.interfax.ru/russia/1080551,2026-03-27 00:00:00,"Володин зарегистрирован кандидатом для участия в предварительном голосовании ""Единой России""",,,ru,RU
4cb95e162e69,interfax,https://www.interfax.ru/world/1080549,2026-03-27 00:00:00,"Апелляция в США освободила Аргентину от выплаты $16,1 млрд акционерам национализированной YPF",,,ru,RU
dc38986c77c9,interfax,https://www.interfax.ru/world/1080550,2026-03-27 00:00:00,Минск готов обсуждать с Литвой проблемные вопросы без предварительных условий,,,ru,RU
3642a11d442d,interfax,https://www.interfax.ru/russia/1080552,2026-03-27 00:00:00,В Петербурге в ДТП с автобусом и электросамокатом пострадали четверо,,,ru,RU
e7031c8588f6,interfax,https://www.interfax.ru/business/1080554,2026-03-27 00:00:00,Российский рынок акций завершил пятницу откатом ниже 2800 пунктов по индексу МосБиржи,,,ru,RU
bb9d057c73ae,interfax,https://www.interfax.ru/russia/1080561,2026-03-27 00:00:00,Замглавы МИД РФ обсудил с арабскими дипломатами проект резолюции СБ ООН об Ормузском проливе,,,ru,RU
98a2fff47d9b,interfax,https://www.interfax.ru/business/1080556,2026-03-27 00:00:00,"Рубль на ""Мосбирже"" подешевел к юаню перед выходными",,,ru,RU
116a7aeeb57c,interfax,https://www.interfax.ru/world/1080557,2026-03-27 00:00:00,США и Израилю пока не удалось добиться кардинального сокращения иранских ракетных атак,,,ru,RU
9abb4f6a8700,interfax,https://www.interfax.ru/business/1080559,2026-03-27 00:00:00,Источники узнали о планах ввести с 1 апреля запрет на экспорт бензина из РФ для производителей,,,ru,RU
15ca35f96647,interfax,https://www.interfax.ru/world/1080562,2026-03-27 00:00:00,В Иране заявили об ударе по производству уранового концентрата в Ардакане,,,ru,RU
6c08371f65ca,interfax,https://www.interfax.ru/russia/1080546,2026-03-27 00:00:00,ФАС начала проверку по следам публикаций о подорожании моторных масел,,,ru,RU
1acd50d531df,interfax,https://www.interfax.ru/business/1080564,2026-03-27 00:00:00,Brent пробила отметку в $112 за баррель на сигналах эскалации на Ближнем Востоке,,,ru,RU
9c57c13721d2,interfax,https://www.interfax.ru/world/1080565,2026-03-27 00:00:00,"КСИР призвал эвакуироваться сотрудников предприятий, связанных с США и Израилем",,,ru,RU
14e37cc39321,interfax,https://www.interfax.ru/world/1080567,2026-03-27 00:00:00,"Рубио заявил, что война в Иране вскоре завершится",,,ru,RU
5341048d885b,interfax,https://www.interfax.ru/world/1080555,2026-03-27 00:00:00,"В Иране заявили, что США и Израиль атаковали ядерный объект в Араке",,,ru,RU
b23ad1ed238e,interfax,https://www.interfax.ru/russia/1080545,2026-03-27 00:00:00,В Белгородской области три человека получили сроки за поджоги на железной дороге,,,ru,RU
efe3be8bd74e,interfax,https://www.interfax.ru/world/1080538,2026-03-27 00:00:00,Иран выпустил по Саудовской Аравии шесть баллистических ракет,,,ru,RU
4c478250ca1e,interfax,https://www.interfax.ru/world/1080543,2026-03-27 00:00:00,Экс-глава Внешэкономбанка Дмитриев исключен из SDN List,,,ru,RU
6367d1bdaf60,interfax,https://www.interfax.ru/world/1080516,2026-03-27 00:00:00,Минобороны Индии одобрило покупку у РФ еще пяти полковых комплектов ЗРС С-400,,,ru,RU
32cbfb3ff5a8,interfax,https://www.interfax.ru/russia/1080522,2026-03-27 00:00:00,Атаки БПЛА в порту Усть-Луга не повлияли на поставки казахстанской нефти,,,ru,RU
096b29e68419,interfax,https://www.interfax.ru/russia/1080523,2026-03-27 00:00:00,Роспотребнадзор примет меры в случае ухудшения состояния морской воды в Анапе,,,ru,RU
45f11052970d,interfax,https://www.interfax.ru/world/1080525,2026-03-27 00:00:00,Президент Кубы заявил об исчезновении двух мексиканских судов с гуманитарной помощью,,,ru,RU
5f690de680b8,interfax,https://www.interfax.ru/world/1080526,2026-03-27 00:00:00,"Норвегия намерена увеличить оборонные расходы к 2035 году до 3,5% ВВП",,,ru,RU
6dcd61892459,interfax,https://www.interfax.ru/russia/1080529,2026-03-27 00:00:00,"Минюст признал иноагентом получившего ""Оскара"" Павла Таланкина",,,ru,RU
f4bc3098f8f6,interfax,https://www.interfax.ru/world/1080530,2026-03-27 00:00:00,Хуситы обещают вмешаться в конфликт на Ближнем Востоке в случае наращивания ударов по Ирану,,,ru,RU
5dc0a2dbbca2,interfax,https://www.interfax.ru/world/1080531,2026-03-27 00:00:00,WP сообщила об обеспокоенности Пентагона слишком быстрым расходом ракет Tomahawk,,,ru,RU
e2d09ea3ff82,interfax,https://www.interfax.ru/russia/1080533,2026-03-27 00:00:00,Минсельхоз отметил высокие темпы сева яровых этой весной,,,ru,RU
a74f16b1784c,interfax,https://www.interfax.ru/world/1080527,2026-03-27 00:00:00,"В ЕК указали на ""глубокую неопределенность"" экономики ЕС из-за ближневосточного кризиса",,,ru,RU
4ba9d5f527e9,interfax,https://www.interfax.ru/world/1080532,2026-03-27 00:00:00,"В Белом доме подозревают, что Израиль хочет дискредитировать вице-президента США",,,ru,RU
b13551bcef33,interfax,https://www.interfax.ru/business/1080534,2026-03-27 00:00:00,SoftBank получила бридж-кредит на $40 млрд для финансирования инвестиций в OpenAI,,,ru,RU
5ca115d19bf3,interfax,https://www.interfax.ru/world/1080535,2026-03-27 00:00:00,Еврокомиссия представит налоговые меры для смягчения роста цен на энергоносители,,,ru,RU
f164f779b587,interfax,https://www.interfax.ru/world/1080537,2026-03-27 00:00:00,Apple планирует интегрировать Siri с другими чат-ботами в дополнение к ChatGPT,,,ru,RU
7820d0e32b37,interfax,https://www.interfax.ru/world/1080568,2026-03-27 00:00:00,"Пентагон подтвердил, что в войне с Ираном были ранены 303 американских военных",,,ru,RU
0a994c8df403,interfax,https://www.interfax.ru/world/1080539,2026-03-27 00:00:00,"""Хезболла"" сообщила о столкновениях ВС Израиля в двух ливанских деревнях",,,ru,RU
4fa8c7ea155e,interfax,https://www.interfax.ru/russia/1080542,2026-03-27 00:00:00,Замсекретаря Совбеза России обсудил с иностранными дипломатами конфликт на Ближнем Востоке,,,ru,RU
e4e3b3f71ef7,interfax,https://www.interfax.ru/world/1080544,2026-03-27 00:00:00,Рубио заверил партнеров по G7 в завершении операции против Ирана через несколько недель,,,ru,RU
12ba3e6bf2fe,interfax,https://www.interfax.ru/russia/1080570,2026-03-27 00:00:00,Новак поручил Минэнерго подготовить документ о запрете экспорта бензина с 1 апреля,,,ru,RU
e819b282c1a5,interfax,https://www.interfax.ru/world/1080541,2026-03-27 00:00:00,ПВО ОАЭ перехватила шесть иранских баллистических ракет,,,ru,RU
794f69a0de8d,interfax,https://www.interfax.ru/world/1080571,2026-03-27 00:00:00,Гарантии безопасности США Киеву не связаны с уходом украинских военных из Донбасса,,,ru,RU
87b8c68e02d7,interfax,https://www.interfax.ru/russia/1080590,2026-03-27 00:00:00,Приостановили работу аэропорт Пензы и московский Внуково,,,ru,RU
05fc2a972ab4,interfax,https://www.interfax.ru/russia/1080588,2026-03-27 00:00:00,Вечером в пятницу над регионами РФ нейтрализовано 52 украинских БПЛА,,,ru,RU
30722e667039,interfax,https://www.interfax.ru/world/1080587,2026-03-27 00:00:00,"США уверяют союзников, что не начнут наземную операцию в Иране в скором времени",,,ru,RU
e821fc97f6ff,interfax,https://www.interfax.ru/world/1080586,2026-03-27 00:00:00,"Рубио заявил, что пришло время для изменений в политической модели Кубы",,,ru,RU
65b4a601e8f8,interfax,https://www.interfax.ru/world/1080585,2026-03-27 00:00:00,"Глава МИД Ирана заявил, что удары Израиля противоречат обещаниям Трампа",,,ru,RU
e211e6674688,interfax,https://www.interfax.ru/russia/1080584,2026-03-27 00:00:00,"Брянский губернатор сообщил о пострадавшем после обстрела из ""Града""",,,ru,RU
dcb2e6dff302,interfax,https://www.interfax.ru/world/1080569,2026-03-27 00:00:00,"США пока не отменяют продажу вооружений, предназначенных Киеву",,,ru,RU
d6dba7d96ed2,interfax,https://www.interfax.ru/world/1080581,2026-03-27 00:00:00,"Рубио заявил, что США ждут ответа Ирана на предложение о завершении конфликта",,,ru,RU
77af3213b358,interfax,https://www.interfax.ru/world/1080578,2026-03-27 00:00:00,США предупредили Европу о возможных проблемах с поставками оружия для Украины,,,ru,RU
50b8ee2298ed,interfax,https://www.interfax.ru/world/1080577,2026-03-27 00:00:00,Аракчи обсудил с Лавровым ситуацию с Ормузским проливом,,,ru,RU
9c93947c5dfe,interfax,https://www.interfax.ru/world/1080575,2026-03-27 00:00:00,"Рубио заявил, что ядерные державы США и Россия должны вести диалог",,,ru,RU
82007d50d367,interfax,https://www.interfax.ru/russia/1080574,2026-03-27 00:00:00,Минобороны сообщило о нейтрализации 18 БПЛА днем в пятницу,,,ru,RU
0b6e97c59104,interfax,https://www.interfax.ru/world/1080573,2026-03-27 00:00:00,США готовы обеспечивать судоходство в Ормузском проливе наряду с другими странами,,,ru,RU
b37a58f4fd8b,interfax,https://www.interfax.ru/world/1080582,2026-03-27 00:00:00,США после войны с Ираном будут ждать помощи от G7 с охраной Ормузского пролива,,,ru,RU
aaecd9bd201b,interfax,https://www.interfax.ru/russia/1080649,2026-03-28 00:00:00,Женщина погибла от удара дрона по автомобилю в Запорожской области,,,ru,RU
3ec4ad9b21ea,interfax,https://www.interfax.ru/world/1080651,2026-03-28 00:00:00,Иран нанес удары по украинскому складу систем противодействия беспилотникам в ОАЭ,,,ru,RU
dbb2b3525304,interfax,https://www.interfax.ru/russia/1080652,2026-03-28 00:00:00,Один человек погиб в Херсонской области при обстреле ВСУ,,,ru,RU
2540f4ddae1c,interfax,https://www.interfax.ru/russia/1080653,2026-03-28 00:00:00,"В Махачкале, Дербенте и Хасавюрте возникли перебои с водоснабжением",,,ru,RU
6588ae2250e0,interfax,https://www.interfax.ru/russia/1080654,2026-03-28 00:00:00,Свыше 320 тыс. человек остаются без света в Дагестане из-за непогоды,,,ru,RU
d548188881a9,interfax,https://www.interfax.ru/russia/1080655,2026-03-28 00:00:00,В МИД РФ призвали прекратить атаки на мирные атомные объекты в Иране,,,ru,RU
1492cf01776b,interfax,https://www.interfax.ru/russia/1080656,2026-03-28 00:00:00,Имущество экс-главы Вологды Шулепова обратят в доход государства,,,ru,RU
7dc9061e7a3f,interfax,https://www.interfax.ru/world/1080657,2026-03-28 00:00:00,"Лихачев сообщил, что ситуация на АЭС ""Бушер"" в Иране продолжает ухудшаться",,,ru,RU
7eae447368a0,interfax,https://www.interfax.ru/world/1080660,2026-03-28 00:00:00,"Лихачев сообщил о возвращении всех 163 сотрудников АЭС ""Бушер"" в Россию",,,ru,RU
313567b1a417,interfax,https://www.interfax.ru/world/1080659,2026-03-28 00:00:00,"Несколько десятков человек останутся на АЭС ""Бушер"" обеспечивать сохранность и работу оборудования",,,ru,RU
36856c2ac4cc,interfax,https://www.interfax.ru/russia/1080662,2026-03-28 00:00:00,Замглавы администрации Сочи арестован по делу о злоупотреблении полномочиями,,,ru,RU
3530c708cbe1,interfax,https://www.interfax.ru/russia/1080663,2026-03-28 00:00:00,РЖД скорректирует движение поездов из-за непогоды в Дагестане,,,ru,RU
505c48b3bf41,interfax,https://www.interfax.ru/world/1080665,2026-03-28 00:00:00,Моди обсудил с наследным принцем Саудовской Аравии необходимость обеспечения свободы судоходства,,,ru,RU
72b645644895,interfax,https://www.interfax.ru/russia/1080648,2026-03-28 00:00:00,Стартовый стол для ракет легкого класса появится на космодроме Восточном в этом году,,,ru,RU
a006ddd1c536,interfax,https://www.interfax.ru/russia/1080666,2026-03-28 00:00:00,Ливни привели к перебоям электро- и водоснабжения трех городов Ингушетии,,,ru,RU
3231f17e9373,interfax,https://www.interfax.ru/russia/1080667,2026-03-28 00:00:00,Суд в Туле рассмотрит дело о нападении подростков на местных жителей,,,ru,RU
5c72056f4b3d,interfax,https://www.interfax.ru/world/1080658,2026-03-28 00:00:00,Работа порта в Омане приостановлена после удара беспилотника,,,ru,RU
89dbee50f9a8,interfax,https://www.interfax.ru/business/1080647,2026-03-28 00:00:00,"Экс-глава ""Связьинвеста"" Юрченко допустил возможность наращивания доли в ВТБ до 10%",,,ru,RU
7711f625580a,interfax,https://www.interfax.ru/russia/1080638,2026-03-28 00:00:00,Задержан замглавы Челябинска Астахов,,,ru,RU
bedbf67d75d0,interfax,https://www.interfax.ru/russia/1080645,2026-03-28 00:00:00,"Военные РФ поразили в течение суток четыре ракеты ""Фламинго"" и 385 беспилотников ВСУ",,,ru,RU
7f978a52021d,interfax,https://www.interfax.ru/world/1080622,2026-03-28 00:00:00,"Axios сообщил, что у Рубио и Каллас состоялся эмоциональный обмен мнениями по Украине",,,ru,RU
512299166b25,interfax,https://www.interfax.ru/russia/1080624,2026-03-28 00:00:00,"Генштаб сообщил, что задание на призыв в ВС РФ выполнено в полном объеме",,,ru,RU
1ce98f469fc3,interfax,https://www.interfax.ru/russia/1080625,2026-03-28 00:00:00,"Ряд улиц, домов и подстанций подтоплены в Дагестане из-за ливней",,,ru,RU
28981346b5c7,interfax,https://www.interfax.ru/russia/1080626,2026-03-28 00:00:00,"В Генштабе заявили, что отправка призывников в войска осуществляется, как и ранее, два раз в год",,,ru,RU
f2fc925f3922,interfax,https://www.interfax.ru/russia/1080628,2026-03-28 00:00:00,Генштаб сообщил об использовании единого реестра и электронных повесток в ходе призыва,,,ru,RU
22c1dd8b03d4,interfax,https://www.interfax.ru/russia/1080629,2026-03-28 00:00:00,Кабмин выделил 340 млн руб. на поддержку жителей Белгородской и Курской областей,,,ru,RU
d7e23ed590df,interfax,https://www.interfax.ru/russia/1080630,2026-03-28 00:00:00,"Генштаб ВС РФ напомнил, что призывников в зону СВО направлять не будут",,,ru,RU
bff031d25f6f,interfax,https://www.interfax.ru/russia/1080631,2026-03-28 00:00:00,Выслужившие установленные сроки службы по призыву военнослужащие РФ будут уволены в запас своевременно,,,ru,RU
3ea273cfb22b,interfax,https://www.interfax.ru/russia/1080646,2026-03-28 00:00:00,Российские военные заявили об уничтожении автономного подводного аппарата ВСУ,,,ru,RU
785386808be1,interfax,https://www.interfax.ru/world/1080632,2026-03-28 00:00:00,Хуситы взяли на себя ответственность за ракетный удар по Израилю,,,ru,RU
77f699e55936,interfax,https://www.interfax.ru/russia/1080635,2026-03-28 00:00:00,Сильные дожди привели к размыву берегов на двух реках в Дагестане,,,ru,RU
a35817c7ac2e,interfax,https://www.interfax.ru/russia/1080634,2026-03-28 00:00:00,Паводок начался в Башкирии,,,ru,RU
1ec39ea5d0cb,interfax,https://www.interfax.ru/russia/1080636,2026-03-28 00:00:00,"Самолет ""Ютэйр"" рейсом в Самару вернулся в Екатеринбург по техническим причинам",,,ru,RU
e1207fe83d69,interfax,https://www.interfax.ru/world/1080668,2026-03-28 00:00:00,Сирия заявила об атаке беспилотников на американскую базу Ат-Танф,,,ru,RU
769e6eafc814,interfax,https://www.interfax.ru/world/1080639,2026-03-28 00:00:00,Число пострадавших от удара Ирана по базе в Саудовской Аравии военных США возросло до 15,,,ru,RU
595fe3a2c102,interfax,https://www.interfax.ru/russia/1080640,2026-03-28 00:00:00,Железнодорожный мост обрушился из-за сильных дождей в Дагестане,,,ru,RU
e61b58a73377,interfax,https://www.interfax.ru/russia/1080641,2026-03-28 00:00:00,Глава департамента администрации Сочи взят под домашний арест по делу о взятке,,,ru,RU
415771a29d0d,interfax,https://www.interfax.ru/russia/1080643,2026-03-28 00:00:00,Режим ЧС ввели в Махачкале из-за непогоды,,,ru,RU
18e4f3bea25c,interfax,https://www.interfax.ru/world/1080633,2026-03-28 00:00:00,Крупный выброс плазмы происходит на Солнце,,,ru,RU
15a014409558,interfax,https://www.interfax.ru/world/1080669,2026-03-28 00:00:00,США задействовали стратегические стелс-бомбардировщики B-2A для ударов по Ирану,,,ru,RU
63971f46c3e6,interfax,https://www.interfax.ru/russia/1080678,2026-03-28 00:00:00,"Меликов отметил, что проблемы с водоотведением в Дагестане осложнены незаконной застройкой",,,ru,RU
f7f2ccabf70f,interfax,https://www.interfax.ru/russia/1080672,2026-03-28 00:00:00,Приостановлено портовое производство в Дагестане из-за непогоды,,,ru,RU
8ca26a65cf26,interfax,https://www.interfax.ru/russia/1080691,2026-03-28 00:00:00,В Дагестане восстановлено электроснабжение более чем у половины пострадавших от дождей абонентов,,,ru,RU
f42771af79c9,interfax,https://www.interfax.ru/world/1080690,2026-03-28 00:00:00,ВВС США увеличили число стратегических бомбардировщиков в Британии до 23 единиц,,,ru,RU
c070f422ac2d,interfax,https://www.interfax.ru/world/1080688,2026-03-28 00:00:00,Иран провел седьмой за день ракетный залп по Израилю,,,ru,RU
5475b89126ed,interfax,https://www.interfax.ru/russia/1080687,2026-03-28 00:00:00,Ливни привели к разрушению пролета ж/д моста в Дагестане,,,ru,RU
705a2122ec1e,interfax,https://www.interfax.ru/world/1080671,2026-03-28 00:00:00,"В Катаре заявили, что отбили первую за неделю попытку Ирана провести атаку дронами",,,ru,RU
1d44bf930bec,interfax,https://www.interfax.ru/russia/1080685,2026-03-28 00:00:00,В дагестанском Буйнакске объявлена угроза оползней,,,ru,RU
65d95f7fefcb,interfax,https://www.interfax.ru/world/1080686,2026-03-28 00:00:00,"""Хезболла"" запустила 250 ракет и снарядов по израильским военным за последние сутки",,,ru,RU
8304d84342cb,interfax,https://www.interfax.ru/russia/1080683,2026-03-28 00:00:00,В Дагестане перекрыли движение по автодороге из-за обвала скальных пород,,,ru,RU
df4c3787ac89,interfax,https://www.interfax.ru/world/1080676,2026-03-28 00:00:00,Грузовик с 12 тоннами шоколадок KitKat украли по пути из Италии в Польшу,,,ru,RU
91b86d968212,interfax,https://www.interfax.ru/world/1080681,2026-03-28 00:00:00,Хуситы выпустили вторую за день ракету по Израилю,,,ru,RU
330044fb4e3e,interfax,https://www.interfax.ru/world/1080675,2026-03-28 00:00:00,В ОАЭ алюминиевый завод получил серьезный ущерб в результате атак Ирана,,,ru,RU
9878dfc9f5a0,interfax,https://www.interfax.ru/world/1080673,2026-03-28 00:00:00,Спасенный в Балтийском море в Германии кит вновь застрял на мелководье,,,ru,RU
dbb2a9c2b180,interfax,https://www.interfax.ru/world/1080674,2026-03-28 00:00:00,Десантный корабль ВМС США Tripoli с морской пехотой на борту прибыл на Ближний Восток,,,ru,RU
7f91e658452d,interfax,https://www.interfax.ru/russia/1080684,2026-03-28 00:00:00,Более 100 человек эвакуированы из зон подтопления в Махачкале,,,ru,RU
035334672540,interfax,https://www.interfax.ru/russia/1080746,2026-03-29 00:00:00,Отряд кораблей Тихоокеанского флота совершил заход в индонезийский порт Джакарта,,,ru,RU
afe91a0699be,interfax,https://www.interfax.ru/russia/1080745,2026-03-29 00:00:00,МЧС сообщило о подтоплении в Дагестане 39 жилых домов из-за проливных дождей,,,ru,RU
382dbe5d7fd5,interfax,https://www.interfax.ru/russia/1080738,2026-03-29 00:00:00,"Сирийские военные сообщили о перехвате нескольких БПЛА, запущенных из Ирака",,,ru,RU
fbecac8f87fb,interfax,https://www.interfax.ru/world/1080742,2026-03-29 00:00:00,Израиль нанес удары по командным центрам и складам вооружений в Тегеране,,,ru,RU
09f8620321a9,interfax,https://www.interfax.ru/world/1080741,2026-03-29 00:00:00,Отели Дубая сокращают персонал на фоне ближневосточного кризиса,,,ru,RU
7221b461c1d1,interfax,https://www.interfax.ru/business/1080768,2026-03-29 00:00:00,Дмитриев спрогнозировал энергетические локдауны в Европе и просьбы о поставках энергоресурсов РФ,,,ru,RU
fb1a4115919d,interfax,https://www.interfax.ru/russia/1080739,2026-03-29 00:00:00,Правительство РФ увеличило размер президентских грантов в области культуры и искусства,,,ru,RU
954c72854128,interfax,https://www.interfax.ru/world/1080735,2026-03-29 00:00:00,В ЦАХАЛ пообещали завершить в ближайшие дни удары по объектам военной промышленности Ирана,,,ru,RU
273070638979,interfax,https://www.interfax.ru/russia/1080736,2026-03-29 00:00:00,Режим ЧС ввели в Хасавюртовском районе Дагестана из-за непогоды,,,ru,RU
75306249648f,interfax,https://www.interfax.ru/russia/1080766,2026-03-29 00:00:00,"С утра над восемью областями, Крымом и Московским регионом нейтрализованы 27 БПЛА",,,ru,RU
debe60f99970,interfax,https://www.interfax.ru/world/1080767,2026-03-29 00:00:00,Ушаков заявил о необходимости прекратить бомбить Иран,,,ru,RU
ded57a562630,interfax,https://www.interfax.ru/russia/1080747,2026-03-29 00:00:00,Один человек погиб в ДТП с пассажирским микроавтобусом в Челябинской области,,,ru,RU
906136df3aa0,interfax,https://www.interfax.ru/russia/1080740,2026-03-29 00:00:00,Вице-мэр Челябинска Астахов арестован на 2 месяца по обвинению в коррупции,,,ru,RU
3ca4997cfdbd,interfax,https://www.interfax.ru/russia/1080748,2026-03-29 00:00:00,"Аэропорт ""Пулково"" из-за ограничений работает только на прием самолетов",,,ru,RU
2fd842e0ab1a,interfax,https://www.interfax.ru/russia/1080757,2026-03-29 00:00:00,"Подразделения группировки ""Восток"" продвигаются вглубь обороны ВСУ",,,ru,RU
75db4a6fddaf,interfax,https://www.interfax.ru/russia/1080750,2026-03-29 00:00:00,Два человека ранены при атаке дронов ВСУ на брянское село Курковичи,,,ru,RU
c641d9b62916,interfax,https://www.interfax.ru/world/1080752,2026-03-29 00:00:00,WSJ узнала о серьезном повреждении самолета США из-за атаки Ирана на саудовскую базу,,,ru,RU
00c2f874ff21,interfax,https://www.interfax.ru/russia/1080753,2026-03-29 00:00:00,Военные РФ взяли под контроль населённый пункт Ковшаровка Харьковской области,,,ru,RU
64acf7dc0e16,interfax,https://www.interfax.ru/russia/1080755,2026-03-29 00:00:00,Военные РФ нанесли удары по аэродромам ВСУ,,,ru,RU
3f450b5fb823,interfax,https://www.interfax.ru/russia/1080758,2026-03-29 00:00:00,"Электроснабжение вернули 70% потребителей в Дагестане, обесточенных из-за непогоды",,,ru,RU
b1527b3bcecd,interfax,https://www.interfax.ru/russia/1080759,2026-03-29 00:00:00,Движение пригородных поездов восстановлено в Дагестане,,,ru,RU
fc51c36ef613,interfax,https://www.interfax.ru/world/1080760,2026-03-29 00:00:00,Две группы стратегических бомбардировщиков ВВС США совершили новый налет на Иран,,,ru,RU
c692ec9ac174,interfax,https://www.interfax.ru/russia/1080761,2026-03-29 00:00:00,В аэропортах Санкт-Петербурга и Пскова сняли ограничения на прием и выпуск рейсов,,,ru,RU
832434c77548,interfax,https://www.interfax.ru/russia/1080762,2026-03-29 00:00:00,Ограничения на авиамаршрутах в направлении Калининграда сняты,,,ru,RU
f07c2e430619,interfax,https://www.interfax.ru/world/1080763,2026-03-29 00:00:00,ЦАХАЛ назвал оружейные заводы и ядерные объекты Ирана приоритетными целями для ударов,,,ru,RU
59e3869b27af,interfax,https://www.interfax.ru/russia/1080764,2026-03-29 00:00:00,Жители 30 районов и четырех городов Дагестана остаются без энергоснабжения из-за непогоды,,,ru,RU
8383dd3eaa04,interfax,https://www.interfax.ru/russia/1080765,2026-03-29 00:00:00,В Кремле призвали Вашингтон воспользоваться своими рычагами влияния на Киев,,,ru,RU
ca485432a2ba,interfax,https://www.interfax.ru/russia/1080769,2026-03-29 00:00:00,Режим ЧС введен в Чечне из-за непогоды,,,ru,RU
3be4ebfbcbad,interfax,https://www.interfax.ru/world/1080749,2026-03-29 00:00:00,"В Иране заявили, что США под прикрытием предложений о переговорах готовят наземную операцию",,,ru,RU
17186476eb3b,interfax,https://www.interfax.ru/world/1080770,2026-03-29 00:00:00,"WP сообщила, что США и Израиль нанесли урон четырем основным объектам по производству ракет в Иране",,,ru,RU
3e95406cac3e,interfax,https://www.interfax.ru/world/1080733,2026-03-29 00:00:00,"NYT сообщила, что с прибытием морпехов США на Ближний Восток могут начаться операции в Ормузском проливе",,,ru,RU
d1efffe8d082,interfax,https://www.interfax.ru/russia/1080773,2026-03-29 00:00:00,Два человека погибли при столкновении машины и поезда в Рязанской области,,,ru,RU
b75517ce0fdb,interfax,https://www.interfax.ru/moscow/1080774,2026-03-29 00:00:00,В Москве арестованы 22 человека по делу об организации подпольных онлайн-казино,,,ru,RU
297108a7d505,interfax,https://www.interfax.ru/russia/1080775,2026-03-29 00:00:00,Сельхозугодья пострадали от подтоплений в Дагестане,,,ru,RU
fead4fa65929,interfax,https://www.interfax.ru/russia/1080777,2026-03-29 00:00:00,"Более 3,3 тыс. человек эвакуировано из зон подтопления в Дагестане",,,ru,RU
91efa29b054a,interfax,https://www.interfax.ru/world/1080734,2026-03-29 00:00:00,Израильские военные провели разведывательный рейд из Сирии в Ливан,,,ru,RU
0ee5a65c9a6e,interfax,https://www.interfax.ru/russia/1080772,2026-03-29 00:00:00,"У Путина на неделе намечены как очные, так и телефонные международные контакты",,,ru,RU
11212b0ea2f3,interfax,https://www.interfax.ru/world/1080778,2026-03-29 12:07:00,"В иранском командовании пообещали, что вторжение США в Иран закончится провалом","США в случае начала наземных операций в Иране ждет поражение, заявил в воскресенье представитель центрального штаба ВС Ирана ""Хатам аль-Анбия"" генерал-лейтенант Эбрахим Зольфагари.""У агрессии и оккупации не будет другого исхода, кроме как постыдного пленения, распада и исчезновения напавших"", - приводит Press TV его слова.",В мире,ru,RU
57132faa5994,interfax,https://www.sport-interfax.ru/1080779,2026-03-29 12:15:00,Большунов и Пеклецова выиграли гонки на 10 км в финале Кубка России,Александр Большунов и Алина Пеклецова одержали победы в гонках с раздельным стартом на 10 км свободным стилем в рамках финала Кубка России по лыжным гонкам в Апатитах (Мурманская область).,Спорт,ru,RU
1071676dcac8,interfax,https://www.interfax.ru/world/1080780,2026-03-29 12:20:00,Еще два индийских танкера смогли миновать Ормузский пролив,"В министерстве нефти и природного газа Индии сообщили, что еще два индийских танкера благополучно прошли Ормузский пролив и теперь направляются в Индию, сообщает в воскресенье агентство ANI.",В мире,ru,RU
9cbd6b5dffe3,interfax,https://www.interfax.ru/world/1080782,2026-03-29 12:30:00,Обломки беспилотника обнаружены в Атырауской области Казахстана,"В Атырауской области (на западе Казахстана) обнаружены обломки беспилотного летательного аппарата, уполномоченные органы проводят проверку, сообщила пресс-служба областной полиции.""Департамент полиции Атырауской области совместно с уполномоченными службами проводит проверочные мероприятия по факту обнаружения предметов, похожих на фрагменты от беспилотного летательного аппарата"", - говорится в распространенном в воскресенье сообщении.",В мире,ru,RU
c68d8fd77b3c,interfax,https://www.interfax.ru/world/1080781,2026-03-29 12:32:00,"Премьер Финляндии заявил, что сбитые близ границы с РФ дроны могли быть украинскими","Премьер-министр Финляндии Петтери Орпо не исключает, что сбитые близ границы с Россией беспилотники были украинскими.""Это территориальное нарушение - очень серьезное дело.",В мире,ru,RU
89a6f6587d40,interfax,https://www.interfax.ru/world/1080783,2026-03-29 12:43:00,"В ОАЭ заявили, что решение кризиса вокруг Ирана должно включать гарантии безопасности и компенсации","Любое политическое решение кризиса вокруг Ирана нельзя оставлять без гарантий того, чтобы атак не было, и без выплат Тегераном за причиненный им ущерб, заявил в воскресенье советник президента ОАЭ Анвар Гаргаш.""Любое политическое решение в отношении иранской агрессии против стран Персидского залива должно предусматривать ясные гарантии для предотвращения нарушений соглашения, поддержку принципа отказа от агрессии, обязательные компенсации Ираном за удары по гражданским и жизненно важным объектам, а также по мирным жителям"", - приводит его слова телеканал Al Arabiya.",В мире,ru,RU
b10f9b6dddf2,interfax,https://www.interfax.ru/russia/1080785,2026-03-29 12:53:00,Режим ЧС введен в дагестанском Буйнакске из-за непогоды,"Власти Буйнакска (Дагестан) приняли решение о введении режима ЧС из-за непогоды, вызвавшей подтопления, сообщает в воскресенье администрация города в своем канале в Max.""На заседании оперштаба принято решении о введении с 29 марта на территории города Буйнакска режима чрезвычайной ситуации"", - говорится в сообщении.",В России,ru,RU
635f812962ab,interfax,https://www.interfax.ru/russia/1080784,2026-03-29 13:02:00,"Более 1,8 тыс. домов подтоплено в Чечне из-за непогоды","Свыше 1,8 тыс. домов и придворовых территорий подтоплено, размыты дороги, повреждены мосты в результате непогоды в Чечне, сообщает пресс-служба ГУ МЧС России по республике.""Подтоплено 1 817 домов и придворовых территорий в 18 населенных пунктах.",В России,ru,RU
e13abb83725a,interfax,https://www.interfax.ru/world/1080786,2026-03-29 13:20:00,В промзоне у города Беэр-Шева в Израиле начался сильный пожар после удара Ирана,"Крупный пожар вспыхнул в воскресенье в промышленной зоне Неот-Ховав южнее города Беэр-Шева в Израиле после удара Ирана с применением баллистических ракет, сообщает The Times of Israel.",В мире,ru,RU
d15e28e71027,interfax,https://www.interfax.ru/moscow/1080787,2026-03-29 13:30:00,В подмосковном Жуковском произошел пожар в многоквартирном доме,"Огонь охватил кровлю многоквартирного жилого дома в Жуковском (Московская область), сообщила пресс-служба подмосковного главка МЧС в воскресенье.",Москва,ru,RU
c1fde4cfa01f,interfax,https://www.interfax.ru/world/1080788,2026-03-29 13:48:00,"Накануне Ормузский пролив прошли в восточном направлении семь судов, еще три в западном","Не менее семи судов накануне покинули акваторию Персидского залива, пройдя через Ормузский пролив в Оманский залив, сообщает в воскресенье Bloomberg со ссылкой на данные мониторинговых ресурсов.",В мире,ru,RU
fdf0f77851dd,interfax,https://www.interfax.ru/russia/1080789,2026-03-29 14:12:00,В МИД РФ вызвана временная поверенная в делах Великобритании в России,"Временная поверенная в делах Великобритании в России вызвана в МИД РФ, сообщили в российском внешнеполитическом ведомстве.""На Смоленскую площадь вызвана временная поверенная Британии"", - заявили в МИД России в воскресенье.",В России,ru,RU
0bc9d7c97ba3,interfax,https://www.interfax.ru/russia/1080790,2026-03-29 14:15:00,Нарушенное из-за непогоды электроснабжение полностью восстановили в Ингушетии,"Специалисты полностью восстановили нарушенное из-за сильных дождей электроснабжение в Ингушетии, сообщает в воскресенье правительство республики в своем канале в Max.""Сильный дождь, прошедший 28 марта, вызвал локальные технологические нарушения в сетях напряжением 0,4 кВ.",В России,ru,RU
c19516933d74,interfax,https://www.sport-interfax.ru/1080791,2026-03-29 14:16:00,"""Салават Юлаев"" одержал третью победу над ""Автомобилистом"" в серии плей-офф КХЛ","Уфимский ""Салават Юлаев"" со счетом 5:2 обыграл екатеринбургский ""Автомобилист"" в четвертом матче серии первого раунда плей-офф Континентальной хоккейной лиги.",Спорт,ru,RU
c870446c548e,interfax,https://www.interfax.ru/world/1080792,2026-03-29 14:42:00,"В Иране заявили об атаке на базу в Иордании, где развернуты американские военные","Иранские военные в воскресенье объявили, что нанесли удар по авиабазе Муваффак Салти в Иордании, где размещены войска США, сообщает Al Jazeera.",В мире,ru,RU
967f7ec2dccf,interfax,https://www.interfax.ru/business/1080793,2026-03-29 15:02:00,"Bloomberg узнал, что Филиппины приобрели у России более 2,4 млн баррелей нефти","Филиппинская компания Petron Corporation закупила у РФ 2,48 млн баррелей нефти и может продолжить закупки в случае, если конфликт на Ближнем Востоке не разрешится в ближайшей перспективе, сообщает Bloomberg.""Если нынешний кризис сохранится и альтернативные пути поставок будут недоступны или иметь недостаточную пропускную способность, Petron Corporation может быть вновь вынужденной рассмотреть возможность покупать российскую нефть для пополнения запасов топлива"", - говорится в заявлении конгломерата San Miguel Corporation, которому принадлежит Petron Corporation.",Экономика,ru,RU
84883807b204,interfax,https://www.interfax.ru/russia/1080794,2026-03-29 15:23:00,В Ингушетии ликвидируют последствия сильного ливня,"Сотрудники Ингушского поисково-спасательного отряда МЧС России устраняют последствия сильных дождей, прошедших накануне на территории региона, сообщили в воскресенье ""Интерфаксу"" в ГУ МЧС по республике.""В ходе работ специалисты распиливают поваленные деревья.",В России,ru,RU
845154fac374,interfax,https://www.sport-interfax.ru/1080795,2026-03-29 15:25:00,Люк Тардиф решил не переизбираться на пост главы ИИХФ,Президент Международной федерации хоккея (ИИХФ) Люк Тардиф принял решение не баллотироваться на новый срок.,Спорт,ru,RU
a923273f5b42,interfax,https://www.sport-interfax.ru/1080797,2026-03-29 15:48:00,"""Ак Барс"" одержал третью победу над ""Трактором"" в плей-офф КХЛ","Казанский ""Ак Барс"" со счетом 3:2 обыграл челябинский ""Трактор"" в четвертом матче серии первого раунда плей-офф Континентальной хоккейной лиги.",Спорт,ru,RU
8840f0ea125d,interfax,https://www.interfax.ru/world/1080796,2026-03-29 16:01:00,"Папа римский заявил, что Бог игнорирует молитвы лидеров, ""у которых руки в крови""","Папа римский Лев XIV во время мессы на площади Святого Петра в Ватикане по случаю Вербного воскресенья заявил, что Бог игнорирует молитвы лидеров, которые развязывают войны и у которых ""руки в крови"".The Guardian отмечает, что неожиданно резкое заявление понтифика стало ответом администрации президента США Дональда Трампа.",В мире,ru,RU
e93c4d64b8a9,interfax,https://www.interfax.ru/world/1080798,2026-03-29 16:04:00,Макрон осудил запрет латинскому патриарху Иерусалима совершить мессу в Храме Гроба Господня,"Президент Франции Эммануэль Макрон осудил решение израильской полиции помешать латинскому патриарху Иерусалима кардиналу Пьербаттисте Пиццабалле войти в Храм Гроба Господня для совершения мессы в Вербное воскресенье.""Я осуждаю это решение израильской полиции, которое увеличивает тревожный рост нарушений статуса святых мест Иерусалима"", - написал он в социальной сети X.",В мире,ru,RU
3556f98c3e24,interfax,https://www.interfax.ru/russia/1080799,2026-03-29 16:12:00,Возникшее из-за атаки БПЛА возгорание в порту Усть-Луга локализовано,"Губернатор Ленинградской области Александр Дрозденко сообщил о локализации возгорания в порту Усть-Луга, возникшего в результате атаки БПЛА.""К тушению в порту привлечены дополнительные средства пожаротушения Ленобласти и Петербурга, включая два пожарных поезда"", - написал он в воскресенье в мессенджере Max.""Силы и средства ПВО находятся в боевой готовности"", - добавил губернатор.",В России,ru,RU
68e5b3ff280a,interfax,https://www.interfax.ru/world/1080800,2026-03-29 16:30:00,США перебросили на Ближний Восток дополнительно 24 боевых истребителя,"США на текущей неделе нарастили свою авиационную группировку на Ближнем Востоке, перебросив в регион дополнительно 24 боевых истребителя, следует из данных авиационного ресурса Military Air Tracking Alliance.",В мире,ru,RU
104a8abbcaaf,interfax,https://www.interfax.ru/russia/1080802,2026-03-29 16:46:00,Пожар в многоквартирном доме в Жуковском полностью потушен,"Пожарные полностью ликвидировали возгорание в многоквартирном доме в подмосковном Жуковском, сообщила пресс-служба МЧС РФ в воскресенье.",В России,ru,RU
32f3a47bbad8,interfax,https://www.sport-interfax.ru/1080803,2026-03-29 17:05:00,ЦСКА выиграл у СКА третий матч в серии плей-офф КХЛ,Хоккеисты московского ЦСКА со счетом 4:2 обыграли петербургский СКА в четвертом матче стартового раунда серии плей-офф КХЛ.,Спорт,ru,RU
