id,outlet,url,published_at,title,lead,rubric,language,country
dac28a3ba09c,lenta,https://lenta.ru/2025/12/30/,2025-12-30 00:00:00,Все рубрики,,,ru,RU
11cd78147723,lenta,https://lenta.ru/news/2025/12/30/dzhordzh-kluni-i-ego-semya-stali-grazhdanami-frantsii/,2025-12-30 00:00:00,"Джордж Клуни и его семья стали гражданами Франции01:00, 30 декабря 2025Культура",,,ru,RU
d692e935bac7,lenta,https://lenta.ru/news/2025/12/30/esche-odna-strana/,2025-12-30 00:00:00,"Еще одна страна выразила солидарность с Россией после атаки на резиденцию Путина01:31, 30 декабря 2025Мир",,,ru,RU
29a5e7fcacf8,lenta,https://lenta.ru/news/2025/12/30/foodusa/,2025-12-30 00:00:00,"«Продают почти просрочку». Россияне поражаются товарам в супермаркетах США. В чем их главное отличие от отечественных?00:01, 30 декабря 2025Путешествия",,,ru,RU
74282c881b35,lenta,https://lenta.ru/news/2025/12/30/latviya-dostroila-zabor-na-granitse-s-rossiey/,2025-12-30 00:00:00,"Латвия достроила забор на границе с Россией00:48, 30 декабря 2025Бывший СССР",,,ru,RU
d7e9b9d8efe0,lenta,https://lenta.ru/news/2025/12/30/lavrov-nazval-usloviya-dlya-prekrascheniya-boevyh-deystviy-na-ukraine/,2025-12-30 00:00:00,"Лавров назвал условия для прекращения боевых действий на Украине00:05, 30 декабря 2025Мир",,,ru,RU
580e373fb102,lenta,https://lenta.ru/news/2025/12/30/lavrov-prizval-ne-svodit-otnosheniya-rossii-i-ssha-k-ukrainskoy-problematike/,2025-12-30 00:00:00,"Лавров призвал не сводить отношения России и США к украинской проблематике00:05, 30 декабря 2025Мир",,,ru,RU
efe807eae3fc,lenta,https://lenta.ru/news/2025/12/30/lavrov-vyskazalsya-ob-otvetnyh-merah-na-zapret-es-vydavat-rossiyanam-multivizy/,2025-12-30 00:00:00,"Лавров высказался об ответных мерах на запрет ЕС выдавать россиянам мультивизы00:06, 30 декабря 2025Мир",,,ru,RU
54d615d1044e,lenta,https://lenta.ru/news/2025/12/30/lavrov-zayavil-o-meshayuschih-otnosheniyam-rossii-i-ssha-razdrazhitelyah/,2025-12-30 00:00:00,"Лавров заявил о мешающих отношениям России и США «раздражителях»00:05, 30 декабря 2025Мир",,,ru,RU
97e755f11322,lenta,https://lenta.ru/news/2025/12/30/dolinoy-nazvali-zakonnyy-srok-prebyvaniya-v-prodannoy-kvartire/,2025-12-30 00:00:00,"Долиной назвали законный срок пребывания в проданной квартире00:51, 30 декабря 2025Россия",,,ru,RU
25d97c284824,lenta,https://lenta.ru/news/2025/12/30/nazvany-preimuschestva-rossiyskogo-merlina/,2025-12-30 00:00:00,"Названы преимущества российского «Мерлина»00:35, 30 декабря 2025Наука и техника",,,ru,RU
cf9c2e35818c,lenta,https://lenta.ru/news/2025/12/30/nazvana-stoimost-pokupki-pensionnyh-ballov-v-2026-godu/,2025-12-30 00:00:00,"Названа стоимость покупки пенсионных баллов в 2026 году01:28, 30 декабря 2025Экономика",,,ru,RU
5827b151869a,lenta,https://lenta.ru/news/2025/12/30/tramp-rasskazal-o-predlozhennoy-iranu-sdelke/,2025-12-30 00:00:00,"Трамп рассказал о предложенной Ирану сделке01:41, 30 декабря 2025Мир",,,ru,RU
76c644856bf6,lenta,https://lenta.ru/news/2025/12/30/syrskiy-sdelal-priznanie-o-situatsii-na-fronte/,2025-12-30 00:00:00,"Сырский сделал признание о ситуации на фронте00:33, 30 декабря 2025Бывший СССР",,,ru,RU
5a555937e4f7,lenta,https://lenta.ru/news/2025/12/30/stal-izvesten-neochevidnyy-sposob-vyyavleniya-serdechno-sosudistyh-riskov/,2025-12-30 00:00:00,"Стал известен неочевидный способ выявления сердечно-сосудистых рисков02:00, 30 декабря 2025Наука и техника",,,ru,RU
9ea430e9848a,lenta,https://lenta.ru/news/2025/12/30/raskryty-neochevidnye-prichiny-narusheniya-sna/,2025-12-30 00:00:00,"Раскрыты неочевидные причины нарушения сна01:00, 30 декабря 2025Забота о себе",,,ru,RU
11c0d8337e96,lenta,https://lenta.ru/news/2025/12/30/tramp-otsenil-vozmozhnost-novyh-udarov-po-iranu/,2025-12-30 00:00:00,"Трамп оценил возможность новых ударов по Ирану01:24, 30 декабря 2025Мир",,,ru,RU
5da0be456a5b,lenta,https://lenta.ru/news/2025/12/30/politolog-ne-isklyuchil-pomosch-evropeytsev-v-atake-na-rezidentsiyu-putina/,2025-12-30 00:00:00,"Политолог не исключил помощь европейцев в атаке на резиденцию Путина00:50, 30 декабря 2025Мир",,,ru,RU
e5499e3839c7,lenta,https://lenta.ru/news/2025/12/30/perestrelka-v-zhilom-dvore-rossiyskogo-goroda-popala-na-video/,2025-12-30 00:00:00,"Перестрелка в жилом дворе российского города попала на видео00:08, 30 декабря 2025Силовые структуры",,,ru,RU
7820573ff98d,lenta,https://lenta.ru/news/2025/12/30/poyavilis-novye-podrobnosti-smertelnogo-dtp-s-uchastiem-dzhoshua/,2025-12-30 00:00:00,"Появились новые подробности смертельного ДТП с участием Джошуа00:35, 30 декабря 2025Спорт",,,ru,RU
e4a7a9e948c6,lenta,https://lenta.ru/news/2025/12/30/v-polshe-vydvinuli-trebovanie-ukraine-dlya-prodolzheniya-pomoschi/,2025-12-30 00:00:00,"В Польше выдвинули требование Украине для продолжения помощи02:00, 30 декабря 2025Мир",,,ru,RU
692601bb3dd2,lenta,https://lenta.ru/news/2025/12/30/60-letnyaya-aktrisa-vzvolnovala-fanatov-figuroy-v-leopardovom-bikini/,2025-12-30 00:00:00,"60-летняя актриса взволновала фанатов фигурой в леопардовом бикини01:00, 30 декабря 2025Ценности",,,ru,RU
b2f93ddb8c49,lenta,https://lenta.ru/news/2025/12/30/oae-osudili-ataku-ukrainy-na-rezidentsiyu-putina/,2025-12-30 00:00:00,"ОАЭ осудили атаку Украины на резиденцию Путина00:08, 30 декабря 2025Мир",,,ru,RU
d90c0df4e40a,lenta,https://lenta.ru/news/2025/12/29/rossiyane-smogut-poluchat-lekarstva-cherez-pochtu-rossii/,2025-12-30 00:00:00,"Россияне смогут получать лекарства через «Почту России»00:07, 30 декабря 2025Россия",,,ru,RU
b4f7dc47e275,lenta,https://lenta.ru/news/2025/12/30/30-dekabrya-kakoy-prazdnik-segodnya-otmechayut-v-rossii-i-mire/,2025-12-30 00:00:00,"30 декабря: какой праздник отмечают в России и мире00:05, 30 декабря 2025Россия",,,ru,RU
11c04e27b4c9,lenta,https://lenta.ru/news/2025/12/30/vonyuchiy-kievskiy-ublyudok-medvedev-obvinil-zelenskogo-v-popytke-sorvat-mirnoe-uregulirovanie-konflikta/,2025-12-30 00:00:00,"«Вонючий киевский ублюдок». Действия Зеленского вызвали гнев Медведева и разозлили Трампа. Что случилось?00:58, 30 декабря 2025Россия",,,ru,RU
da1b05dd523b,lenta,https://lenta.ru/news/2025/12/30/vtorgshiysya-v-solnechnuyu-sistemu-inoplanetnyy-korabl-izverg-oblako-strannoy-pyli/,2025-12-30 00:00:00,"Вторгшийся в Солнечную систему «инопланетный корабль» изверг облако странной пыли00:35, 30 декабря 2025Из жизни",,,ru,RU
0a42bbe564df,lenta,https://lenta.ru/news/2025/12/30/yunosha-vossoedinilsya-s-rodnoy-semiey-spustya-21-god-posle-pohischeniya/,2025-12-30 00:00:00,"Юноша воссоединился с родной семьей спустя 21 год после похищения02:01, 30 декабря 2025Из жизни",,,ru,RU
f1f7a1fb3545,lenta,https://lenta.ru/parts/news/,2025-12-30 00:00:00,Все новости,,,ru,RU
71e65b66a19a,lenta,https://lenta.ru/parts/pressreleases/,2025-12-30 00:00:00,Пресс-релизы,,,ru,RU
dc72f1764cfe,lenta,https://lenta.ru/rubrics/forces/,2025-12-30 00:00:00,Силовые структуры,,,ru,RU
b0b1e19b5685,lenta,https://lenta.ru/rubrics/media/,2025-12-30 00:00:00,Интернет и СМИ,,,ru,RU
8f175d99191f,lenta,https://lenta.ru/rubrics/realty/,2025-12-30 00:00:00,Среда обитания,,,ru,RU
363a0626ed3e,lenta,https://lenta.ru/rubrics/science/,2025-12-30 00:00:00,Наука и техника,,,ru,RU
3deb1646fb67,lenta,https://lenta.ru/parts/exclusives/,2025-12-30 00:00:00,Эксклюзивы,,,ru,RU
d16c057c2287,lenta,https://lenta.ru/rubrics/ussr/,2025-12-30 00:00:00,Бывший СССР,,,ru,RU
68ba4b10c42c,lenta,https://lenta.ru/rubrics/wellness/,2025-12-30 00:00:00,Забота о себе,,,ru,RU
e274a5de82f6,lenta,https://lenta.ru/specprojects/editor_choice/,2025-12-30 00:00:00,Спецпроекты,,,ru,RU
6d6d4ffe1484,lenta,https://lenta.ru/tags/organizations/pochta-rossii/,2025-12-30 00:00:00,«Почта России»,,,ru,RU
5f7b8ff640bd,lenta,https://lenta.ru/tags/persons/lavrov-sergey/,2025-12-30 00:00:00,Сергей Лавров,,,ru,RU
199d08ddab33,lenta,https://lenta.ru/tags/researches/,2025-12-30 00:00:00,Исследования,,,ru,RU
2cb8a71c92ca,lenta,https://lenta.ru/news/2025/12/30/v-ssha-predrekli-krah-vsu/,2025-12-30 00:00:00,"В США предрекли крах ВСУ01:48, 30 декабря 2025Мир",,,ru,RU
48e94a51d6c5,lenta,https://lenta.ru/news/2025/12/30/v-dtp-s-uchastiem-boksera-dzhoshua-pogibli-ego-trenery/,2025-12-30 00:00:00,"В ДТП с участием боксера Джошуа погибли его тренеры00:23, 30 декабря 2025Спорт",,,ru,RU
0c24e860878b,lenta,https://lenta.ru/news/2025/12/30/v-rade-zhestko-vysmeyali-zelenskogo-za-plan-protsvetaniya-ukrainy/,2025-12-30 00:00:00,"В Раде жестко высмеяли Зеленского за «план процветания Украины»01:21, 30 декабря 2025Бывший СССР",,,ru,RU
6298b45a9a96,lenta,https://lenta.ru/rubrics/travel/,2025-12-30 00:00:00,Путешествия,,,ru,RU
b907f872a864,lenta,https://lenta.ru/news/2025/12/31/ekipazh-neftyanogo-tankera-narisoval-na-bortu-rossiyskiy-flag-pochemu-ssha-presleduyut-sudno-uzhe-bolshe-nedeli/,2025-12-31 00:00:00,"Экипаж нефтяного танкера нарисовал на борту российский флаг. Почему США преследуют судно уже больше недели?02:39, 31 декабря 2025Мир",,,ru,RU
4d4dfb36484d,lenta,https://lenta.ru/news/2025/12/31/evrosoyuzu-napomnili-o-sosedstve-s-rossiey/,2025-12-31 00:00:00,"Евросоюзу напомнили о соседстве с Россией01:56, 31 декабря 2025Мир",,,ru,RU
c664e565e008,lenta,https://lenta.ru/news/2025/12/31/merts-nazval/,2025-12-31 00:00:00,"Мерц назвал 2026 год решающим для Европы02:50, 31 декабря 2025Мир",,,ru,RU
49588c73f6df,lenta,https://lenta.ru/news/2025/12/31/na-zapade-nazvali-novuyu-slozhnost-dlya-realizatsii-mirnogo-plana-trampa-po-ukraine/,2025-12-31 00:00:00,"На Западе назвали новую сложность для реализации мирного плана Трампа по Украине01:08, 31 декабря 2025Мир",,,ru,RU
b51efd96190a,lenta,https://lenta.ru/news/2025/12/31/nazvano-slovo-goda-v-russkoyazychnyh-sotssetyah/,2025-12-31 00:00:00,"Названо слово года в русскоязычных соцсетях00:33, 31 декабря 2025Интернет и СМИ",,,ru,RU
4962e295a139,lenta,https://lenta.ru/news/2025/12/31/rossiyskie-regiony-okazalis-pod-udarom-ukrainskih-bespilotnikov/,2025-12-31 00:00:00,"Российские регионы оказались под ударом украинских беспилотников00:21, 31 декабря 2025Россия",,,ru,RU
1e8ee2de28f5,lenta,https://lenta.ru/news/2025/12/31/novyy-god-2026/,2025-12-31 00:00:00,"Новый год 2026: суть, история и традиции праздника00:20, 31 декабря 2025Россия",,,ru,RU
144a9f509aa9,lenta,https://lenta.ru/news/2025/12/31/raskryta-vozmozhnaya-reaktsiya-trampa-na-udary-po-rezidentsii-putina/,2025-12-31 00:00:00,"Раскрыта возможная реакция Трампа на удары по резиденции Путина01:05, 31 декабря 2025Интернет и СМИ",,,ru,RU
119083323b9d,lenta,https://lenta.ru/news/2025/12/31/rezerv/,2025-12-31 00:00:00,"Минобороны Украины начало ставить мужчин на воинский учет через приложение02:27, 31 декабря 2025Бывший СССР",,,ru,RU
0afaabbd1eb3,lenta,https://lenta.ru/news/2025/12/31/sinoptik/,2025-12-31 00:00:00,"Синоптик предупредил россиян о 40-градусных морозах в новогоднюю ночь01:18, 31 декабря 2025Экономика",,,ru,RU
c2bbd58791f8,lenta,https://lenta.ru/news/2025/12/31/na-zapade-rasskazali-o-naprasnoy-nadezhde-zelenskogo-i-ukraintsev/,2025-12-31 00:00:00,"На Западе рассказали о напрасной надежде Зеленского и украинцев02:53, 31 декабря 2025Мир",,,ru,RU
a5ec0fce494f,lenta,https://lenta.ru/news/2025/12/31/bank/,2025-12-31 00:00:00,"Центробанк дал прогноз на изменения в экономике в 2026 году00:12, 31 декабря 2025Экономика",,,ru,RU
a4e8eb7ba720,lenta,https://lenta.ru/news/2025/12/31/new-year-card-2026/,2025-12-31 00:00:00,"Открытки с Новым годом 2026: скачать 150+ картинок и поздравлений00:16, 31 декабря 2025Из жизни",,,ru,RU
926fb1be8d9c,lenta,https://lenta.ru/news/2025/12/31/ataku-kieva-na-rezidentsiyu-putina-nazvali-hamstvom/,2025-12-31 00:00:00,"Атаку Киева на резиденцию Путина назвали хамством00:33, 31 декабря 2025Мир",,,ru,RU
e2362040d526,lenta,https://lenta.ru/news/2025/12/31/v-ssha-rasskazali-o-problemah-programmy-f-35/,2025-12-31 00:00:00,"В США рассказали о проблемах программы F-3502:02, 31 декабря 2025Наука и техника",,,ru,RU
9de43773d6a5,lenta,https://lenta.ru/news/2025/12/31/stalo-izvestno-o-pozhare-v-rossiyskom-regione-iz-za-ataki-ukrainskih-bespilotnikov/,2025-12-31 00:00:00,"Стало известно о пожаре в российском регионе из-за атаки украинских беспилотников00:49, 31 декабря 2025Россия",,,ru,RU
e968397692a9,lenta,https://lenta.ru/news/2025/12/31/tuapse/,2025-12-31 00:00:00,"В Туапсе рассказали о последствиях удара беспилотников ВСУ02:44, 31 декабря 2025Россия",,,ru,RU
97c6d88bbe1a,lenta,https://lenta.ru/news/2025/12/31/usa/,2025-12-31 00:00:00,"Экс-аналитик ЦРУ заявил о развале НАТО01:45, 31 декабря 2025Мир",,,ru,RU
224ae0ffd4c2,lenta,https://lenta.ru/news/2025/12/31/v-rossii-otsenili-vozmozhnost-vozobnovit-dialog-s-evrosoyuzom/,2025-12-31 00:00:00,"В России оценили возможность возобновить диалог с Евросоюзом00:54, 31 декабря 2025Мир",,,ru,RU
d1d442e53721,lenta,https://lenta.ru/news/2025/12/31/v-dvuh-rossiyskih-regionah-zapretyat-mayning-kruglogodichno/,2025-12-31 00:00:00,"В двух российских регионах запретят майнинг круглогодично01:18, 31 декабря 2025Россия",,,ru,RU
d378c96cc07a,lenta,https://lenta.ru/news/2025/12/31/v-odesse-proizoshla-seriya-vzryvov/,2025-12-31 00:00:00,"В Одессе произошла серия взрывов01:39, 31 декабря 2025Бывший СССР",,,ru,RU
58f781b59e69,lenta,https://lenta.ru/news/2025/12/31/v-podmoskovie-proizoshla-massovaya-draka/,2025-12-31 00:00:00,"В Подмосковье произошла массовая драка со стрельбой02:04, 31 декабря 2025Россия",,,ru,RU
9ee2b459f3a3,lenta,https://lenta.ru/news/2025/12/31/v-germanii-podgotovili-plan-deystviy-na-sluchay-voennogo-konflikta-v-ramkah-nato/,2025-12-31 00:00:00,"В Германии подготовили план на случай военного конфликта в рамках НАТО01:18, 31 декабря 2025Мир",,,ru,RU
cfe17f7647a0,lenta,https://lenta.ru/news/2025/12/31/v-ssha-raskryli/,2025-12-31 00:00:00,"В США назвали год конца Украины02:18, 31 декабря 2025Мир",,,ru,RU
a43df88df032,lenta,https://lenta.ru/news/2025/12/31/zhiteli-rossiyskogo-goroda-pozhalovalis-na-otklyucheniya-mobilnogo-interneta/,2025-12-31 00:00:00,"Жители российского города пожаловались на отключения мобильного интернета00:04, 31 декабря 2025Интернет и СМИ",,,ru,RU
0686de9db6b0,lenta,https://lenta.ru/news/2025/12/31/ukr/,2025-12-31 00:00:00,"Жители Черниговской области отбили мужчину у сотрудников ТЦК00:49, 31 декабря 2025Бывший СССР",,,ru,RU
f28da6db25be,lenta,https://lenta.ru/news/2025/12/31/uchastnikov-draki-so-strelboy-v-podmoskovie-zaderzhali/,2025-12-31 00:00:00,"Участников драки со стрельбой в Подмосковье задержали03:10, 31 декабря 2025Силовые структуры",,,ru,RU
7be21ab3d4dd,lenta,https://lenta.ru/news/2025/09/18/milliony-rossiyan-stalkivayutsya-s-meteorizmom-posle-obilnyh-zastoliy-kogda-gazy-yavlyayutsya-normoy-a-kogda-stoit-nastorozhitsya/,2025-12-31 00:00:00,"Метеоризм — непременный спутник новогоднего застолья для миллионов людей. Как его избежать?00:02, 31 декабря 2025Забота о себе",,,ru,RU
3815a889d7a0,lenta,https://lenta.ru/news/2025/12/31/v-polshe-otreagirovali-na-slova-sibigi-o-pritesnenii-ukraintsev/,2025-12-31 00:00:00,"В Польше отреагировали на слова Сибиги о притеснении украинцев01:43, 31 декабря 2025Мир",,,ru,RU
4648b786cf75,lenta,https://lenta.ru/news/2026/01/01/radiostantsiya-sudnogo-dnya-pozdravila-rossiyan-s-novym-godom/,2026-01-01 00:00:00,"«Радиостанция Судного дня» поздравила россиян с Новым годом00:59, 1 января 2026Из жизни",,,ru,RU
3fff50b6105a,lenta,https://lenta.ru/news/2026/01/01/esche-odna-strana-es-pereshla-na-evro/,2026-01-01 00:00:00,"Еще одна страна ЕС перешла на евро01:24, 1 января 2026Экономика",,,ru,RU
23fa4851f6db,lenta,https://lenta.ru/news/2026/01/01/kompaniya-trampa-vypustit-novuyu-kriptovalyutu/,2026-01-01 00:00:00,"Компания Трампа выпустит новую криптовалюту02:27, 1 января 2026Экономика",,,ru,RU
97e6a847d59c,lenta,https://lenta.ru/news/2026/01/01/lukashenko-porassuzhdal-o-sovershenstve-belorusskoy-zhenschiny/,2026-01-01 00:00:00,"Лукашенко порассуждал о совершенстве белорусской женщины01:27, 1 января 2026Бывший СССР",,,ru,RU
b4e5fac7f257,lenta,https://lenta.ru/news/2026/01/01/pensii-rossiyan-vyrastut/,2026-01-01 00:00:00,"Пенсии россиян вырастут00:52, 1 января 2026Экономика",,,ru,RU
4b4efaa11022,lenta,https://lenta.ru/news/2026/01/01/rossiyane-poluchili-vozmozhnost-stavit-v-pasporte-novuyu-otmetku/,2026-01-01 00:00:00,"Россияне получили возможность ставить в паспорте новую отметку01:21, 1 января 2026Россия",,,ru,RU
7c8663e68b6a,lenta,https://lenta.ru/news/2026/01/01/esche-dve-strany-perestali-priznavat-rossiyskie-pasporta-bez-biometrii/,2026-01-01 00:00:00,"Еще две страны перестали признавать российские паспорта без биометрии01:37, 1 января 2026Путешествия",,,ru,RU
ab1c17f171a7,lenta,https://lenta.ru/news/2026/01/01/tramp-otreagiroval-na-poluchenie-dzhordzhem-kluni-grazhdanstva-frantsii/,2026-01-01 00:00:00,"Трамп отреагировал на получение Джорджем Клуни гражданства Франции02:38, 1 января 2026Мир",,,ru,RU
db7eeff93119,lenta,https://lenta.ru/news/2026/01/01/v-rossii-izmenyatsya-pravila-vyezda-detey-v-nekotorye-strany/,2026-01-01 00:00:00,"В России изменятся правила выезда детей в некоторые страны02:15, 1 января 2026Путешествия",,,ru,RU
08b266e6e104,lenta,https://lenta.ru/news/2026/01/01/v-evropeyskoy-strane-reshili-zapretit-sotsseti-detyam/,2026-01-01 00:00:00,"В европейской стране решили запретить соцсети детям00:21, 1 января 2026Мир",,,ru,RU
cf28c95699bc,lenta,https://lenta.ru/news/2026/01/01/v-kieve-razdalis-vzryvy/,2026-01-01 00:00:00,"В Киеве раздались взрывы00:08, 1 января 2026Бывший СССР",,,ru,RU
146b8a48e5ef,lenta,https://lenta.ru/news/2026/01/01/nazvano-chislo-sbityh-za-dekabr-nad-territoriey-rossii-ukrainskih-bespilotnikov/,2026-01-01 00:00:00,"Названо число сбитых за декабрь над территорией России украинских беспилотников00:38, 1 января 2026Россия",,,ru,RU
6eccb78d6043,lenta,https://lenta.ru/news/2026/01/01/sobyanin-soobschil-ob-unichtozhenii-letevshego-na-moskvu-bespilotnika/,2026-01-01 00:00:00,"Собянин сообщил об уничтожении летевшего на Москву беспилотника00:11, 1 января 2026Россия",,,ru,RU
e335a5484dfa,lenta,https://lenta.ru/news/2026/01/01/eks-analitik-tsru-raskryl-rol-syrskogo-v-konflikte-na-ukraine/,2026-01-01 00:00:00,"Экс-аналитик ЦРУ раскрыл роль Сырского в конфликте на Украине01:12, 1 января 2026Мир",,,ru,RU
f844399cd552,lenta,https://lenta.ru/news/2026/01/01/auto/,2026-01-01 00:00:00,"Новые дорожные знаки, утильсбор и отмена автопродления водительских прав. Какие изменения ждут автомобилистов в 2026 году00:01, 1 января 2026Авто",,,ru,RU
b4e77aed9f12,lenta,https://lenta.ru/news/2026/01/01/v-rossii-poyavilas-novaya-vyplata/,2026-01-01 00:00:00,"В России появилась новая выплата00:16, 1 января 2026Россия",,,ru,RU
4a50e582c994,lenta,https://lenta.ru/news/2026/01/01/1-yanvarya-kakoy-prazdnik-segodnya-otmechayut-v-rossii-i-mire/,2026-01-01 00:00:00,"1 января: какой праздник отмечают в России и мире00:05, 1 января 2026Россия",,,ru,RU
0f6f723473bd,lenta,https://lenta.ru/news/2026/01/01/v-rossii-vyrosla-stavka-utilizatsionnogo-sbora/,2026-01-01 00:00:00,"В России выросла ставка утилизационного сбора00:06, 1 января 2026Экономика",,,ru,RU
91ee94417959,lenta,https://lenta.ru/news/2026/01/01/v-ssha-rezko-vyskazalis-o-zamysle-evropy-po-ukraine/,2026-01-01 00:00:00,"В США резко высказались о замысле Европы по Украине00:14, 1 января 2026Мир",,,ru,RU
8bcb3485f2ef,lenta,https://lenta.ru/news/2026/01/01/v-ssha-zadalis-voprosom-o-zdorovie-trampa-iz-za-sinyakov-na-ego-rukah/,2026-01-01 00:00:00,"В США задались вопросом о здоровье Трампа из-за синяков на его руках01:22, 1 января 2026Мир",,,ru,RU
1bd5d78822c2,lenta,https://lenta.ru/news/2026/01/01/zelenskiy-otkazalsya-vyvodit-voyska-iz-donbassa/,2026-01-01 00:00:00,"Зеленский отказался выводить войска из Донбасса00:52, 1 января 2026Бывший СССР",,,ru,RU
f0f6473c98b9,lenta,https://lenta.ru/news/2026/01/01/zelenskiy-rasskazal-o-zhelanii-ukrainy/,2026-01-01 00:00:00,"Зеленский рассказал о желании Украины02:09, 1 января 2026Бывший СССР",,,ru,RU
d2217a48b95a,lenta,https://lenta.ru/news/2026/01/01/zelenskiy-nameknul-na-referendum/,2026-01-01 00:00:00,"Зеленский намекнул на референдум01:41, 1 января 2026Бывший СССР",,,ru,RU
df541b82d43a,lenta,https://lenta.ru/news/2026/01/01/v-rossii-poyavilas-novaya-pamyatnaya-data/,2026-01-01 00:00:00,"В России появилась новая памятная дата00:31, 1 января 2026Россия",,,ru,RU
6ba0c622610b,lenta,https://lenta.ru/news/2026/01/02/v-kitae-udivilis-neobychnomu-zhestu-putina-pered-novym-godom/,2026-01-01 00:00:00,"В Китае удивились необычному жесту Путина перед Новым годом02:09, 1 января 2026Интернет и СМИ",,,ru,RU
ddc22b4fcdf8,lenta,https://lenta.ru/news/2026/01/01/v-rossii-nachalsya-pervyy-kruglogodichnyy-prizyv/,2026-01-01 00:00:00,"В России начался первый круглогодичный призыв00:01, 1 января 2026Россия",,,ru,RU
acf674ccd1e3,lenta,https://lenta.ru/news/2026/01/01/v-rossii-vyrastet-prozhitochnyy-minimum/,2026-01-01 00:00:00,"В России вырастет прожиточный минимум00:38, 1 января 2026Экономика",,,ru,RU
b59bb778f711,lenta,https://lenta.ru/news/2026/01/01/v-rossii-izmenilas-stavka-odnogo-naloga/,2026-01-01 00:00:00,"В России изменилась ставка одного налога00:01, 1 января 2026Экономика",,,ru,RU
8ac7c1fec75b,lenta,https://lenta.ru/news/2025/12/31/umerla-poslednyaya-koroleva-parizha-zhaklin-de-rib/,2026-01-01 00:00:00,"Умерла «последняя королева Парижа» Жаклин де Риб00:16, 1 января 2026Ценности",,,ru,RU
76452143d65b,lenta,https://lenta.ru/news/2026/01/01/zelenskiy-vyskazalsya-o-graduse-v-otnosheniyah-s-ssha/,2026-01-01 00:00:00,"Зеленский высказался о «градусе» в отношениях с США01:45, 1 января 2026Бывший СССР",,,ru,RU
328e4ba039ba,lenta,https://lenta.ru/news/2026/01/02/finansist-predrekla-serieznoe-podorozhanie-dollara/,2026-01-02 00:00:00,"Финансист предрекла серьезное подорожание доллара02:48, 2 января 2026Экономика",,,ru,RU
52f4aa760163,lenta,https://lenta.ru/news/2026/01/02/ataku-na-rezidentsiyu-putina-ob-yasnili-strahom-zelenskogo-pered-tyurmoy-chego-hotel-dobitsya-prezident-ukrainy/,2026-01-02 00:00:00,"Атаку на резиденцию Путина объяснили страхом Зеленского перед тюрьмой. Чего хотел добиться президент Украины?01:54, 2 января 2026Бывший СССР",,,ru,RU
368a20eca1f0,lenta,https://lenta.ru/news/2026/01/02/avstraliyskogo-dobrovoltsa-vsu-ubili-v-donetskoy-oblasti/,2026-01-02 00:00:00,"Австралийского добровольца ВСУ убили в ДНР01:19, 2 января 2026Бывший СССР",,,ru,RU
ff9096055692,lenta,https://lenta.ru/news/2026/01/02/dmitriev-zadal-neudobnyy-vopros-pro-tragediyu-v-horlah/,2026-01-02 00:00:00,"Дмитриев задал неудобный вопрос про трагедию в Хорлах01:58, 2 января 2026Интернет и СМИ",,,ru,RU
7bf0bc3e6b59,lenta,https://lenta.ru/news/2026/01/02/raskryty-podrobnosti-o-dostavke-tela-raschlenennogo-druga-pavla-durova-v-peterburg/,2026-01-02 00:00:00,"Раскрыты подробности о доставке тела расчлененного друга Павла Дурова в Петербург02:37, 2 января 2026Мир",,,ru,RU
bf356ce64ccc,lenta,https://lenta.ru/news/2026/01/02/gubernator-rossiyskogo-regiona-rasskazal-o-posledstviyah-ataki-bpla/,2026-01-02 00:00:00,"Губернатор российского региона рассказал о последствиях атаки БПЛА03:06, 2 января 2026Россия",,,ru,RU
b8c7f025941e,lenta,https://lenta.ru/news/2026/01/02/esche-v-pyati-rossiyskih-aeroportah-vveli-ogranicheniya-na-priem-i-vypusk-samoletov/,2026-01-02 00:00:00,"Еще в шести российских аэропортах ввели ограничения на прием и выпуск самолетов01:09, 2 января 2026Путешествия",,,ru,RU
8d52773ad208,lenta,https://lenta.ru/news/2026/01/02/na-ukraine-podschitali-protsent-pereshedshih-pod-kontrol-rossii-ukrainskih-territoriy/,2026-01-02 00:00:00,"Подсчитан процент перешедших под контроль России украинских территорий03:16, 2 января 2026Бывший СССР",,,ru,RU
c7662f36333f,lenta,https://lenta.ru/news/2026/01/02/na-zapade-predupredili-zelenskogo-o-posledstviyah-posle-ataki-na-rezidentsiyu-putina/,2026-01-02 00:00:00,"Зеленского предупредили о последствиях после атаки на резиденцию Путина02:43, 2 января 2026Интернет и СМИ",,,ru,RU
8cc43a7648fc,lenta,https://lenta.ru/news/2026/01/02/nazvano-chislo-sbityh-na-podlete-k-moskve-ukrainskih-bpla-za-novogodnyuyu-noch/,2026-01-02 00:00:00,"Названо число сбитых на подлете к Москве украинских БПЛА за новогоднюю ночь00:39, 2 января 2026Россия",,,ru,RU
c06d2c702fb9,lenta,https://lenta.ru/news/2026/01/02/odessa-okazalas-v-polublokade/,2026-01-02 00:00:00,"Одесса оказалась в полублокаде02:27, 2 января 2026Бывший СССР",,,ru,RU
86b78dbaebf4,lenta,https://lenta.ru/news/2026/01/01/v-ssha-vyskazalis-o-sostoyanii-zdorovya-trampa/,2026-01-02 00:00:00,"В США сделали тревожное заявление о здоровье Трампа01:25, 2 января 2026Мир",,,ru,RU
59c4469c879c,lenta,https://lenta.ru/news/2026/01/02/masshtabnoe-vnedrenie-tsifrovogo-rublya-startovalo-v-rossii/,2026-01-02 00:00:00,"Масштабное внедрение цифрового рубля стартовало в России01:42, 2 января 2026Экономика",,,ru,RU
222d88ef5f3b,lenta,https://lenta.ru/news/2026/01/01/v-evrope-zayavili-o-riske-sabotazha-na-kriticheskoy-infrastrukture/,2026-01-02 00:00:00,"В Европе заявили о риске саботажа на критической инфраструктуре00:31, 2 января 2026Мир",,,ru,RU
c39a1acfe9df,lenta,https://lenta.ru/news/2026/01/02/na-zapade-nazvali/,2026-01-02 00:00:00,"На Западе выступили с мрачным для Европы политическим прогнозом01:38, 2 января 2026Мир",,,ru,RU
216b9df0cc20,lenta,https://lenta.ru/news/2026/01/02/premier-odnoy-evropeyskoy-strany-priznala-svoi-politicheskie-oshibki/,2026-01-02 00:00:00,"Премьер одной европейской страны признала свои политические ошибки03:21, 2 января 2026Мир",,,ru,RU
23ca3f6d5d1e,lenta,https://lenta.ru/news/2026/01/01/premier-polshi-poobeschal-zavoevat-baltiyskoe-more/,2026-01-02 00:00:00,"Премьер Польши пообещал завоевать Балтийское море00:06, 2 января 2026Мир",,,ru,RU
85b7c5397b65,lenta,https://lenta.ru/news/2026/01/02/v-norvegii-otsenili-shansy-na-zavershenie-ukrainskogo-konflikta/,2026-01-02 00:00:00,"В Норвегии оценили шансы на завершение украинского конфликта02:02, 2 января 2026Мир",,,ru,RU
26564cf2ec2f,lenta,https://lenta.ru/news/2026/01/02/tela-raschlenennyh-v-oae-druga-pavla-durova-i-ego-zheny-dostavili-v-peterburg/,2026-01-02 00:00:00,"Тела расчлененных в ОАЭ друга Павла Дурова и его жены доставили в Петербург00:26, 2 января 2026Силовые структуры",,,ru,RU
3b94ff5dd9eb,lenta,https://lenta.ru/news/2026/01/02/ustanovivshiy-mirovoy-rekord-novogodniy-feyerverk-s-tysyachami-dronov-zasnyali-na-video/,2026-01-02 00:00:00,"Установивший мировой рекорд новогодний фейерверк с тысячами дронов сняли на видео00:59, 2 января 2026Мир",,,ru,RU
49c8e5145941,lenta,https://lenta.ru/news/2026/01/02/ulitsu-v-tsentre-kieva-nazovut-v-chest-ubitogo-parubiya/,2026-01-02 00:00:00,"Улицу в центре Киева назовут в честь убитого Парубия00:33, 2 января 2026Бывший СССР",,,ru,RU
093f970cdb57,lenta,https://lenta.ru/news/2026/01/02/v-ssha-soobschili-o-napryazhennoy-obstanovke-na-peregovorah-trampa-i-zelenskogo/,2026-01-02 00:00:00,"В США сообщили о напряженной обстановке на переговорах Трампа и Зеленского03:29, 2 января 2026Мир",,,ru,RU
4917c92e527a,lenta,https://lenta.ru/news/2026/01/02/v-rossii-rasskazali-o-poteryannyh-za-god-ukrainoy-istrebitelyah/,2026-01-02 00:00:00,"В России подсчитали уничтоженные украинские истребители02:16, 2 января 2026Бывший СССР",,,ru,RU
2e3e93a66a77,lenta,https://lenta.ru/news/2026/01/02/v-ssha-zayavili-ob-osvedomlennosti-evropeytsev-ob-atake-na-rezidentsiyu-putina/,2026-01-02 00:00:00,"В США заявили об осведомленности европейцев об атаке на резиденцию Путина01:20, 2 января 2026Мир",,,ru,RU
22fe65dd5445,lenta,https://lenta.ru/news/2026/01/02/voskresshego-lidera-rdk-pereob-yavili-v-rozysk/,2026-01-02 00:00:00,"«Воскресшего» лидера РДК переобъявили в розыск03:03, 2 января 2026Силовые структуры",,,ru,RU
2ba982baf656,lenta,https://lenta.ru/news/2026/01/02/rossiya-potrebovala-ot-oon-publichnogo-osuzhdeniya-ataki-vsu-v-horlah/,2026-01-02 00:00:00,"Россия потребовала от ООН публичного осуждения атаки ВСУ в Хорлах02:44, 2 января 2026Мир",,,ru,RU
1a0cbe311470,lenta,https://lenta.ru/news/2026/01/02/v-turtsii-otsenili-nalichie-predposylok-k-peregovoram-po-ukraine/,2026-01-02 00:00:00,"В Турции оценили наличие предпосылок к переговорам по Украине03:37, 2 января 2026Мир",,,ru,RU
fd75df98aee6,lenta,https://lenta.ru/news/2026/01/02/rossii-pomozhet-belorussii-sozdat-kompaktnyy-yadernyy-boepripas-dlya-poloneza-m/,2026-01-02 00:00:00,"Россия поможет Белоруссии создать компактный ядерный боеприпас для «Полонеза-М»02:40, 2 января 2026Бывший СССР",,,ru,RU
8b44171e5fcb,lenta,https://lenta.ru/tags/persons/sikorskiy-igor/,2026-01-02 00:00:00,Игоря Сикорского,,,ru,RU
0e7b298f8092,lenta,https://lenta.ru/news/2026/01/02/v-italii-ob-yasnili-popytki-zelenskogo-izmenit-mirnyy-plan/,2026-01-02 00:00:00,"В Италии объяснили попытки Зеленского изменить мирный план02:29, 2 января 2026Мир",,,ru,RU
346dccfdb723,lenta,https://lenta.ru/news/2026/01/03/irann/,2026-01-03 00:00:00,"Иран пригрозил ударить по американским базам на Ближнем Востоке01:28, 3 января 2026Мир",,,ru,RU
ba86acf072d8,lenta,https://lenta.ru/news/2026/01/03/korotchenko/,2026-01-03 00:00:00,"Военный аналитик назвал назначение Буданова плевком Киева в лицо Трампа00:12, 3 января 2026Россия",,,ru,RU
d1e698f9fb63,lenta,https://lenta.ru/news/2026/01/03/edgard/,2026-01-03 00:00:00,"Эдгард Запашный рассказал о необычном способе встречи Нового года02:27, 3 января 2026Культура",,,ru,RU
b689c2d96efb,lenta,https://lenta.ru/news/2026/01/03/na-ukraine-nazvali-vozmozhnyy-srok-okonchaniya-blekauta/,2026-01-03 00:00:00,"На Украине назвали возможный срок окончания блэкаута00:37, 3 января 2026Бывший СССР",,,ru,RU
8f02b9f7a886,lenta,https://lenta.ru/news/2026/01/03/na-zemle-nachalas-magnitnaya-burya/,2026-01-03 00:00:00,"На Земле началась магнитная буря00:21, 3 января 2026Наука и техника",,,ru,RU
127c129eb243,lenta,https://lenta.ru/news/2026/01/03/peredachu-kievu-dalnoboynyh-raket-taurus-otsenili/,2026-01-03 00:00:00,"Передачу Киеву дальнобойных ракет Taurus оценили02:29, 3 января 2026Мир",,,ru,RU
ee58b81f3776,lenta,https://lenta.ru/news/2026/01/03/oon/,2026-01-03 00:00:00,"В ООН выразили обеспокоенность атакой ВСУ на Хорлы00:55, 3 января 2026Мир",,,ru,RU
25b31979b036,lenta,https://lenta.ru/news/2026/01/03/podpolkovnik-armii-ssha-nazval-glavnuyu-tsel-lzhi-ukrainy-ob-udare-vs-rossii-po-harkovu/,2026-01-03 00:00:00,"Подполковник армии США назвал главную цель лжи Украины об ударе ВС России по Харькову03:00, 3 января 2026Мир",,,ru,RU
fe5d4284572c,lenta,https://lenta.ru/news/2026/01/03/potera/,2026-01-03 00:00:00,"В США заявили о неспособности Киева помешать России освободить территории02:57, 3 января 2026Мир",,,ru,RU
b5ab1e5abcb9,lenta,https://lenta.ru/news/2026/01/03/na-ukraine-dopustili-masshtabnye-kadrovye-perestanovki-na-urovne-regionov/,2026-01-03 00:00:00,"На Украине допустили масштабные кадровые перестановки на уровне регионов00:14, 3 января 2026Бывший СССР",,,ru,RU
9c27296ffe9d,lenta,https://lenta.ru/news/2026/01/03/gerani-nauchilis-otgonyat-drony-perehvatchiki/,2026-01-03 00:00:00,"«Герани» научились отгонять дроны-перехватчики01:29, 3 января 2026Наука и техника",,,ru,RU
295fd0eb47d8,lenta,https://lenta.ru/news/2026/01/03/raskryta-strana-proizvoditel-udarivshih-po-horlam-dronov/,2026-01-03 00:00:00,"Раскрыта страна-производитель ударивших по Хорлам дронов00:03, 3 января 2026Россия",,,ru,RU
03181dff3892,lenta,https://lenta.ru/news/2026/01/03/nikolaev/,2026-01-03 00:00:00,"В Николаеве прогремел взрыв01:58, 3 января 2026Бывший СССР",,,ru,RU
30d1affb1fae,lenta,https://lenta.ru/news/2026/01/03/deputat-rady-prizval-ne-vozlagat-na-budanova-bolshih-nadezhd-zaranee/,2026-01-03 00:00:00,"Депутат Рады призвал не возлагать на Буданова больших надежд заранее01:10, 3 января 2026Бывший СССР",,,ru,RU
b0f730e6e757,lenta,https://lenta.ru/news/2026/01/03/vsu-popytalis-atakovat-yug-rossii/,2026-01-03 00:00:00,"ВСУ попытались атаковать юг России00:11, 3 января 2026Россия",,,ru,RU
08676d8db358,lenta,https://lenta.ru/news/2026/01/03/rossiyskiy-boets-sbil-neskolko-dronov-i-vytaschil-ranenogo-tovarischa/,2026-01-03 00:00:00,"Российский боец сбил дроны ВСУ и вытащил раненого товарища00:33, 3 января 2026Россия",,,ru,RU
dee5dc97d862,lenta,https://lenta.ru/news/2026/01/03/v-ssha-sochli-reshenie-zelenskogo-o-naznachenii-budanova-nedobrovolnym/,2026-01-03 00:00:00,"В США сочли решение Зеленского о назначении Буданова недобровольным02:39, 3 января 2026Интернет и СМИ",,,ru,RU
e09d1ca05b92,lenta,https://lenta.ru/news/2026/01/03/v-ssha-nazvali-samoubiystvom-popytku-ukrainy-atakovat-rezidentsiyu-putina/,2026-01-03 00:00:00,"В США назвали самоубийством попытку Украины атаковать резиденцию Путина02:22, 3 января 2026Мир",,,ru,RU
364306f74377,lenta,https://lenta.ru/news/2026/01/02/kallas-obvinili-v-zhelanii-razvyazat-voynu-evrosoyuza-protiv-rossii-i-kitaya/,2026-01-03 00:00:00,"Каллас обвинили в желании развязать войну Евросоюза против России и Китая00:17, 3 января 2026Россия",,,ru,RU
415098185b8b,lenta,https://lenta.ru/news/2026/01/03/v-rossii-nazvali-pravye-sily-evropy-edinstvennoy-realnoy-nadezhdoy/,2026-01-03 00:00:00,"В России назвали правые силы Европы единственной реальной надеждой01:38, 3 января 2026Россия",,,ru,RU
2fe9237db39c,lenta,https://lenta.ru/news/2026/01/03/v-kitae-otsenili-reaktsiyu-rossii-na-diplomaticheskiy-sandal-s-polshey/,2026-01-03 00:00:00,"В Китае оценили реакцию России на дипломатический скандал с Польшей00:48, 3 января 2026Интернет и СМИ",,,ru,RU
83d4cefcea15,lenta,https://lenta.ru/news/2026/01/03/vo-vseh-regionah-severnogo-kavkaza-ob-yavili-opasnost-ataki-bpla/,2026-01-03 00:00:00,"Во всех регионах Северного Кавказа объявили опасность атаки БПЛА01:58, 3 января 2026Россия",,,ru,RU
e2862d3d937a,lenta,https://lenta.ru/news/2026/01/03/v-finlyandii-ob-yasnili-novye-provokatsii-zelenskogo/,2026-01-03 00:00:00,"В Финляндии объяснили новые провокации Зеленского00:58, 3 января 2026Мир",,,ru,RU
943037a5f242,lenta,https://lenta.ru/news/2026/01/03/voenkor-dopustil-provokatsiyu-so-storony-kieva-na-rozhdestvo/,2026-01-03 00:00:00,"Военкор допустил провокацию со стороны Киева на Рождество00:58, 3 января 2026Россия",,,ru,RU
69fdbedd2415,lenta,https://lenta.ru/news/2026/01/03/vybor-novogo-ministra-oborony-ukrainy-ob-yasnili/,2026-01-03 00:00:00,"Выбор нового министра обороны Украины объяснили02:06, 3 января 2026Бывший СССР",,,ru,RU
15174144290c,lenta,https://lenta.ru/news/2026/01/03/stalo-izvestno-o-pogibshih-v-rezultate-vzryvov-v-harkove/,2026-01-03 00:00:00,"Стало известно о погибших в результате взрывов в Харькове00:57, 3 января 2026Россия",,,ru,RU
69ce92c55d86,lenta,https://lenta.ru/news/2026/01/03/sroki-vosstanovleniya-rossiyskogo-vratarya-pszh-uvelichilis/,2026-01-03 00:00:00,"Сроки восстановления российского вратаря ПСЖ увеличились00:31, 3 января 2026Спорт",,,ru,RU
9f3cea0dd90c,lenta,https://lenta.ru/news/2026/01/03/raskryta/,2026-01-03 00:00:00,"Раскрыта эффективность новой российской вакцины от меланомы01:40, 3 января 2026Россия",,,ru,RU
b9268e99d01b,lenta,https://lenta.ru/news/2026/01/03/v-rossii-predlozhili-perenyat-pozitivnyy-opyt-sssr-v-borbe-s-alkogolem/,2026-01-03 00:00:00,"В России предложили перенять позитивный опыт СССР в борьбе с алкоголем02:07, 3 января 2026Россия",,,ru,RU
14fb91a06a0e,lenta,https://lenta.ru/news/2026/01/04/na-fotografii-maduro-v-ochkah-i-naushnikah-zametili-neskolko-detaley/,2026-01-04 00:00:00,"Фотографию Мадуро в очках и наушниках проанализировали00:10, 4 января 2026Мир",,,ru,RU
260f850fdef3,lenta,https://lenta.ru/news/2026/01/04/iran-dania/,2026-01-04 00:00:00,"В Британии предостерегли две страны после атаки на Венесуэлу02:16, 4 января 2026Мир",,,ru,RU
5fc2af03d018,lenta,https://lenta.ru/news/2026/01/04/iran-obvinil-ssha-v-terrorizme/,2026-01-04 00:00:00,"Иран прокомментировал похищение Мадуро01:16, 4 января 2026Мир",,,ru,RU
40525b4c4a69,lenta,https://lenta.ru/news/2026/01/04/lavrov-ispolnil-zhelaniyah-dvuh-rossiyskih-podrostkov/,2026-01-04 00:00:00,"Лавров исполнил желания двух российских подростков00:41, 4 января 2026Россия",,,ru,RU
433388ee8da0,lenta,https://lenta.ru/news/2026/01/04/maduro-v-naruchnikah-i-s-meshkom-na-golove-snyali-na-video/,2026-01-04 00:00:00,"Мадуро в наручниках и с мешком на голове сняли на видео02:03, 4 января 2026Мир",,,ru,RU
603d731a108f,lenta,https://lenta.ru/news/2026/01/04/makron-predlozhil-zamenu-maduro/,2026-01-04 00:00:00,"Макрон нашел замену Мадуро00:10, 4 января 2026Мир",,,ru,RU
103a6f8112c9,lenta,https://lenta.ru/news/2026/01/04/na-ukraine-predlozhili-trampu-pohitit-esche-odnogo-prezidenta/,2026-01-04 00:00:00,"На Украине предложили Трампу похитить еще одного президента01:02, 4 января 2026Бывший СССР",,,ru,RU
8332fbe43c8d,lenta,https://lenta.ru/news/2026/01/04/es-predupredili-o-raspade-iz-za-ukrainy/,2026-01-04 00:00:00,"ЕС предупредили о распаде из-за Украины02:15, 4 января 2026Мир",,,ru,RU
40eb476b7a76,lenta,https://lenta.ru/news/2026/01/04/protiv/,2026-01-04 00:00:00,"Украинские генералы впервые с начала СВО выступили против плана Зеленского. Почему военачальники просят не увольнять главу СБУ?01:47, 4 января 2026Бывший СССР",,,ru,RU
116ee6d16604,lenta,https://lenta.ru/news/2026/01/04/samolet-s-maduro-sel-v-nyu-yorke/,2026-01-04 00:00:00,"Самолет с Мадуро сел в Нью-Йорке00:53, 4 января 2026Мир",,,ru,RU
ade689ff9d4f,lenta,https://lenta.ru/news/2026/01/04/tramp-opublikoval-video-s-brosayuschim-emu-vyzov-maduro/,2026-01-04 00:00:00,"Трамп опубликовал видео с «бросающим ему вызов» Мадуро02:08, 4 января 2026Интернет и СМИ",,,ru,RU
83b6c8e99b03,lenta,https://lenta.ru/news/2026/01/04/skonchalsya-zasluzhennyy-artist-rossii-ulybin/,2026-01-04 00:00:00,"Скончался заслуженный артист России Улыбин01:24, 4 января 2026Культура",,,ru,RU
b5cf46ac6271,lenta,https://lenta.ru/news/2026/01/04/snow/,2026-01-04 00:00:00,"«Они принесли смертельный подарок». Дед Мороз и Снегурочка устроили взрыв во Владивостоке. Кто заказал им дерзкое преступление?00:01, 4 января 2026Силовые структуры",,,ru,RU
e5aa0fcd4224,lenta,https://lenta.ru/news/2026/01/04/maduro-vyveli-s-borta-samoleta-v-nyu-yorke-s-meshkom-na-golove/,2026-01-04 00:00:00,"Мадуро вывели с борта самолета в Нью-Йорке с мешком на голове01:44, 4 января 2026Мир",,,ru,RU
c72bde4ada0e,lenta,https://lenta.ru/news/2026/01/04/na-zapade-predrekli-sudbu-zelenskogo-posle-ataki-trampa-na-venesuelu/,2026-01-04 00:00:00,"На Западе предрекли судьбу Зеленского после атаки Трампа на Венесуэлу01:46, 4 января 2026Мир",,,ru,RU
380a4e69e4c7,lenta,https://lenta.ru/news/2026/01/04/chast-berlina-pogruzilas-vo-tmu/,2026-01-04 00:00:00,"Часть Берлина погрузилась во тьму00:31, 4 января 2026Экономика",,,ru,RU
b004b3d18ab1,lenta,https://lenta.ru/news/2026/01/04/belyy-dom-opublikoval-netsenzurnyy-poster-s-trampom/,2026-01-04 00:00:00,"Белый дом опубликовал нецензурный постер с Трампом02:10, 4 января 2026Мир",,,ru,RU
23c7182df5e7,lenta,https://lenta.ru/news/2026/01/03/v-islandii-poshutili-nad-atakoy-ssha-na-venesuelu/,2026-01-04 00:00:00,"В Исландии пошутили над атакой США на Венесуэлу00:01, 4 января 2026Интернет и СМИ",,,ru,RU
fbf06bc489b6,lenta,https://lenta.ru/news/2026/01/04/vsu-udarili-dronami-po-svoim-sosluzhivtsam/,2026-01-04 00:00:00,"ВСУ ударили дронами по своим сослуживцам01:38, 4 января 2026Бывший СССР",,,ru,RU
4f9f02016b8c,lenta,https://lenta.ru/news/2026/01/04/v-venesuele-nachal-deystvovat-chrezvychaynyy-rezhim-posle-ataki-ssha/,2026-01-04 00:00:00,"В Венесуэле начал действовать чрезвычайный режим после атаки США00:36, 4 января 2026Мир",,,ru,RU
c808c7e19b27,lenta,https://lenta.ru/news/2026/01/04/v-populyarnoy-u-rossiyskih-turistov-strane-zapretili/,2026-01-04 00:00:00,"В популярной у российских туристов стране запретили секс вне брака02:01, 4 января 2026Мир",,,ru,RU
16fb4b3ec47a,lenta,https://lenta.ru/news/2026/01/04/v-rossii-prokommentirovali-operatsiyu-ssha-v-venesuele/,2026-01-04 00:00:00,"В Совфеде прокомментировали операцию США в Венесуэле00:25, 4 января 2026Россия",,,ru,RU
33d73a27925d,lenta,https://lenta.ru/news/2026/01/04/v-rossii-nazvali-glavnuyu-tsel-ssha-v-venesuele/,2026-01-04 00:00:00,"В России назвали главную цель США в Венесуэле00:41, 4 января 2026Мир",,,ru,RU
4fa6ed298c11,lenta,https://lenta.ru/news/2026/01/04/v-rossii-zayavili-o-formirovanii-osoboy-tsivilizatsii/,2026-01-04 00:00:00,"В России заявили о формировании особой цивилизации00:58, 4 января 2026Россия",,,ru,RU
215f6d6ae939,lenta,https://lenta.ru/tags/persons/makron-emmanuel/,2026-01-04 00:00:00,Эммануэль Макрон,,,ru,RU
98d73029ae52,lenta,https://lenta.ru/news/2026/01/04/zelenskiy-zahotel-videt-na-ukraine-voyska-dvuh-stran/,2026-01-04 00:00:00,"Зеленский захотел видеть на Украине войска двух стран01:07, 4 января 2026Бывший СССР",,,ru,RU
6f025318390b,lenta,https://lenta.ru/tags/persons/guaydo-huan/,2026-01-04 00:00:00,Хуана Гуайдо,,,ru,RU
d56c93954ff4,lenta,https://lenta.ru/tags/persons/maduro-nikolas/,2026-01-04 00:00:00,Николасу Мадуро,,,ru,RU
b441037fc9af,lenta,https://lenta.ru/news/2026/01/04/v-gosdume-nazvali-prichinu-pohischeniya-maduro/,2026-01-04 00:00:00,"В Госдуме назвали причину похищения Мадуро00:29, 4 января 2026Мир",,,ru,RU
3b21e680646a,lenta,https://lenta.ru/news/2026/01/04/ukraina-vypustila-bolshe-sotni-bespilotnikov-po-regionam-rossii/,2026-01-04 00:00:00,"Украина выпустила больше сотни беспилотников по регионам России00:32, 4 января 2026Россия",,,ru,RU
33a31bd4acb9,lenta,https://lenta.ru/news/2026/01/04/v-rossii-nashli-klyuch-k-ponimaniyu-ataki-ssha-na-venesuelu/,2026-01-04 00:00:00,"В России нашли ключ к пониманию атаки США на Венесуэлу01:30, 4 января 2026Мир",,,ru,RU
8da99e30d688,lenta,https://lenta.ru/news/2026/01/04/telohranitel-ukazal-na-oshibku-ssha-pri-zahvate-maduro/,2026-01-04 00:00:00,"Телохранитель высказался об ошибках в операции по захвату Мадуро01:16, 4 января 2026Россия",,,ru,RU
297dd3c4df21,lenta,https://lenta.ru/tags/geo/vladivostok/,2026-01-04 00:00:00,Владивостоке,,,ru,RU
e879c63b9237,lenta,https://lenta.ru/news/2026/01/05/mogut-povtorit-medvedev-zapodozrili-v-planah-provesti-venesuelskuyu-operatsiyu-na-ukraine/,2026-01-05 00:00:00,"«Могут повторить». Медведев заподозрил США в планах провести «венесуэльскую операцию» на Украине02:59, 5 января 2026Россия",,,ru,RU
a4486526b53e,lenta,https://lenta.ru/news/2026/01/05/na-zapade-predupredili-zelenskogo-o-novoy-probleme-v-2026-godu/,2026-01-05 00:00:00,"На Западе предупредили Зеленского о новой проблеме02:24, 5 января 2026Мир",,,ru,RU
9d655b4d8aa3,lenta,https://lenta.ru/news/2026/01/05/na-zapade-raskryli-neozhidannuyu-prichinu-vtorzheniya-ssha-v-venesuelu/,2026-01-05 00:00:00,"На Западе раскрыли неожиданную причину вторжения США в Венесуэлу01:25, 5 января 2026Интернет и СМИ",,,ru,RU
8da0f6813a40,lenta,https://lenta.ru/news/2026/01/05/neudachnyy-pusk-pzrk-venesuely-po-amerikanskim-vertoletam-popal-na-video/,2026-01-05 00:00:00,"Неудачный пуск «Иглы» Венесуэлы по американским вертолетам попал на видео01:57, 5 января 2026Мир",,,ru,RU
42a64b45ce3a,lenta,https://lenta.ru/news/2026/01/05/odna-strana-otkazalas-podderzhat-pozitsiyu-evrosoyuza-po-venesuele/,2026-01-05 00:00:00,"Одна страна отказалась поддержать позицию Евросоюза по Венесуэле00:45, 5 января 2026Мир",,,ru,RU
fd9e8d825fc3,lenta,https://lenta.ru/news/2026/01/05/obstanovku-v-atakovannom-vsu-kupyanske-snyali-na-video/,2026-01-05 00:00:00,"Обстановку в атакованном ВСУ Купянске сняли на видео00:45, 5 января 2026Бывший СССР",,,ru,RU
1d4725d14733,lenta,https://lenta.ru/news/2026/01/05/ushla-iz-zhizni-legendarnaya-rossiyskaya-balerina/,2026-01-05 00:00:00,"Ушла из жизни легендарная российская балерина01:48, 5 января 2026Культура",,,ru,RU
943f92a4f69f,lenta,https://lenta.ru/news/2026/01/05/sotni-venesueltsev-sobralis-u-prezidentskogo-dvora-s-trebovaniem-vernut-maduro/,2026-01-05 00:00:00,"Сотни венесуэльцев устроили митинг у дворца президента и требуют вернуть Мадуро02:10, 5 января 2026Мир",,,ru,RU
e76e31e85771,lenta,https://lenta.ru/news/2026/01/05/severnaya-koreya-uspeshno-ispytala-giperzvukovye-rakety/,2026-01-05 00:00:00,"Северная Корея успешно испытала гиперзвуковые ракеты01:29, 5 января 2026Мир",,,ru,RU
5c286a461cc6,lenta,https://lenta.ru/news/2026/01/05/ranenyy-rossiyskiy-soldat-unichtozhil-neskolko-boytsov-vsu/,2026-01-05 00:00:00,"Раненый российский солдат уничтожил несколько бойцов ВСУ00:51, 5 января 2026Россия",,,ru,RU
e80aadd29d66,lenta,https://lenta.ru/news/2026/01/05/poyavilos-video-novogodnego-feyerverka-v-harkovskoy-oblasti/,2026-01-05 00:00:00,"Появилось видео «новогоднего фейерверка» в Харьковской области02:26, 5 января 2026Бывший СССР",,,ru,RU
898cd611ecc6,lenta,https://lenta.ru/news/2026/01/05/samolet-s-sotnyami-passazhirov-avariyno-sel-v-sheremetievo-iz-za-zadymleniya/,2026-01-05 00:00:00,"Самолет с сотнями пассажиров аварийно сел в Шереметьево из-за задымления00:03, 5 января 2026Путешествия",,,ru,RU
0dc6f34d98cc,lenta,https://lenta.ru/news/2026/01/05/kallas-obratilas-k-trampu-posle/,2026-01-05 00:00:00,"Каллас обратилась к Трампу на фоне ситуации с Венесуэлой00:04, 5 января 2026Мир",,,ru,RU
02abf266d8b8,lenta,https://lenta.ru/news/2026/01/05/uchenye-predupredili-ob-opasnosti-aktivnogo-dvizheniya-lednika-sudnogo-dnya/,2026-01-05 00:00:00,"Ученые предупредили об опасности активного движения ледника «Судного дня»00:42, 5 января 2026Экономика",,,ru,RU
2275b688cee0,lenta,https://lenta.ru/news/2026/01/05/glava-sbu-napisal-zayavlenie-ob-uhode/,2026-01-05 00:00:00,"Глава СБУ написал заявление об уходе01:00, 5 января 2026Бывший СССР",,,ru,RU
640bf78257de,lenta,https://lenta.ru/news/2026/01/05/premier-danii-obratilas-k-trampu-iz-za-ugroz-grenlandii/,2026-01-05 00:00:00,"Премьер Дании обратилась к Трампу из-за угроз Гренландии00:12, 5 января 2026Мир",,,ru,RU
77f0b48fac25,lenta,https://lenta.ru/news/2026/01/05/ukrainskiy-bpla-atakoval-mnogoetazhku-v-rossiyskom-regione/,2026-01-05 00:00:00,"Украинский БПЛА атаковал многоэтажку в российском регионе01:04, 5 января 2026Россия",,,ru,RU
9638d0e1a1d9,lenta,https://lenta.ru/news/2026/01/05/venesuelskiy-voennyy-rasskazal-o-katastroficheskih-posledstviyah-udara-ssha/,2026-01-05 00:00:00,"Венесуэльский военный рассказал о катастрофических последствиях удара США03:01, 5 января 2026Мир",,,ru,RU
5a688eb961ea,lenta,https://lenta.ru/news/2026/01/05/v-venesuele-vspyhnuli-protesty-iz-za-pohischeniya-maduro/,2026-01-05 00:00:00,"В Венесуэле вспыхнули протесты из-за похищения Мадуро01:26, 5 января 2026Мир",,,ru,RU
9e2b0f48bba7,lenta,https://lenta.ru/news/2026/01/05/v-kongresse-ssha-vozmutilis-iz-za-pohischeniya-maduro/,2026-01-05 00:00:00,"В Конгрессе США возмутились из-за похищения Мадуро02:10, 5 января 2026Мир",,,ru,RU
683a2dd10abe,lenta,https://lenta.ru/news/2026/01/05/v-ssha-zayavili-o-vybore-preemnika-maduro-do-vtorzheniya/,2026-01-05 00:00:00,"В США заявили о выборе преемника Мадуро до вторжения00:09, 5 января 2026Мир",,,ru,RU
e24e9c60f435,lenta,https://lenta.ru/news/2026/01/05/v-ssha-raskryli-publichnyy-signal-maduro-pered-pohischeniem-iz-venesuely/,2026-01-05 00:00:00,"В США раскрыли публичный сигнал Мадуро перед похищением из Венесуэлы01:00, 5 января 2026Мир",,,ru,RU
3e75fc96c9f3,lenta,https://lenta.ru/news/2026/01/05/virusolog-raskryla-gruppu-riska-pri-gonkongskom-grippe/,2026-01-05 00:00:00,"Вирусолог раскрыла группу риска при гонконгском гриппе02:38, 5 января 2026Забота о себе",,,ru,RU
888cb33f26ef,lenta,https://lenta.ru/news/2026/01/05/v-vsu-ispugalis-massirovannyh-udarov-rossii-s-pomoschyu-raketonostsev/,2026-01-05 00:00:00,"В ВСУ испугались массированных ударов России с помощью ракетоносцев03:06, 5 января 2026Бывший СССР",,,ru,RU
c55714f98a28,lenta,https://lenta.ru/news/2026/01/05/voenbloger-soobschil-o-priletah-geraney-po-ukraine/,2026-01-05 00:00:00,"Военблогер сообщил о прилетах «Гераней» по Украине01:10, 5 января 2026Бывший СССР",,,ru,RU
b5a796d0efa1,lenta,https://lenta.ru/news/2026/01/05/v-ukrainskom-gorode-posle-prileta-propal-svet/,2026-01-05 00:00:00,"В украинском городе после прилета пропал свет01:28, 5 января 2026Бывший СССР",,,ru,RU
e96df065ab12,lenta,https://lenta.ru/tags/organizations/aeroport-sheremetievo/,2026-01-05 00:00:00,аэропорту Шереметьево,,,ru,RU
cfb89529e9fb,lenta,https://lenta.ru/news/2026/01/05/v-britanii/,2026-01-05 00:00:00,"В Британии указали на необычный итог атаки США на Венесуэлу02:50, 5 января 2026Мир",,,ru,RU
4465500c07a9,lenta,https://lenta.ru/news/2026/01/04/v-irane-protestuyuschie-vyshli-na-ulitsy-s-oruzhiem/,2026-01-05 00:00:00,"В Иране протестующие вышли на улицы с оружием00:07, 5 января 2026Мир",,,ru,RU
92b2c2ed0aba,lenta,https://lenta.ru/tags/persons/tramp-donald/,2026-01-05 00:00:00,Дональда Трампа,,,ru,RU
e3dbd7c2c880,lenta,https://lenta.ru/tags/persons/klinton-hillari/,2026-01-05 00:00:00,Хиллари Клинтон,,,ru,RU
200ff1177e59,lenta,https://lenta.ru/news/2026/01/05/v-kongresse-ssha-rezko-raskritikovali-trampa-za-napadenie-na-venesuelu/,2026-01-05 00:00:00,"В Конгрессе США резко раскритиковали Трампа за нападение на Венесуэлу02:34, 5 января 2026Мир",,,ru,RU
4af1d8ec53ef,lenta,https://lenta.ru/news/2026/01/06/madduro/,2026-01-06 00:00:00,"Журналистам в США запретили называть действия против Мадуро похищением02:25, 6 января 2026Мир",,,ru,RU
dc2d4aad1867,lenta,https://lenta.ru/news/2026/01/06/bomba/,2026-01-06 00:00:00,"В США рассказали о больших потерях ВСУ от ударов российских авиабомб00:47, 6 января 2026Мир",,,ru,RU
c8f73fdb693d,lenta,https://lenta.ru/news/2026/01/06/gadanie/,2026-01-06 00:00:00,"Россиянам рассказали о схемах мошенничества с гаданием на Рождество01:29, 6 января 2026Интернет и СМИ",,,ru,RU
00cd226a996b,lenta,https://lenta.ru/news/2026/01/06/glava-pentagona-raskryl-chislo-uchastvovavshih-v-zahvate-maduro-chelovek/,2026-01-06 00:00:00,"Глава Пентагона раскрыл число участвовавших в захвате Мадуро человек01:20, 6 января 2026Мир",,,ru,RU
05db14743aae,lenta,https://lenta.ru/news/2026/01/06/hegset/,2026-01-06 00:00:00,"США объявили новую эпоху противостояния сверхдержав01:31, 6 января 2026Мир",,,ru,RU
d990f6104d8f,lenta,https://lenta.ru/news/2026/01/06/britaniya-ustanovila-kontakt-s-oppozitsionerom-machado-posle-zaderzhaniya-maduro/,2026-01-06 00:00:00,"Британия установила контакт с оппозиционером Мачадо после задержания Мадуро00:16, 6 января 2026Мир",,,ru,RU
bd4625946ecc,lenta,https://lenta.ru/news/2026/01/06/metro/,2026-01-06 00:00:00,"«Я понял, что убиваю человека». 45 лет назад милиционеры расправились с майором КГБ. Как это привело к чисткам в советском МВД?00:01, 6 января 2026Силовые структуры",,,ru,RU
21ec070c2a6b,lenta,https://lenta.ru/news/2026/01/06/nazvana-data-poslednego-vizita-dolinoy-v/,2026-01-06 00:00:00,"Долина не появлялась в бывшей московской квартире с прошлого года00:45, 6 января 2026Экономика",,,ru,RU
c931b8346e05,lenta,https://lenta.ru/news/2026/01/06/nekotorye-diplomaty-ssha-ne-zahoteli-sodeystvovat-okkupatsionnym-silam-v-venesuele/,2026-01-06 00:00:00,"Некоторые дипломаты США не захотели содействовать оккупационным силам в Венесуэле00:47, 6 января 2026Мир",,,ru,RU
9d3f9e2250f5,lenta,https://lenta.ru/news/2026/01/06/odna-evropeyskaya-strana-zadumalas-o-voyne-s-ssha-posle-slov-o-zapadnom-polusharii/,2026-01-06 00:00:00,"В одной европейской стране задумались о войне с США после слов о Западном полушарии01:07, 6 января 2026Мир",,,ru,RU
c13664d9220e,lenta,https://lenta.ru/news/2026/01/06/odna-strana-zahotela-vosstanovit-horoshie-otnosheniya-s-ssha/,2026-01-06 00:00:00,"Одна страна захотела восстановить хорошие отношения с США00:05, 6 января 2026Мир",,,ru,RU
172c6f8caa22,lenta,https://lenta.ru/news/2026/01/06/amerikanskie-diplomaty/,2026-01-06 00:00:00,"Американские дипломаты сравнили события в Венесуэле с оккупацией02:16, 6 января 2026Мир",,,ru,RU
a097e9abb150,lenta,https://lenta.ru/news/2026/01/06/merts-nazval/,2026-01-06 00:00:00,"Мерц назвал критической ситуацию в немецкой экономике01:21, 6 января 2026Мир",,,ru,RU
4e1dfe6bfd92,lenta,https://lenta.ru/news/2026/01/06/netanyahu-poprosil-putina-peredat-poslanie-iranu/,2026-01-06 00:00:00,"Стало известно о просьбе Нетаньяху к Путину00:34, 6 января 2026Мир",,,ru,RU
061cb07a024a,lenta,https://lenta.ru/news/2026/01/06/premier-danii-sdelala-predosterezhenie-trampu/,2026-01-06 00:00:00,"Премьер Дании предупредила о «конце всего» в случае нападения на Гренландию01:02, 6 января 2026Мир",,,ru,RU
fdaf0351bd76,lenta,https://lenta.ru/news/2026/01/06/raskryta-sudba-ukrainy-posle/,2026-01-06 00:00:00,"Раскрыта судьба Украины после атаки на Венесуэлу01:41, 6 января 2026Мир",,,ru,RU
faac9a014f0b,lenta,https://lenta.ru/news/2026/01/06/putin-rasskazal-o-zhelanii-osvoit-tri-professii-v-detstve/,2026-01-06 00:00:00,"Путин рассказал о желании освоить три профессии в детстве00:54, 6 января 2026Россия",,,ru,RU
ab8361733a35,lenta,https://lenta.ru/news/2026/01/06/tramp-nazval-uslovie-dlya-provedeniya-vyborov-v-venesuele/,2026-01-06 00:00:00,"Трамп назвал условие для проведения выборов в Венесуэле02:29, 6 января 2026Мир",,,ru,RU
c7e3052af194,lenta,https://lenta.ru/news/2026/01/06/tramp-otvetil-na-vopros-o-voyne-s-venesueloy/,2026-01-06 00:00:00,"Трамп ответил на вопрос о войне с Венесуэлой02:17, 6 января 2026Мир",,,ru,RU
32feaf756d90,lenta,https://lenta.ru/news/2026/01/06/tramp-poschital-sebya/,2026-01-06 00:00:00,"Трамп посчитал себя ключевой фигурой в управлении Венесуэлой02:30, 6 января 2026Мир",,,ru,RU
b8d771130247,lenta,https://lenta.ru/news/2026/01/06/ukrainu-predupredili-o-riske-vnezapnogo-kraha/,2026-01-06 00:00:00,"Украину предупредили о риске внезапного краха00:54, 6 января 2026Мир",,,ru,RU
c909661241c8,lenta,https://lenta.ru/news/2026/01/06/v-brazilii-nadrugalis-nad-flagom-ssha/,2026-01-06 00:00:00,"В Бразилии надругались над флагом США01:13, 6 января 2026Мир",,,ru,RU
e69d83ee2d33,lenta,https://lenta.ru/news/2026/01/06/trump/,2026-01-06 00:00:00,"В Британии рассказали о подготовке Вашингтоном проекта сделки по Гренландии02:03, 6 января 2026Мир",,,ru,RU
c7283306d721,lenta,https://lenta.ru/news/2026/01/06/v-ssha-zayavili-o-gotovnosti-vozobnovit-rabotu-posolstva-v-venesuele/,2026-01-06 00:00:00,"В США заявили о готовности возобновить работу посольства в Венесуэле00:30, 6 января 2026Мир",,,ru,RU
ca3363739b41,lenta,https://lenta.ru/news/2026/01/06/zelenskiy-raskryl-organizatora-udarov-po-rossii/,2026-01-06 00:00:00,"Зеленский раскрыл организатора ударов по России00:39, 6 января 2026Бывший СССР",,,ru,RU
2f3988a5f948,lenta,https://lenta.ru/news/2026/01/06/zelenskiy-uvolil-esche-odnogo-chinovnika/,2026-01-06 00:00:00,"Зеленский уволил еще одного чиновника00:30, 6 января 2026Бывший СССР",,,ru,RU
98fd944735de,lenta,https://lenta.ru/news/2026/01/06/stalo-izvestno-ob-ekstrennom-vozvraschenii-genseka-oon-v-ssha/,2026-01-06 00:00:00,"Стало известно об экстренном возвращении генсека ООН в США01:33, 6 января 2026Мир",,,ru,RU
214268a9766d,lenta,https://lenta.ru/news/2026/01/06/vsu/,2026-01-06 00:00:00,"Российский боец уничтожил 45 солдат ВСУ00:26, 6 января 2026Россия",,,ru,RU
a1dd37bc9b48,lenta,https://lenta.ru/news/2026/01/06/v-ssha-rasskazali-ob-izmenenii-v-konflikte-na-ukraine/,2026-01-06 00:00:00,"В США рассказали о кардинальном изменении в конфликте на Украине02:07, 6 января 2026Мир",,,ru,RU
96ae2d18f758,lenta,https://lenta.ru/news/2026/01/07/odna-strana-es-otkazalas-otpravlyat-voennyh-na-ukrainu/,2026-01-07 00:00:00,"Одна страна ЕС отказалась отправлять военных на Украину00:42, 7 января 2026Мир",,,ru,RU
1ea0b4b7af0d,lenta,https://lenta.ru/news/2026/01/07/evrokomissar-nazval-sposobnoe-unichtozhit-nato-sobytie/,2026-01-07 00:00:00,"Еврокомиссар назвал способное уничтожить НАТО событие00:54, 7 января 2026Мир",,,ru,RU
8194d8470b3b,lenta,https://lenta.ru/news/2026/01/07/evropa-prizvala-trampa-uvazhat-granitsy-i-splotilas-vokrug-danii/,2026-01-07 00:00:00,"Европа призвала Трампа уважать границы и сплотилась вокруг Дании03:06, 7 января 2026Мир",,,ru,RU
5718d20425e3,lenta,https://lenta.ru/news/2026/01/07/kantsler-germanii-predupredil-ukrainu-o-neizbezhnosti-kompromissov-s-rossiey/,2026-01-07 00:00:00,"Канцлер Германии предупредил Украину о неизбежности компромиссов с Россией00:10, 7 января 2026Мир",,,ru,RU
99120aa3c836,lenta,https://lenta.ru/news/2026/01/07/esche-odna-strana-evrosoyuza-otkazalas-napravlyat-voyska-na-ukrainu/,2026-01-07 00:00:00,"Еще одна страна Евросоюза отказалась направлять войска на Украину02:43, 7 января 2026Мир",,,ru,RU
9b41edc81c9c,lenta,https://lenta.ru/news/2026/01/07/premiera-italii-vysmeyali-iz-za-slov-o-rossii-i-ssha/,2026-01-07 00:00:00,"Премьера Италии высмеяли из-за слов о России и США02:24, 7 января 2026Мир",,,ru,RU
d11d0a6f041f,lenta,https://lenta.ru/news/2026/01/07/dnepropetrovsk-podvergsya-massirovannoy-atake/,2026-01-07 00:00:00,"Днепропетровск попал под массированный удар00:41, 7 января 2026Бывший СССР",,,ru,RU
003c12d0a22b,lenta,https://lenta.ru/news/2026/01/07/raskryt-harakter-poluchennyh-maduro-travm/,2026-01-07 00:00:00,"Раскрыт характер полученных Мадуро травм во время похищения00:27, 7 января 2026Мир",,,ru,RU
89cfd9f043b7,lenta,https://lenta.ru/news/2026/01/07/rebenka-bez-verhney-odezhdy-nashli-na-ulitse-velikogo-novgoroda/,2026-01-07 00:00:00,"Ребенка без верхней одежды нашли на улице Великого Новгорода01:46, 7 января 2026Силовые структуры",,,ru,RU
d6f597eb4baa,lenta,https://lenta.ru/news/2026/01/07/rozhdestvo-hristovo-v-2025-godu/,2026-01-07 00:00:00,"Рождество Христово в 2026 году: дата, история и традиции праздника, идеи подарков00:15, 7 января 2026Россия",,,ru,RU
2987d2389b65,lenta,https://lenta.ru/news/2026/01/07/rubio-zayavil-kongressu-o-planah-trampa-kupit-grenlandiyu/,2026-01-07 00:00:00,"Рубио сообщил Конгрессу о планах Трампа купить Гренландию01:24, 7 января 2026Мир",,,ru,RU
4969aab35636,lenta,https://lenta.ru/news/2026/01/07/koalitsiya-zhelayuschih-dogovorilas-s-kievom-o-vvode-voysk-na-ukrainu-kogda-zapadnye-voennye-poyavyatsya-u-rossiyskoy-granitsy/,2026-01-07 00:00:00,"«Коалиция желающих» договорилась с Киевом о вводе войск на Украину. Когда военные НАТО появятся у российской границы?01:52, 7 января 2026Бывший СССР",,,ru,RU
0c32ba3ed165,lenta,https://lenta.ru/news/2026/01/07/putin-pozdravil-pravoslavnyh-rossiyan-s-rozhdestvom/,2026-01-07 00:00:00,"Путин поздравил православных россиян с Рождеством00:47, 7 января 2026Россия",,,ru,RU
e71baa03fd85,lenta,https://lenta.ru/news/2026/01/06/v-belom-dome-dopustili-skoryy-zahvat-grenlandii/,2026-01-07 00:00:00,"В Белом доме допустили захват Гренландии силой00:15, 7 января 2026Мир",,,ru,RU
3d21bd3ccf57,lenta,https://lenta.ru/news/2026/01/07/samolety-nato-vyleteli-dlya-slezhki-za-rossiyskim-tankerom/,2026-01-07 00:00:00,"Самолеты НАТО вылетели для слежки за российским танкером01:31, 7 января 2026Мир",,,ru,RU
f97fe15c679a,lenta,https://lenta.ru/news/2026/01/07/shtrafy/,2026-01-07 00:00:00,"Россиян предупредили о повышении штрафов за перевозку детей без автокресла03:12, 7 января 2026Россия",,,ru,RU
7ac1b93d469e,lenta,https://lenta.ru/news/2026/01/07/strana-nato-prinyala-reshenie-po-istrebitelyam-ukraine-posle-vstrechi-v-parizhe/,2026-01-07 00:00:00,"Страна НАТО приняла решение по истребителям Украине после встречи в Париже00:23, 7 января 2026Мир",,,ru,RU
92fdf694b472,lenta,https://lenta.ru/news/2026/01/07/v-evrope-priznali-svoyu-oshibku-posle-slov-trampa-o-grenlandii/,2026-01-07 00:00:00,"В Европе признали свою ошибку после слов Трампа о Гренландии01:13, 7 января 2026Мир",,,ru,RU
846b6d56f17a,lenta,https://lenta.ru/news/2026/01/07/v-kongresse-prizvali-ob-yavit-trampu-impichment/,2026-01-07 00:00:00,"В Конгрессе призвали объявить Трампу импичмент02:50, 7 января 2026Мир",,,ru,RU
6d393833e27f,lenta,https://lenta.ru/news/2026/01/07/v-ssha-oboznachili-srok-finalnoy-razvyazki-konflikta-na-ukraine/,2026-01-07 00:00:00,"В США обозначили срок финальной развязки конфликта на Украине02:02, 7 января 2026Мир",,,ru,RU
0f1d9a00e6ae,lenta,https://lenta.ru/news/2026/01/07/v-ssha-otmetili-effektivnost-rossiyskoy-taktiki-protiv-bpla-vsu/,2026-01-07 00:00:00,"В США отметили эффективность российской тактики против БПЛА ВСУ00:41, 7 января 2026Наука и техника",,,ru,RU
d4a8109606cc,lenta,https://lenta.ru/news/2026/01/07/v-turtsii-soobschili-o-blizosti-k-miru-na-ukraine/,2026-01-07 00:00:00,"В Турции сообщили о «близости к миру» на Украине00:17, 7 января 2026Мир",,,ru,RU
890352acc491,lenta,https://lenta.ru/news/2026/01/07/v-ssha-predrekli-otvet-rossii-na-operatsiyu-v-venesuele/,2026-01-07 00:00:00,"В США предрекли ответ России на операцию в Венесуэле01:38, 7 января 2026Мир",,,ru,RU
a4af66cc5219,lenta,https://lenta.ru/news/2026/01/07/voenkor-raskryl-sut-prozvuchavshih-na-vstreche-koalitsii-zhelayuschih-zayavleniy/,2026-01-07 00:00:00,"Военкор раскрыл суть прозвучавших на встрече «коалиции желающих» заявлений01:07, 7 января 2026Россия",,,ru,RU
1eacb8e4907f,lenta,https://lenta.ru/news/2026/01/07/ssha-predrekli-holodnyy-dush-posle-ataki-na-venesuelu/,2026-01-07 00:00:00,"США предрекли «холодный душ» после атаки на Венесуэлу00:21, 7 января 2026Россия",,,ru,RU
d0e716370d66,lenta,https://lenta.ru/news/2026/01/07/v-turtsii-ukazali-na-vazhnyy-signal-dlya-buduschego-rossii-i-evropy/,2026-01-07 00:00:00,"В Турции указали на важный сигнал для будущего России и Европы00:52, 7 января 2026Мир",,,ru,RU
0a20ec826eb2,lenta,https://lenta.ru/news/2026/01/07/ssha-i-venesuela-vstupili-v-peregovory-posle-pohischeniya-maduro/,2026-01-07 00:00:00,"США и Венесуэла вступили в переговоры после похищения Мадуро01:49, 7 января 2026Мир",,,ru,RU
e62afa2671cc,lenta,https://lenta.ru/news/2026/01/07/sprognozirovany-puti-vtorzheniya-ssha-v-grenlandiyu/,2026-01-07 00:00:00,"Спрогнозированы пути вторжения США в Гренландию02:58, 7 января 2026Мир",,,ru,RU
4d02e3b104eb,lenta,https://lenta.ru/news/2026/01/07/vlasti-ukrainy-otkryli-ohotu-na-uchiteley-iz-za-uchebnikov-sssr/,2026-01-07 00:00:00,"Власти Украины открыли охоту на учителей из-за учебников СССР02:25, 7 января 2026Бывший СССР",,,ru,RU
264a6da998b1,lenta,https://lenta.ru/news/2026/01/08/karlson-raskryl-posledstviya-operatsii-ssha-v-venesuele/,2026-01-08 00:00:00,"Карлсон раскрыл неожиданные последствия операции США в Венесуэле03:07, 8 января 2026Мир",,,ru,RU
f72945ec26ea,lenta,https://lenta.ru/news/2026/01/08/mcdonald-s-zaregistrirovala-v-rossii-tovarnyy-znak/,2026-01-08 00:00:00,"McDonald's зарегистрировала в России товарный знак02:38, 8 января 2026Экономика",,,ru,RU
8c6b92aca68b,lenta,https://lenta.ru/news/2026/01/08/mvd-germanii-otsenilo-versiyu-o-rossiyskom-slede-v-blekaute-v-berline/,2026-01-08 00:00:00,"МВД Германии оценило версию о «российском следе» в блэкауте в Берлине00:58, 8 января 2026Мир",,,ru,RU
811eaecb653a,lenta,https://lenta.ru/news/2026/01/08/tramp-dal-zelenyy-svet-zakonoproektu-ob-usilenii-sanktsiy-protiv-rossii/,2026-01-08 00:00:00,"Трамп дал «зеленый свет» законопроекту об усилении санкций против России02:23, 8 января 2026Мир",,,ru,RU
b972bf24a8cd,lenta,https://lenta.ru/news/2026/01/08/na-zapade-otsenili-polozhenie-ukrainy-na-pole-boya/,2026-01-08 00:00:00,"На Западе оценили положение Украины на поле боя01:53, 8 января 2026Интернет и СМИ",,,ru,RU
c0f6748efe64,lenta,https://lenta.ru/news/2026/01/08/na-zapade-rasskazali-o-nasmeshivshem-russkih-zelenskom/,2026-01-08 00:00:00,"На Западе рассказали о насмешившем русских Зеленском00:27, 8 января 2026Мир",,,ru,RU
cdbae14f805b,lenta,https://lenta.ru/news/2026/01/08/pervym-zastryavshim-na-sokotre-rossiyskim-turistam-udalos-pokinut-ostrov/,2026-01-08 00:00:00,"Первым застрявшим на Сокотре российским туристам удалось покинуть остров00:20, 8 января 2026Путешествия",,,ru,RU
c4059cb4cf3d,lenta,https://lenta.ru/news/2026/01/08/nemetskie-voennye-popytalis-sbit-neizvestnye-drony/,2026-01-08 00:00:00,"Немецкие военные попытались сбить неизвестные дроны02:03, 8 января 2026Мир",,,ru,RU
b3320eb8bed7,lenta,https://lenta.ru/news/2026/01/08/premier-norvegii-predlozhil-ob-edinitsya-s-daniey/,2026-01-08 00:00:00,"Премьер Норвегии предложил объединиться с Данией01:17, 8 января 2026Мир",,,ru,RU
9552169c3750,lenta,https://lenta.ru/news/2026/01/08/protesty-ohvatili-bolshuyu-chast-irana-lyudi-strelyayut-v-silovikov-ssha-grozyat-vmeshatelstvom-a-ayatolla-gotovit-plan-pobega/,2026-01-08 00:00:00,"Протесты охватили большую часть Ирана. Люди стреляют в силовиков, США грозят вмешательством, а аятолла готовит план побега02:03, 8 января 2026Мир",,,ru,RU
96941ba1a142,lenta,https://lenta.ru/news/2026/01/08/saldo-soobschil-ob-atake-ukrainskih-bpla/,2026-01-08 00:00:00,"Сальдо сообщил об атаке украинских БПЛА00:22, 8 января 2026Бывший СССР",,,ru,RU
5cb1f6cc3732,lenta,https://lenta.ru/news/2026/01/08/ekspert-otsenila-vygodu-otpuska-v-yanvare/,2026-01-08 00:00:00,"Эксперт оценила выгоду отпуска в январе02:34, 8 января 2026Экономика",,,ru,RU
79693be07ff8,lenta,https://lenta.ru/news/2026/01/08/na-zapade-zagovorili-o-potere-smysla-suschestvovaniya-nato-pri-odnom-uslovii/,2026-01-08 00:00:00,"На Западе заговорили о потере смысла существования НАТО при одном условии02:17, 8 января 2026Мир",,,ru,RU
6bdbc56cd36d,lenta,https://lenta.ru/news/2026/01/08/budanov-v-kostyume-popoziroval-na-fone-sarkofaga-napoleona/,2026-01-08 00:00:00,"Буданов в костюме попозировал на фоне саркофага Наполеона00:26, 8 января 2026Бывший СССР",,,ru,RU
563bc4cbeb75,lenta,https://lenta.ru/news/2026/01/08/na-ukraine-zayavili-o-vzyatii-rossiyskimi-voennymi-kontrolya-nad-dvumya-selami/,2026-01-08 00:00:00,"На Украине заявили о взятии российскими военными контроля над двумя селами01:26, 8 января 2026Бывший СССР",,,ru,RU
ccfeb486cb94,lenta,https://lenta.ru/news/2026/01/08/svet-v-dnepropetrovskoy-oblasti-poobeschali-dat-v-2027-godu/,2026-01-08 00:00:00,"Свет в Днепропетровской области пообещали дать в 2027 году00:24, 8 января 2026Бывший СССР",,,ru,RU
98e7ec00403d,lenta,https://lenta.ru/news/2026/01/08/v-zaporozhskih-supermarketah-obrazovalis-ocheredi/,2026-01-08 00:00:00,"В запорожских супермаркетах образовались очереди00:48, 8 января 2026Бывший СССР",,,ru,RU
aa72da50d4df,lenta,https://lenta.ru/news/2026/01/08/tramp-zastavil-ssha-vyyti-iz-66-mezhdunarodnyh-organizatsiy/,2026-01-08 00:00:00,"Трамп заставил США выйти из 66 международных организаций02:12, 8 января 2026Мир",,,ru,RU
f421db7599b7,lenta,https://lenta.ru/news/2026/01/08/v-dnepropetrovskoy-oblasti-ostanovili-rabotu-vseh-tets-i-podstantsiy/,2026-01-08 00:00:00,"В Днепропетровской области остановили работу всех ТЭЦ и подстанций00:13, 8 января 2026Бывший СССР",,,ru,RU
fb4246e42726,lenta,https://lenta.ru/news/2026/01/08/v-minneapolise-nachalis-massovye-protesty-posle-ubiystva-zhenschiny/,2026-01-08 00:00:00,"В Миннеаполисе начались массовые протесты после убийства женщины00:48, 8 января 2026Мир",,,ru,RU
d8cce7d480c6,lenta,https://lenta.ru/news/2026/01/08/v-ssha-raskryli-nastoyaschego-glavnogo-vraga-rossii/,2026-01-08 00:00:00,"В США раскрыли настоящего главного врага России03:00, 8 января 2026Мир",,,ru,RU
c222f12f49e8,lenta,https://lenta.ru/news/2026/01/08/v-ssha-rassekretili-stenogrammy-besed-putina-i-busha-mladshego-v-2001-godu/,2026-01-08 00:00:00,"В США рассекретили стенограммы бесед Путина и Буша-младшего в 2001 году02:30, 8 января 2026Мир",,,ru,RU
355d0fd396bf,lenta,https://lenta.ru/news/2026/01/07/v-rezultate-blekauta-v-dnepropetrovske-ostanovilos-metro/,2026-01-08 00:00:00,"В результате блэкаута в Днепропетровске остановилось метро00:00, 8 января 2026Бывший СССР",,,ru,RU
8480e68746d9,lenta,https://lenta.ru/news/2026/01/08/venesuela-na-dengi-ot-prodazhi-nefti-budet-zakupat-tovary-tolko-odnoy-strany/,2026-01-08 00:00:00,"Венесуэла на деньги от продажи нефти будет закупать товары только одной страны01:55, 8 января 2026Мир",,,ru,RU
62ad3f8c2bf5,lenta,https://lenta.ru/news/2026/01/08/zhelanie-ssha-kontrolirovat-venesuelu-ob-yasnili/,2026-01-08 00:00:00,"Желание США контролировать Венесуэлу объяснили03:01, 8 января 2026Мир",,,ru,RU
ed9585249da6,lenta,https://lenta.ru/news/2026/01/08/tramp-zahotel-uvelichit-voennyy-byudzhet-iz-za-trevozhnyh-i-opasnyh-vremen/,2026-01-08 00:00:00,"Трамп захотел увеличить военный бюджет из-за «тревожных и опасных времен»01:25, 8 января 2026Мир",,,ru,RU
2b7f5b6a051d,lenta,https://lenta.ru/news/2026/01/08/vengriya-zayavila-o-novom-shage-evropy-k-voyne-s-rossiey/,2026-01-08 00:00:00,"Венгрия заявила о новом шаге Европы к войне с Россией02:38, 8 января 2026Мир",,,ru,RU
503d288ca3df,lenta,https://lenta.ru/news/2026/01/08/tramp-opravdal-ubiystvo-zhenschiny-sotrudnikom-migratsionnoy-sluzhby/,2026-01-08 00:00:00,"Трамп оправдал убийство женщины сотрудником миграционной службы00:52, 8 января 2026Мир",,,ru,RU
3462f0f93ee5,lenta,https://lenta.ru/tags/geo/dnepropetrovsk/,2026-01-08 00:00:00,Днепропетровске,,,ru,RU
34cfb2a8ed07,lenta,https://lenta.ru/news/2026/01/08/v-ssha-ukazali-na-hamskoe-otnoshenie-zapada-k-rossii/,2026-01-08 00:00:00,"В США указали на хамское отношение Запада к России01:01, 8 января 2026Мир",,,ru,RU
502821e198a1,lenta,https://lenta.ru/news/2026/01/09/kim/,2026-01-09 00:00:00,"Ким Чен Ын назвал дружбу с Путиным бесценной01:12, 9 января 2026Мир",,,ru,RU
ed5dd63853f6,lenta,https://lenta.ru/news/2026/01/09/merts/,2026-01-09 00:00:00,"В Британии заявили об унижении Мерца из-за стремления ввести войска на Украину01:32, 9 января 2026Мир",,,ru,RU
b7c69d7c0ff3,lenta,https://lenta.ru/news/2026/01/09/na-ukraine-govoryat-ob-udare-oreshnikom-po-lvovschine-moschneyshie-vzryvy-slyshali-po-vsey-oblasti-i-dazhe-v-sosednem-regione/,2026-01-09 00:00:00,"Россия ударила «Орешником» по западу Украины. Целью могло стать гигантское газохранилище02:45, 9 января 2026Бывший СССР",,,ru,RU
68572814272c,lenta,https://lenta.ru/news/2026/01/09/na-ukraine-priznali-nehvatku-resursov-dlya-vosstanovleniya-energetiki/,2026-01-09 00:00:00,"На Украине признали нехватку ресурсов для восстановления энергетики00:11, 9 января 2026Бывший СССР",,,ru,RU
a8f269af1f15,lenta,https://lenta.ru/news/2026/01/09/kongressmeny-ssha-vstretyatsya-s-deputatami-gosdumy/,2026-01-09 00:00:00,"Конгрессмены США встретятся с депутатами Госдумы00:35, 9 января 2026Мир",,,ru,RU
6ea7457db483,lenta,https://lenta.ru/news/2026/01/09/na-zapade-obvinili-partnerov-kieva-v-vozmozhnoy-potere-ukrainoy-territoriy/,2026-01-09 00:00:00,"На Западе обвинили партнеров Киева в возможной потере Украиной территорий02:12, 9 января 2026Мир",,,ru,RU
0f75d6934eeb,lenta,https://lenta.ru/news/2026/01/09/prisaga/,2026-01-09 00:00:00,"В МВД рассказали о присяге при приобретении российского гражданства00:44, 9 января 2026Россия",,,ru,RU
d803f8abb514,lenta,https://lenta.ru/news/2026/01/09/polkovnik-sbu-ulichil-zelenskogo-v-popytke-otvlech-obschestvo-ot-korruptsionnogo-skandala/,2026-01-09 00:00:00,"Полковник СБУ уличил Зеленского в попытке отвлечь общество от коррупционного скандала03:02, 9 января 2026Бывший СССР",,,ru,RU
fa8acbf05f1d,lenta,https://lenta.ru/news/2026/01/09/raskryt-kanal-informatsii-ob-ukraine-v-tsru/,2026-01-09 00:00:00,"Раскрыт канал информации об Украине в ЦРУ01:23, 9 января 2026Мир",,,ru,RU
505b58f66264,lenta,https://lenta.ru/news/2026/01/09/raskryta-taktika-vsu-na-krasnolimanskom-napravlenii/,2026-01-09 00:00:00,"Раскрыта тактика ВСУ на краснолиманском направлении03:35, 9 января 2026Бывший СССР",,,ru,RU
c9723f0b62d7,lenta,https://lenta.ru/news/2026/01/09/raskryty-posledstviya-ataki-po-lvovskoy-oblasti/,2026-01-09 00:00:00,"Раскрыты последствия удара по Львовской области01:23, 9 января 2026Бывший СССР",,,ru,RU
6661cb51a0ab,lenta,https://lenta.ru/news/2026/01/08/es/,2026-01-09 00:00:00,"Европейские дипломаты ответили на вопрос о «российской агрессии»00:17, 9 января 2026Мир",,,ru,RU
aa40bedf2909,lenta,https://lenta.ru/news/2026/01/09/nad-rossiyskim-gorodom-progremeli-vzryvy/,2026-01-09 00:00:00,"Над российским городом прогремели взрывы00:52, 9 января 2026Россия",,,ru,RU
660313bed1aa,lenta,https://lenta.ru/news/2026/01/09/na-ukraine-zagovorili-ob-udare-oreshnikom-po-lvovu-posle-moschneyshih-vzryvov/,2026-01-09 00:00:00,"На Украине заговорили об ударе «Орешником» по Львову после мощнейших взрывов01:10, 9 января 2026Бывший СССР",,,ru,RU
0f9c209bb6bd,lenta,https://lenta.ru/news/2026/01/09/repressii-stanovyatsya-bolee-masshtabnymi-protesty-v-irane-ohvatili-vse-provintsii-i-prodolzhayutsya-12-dney-v-strane-propal-internet/,2026-01-09 00:00:00,"«Репрессии становятся более масштабными». Протесты в Иране охватили все провинции и продолжаются 12 дней. В стране пропал интернет01:15, 9 января 2026Мир",,,ru,RU
b9911a5363ca,lenta,https://lenta.ru/news/2026/01/09/tramp-sravnil-svoi-sposobnosti-v-politike-i-nedvizhimosti/,2026-01-09 00:00:00,"Трамп сравнил свои способности в политике и недвижимости01:57, 9 января 2026Экономика",,,ru,RU
2e479d1b4248,lenta,https://lenta.ru/news/2026/01/09/stala-izvestna-vozmozhnaya-tsel-udara-vs-rossii-po-kievu/,2026-01-09 00:00:00,"Стала известна возможная цель удара ВС России по Киеву02:39, 9 января 2026Бывший СССР",,,ru,RU
c783af8f2b0d,lenta,https://lenta.ru/news/2026/01/09/v-vsu-nazvali-vozmozhnoe-mesto-zapuska-oreshnika/,2026-01-09 00:00:00,"В ВСУ назвали возможное место запуска «Орешника»02:24, 9 января 2026Бывший СССР",,,ru,RU
66371053d1b7,lenta,https://lenta.ru/news/2026/01/09/v-ssha-predrekli-skoryy-uhod-zelenskogo/,2026-01-09 00:00:00,"В США предрекли скорый уход Зеленского03:15, 9 января 2026Мир",,,ru,RU
a2062de2f8b8,lenta,https://lenta.ru/news/2026/01/09/v-belgorode-propalo-elektrichestvo-posle-udara-vsu/,2026-01-09 00:00:00,"В Белгороде пропало электричество после удара ВСУ00:38, 9 января 2026Россия",,,ru,RU
f1eb15d45bc2,lenta,https://lenta.ru/news/2026/01/09/v-germanii-otsenili-plany-ssha-razmestit-v-strane-rakety/,2026-01-09 00:00:00,"В Германии оценили планы США разместить в стране ракеты01:39, 9 января 2026Мир",,,ru,RU
d79eeff8f46a,lenta,https://lenta.ru/news/2026/01/09/v/,2026-01-09 00:00:00,"В Киеве начались пожары02:16, 9 января 2026Бывший СССР",,,ru,RU
44932bbb60bc,lenta,https://lenta.ru/news/2026/01/09/v-rossii-nazvali-vozmozhnuyu-tsel-predpolagaemogo-udara-oreshnikom-po-lvovschine/,2026-01-09 00:00:00,"В России назвали возможную цель предполагаемого удара «Орешником» по Львовщине02:04, 9 января 2026Россия",,,ru,RU
26ce00876d98,lenta,https://lenta.ru/news/2026/01/09/vo-lvovskoy-oblasti-nachalis-problemy-s-gazom/,2026-01-09 00:00:00,"Во Львовской области начались проблемы с газом02:31, 9 января 2026Бывший СССР",,,ru,RU
dcd4f8c9ea15,lenta,https://lenta.ru/news/2026/01/09/vsu-raketami-udarili-po-rossiyskomu-gorodu/,2026-01-09 00:00:00,"ВСУ ракетами ударили по российскому городу00:29, 9 января 2026Россия",,,ru,RU
5c3a0511c5b2,lenta,https://lenta.ru/news/2026/01/09/zapad/,2026-01-09 00:00:00,"Европейский депутат заявил о деградации правящего класса на Западе03:27, 9 января 2026Мир",,,ru,RU
87e3f5594285,lenta,https://lenta.ru/news/2026/01/09/ukrainets-rasskazal-ob-otkaze-v-vyplatah-semie-iz-za-gibeli-soldata-vsu-v-chuzhom-okope/,2026-01-09 00:00:00,"Украинец рассказал об отказе в выплатах семье из-за гибели солдата ВСУ в чужом окопе01:50, 9 января 2026Бывший СССР",,,ru,RU
132108c29ca2,lenta,https://lenta.ru/news/2026/01/09/vsu-atakovali-ob-ekt-infrastruktury-esche-v-odnom-rossiyskom-gorode/,2026-01-09 00:00:00,"ВСУ атаковали объект инфраструктуры еще в одном российском городе02:01, 9 января 2026Россия",,,ru,RU
31e3c9b96a33,lenta,https://lenta.ru/news/2026/01/09/v-ssha-otsenili-veroyatnost-pomilovaniya-maduro-trampom/,2026-01-09 00:00:00,"В США оценили вероятность помилования Мадуро Трампом00:32, 9 января 2026Интернет и СМИ",,,ru,RU
f15a227639d1,lenta,https://lenta.ru/news/2026/01/10/tramp-pogovoril-v-vyklyuchennyy-mikrofon/,2026-01-10 00:00:00,"Вэнс помог Трампу включить микрофон00:55, 10 января 2026Мир",,,ru,RU
1cfd31a3d114,lenta,https://lenta.ru/news/2026/01/10/novaya-glava-venesuely-zayavila-ob-agressii-posle-slov-trampa-o-sotrudnichestve/,2026-01-10 00:00:00,"Новая глава Венесуэлы заявила об агрессии после слов Трампа о сотрудничестве02:16, 10 января 2026Мир",,,ru,RU
88d9ddee9ade,lenta,https://lenta.ru/news/2026/01/10/stolichnyy-aeroport-dostavit-bagazh-passazhiram-na-dom-iz-za-snegopada/,2026-01-10 00:00:00,"Столичный аэропорт доставит багаж пассажирам на дом из-за снегопада01:34, 10 января 2026Путешествия",,,ru,RU
8ae0957f634b,lenta,https://lenta.ru/news/2026/01/10/tramp-dal-pugayuschiy-signal-esche-odnoy-strane/,2026-01-10 00:00:00,"Трамп дал пугающий сигнал еще одной стране02:55, 10 января 2026Мир",,,ru,RU
30ba694af449,lenta,https://lenta.ru/news/2026/01/10/tramp-otkazalsya-zahvatyvat-putina/,2026-01-10 00:00:00,"Трамп отказался захватывать Путина00:10, 10 января 2026Мир",,,ru,RU
b9aae9f1a8ba,lenta,https://lenta.ru/news/2026/01/10/tramp-prigrozil-udarami-esche-odnoy-strane/,2026-01-10 00:00:00,"Трамп пригрозил ударами еще одной стране00:23, 10 января 2026Мир",,,ru,RU
d47e9884282d,lenta,https://lenta.ru/news/2026/01/10/nad-rossiyskim-gorodom-razdalas-seriya-vzryvov/,2026-01-10 00:00:00,"Над российским городом раздалась серия взрывов01:26, 10 января 2026Россия",,,ru,RU
aa5fddb119ec,lenta,https://lenta.ru/news/2026/01/10/tramp-prokommentiroval-zahvat-tankera-v-karibskom-regione/,2026-01-10 00:00:00,"Трамп прокомментировал захват танкера в Карибском регионе00:17, 10 января 2026Мир",,,ru,RU
dd0a09a08585,lenta,https://lenta.ru/news/2026/01/10/tramp-rasskazal-o-svoih-kornyah/,2026-01-10 00:00:00,"Трамп рассказал о своих корнях01:22, 10 января 2026Мир",,,ru,RU
6c7a3d430299,lenta,https://lenta.ru/news/2026/01/10/tramp-rezko-vyskazalsya-o-rossii/,2026-01-10 00:00:00,"Трамп резко высказался о России00:12, 10 января 2026Мир",,,ru,RU
b1f0bb07bbc8,lenta,https://lenta.ru/news/2026/01/10/tramp-vyskazalsya-o-prodazhe-nefti-rossii/,2026-01-10 00:00:00,"Трамп высказался о продаже нефти России00:32, 10 января 2026Мир",,,ru,RU
881cdf27b238,lenta,https://lenta.ru/news/2026/01/10/tramp-nameknul-na-problemy-dlya-esche-odnoy-strany/,2026-01-10 00:00:00,"Трамп намекнул на проблемы для еще одной страны01:44, 10 января 2026Мир",,,ru,RU
cd5e49133e0d,lenta,https://lenta.ru/news/2026/01/10/tramp-priznalsya-v-lyubvi-k-rossiyanam/,2026-01-10 00:00:00,"Трамп признался в любви к народу России00:32, 10 января 2026Мир",,,ru,RU
e3bd87a63ae3,lenta,https://lenta.ru/news/2026/01/10/kievu-posovetovali-radovatsya-posle-udara-oreshnika/,2026-01-10 00:00:00,"Киеву посоветовали радоваться после удара «Орешника»02:38, 10 января 2026Бывший СССР",,,ru,RU
dc56ee704e66,lenta,https://lenta.ru/news/2026/01/10/tramp-snova-zagovoril-o-razocharovanii-v-putine/,2026-01-10 00:00:00,"Трамп снова заговорил о разочаровании в Путине01:01, 10 января 2026Мир",,,ru,RU
aaccb3781e89,lenta,https://lenta.ru/news/2026/01/09/mer-lvova-zayavil-ob-uzhasnyh-razrusheniyah-iz-za-oreshnika/,2026-01-10 00:00:00,"Мэр Львова заявил об «ужасных» разрушениях из-за «Орешника»00:13, 10 января 2026Бывший СССР",,,ru,RU
6a9f3b4f03f5,lenta,https://lenta.ru/news/2026/01/10/v-kieve-progremeli-vzryvy/,2026-01-10 00:00:00,"В Киеве прогремели взрывы00:20, 10 января 2026Бывший СССР",,,ru,RU
7da90afdf891,lenta,https://lenta.ru/news/2026/01/10/v-nato-usililsya-raskol-iz-za-oreshnika/,2026-01-10 00:00:00,"В НАТО усилился раскол из-за «Орешника»02:32, 10 января 2026Мир",,,ru,RU
674de17408b8,lenta,https://lenta.ru/news/2026/01/10/v-ssha-otsenili-odno-preduprezhdenie-rossii-na-ukraine/,2026-01-10 00:00:00,"В США оценили одно предупреждение России на Украине01:55, 10 января 2026Мир",,,ru,RU
5c9fea910397,lenta,https://lenta.ru/news/2026/01/10/v-ssha-zayavili-o-taynyh-peregovorah-vatikana-ob-ubezhische-maduro-v-rossii/,2026-01-10 00:00:00,"В США заявили о тайных переговорах Ватикана об убежище Мадуро в России02:41, 10 января 2026Мир",,,ru,RU
d6511ca122b7,lenta,https://lenta.ru/news/2026/01/10/v-udare-oreshnika-po-ukraine-uvideli-poslanie-evrope/,2026-01-10 00:00:00,"В ударе «Орешника» по Украине увидели послание Европе01:28, 10 января 2026Мир",,,ru,RU
3e4192ac496a,lenta,https://lenta.ru/news/2026/01/10/vnuk-pugachevoy-rasskazal-o-narushenii-raboty-mozga/,2026-01-10 00:00:00,"Внук Пугачевой рассказал о нарушении работы мозга00:59, 10 января 2026Культура",,,ru,RU
60e40cd7596d,lenta,https://lenta.ru/news/2026/01/10/vzryvy-progremeli-esche-v-odnom-rossiyskom-gorode/,2026-01-10 00:00:00,"Взрывы прогремели еще в одном российском городе01:52, 10 января 2026Россия",,,ru,RU
b9294ea61ea6,lenta,https://lenta.ru/news/2026/01/10/tramp-zayavil-o-trevozhnyh-opaseniyah-po-rossii/,2026-01-10 00:00:00,"Трамп выразил опасения из-за влияния России00:37, 10 января 2026Мир",,,ru,RU
2392aeb888af,lenta,https://lenta.ru/news/2026/01/10/zelenskiy-rasskazal-o-peregovorah-s-ssha-o-svobodnoy-torgovle/,2026-01-10 00:00:00,"Зеленский рассказал о переговорах с США по одному вопросу01:29, 10 января 2026Экономика",,,ru,RU
0a3075a4dec4,lenta,https://lenta.ru/news/2026/01/10/tramp-vysmeyal-prava-danii-na-grenlandiyu/,2026-01-10 00:00:00,"Трамп высмеял права Дании на Гренландию00:46, 10 января 2026Мир",,,ru,RU
0561a43b3462,lenta,https://lenta.ru/news/2026/01/10/tramp-zahotel-poluchit-neskolko-nobelevskih-premiy/,2026-01-10 00:00:00,"Трамп захотел получить несколько Нобелевских премий01:02, 10 января 2026Мир",,,ru,RU
38b1b49ee2c6,lenta,https://lenta.ru/news/2026/01/09/shturmoviki-vsu-nachali-pohischat-boytsov-smezhnyh-podrazdeleniy/,2026-01-10 00:00:00,"Штурмовики ВСУ начали похищать бойцов смежных подразделений00:06, 10 января 2026Бывший СССР",,,ru,RU
18d3fc1311af,lenta,https://lenta.ru/news/2026/01/10/zelenskiy-postavil-rossii-srok-dlya-otveta-na-mirnyy-plan/,2026-01-10 00:00:00,"Зеленский поставил России срок для ответа на мирный план00:30, 10 января 2026Бывший СССР",,,ru,RU
c9761359c22e,lenta,https://lenta.ru/news/2026/01/11/gubernator-rasskazal-o-sostoyanii-postradavshih-ot-udara-vsu-po-voronezhu/,2026-01-11 00:00:00,"Губернатор рассказал о состоянии пострадавших от удара ВСУ по Воронежу00:16, 11 января 2026Россия",,,ru,RU
6bca081e3050,lenta,https://lenta.ru/news/2026/01/11/koty-ostalis-v-ohvachennom-ognem-magazine-v-rossiyskom-gorode/,2026-01-11 00:00:00,"Коты ждали помощи в охваченном огнем магазине в российском городе00:36, 11 января 2026Россия",,,ru,RU
16cb28ab1914,lenta,https://lenta.ru/news/2026/01/11/moschnoe-unichtozhenie-frantsuzskogo-btr-vsu-snyali-na-video/,2026-01-11 00:00:00,"Мощное уничтожение французского БТР ВСУ сняли на видео02:38, 11 января 2026Бывший СССР",,,ru,RU
378223fbaf1e,lenta,https://lenta.ru/news/2026/01/11/goryaschie-oblomki-bpla-v-voronezhe-snyali-na-video/,2026-01-11 00:00:00,"Горящие обломки БПЛА в Воронеже сняли на видео01:10, 11 января 2026Россия",,,ru,RU
263d354d9ff5,lenta,https://lenta.ru/news/2026/01/11/na-zapade-raskryli-opasnost-nyneshney-zimy-dlya-ukrainy/,2026-01-11 00:00:00,"На Западе раскрыли опасность нынешней зимы для Украины03:05, 11 января 2026Интернет и СМИ",,,ru,RU
9e5dbbb2be7c,lenta,https://lenta.ru/news/2026/01/11/otsutstvie-reaktsii-pvo-venesuely-na-ataku-ssha-ob-yasnili/,2026-01-11 00:00:00,"Отсутствие реакции ПВО Венесуэлы на атаку США объяснили01:44, 11 января 2026Мир",,,ru,RU
64014776d147,lenta,https://lenta.ru/news/2026/01/11/ssha-pokazali-kadry-massirovannyh-udarov-po-pozitsiyam-ig-v-sirii/,2026-01-11 00:00:00,"США показали кадры массированных ударов по позициям ИГ в Сирии04:00, 11 января 2026Мир",,,ru,RU
2fe04db43f28,lenta,https://lenta.ru/news/2026/01/11/rossiyskiy-posol-oharakterizoval-operatsiyu-ssha-protiv-maduro-odnim-slovom/,2026-01-11 00:00:00,"Российский посол охарактеризовал операцию США против Мадуро двумя словами01:33, 11 января 2026Мир",,,ru,RU
88481df9e749,lenta,https://lenta.ru/news/2026/01/11/stalo-izvestno-o-meste-zapuska-ukrainskih-bpla-po-voronezhu/,2026-01-11 00:00:00,"Стало известно о месте запуска украинских БПЛА по Воронежу02:23, 11 января 2026Бывший СССР",,,ru,RU
1e3ec9812429,lenta,https://lenta.ru/news/2026/01/11/stalo-izvestno-o-planah-britanii-otpravit-voyska-v-grenlandiyu-iz-za-ssha/,2026-01-11 00:00:00,"Стало известно о планах Британии отправить войска в Гренландию из-за США03:20, 11 января 2026Мир",,,ru,RU
d8bfe5507c46,lenta,https://lenta.ru/news/2026/01/11/na-ukraine-pozloradstvovali-na-ermakom/,2026-01-11 00:00:00,"На Украине позлорадствовали над Ермаком00:03, 11 января 2026Бывший СССР",,,ru,RU
b55924a6fb61,lenta,https://lenta.ru/news/2026/01/11/goryaschie-oblomki-bespilotnikov-vsu-nashli-v-raznyh-chastyah-voronezha/,2026-01-11 00:00:00,"Горящие обломки беспилотников ВСУ нашли в разных частях Воронежа00:35, 11 января 2026Россия",,,ru,RU
cbaee75fcde9,lenta,https://lenta.ru/news/2026/01/11/rossiyskie-voennye-nashli-yamu-s-telami-dezertirov-na-pozitsiyah-vsu/,2026-01-11 00:00:00,"Российские военные нашли яму с телами дезертиров на позициях ВСУ01:40, 11 января 2026Россия",,,ru,RU
9bc3a5a803e6,lenta,https://lenta.ru/news/2026/01/11/glave-odnogo-gosudarstva-potrebovalos-lechenie-i-pokoy/,2026-01-11 00:00:00,"Главе одного государства потребовалось лечение и покой03:42, 11 января 2026Мир",,,ru,RU
128381236606,lenta,https://lenta.ru/news/2026/01/11/chast-boegolovok-zapuschennyh-ssha-po-ig-tomahawk-ne-sdetonirovali/,2026-01-11 00:00:00,"Часть боеголовок запущенных США по ИГ Tomahawk не сдетонировали02:09, 11 января 2026Мир",,,ru,RU
ebae25f25c6e,lenta,https://lenta.ru/news/2026/01/11/stalo-izvestno-o-podgotovke-zelenskim-ekonomicheskogo-anekdota-dlya-trampa/,2026-01-11 00:00:00,"Стало известно о подготовке Зеленским «экономического анекдота» для Трампа01:10, 11 января 2026Интернет и СМИ",,,ru,RU
f0876802af40,lenta,https://lenta.ru/news/2026/01/11/v-vsu-raskryli-istinnoe-otnoshenie-ukraintsev-k-mobilizatsii/,2026-01-11 00:00:00,"В ВСУ раскрыли истинное отношение украинцев к мобилизации02:07, 11 января 2026Бывший СССР",,,ru,RU
c3655e654592,lenta,https://lenta.ru/news/2026/01/11/v-minneapolise-proshli-novye-massovye-demonstratsii-posle-ubiystva-zhenschiny/,2026-01-11 00:00:00,"В Миннеаполисе прошли новые массовые демонстрации после убийства женщины00:34, 11 января 2026Мир",,,ru,RU
1ebb0418f38a,lenta,https://lenta.ru/news/2026/01/11/tramp-rasskazal-o-shage-venesuely-v-otnoshenii-politzaklyuchennyh/,2026-01-11 00:00:00,"Трамп рассказал о шаге Венесуэлы в отношении политзаключенных03:30, 11 января 2026Мир",,,ru,RU
8de1f1734d04,lenta,https://lenta.ru/news/2026/01/11/tramp-vvel-rezhim-chp-v-ssha/,2026-01-11 00:00:00,"Трамп ввел режим ЧП в США01:54, 11 января 2026Мир",,,ru,RU
790ea25a5d6d,lenta,https://lenta.ru/news/2026/01/11/vrach-dal-sovet-po-vosstanovleniyu-rezhima-sna/,2026-01-11 00:00:00,"Врач дал совет по восстановлению режима сна02:32, 11 января 2026Забота о себе",,,ru,RU
088315d8ff02,lenta,https://lenta.ru/news/2026/01/11/v-kieve-nazvali-novyy-povod-dlya-primeneniya-rossiey-oreshnika/,2026-01-11 00:00:00,"В Киеве назвали новый повод для применения Россией «Орешника»02:33, 11 января 2026Интернет и СМИ",,,ru,RU
07c2d84b0d21,lenta,https://lenta.ru/news/2026/01/11/vseh-inostrannyh-naemnikov-vsu-otpravili-v-shturmoviki/,2026-01-11 00:00:00,"Всех иностранных наемников ВСУ отправили в штурмовики03:15, 11 января 2026Бывший СССР",,,ru,RU
91740133b521,lenta,https://lenta.ru/news/2026/01/11/tramp-prikazal-komandiram-spetsnaza-sostavit-plan-vtorzheniya-v-grenlandiyu/,2026-01-11 00:00:00,"Трамп приказал командирам спецназа составить план вторжения в Гренландию03:00, 11 января 2026Мир",,,ru,RU
94888d2f6505,lenta,https://lenta.ru/news/2026/01/11/zelenskogo-predupredili-o-posledstviyah-iz-za-kadrovyh-perestanovok/,2026-01-11 00:00:00,"Зеленского предупредили о последствиях из-за кадровых перестановок02:07, 11 января 2026Бывший СССР",,,ru,RU
68f6c3e73f56,lenta,https://lenta.ru/news/2026/01/11/stalo-izvetsno-o-podgotovke-es-sanktsiy-protiv-meta-google-i-microsoft/,2026-01-11 00:00:00,"Стало известно о подготовке ЕС санкций против Meta, Google и Microsoft03:55, 11 января 2026Экономика",,,ru,RU
73d915c2fce0,lenta,https://lenta.ru/news/2026/01/11/stalo-izvestno-ob-okruzhenii-maduro-vo-vremya-ego-zahvata-amerikantsami/,2026-01-11 00:00:00,"Стало известно об окружении Мадуро во время его захвата американцами00:14, 11 января 2026Мир",,,ru,RU
bbffe74a4d6b,lenta,https://lenta.ru/news/2026/01/11/v-kieve-ob-yavili-vozdushnuyu-trevogu-iz-za-bpla/,2026-01-11 00:00:00,"В Киеве объявили воздушную тревогу из-за БПЛА02:52, 11 января 2026Бывший СССР",,,ru,RU
5c8968f2465d,lenta,https://lenta.ru/news/2026/01/12/probravshiesya-po-minnomu-polyu-rossiyskie-boytsy-zastali-vrasploh-soldat-vsu/,2026-01-12 00:00:00,"Пробравшиеся по минному полю российские бойцы застали врасплох солдат ВСУ00:15, 12 января 2026Россия",,,ru,RU
49c4aa829da2,lenta,https://lenta.ru/news/2026/01/12/na-youtube-nashli-zagruzhennoe-iz-kndr-pugayuschee-video-dlitelnostyu-bolee-140-let/,2026-01-12 00:00:00,"На YouTube нашли загруженное из КНДР пугающее видео длительностью более 140 лет01:11, 12 января 2026Интернет и СМИ",,,ru,RU
e52d466d2b97,lenta,https://lenta.ru/news/2026/01/12/nemetskiy-zhurnalist-ukazal-na-katastroficheskuyu-situatsiyu-v-kieve/,2026-01-12 00:00:00,"Немецкий журналист указал на катастрофическую ситуацию в Киеве02:47, 12 января 2026Мир",,,ru,RU
b288188c5daa,lenta,https://lenta.ru/news/2026/01/12/pervoy-raketoy-posekli-vtoroy-dobivali-rossiyskiy-voennyy-rasskazal-kak-udalos-unichtozhit-amerikanskiy-istrebitel-f-16-vsu/,2026-01-12 00:00:00,"«Первой ракетой посекли, второй добивали». Российский военный рассказал, как удалось уничтожить американский истребитель F-16 ВСУ02:42, 12 января 2026Россия",,,ru,RU
a87784b8b613,lenta,https://lenta.ru/news/2026/01/12/kair/,2026-01-12 00:00:00,"Стали известны подробности нападения насильника на россиянок в Каире00:40, 12 января 2026Путешествия",,,ru,RU
6f592807a58f,lenta,https://lenta.ru/news/2026/01/12/puti2026/,2026-01-12 00:00:00,"Россиянам все сложнее попасть в Европу. Какие трудности их ждут в 2026 году и какие страны все еще дают визы?00:00, 12 января 2026Путешествия",,,ru,RU
be195b75529f,lenta,https://lenta.ru/news/2026/01/12/pochemu-muzhchina-bolshe-ne-hochet-seksa/,2026-01-12 00:00:00,"Раскрыты причины внезапного нежелания мужчины заниматься сексом03:00, 12 января 2026Забота о себе",,,ru,RU
6a411198f802,lenta,https://lenta.ru/news/2026/01/12/raskryta-reaktsiya/,2026-01-12 00:00:00,"Раскрыта реакция Копенгагена на притязания США на Гренландию02:12, 12 января 2026Мир",,,ru,RU
b83d3f1a38d0,lenta,https://lenta.ru/news/2026/01/12/raskryto-chislo-vzyatyh-rossiyskimi-voyskami-pod-kontrol-naselennyh-punktov-za-nedelyu/,2026-01-12 00:00:00,"Раскрыто число взятых российскими войсками под контроль населенных пунктов за неделю00:36, 12 января 2026Россия",,,ru,RU
eb2554aae438,lenta,https://lenta.ru/news/2026/01/12/rossiyanam-nazvali-god-so-sleduyuschimi-12-dnevnymi-novogodnimi-kanikulami/,2026-01-12 00:00:00,"Россиянам назвали год со следующими 12-дневными новогодними каникулами01:44, 12 января 2026Россия",,,ru,RU
a5106f8889a0,lenta,https://lenta.ru/news/2026/01/12/rossiyanam-raskryli-sposob-nakopit-na-pensiyu-po-tysyache-rubley-v-mesyats/,2026-01-12 00:00:00,"Россиянам раскрыли способ накопить на пенсию по тысяче рублей в месяц02:59, 12 января 2026Россия",,,ru,RU
00fa788b3d08,lenta,https://lenta.ru/news/2026/01/12/inoagent-priznala-pravotu-putina-po-voprosu-ukrainy/,2026-01-12 00:00:00,"Иноагент признала правоту Путина по вопросу Украины01:09, 12 января 2026Россия",,,ru,RU
625280696d5a,lenta,https://lenta.ru/news/2026/01/12/rabotodatelyam-razreshat-otpravlyat-sotrudnikov-k-psihiatru/,2026-01-12 00:00:00,"Работодателям разрешат отправлять сотрудников к психиатру02:33, 12 января 2026Россия",,,ru,RU
291fc94ae1b7,lenta,https://lenta.ru/news/2026/01/12/glava-minoborony-britanii-edva-ne-popal-pod-udar-oreshnikom/,2026-01-12 00:00:00,"Глава Минобороны Британии едва не попал под удар «Орешником»01:55, 12 января 2026Мир",,,ru,RU
a5d9a0d6290e,lenta,https://lenta.ru/news/2026/01/12/vrach-ob-yasnil-prichiny-problem-v-posteli-posle-zatyazhnyh-novogodnih-prazdnikov/,2026-01-12 00:00:00,"Врач объяснил причины проблем в постели после затяжных новогодних праздников01:00, 12 января 2026Забота о себе",,,ru,RU
0ed6d63707bb,lenta,https://lenta.ru/news/2026/01/12/sroki-smeny/,2026-01-12 00:00:00,"Сроки смены власти в Иране оценили00:42, 12 января 2026Мир",,,ru,RU
ecc71f0b3deb,lenta,https://lenta.ru/news/2026/01/12/boets-rasskazal-o-preimuschestve/,2026-01-12 00:00:00,"Оператор БПЛА рассказал о преимуществе российских военных в бою02:54, 12 января 2026Россия",,,ru,RU
3551a4100540,lenta,https://lenta.ru/news/2026/01/12/v-mid-rossii-ob-yasnili-otsutstvie-reaktsii-evropy-na-ataki-kieva/,2026-01-12 00:00:00,"В МИД России объяснили отсутствие реакции Европы на атаки Киева00:50, 12 января 2026Мир",,,ru,RU
3998b6ef3271,lenta,https://lenta.ru/news/2026/01/12/v-odesse-progremeli-vzryvy/,2026-01-12 00:00:00,"В Одессе прогремели взрывы01:50, 12 января 2026Бывший СССР",,,ru,RU
ab1b417c19cf,lenta,https://lenta.ru/news/2026/01/12/v-polshe-rebenok-rodilsya-pyanym/,2026-01-12 00:00:00,"В Польше ребенок родился пьяным01:42, 12 января 2026Из жизни",,,ru,RU
e7d98618ca12,lenta,https://lenta.ru/news/2026/01/12/v-ssha-progolosuyut-za-usilenie-sanktsiy-protiv-rossii/,2026-01-12 00:00:00,"В США допустили голосование за усиление санкций против России02:32, 12 января 2026Мир",,,ru,RU
d3b6684ffedb,lenta,https://lenta.ru/news/2026/01/12/v-zhivote-muzhchiny-nashli-sem-zubnyh-schetok-i-dva-gaechnyh-klyucha/,2026-01-12 00:00:00,"В животе мужчины нашли семь зубных щеток и два гаечных ключа02:00, 12 января 2026Из жизни",,,ru,RU
bd4b81acb62b,lenta,https://lenta.ru/news/2026/01/12/v-rossii-predlozhili-obyazatelno-indeksirovat-zarplaty-ne-rezhe-raza-v-god/,2026-01-12 00:00:00,"В России предложили обязательно индексировать зарплаты не реже раза в год00:12, 12 января 2026Экономика",,,ru,RU
fc915ca241d0,lenta,https://lenta.ru/news/2026/01/12/zhenschina-rasskazala-o-shalostyah-oderzhimyh-kukol-v-novogodnie-prazdniki/,2026-01-12 00:00:00,"Женщина рассказала о шалостях одержимых кукол в новогодние праздники03:00, 12 января 2026Из жизни",,,ru,RU
2341cb592f96,lenta,https://lenta.ru/news/2026/01/12/v-germanii-zayavili-o-nesposobnosti-arrow-3-sbit-oreshnik/,2026-01-12 00:00:00,"В Германии заявили о неспособности Arrow 3 сбить «Орешник»01:13, 12 января 2026Наука и техника",,,ru,RU
ec34fed376fc,lenta,https://lenta.ru/news/2026/01/12/zhenschina-okazalas-na-grani-smerti-i-porugalas-s-angelami/,2026-01-12 00:00:00,"Женщина оказалась на грани смерти и поругалась с ангелами00:31, 12 января 2026Из жизни",,,ru,RU
27a96b0cef34,lenta,https://lenta.ru/news/2026/01/12/v-elitnom-zhilom-komplekse-v-stambule-vzorvalas-dostavlennaya-kurierom-posylka/,2026-01-12 00:00:00,"В элитном жилом комплексе в Стамбуле взорвалась доставленная курьером посылка00:53, 12 января 2026Мир",,,ru,RU
49d9d31b5fb0,lenta,https://lenta.ru/news/2026/01/12/rossiyanam-raskryli-sposob/,2026-01-12 00:00:00,"Россиянам раскрыли способ восстановить режим сна после праздников00:55, 12 января 2026Забота о себе",,,ru,RU
b39e16b03c22,lenta,https://lenta.ru/news/2026/01/12/za-nedelyu-nad-rossiey-sbili-bolee-tysyachi-ukrainskih-bespilotnikov/,2026-01-12 00:00:00,"За неделю над Россией сбили более тысячи украинских беспилотников00:35, 12 января 2026Россия",,,ru,RU
aa48e446919b,lenta,https://lenta.ru/news/2026/01/13/popkorn-poluchilsya-zapasaytes-rossiyskie-drony-atakovali-pod-odessoy-suda-s-kukuruzoy-i-podsolnechnym-maslom/,2026-01-13 00:00:00,"«Попкорн получился, запасайтесь!» Российские дроны атаковали под Одессой суда с кукурузой и подсолнечным маслом00:58, 13 января 2026Бывший СССР",,,ru,RU
2d9529665ebb,lenta,https://lenta.ru/news/2026/01/13/mask-zahotel-dobitsya-opeki-nad-godovalym-rebenkom-iz-za-lgbt/,2026-01-13 00:00:00,"Маск захотел отобрать годовалого ребенка у матери из-за ЛГБТ02:08, 13 января 2026Мир",,,ru,RU
ef4c0559a9ae,lenta,https://lenta.ru/news/2026/01/13/ministr-voyny-ssha-zayavil-ob-ochistke-armii-ot-musora-i-chuvakov-v-platyah/,2026-01-13 00:00:00,"Министр войны США заявил об очистке армии от «мусора» и «чуваков в платьях»01:50, 13 января 2026Мир",,,ru,RU
9c341384972d,lenta,https://lenta.ru/news/2026/01/13/nato-ekstrenno-sobralos-otpravit-f-16-dlya-razvedki-u-rossiyskoy-granitsy/,2026-01-13 00:00:00,"НАТО экстренно собралось отправить F-16 для разведки у российской границы01:07, 13 января 2026Наука и техника",,,ru,RU
86c1a040f334,lenta,https://lenta.ru/news/2026/01/13/nazvan-neochevidnyy-predvestnik-dementsii/,2026-01-13 00:00:00,"Назван неочевидный предвестник деменции02:01, 13 января 2026Наука и техника",,,ru,RU
9dc56074dd9a,lenta,https://lenta.ru/news/2026/01/13/popytka-pozaigryvat-s-zhenoy-v-supermarkete-obernulas-dlya-muzhchiny-katastrofoy/,2026-01-13 00:00:00,"Попытка позаигрывать с женой в супермаркете обернулась для мужчины катастрофой02:31, 13 января 2026Интернет и СМИ",,,ru,RU
15b527ae4dc8,lenta,https://lenta.ru/news/2026/01/13/kiev-predupredili-o-skoroy-katastrofe/,2026-01-13 00:00:00,"Киев предупредили о скорой «катастрофе»00:52, 13 января 2026Мир",,,ru,RU
e7c8d4f991fe,lenta,https://lenta.ru/news/2026/01/13/rossiya-nazvala-uslovie-dlya-prekrascheniya-voennyh-deystviy-na-ukraine/,2026-01-13 00:00:00,"Россия назвала условие для прекращения военных действий на Украине01:52, 13 января 2026Бывший СССР",,,ru,RU
cfdb7b5163e6,lenta,https://lenta.ru/news/2026/01/13/ssha-v-oon-zabespokoilis-iz-za-primeneniya-rossiey-oreshnika/,2026-01-13 00:00:00,"США в ООН забеспокоились из-за применения Россией «Орешника»01:48, 13 января 2026Мир",,,ru,RU
b5afc84376f3,lenta,https://lenta.ru/news/2026/01/13/staryy-novyy-god-v-2025-godu/,2026-01-13 00:00:00,"Старый Новый год — 2026: история и традиции праздника00:05, 13 января 2026Россия",,,ru,RU
cef40467edaa,lenta,https://lenta.ru/news/2026/01/13/tramp-sotrudnichayuschim-s-iranom-stranam/,2026-01-13 00:00:00,"Трамп ввел пошлины против сотрудничающих с Ираном стран00:59, 13 января 2026Мир",,,ru,RU
80cbbfa53c24,lenta,https://lenta.ru/news/2026/01/13/nazvana-luchshaya-poza-dlya-kachestvennogo-sna/,2026-01-13 00:00:00,"Названа лучшая поза для качественного сна01:00, 13 января 2026Забота о себе",,,ru,RU
bcf4df9c0b67,lenta,https://lenta.ru/news/2026/01/13/predskazan-pobeditel-medalnogo-zacheta-olimpiady-2026/,2026-01-13 00:00:00,"Предсказан победитель медального зачета Олимпиады-202600:20, 13 января 2026Спорт",,,ru,RU
21b617f7f253,lenta,https://lenta.ru/news/2026/01/13/izvestnogo-muzykanta-snyali-polnostyu-obnazhennym-na-yahte/,2026-01-13 00:00:00,"Известного музыканта сняли полностью обнаженным на яхте01:18, 13 января 2026Ценности",,,ru,RU
d924456d2050,lenta,https://lenta.ru/news/2026/01/13/buldog-nasmert-zagryz-hozyaina-i-ostalsya-sidet-ryadom-s-ego-telom/,2026-01-13 00:00:00,"Бульдог насмерть загрыз хозяина и остался сидеть рядом с его телом00:33, 13 января 2026Из жизни",,,ru,RU
03cda49af91b,lenta,https://lenta.ru/news/2026/01/13/tramp-vstretilsya-s-maskom-iz-za-otklyucheniya-interneta-v-odnoy-strane/,2026-01-13 00:00:00,"Трамп встретился с Маском из-за отключения интернета в одной стране02:20, 13 января 2026Мир",,,ru,RU
20a877a12478,lenta,https://lenta.ru/news/2026/01/13/universalnost-sovetskoy-tm-62-v-zone-svo-ob-yasnili/,2026-01-13 00:00:00,"Универсальность советской ТМ-62 в зоне СВО объяснили00:16, 13 января 2026Наука и техника",,,ru,RU
5945be3c8886,lenta,https://lenta.ru/news/2026/01/13/v-es-vyskazalis-o-sozdanii-100-tysyachnoy-evropeyskoy-armii/,2026-01-13 00:00:00,"В ЕС высказались о создании 100-тысячной европейской армии00:14, 13 января 2026Мир",,,ru,RU
0beae67f601f,lenta,https://lenta.ru/news/2026/01/13/v-kieve-nachalsya-bolshoy-pozhar/,2026-01-13 00:00:00,"В Киеве начался большой пожар00:13, 13 января 2026Бывший СССР",,,ru,RU
1fbf2c1923ba,lenta,https://lenta.ru/news/2026/01/13/v-kieve-progremeli-vzryvy/,2026-01-13 00:00:00,"В Киеве прогремели взрывы02:24, 13 января 2026Бывший СССР",,,ru,RU
48efc4b178fa,lenta,https://lenta.ru/news/2026/01/13/v-rossii-sdelali-preduprezhdenie-zelenskomu-o-peregovorah/,2026-01-13 00:00:00,"В России сделали предупреждение Зеленскому о переговорах00:55, 13 января 2026Бывший СССР",,,ru,RU
bbe795775f08,lenta,https://lenta.ru/news/2026/01/13/v-ssha-raskryli-plan-trampa-po-zahvatu-grenlandii/,2026-01-13 00:00:00,"В США раскрыли план Трампа по захвату Гренландии02:25, 13 января 2026Интернет и СМИ",,,ru,RU
e82d0f213774,lenta,https://lenta.ru/news/2026/01/13/v-ssha-zasekretili-informatsiyu-o-vtorgshemsya-v-solnechnuyu-sistemu-inoplanetnom-korable/,2026-01-13 00:00:00,"ЦРУ засекретило информацию о вторгшемся в Солнечную систему «инопланетном корабле»00:30, 13 января 2026Из жизни",,,ru,RU
f555eed628cd,lenta,https://lenta.ru/news/2026/01/13/yurist-raskryl-privodyaschie-k-snizheniyu-pensii-oshibki-v-trudovoy/,2026-01-13 00:00:00,"Юрист раскрыл приводящие к снижению пенсии ошибки в трудовой02:51, 13 января 2026Экономика",,,ru,RU
018735d7c73b,lenta,https://lenta.ru/news/2026/01/13/ukraintsy-pytalis-bezhat-cherez-granitsu-v-gruzovike-s-pivom/,2026-01-13 00:00:00,"Украинцы пытались бежать через границу в грузовике с пивом01:19, 13 января 2026Бывший СССР",,,ru,RU
34f27022e9a8,lenta,https://lenta.ru/news/2026/01/13/vo-frantsii-sochli-krayne-opasnym-plan-evropy-po-zaschite-ot-rossiyskoy-ugrozy/,2026-01-13 00:00:00,"Во Франции сочли крайне опасным план Европы по защите от России01:40, 13 января 2026Мир",,,ru,RU
2cda4eb95897,lenta,https://lenta.ru/news/2026/01/13/uchitelnitsa-zanyalas-seksom-s-14-letnim-shkolnikom-na-parkovke-supermarketa/,2026-01-13 00:00:00,"Учительница занялась сексом с 14-летним школьником на парковке супермаркета02:01, 13 января 2026Из жизни",,,ru,RU
102138218ff6,lenta,https://lenta.ru/news/2026/01/13/u-ministerstva-voyny-ssha-zametili-trevozhnuyu-aktivnost/,2026-01-13 00:00:00,"У Министерства войны США заметили тревожную активность00:24, 13 января 2026Мир",,,ru,RU
a8a7dc0aa741,lenta,https://lenta.ru/news/2026/01/13/vo-frantsii-nazvali-istinnuyu-tsel-plana-ek-po-sozdaniyu-evropeyskoy-armii/,2026-01-13 00:00:00,"Во Франции назвали истинную цель плана ЕК по созданию европейской армии02:53, 13 января 2026Мир",,,ru,RU
8a5aebe436e3,lenta,https://lenta.ru/news/2026/01/14/klichko-nazval-situatsiyu-v-kieve-chrezvychayno-slozhnoy/,2026-01-14 00:00:00,"Кличко назвал ситуацию в Киеве «чрезвычайно сложной»02:18, 14 января 2026Бывший СССР",,,ru,RU
bb00dac43715,lenta,https://lenta.ru/news/2026/01/14/muzhchin-predupredili-ob-opasnyh-sposobah-masturbatsii/,2026-01-14 00:00:00,"Мужчин предупредили об опасных способах мастурбации01:01, 14 января 2026Забота о себе",,,ru,RU
ca38e23179fa,lenta,https://lenta.ru/news/2026/01/14/muzhchina-30-let-prinuzhdal-zhenschinu-zanimatsya-seksom-s-neznakomtsami-i-snimal-eto-na-kameru/,2026-01-14 00:00:00,"Мужчина 30 лет принуждал женщину заниматься сексом с незнакомцами и снимал это на камеру02:01, 14 января 2026Из жизни",,,ru,RU
f90f28d3f782,lenta,https://lenta.ru/news/2026/01/14/tramp-prigrozil-otvetom-na-kazn-protestuyuschih-v-irane/,2026-01-14 00:00:00,"Трамп пригрозил ответом на казнь протестующих в Иране01:23, 14 января 2026Мир",,,ru,RU
7f6d8b11f29b,lenta,https://lenta.ru/news/2026/01/14/na-zapade-obratilis-k-ukraine-s-mrachnym-poslaniem/,2026-01-14 00:00:00,"На Западе обратились к Украине с мрачным посланием01:38, 14 января 2026Мир",,,ru,RU
2777c864a00e,lenta,https://lenta.ru/news/2026/01/14/nabu-podgotovit-podozrenie-yulii-timoshenko/,2026-01-14 00:00:00,"НАБУ подготовит подозрение Юлии Тимошенко00:20, 14 января 2026Бывший СССР",,,ru,RU
e7712060d250,lenta,https://lenta.ru/news/2026/01/14/rossiyanin-pogib-pri-atake-ukrainskogo-bpla/,2026-01-14 00:00:00,"Россиянин погиб при атаке украинского БПЛА00:54, 14 января 2026Россия",,,ru,RU
859f4b226184,lenta,https://lenta.ru/news/2026/01/14/neskolko-stran-predosteregli-ssha-ot-odnogo-deystviya/,2026-01-14 00:00:00,"Несколько стран предостерегли США от одного действия00:17, 14 января 2026Мир",,,ru,RU
6e27d0af3c34,lenta,https://lenta.ru/news/2026/01/14/sdelayte-iran-snova-velikim-tramp-prizval-protestuyuschih-v-irane-prodolzhat-aktsii-i-zahvatyvat-organy-vlasti/,2026-01-14 00:00:00,"«Сделайте Иран снова великим». Трамп призвал протестующих в Иране продолжать акции и захватывать органы власти01:44, 14 января 2026Мир",,,ru,RU
6f34fce2f364,lenta,https://lenta.ru/news/2026/01/14/tramp-nazval-prichiny-bezogovorochnogo-lisheniya-grazhdanstva-ssha/,2026-01-14 00:00:00,"Трамп назвал причины безоговорочного лишения гражданства США00:54, 14 января 2026Мир",,,ru,RU
4ee9830706d6,lenta,https://lenta.ru/news/2026/01/14/tramp-obratilsya-s-gromkim-prizyvom-k-protestuyuschim-v-irane/,2026-01-14 00:00:00,"Трамп обратился с громким призывом к протестующим в Иране01:20, 14 января 2026Мир",,,ru,RU
ade23ac3db30,lenta,https://lenta.ru/news/2026/01/14/armiya-rossii-sovershila-moschnyy-proryv-na-limanskom-napravlenii/,2026-01-14 00:00:00,"Армия России совершила мощный прорыв на лиманском направлении00:20, 14 января 2026Бывший СССР",,,ru,RU
9cfcd9041a1a,lenta,https://lenta.ru/news/2026/01/14/naturalizovannyy-amerikanets-uayld-raskritikoval-sportivnuyu-federatsiyu-v-rossii/,2026-01-14 00:00:00,"Натурализованный американец Уайлд раскритиковал спортивную федерацию в России00:25, 14 января 2026Спорт",,,ru,RU
a388e9cb35e8,lenta,https://lenta.ru/news/2026/01/14/apple-google-musk/,2026-01-14 00:00:00,"Илон Маск разочаровался в iPhone02:01, 14 января 2026Наука и техника",,,ru,RU
71d65c114cc3,lenta,https://lenta.ru/news/2026/01/14/muzhchina-popytalsya-sest-na-bort-samoleta-s-trupom-zheny/,2026-01-14 00:00:00,"Мужчина попытался сесть на борт самолета с трупом жены00:47, 14 января 2026Путешествия",,,ru,RU
8f0d90b9bd76,lenta,https://lenta.ru/news/2026/01/14/tramp-pokazal-sredniy-palets-rabotniku-zavoda-ford/,2026-01-14 00:00:00,"Трамп показал средний палец работнику завода Ford01:23, 14 января 2026Мир",,,ru,RU
40c5e0884693,lenta,https://lenta.ru/news/2026/01/14/umer-kompozitor-teatra-kukol-obraztsova/,2026-01-14 00:00:00,"Умер композитор Театра кукол Образцова00:48, 14 января 2026Культура",,,ru,RU
6872eee973a3,lenta,https://lenta.ru/news/2026/01/14/v-britanii-raskritikovali-ministra-oborony-za-slova-o-putine/,2026-01-14 00:00:00,"В Британии раскритиковали министра обороны за слова о Путине02:22, 14 января 2026Интернет и СМИ",,,ru,RU
905fb866a7e7,lenta,https://lenta.ru/news/2026/01/14/v-es-rasskazali-o-srokah-prinyatiya-resheniya-po-novomu-paketu-sanktsiy-protiv-rossii/,2026-01-14 00:00:00,"В ЕС рассказали о сроках принятия решения по новому пакету санкций против России01:38, 14 января 2026Мир",,,ru,RU
c07a9f6dfca0,lenta,https://lenta.ru/news/2026/01/14/v-rade-prizvali-vvesti-rezhim-chp-iz-za-problem-v-kieve/,2026-01-14 00:00:00,"В Раде призвали ввести режим ЧП из-за проблем в Киеве01:01, 14 января 2026Бывший СССР",,,ru,RU
aa577159b3e1,lenta,https://lenta.ru/news/2026/01/14/v-ssha-anonsirovali-preklonenie-nato-pered-rossiey/,2026-01-14 00:00:00,"В США анонсировали преклонение НАТО перед Россией02:03, 14 января 2026Интернет и СМИ",,,ru,RU
a070e036675d,lenta,https://lenta.ru/news/2026/01/14/v-ukrainskom-gorode-prozvuchali-vzryvy/,2026-01-14 00:00:00,"В украинском городе прозвучали взрывы02:27, 14 января 2026Бывший СССР",,,ru,RU
2ebfdbbeb249,lenta,https://lenta.ru/news/2026/01/14/61-letnyaya-natalya-vetlitskaya-voshitila-fanatov-otkrovennoy-s-emkoy/,2026-01-14 00:00:00,"61-летняя Наталья Ветлицкая восхитила фанатов откровенной съемкой01:15, 14 января 2026Ценности",,,ru,RU
3356acf45e5f,lenta,https://lenta.ru/news/2026/01/14/vychislena-tsel-vtorgshegosya-v-solnechnuyu-sistemu-inoplanetnogo-korablya/,2026-01-14 00:00:00,"Вычислена цель вторгшегося в Солнечную систему «инопланетного корабля»00:30, 14 января 2026Из жизни",,,ru,RU
874e058eab68,lenta,https://lenta.ru/news/2026/01/14/zelenskiy-zayavil-o-problemah-s-zakupkami-amerikanskogo-oruzhiya-dlya-vsu/,2026-01-14 00:00:00,"Зеленский заявил о проблемах с закупками американского оружия для ВСУ02:23, 14 января 2026Бывший СССР",,,ru,RU
a5ac5de95b25,lenta,https://lenta.ru/news/2026/01/14/ukrainskie-siloviki-vorvalis-s-obyskami-v-ofis-partii-timoshenko/,2026-01-14 00:00:00,"Украинские силовики ворвались с обысками в офис партии Тимошенко00:14, 14 января 2026Бывший СССР",,,ru,RU
21a88b46fe98,lenta,https://lenta.ru/news/2026/01/14/zabolevshiy-boyfrend-otkazal-devushke-v-sekse-i-stolknulsya-s-neozhidannoy-reaktsiey/,2026-01-14 00:00:00,"Заболевший бойфренд отказал девушке в сексе и столкнулся с неожиданной реакцией02:30, 14 января 2026Интернет и СМИ",,,ru,RU
f12bf546deab,lenta,https://lenta.ru/news/2026/01/14/tramp-vyskazalsya-po-povodu-chisla-pogibshih-na-protestah-v-irane/,2026-01-14 00:00:00,"Трамп высказался по поводу числа погибших на протестах в Иране00:38, 14 января 2026Мир",,,ru,RU
04b60dcf875d,lenta,https://lenta.ru/news/2026/01/14/vooruzhenie-kitayskogo-terminatora-pokazali-na-video/,2026-01-14 00:00:00,"Вооружение китайского «Терминатора» показали на видео00:15, 14 января 2026Наука и техника",,,ru,RU
173452068158,lenta,https://lenta.ru/news/2026/01/15/53-letnyaya-eks-model-pokazala-figuru-bez-odezhdy/,2026-01-15 00:00:00,"53-летняя бывшая модель показала фигуру без одежды01:30, 15 января 2026Ценности",,,ru,RU
88e3e95058f6,lenta,https://lenta.ru/news/2026/01/15/biznesvumen-poobeschala-futbolistam-po-mashine-v-sluchae-pobedy-i-peredumala-posle-vyigrysha/,2026-01-15 00:00:00,"Бизнесвумен пообещала футболистам по машине в случае победы и передумала после выигрыша00:30, 15 января 2026Из жизни",,,ru,RU
c5f76412747b,lenta,https://lenta.ru/news/2026/01/15/dolina/,2026-01-15 00:00:00,"Директор Долиной объяснил причину переноса концерта в Петербурге01:22, 15 января 2026Культура",,,ru,RU
b42892f57777,lenta,https://lenta.ru/news/2026/01/15/iiran/,2026-01-15 00:00:00,"Глава МИД Ирана Арагчи призвал Трампа отказаться от войны00:32, 15 января 2026Мир",,,ru,RU
afae425e2c04,lenta,https://lenta.ru/news/2026/01/15/argessive/,2026-01-15 00:00:00,"Специалист Минздрава назвал один из самых агрессивных видов рака01:01, 15 января 2026Россия",,,ru,RU
f4ffd2b277e0,lenta,https://lenta.ru/news/2026/01/15/marochko/,2026-01-15 00:00:00,"ВС России начали бои за Никифоровку в ДНР02:17, 15 января 2026Бывший СССР",,,ru,RU
fa68becdc94d,lenta,https://lenta.ru/news/2026/01/15/mezhdu-zelenskim-i-klichko-proizoshla-zaochnaya-perepalka-na-fone-blekauta/,2026-01-15 00:00:00,"Между Зеленским и Кличко произошла заочная перепалка на фоне блэкаута00:38, 15 января 2026Бывший СССР",,,ru,RU
b46710c4e4b9,lenta,https://lenta.ru/news/2026/01/15/max/,2026-01-15 00:00:00,"В MAX прокомментировали информацию о взломе нацмессенджера00:19, 15 января 2026Интернет и СМИ",,,ru,RU
2ffb5c8707df,lenta,https://lenta.ru/news/2026/01/15/miroshnikk/,2026-01-15 00:00:00,"На Украине за год возбудили более 250 тысяч дел против дезертиров01:51, 15 января 2026Россия",,,ru,RU
fe5e0c851d98,lenta,https://lenta.ru/news/2026/01/15/muzh-prostil-zhenu-uchitelnitsu-za-seks-s-17-letnim-shkolnikom/,2026-01-15 00:00:00,"Муж простил жену-учительницу за секс с 17-летним школьником02:00, 15 января 2026Из жизни",,,ru,RU
d25b170c2773,lenta,https://lenta.ru/news/2026/01/15/my-idem-po-sledu-v-ssha-zaderzhali-cheloveka-vinovnogo-v-slive-informatsii-po-venesuele/,2026-01-15 00:00:00,"«Мы идем по следу». В США задержали человека, виновного в сливе информации по Венесуэле02:29, 15 января 2026Мир",,,ru,RU
967afd8fa40a,lenta,https://lenta.ru/news/2026/01/14/v-rossii-nazvali-kriticheskuyu-datu-dlya-trampa/,2026-01-15 00:00:00,"В России назвали критическую дату для Трампа00:57, 15 января 2026Мир",,,ru,RU
fbae6a4e8cb9,lenta,https://lenta.ru/news/2026/01/15/masshtab/,2026-01-15 00:00:00,"Раскрыт масштаб заболеваемости раком легкого в России02:00, 15 января 2026Россия",,,ru,RU
5c2d471ec21e,lenta,https://lenta.ru/news/2026/01/15/kallas-predlozhila-nachat-vypivat/,2026-01-15 00:00:00,"Каллас предложила начать выпивать на фоне мировой нестабильности01:07, 15 января 2026Мир",,,ru,RU
89548d9e459f,lenta,https://lenta.ru/news/2026/01/15/na-zapade-udivilis-novomu-trebovaniyu-kallas-k-rossii/,2026-01-15 00:00:00,"На Западе удивились новому требованию Каллас к России01:49, 15 января 2026Мир",,,ru,RU
65e0d5883f20,lenta,https://lenta.ru/news/2026/01/15/naslednik-bmp-bredli-poluchit-pushku-s-udvoennoy-dalnostyu/,2026-01-15 00:00:00,"Наследник БМП «Брэдли» получит пушку с удвоенной дальностью00:15, 15 января 2026Наука и техника",,,ru,RU
52b4773eb82b,lenta,https://lenta.ru/news/2026/01/15/myth/,2026-01-15 00:00:00,"Люди верят в целебные свойства спермы. Как этот и другие мифы о ней могут нанести вред здоровью?00:01, 15 января 2026Забота о себе",,,ru,RU
185c765fe33e,lenta,https://lenta.ru/news/2026/01/15/tramp-otkazalsya-pryamo-otvetit-na-vopros-o-silovom-zahvate-grenlandii/,2026-01-15 00:00:00,"Трамп отказался прямо ответить на вопрос о силовом захвате Гренландии00:09, 15 января 2026Мир",,,ru,RU
0f836ea6f4ff,lenta,https://lenta.ru/news/2026/01/15/stalo-izvestno-o-vozmozhnom-zakrytii/,2026-01-15 00:00:00,"Иран закрыл воздушное пространство для части самолетов01:22, 15 января 2026Путешествия",,,ru,RU
58084d75e4b7,lenta,https://lenta.ru/news/2026/01/15/raskryta-prichina-ubiystva-repera-kartrayta/,2026-01-15 00:00:00,"Раскрыта причина убийства рэпера Картрайта01:47, 15 января 2026Силовые структуры",,,ru,RU
f5d4cbc4c1b2,lenta,https://lenta.ru/news/2026/01/15/seksolog-podskazala-sposoby-raznoobrazit-seks-na-otdyhe/,2026-01-15 00:00:00,"Парам подсказали способы разнообразить секс на отдыхе01:01, 15 января 2026Забота о себе",,,ru,RU
4bb80ab9b0c1,lenta,https://lenta.ru/news/2026/01/15/tramp-pohvalil-i-o-prezidenta/,2026-01-15 00:00:00,"Трамп похвалил и.о. президента Венесуэлы00:16, 15 января 2026Мир",,,ru,RU
bbcf6dc9e7a7,lenta,https://lenta.ru/news/2026/01/15/serebro-rekordno-dorozhaet-vygodno-li-rossiyanam-v-nego-investirovat/,2026-01-15 00:00:00,"Серебро рекордно дорожает. Стоит ли россиянам вкладывать в него деньги?00:01, 15 января 2026Экономика",,,ru,RU
97e932445a96,lenta,https://lenta.ru/news/2026/01/15/tramp-raskryl-sekret-svoego-yasnogo-uma/,2026-01-15 00:00:00,"Трамп раскрыл секрет своего ясного ума01:06, 15 января 2026Мир",,,ru,RU
5f3e5584cdbb,lenta,https://lenta.ru/news/2026/01/15/v-rossii-izmenili-poryadok-priema-v-vuzy-v-2026-godu/,2026-01-15 00:00:00,"В России изменили порядок приема в вузы в 2026 году00:25, 15 января 2026Россия",,,ru,RU
767453c2a4e7,lenta,https://lenta.ru/news/2026/01/15/v-svitere-lavrova-razglyadeli/,2026-01-15 00:00:00,"В свитере Лаврова разглядели вызов всему миру02:09, 15 января 2026Мир",,,ru,RU
8f6d419594d5,lenta,https://lenta.ru/news/2026/01/15/nazvany-preimuschestva-rossiyskoy-sarmy-pered-himars/,2026-01-15 00:00:00,"Названы преимущества российской «Сармы» перед HIMARS02:00, 15 января 2026Наука и техника",,,ru,RU
ca6fdd506626,lenta,https://lenta.ru/news/2026/01/15/v-domah-kieva-nachali-lopatsya-truby-iz-za-problem-s-otopleniem/,2026-01-15 00:00:00,"В домах Киева начали лопаться трубы из-за проблем с отоплением00:02, 15 января 2026Бывший СССР",,,ru,RU
1b7df09a8694,lenta,https://lenta.ru/news/2026/01/15/ssha-prodali-pervuyu-partiyu-venesuelskoy-nefti/,2026-01-15 00:00:00,"США продали первую партию венесуэльской нефти02:17, 15 января 2026Экономика",,,ru,RU
f75d4c316788,lenta,https://lenta.ru/news/2026/01/16/na-zapade-otreagirovali-na-obvinenie-trampa-v-adres-zelenskogo/,2026-01-16 00:00:00,"На Западе отреагировали на обвинение Трампа в адрес Зеленского01:16, 16 января 2026Мир",,,ru,RU
fcf8870dd56d,lenta,https://lenta.ru/news/2026/01/16/good-pc-habits/,2026-01-16 00:00:00,"Перечислены полезные привычки при использовании компьютера02:02, 16 января 2026Наука и техника",,,ru,RU
072089df0547,lenta,https://lenta.ru/news/2026/01/16/green/,2026-01-16 00:00:00,"«Он хочет превратить Арктику в прозрачный аквариум». Почему Трамп пугает НАТО российской угрозой и зачем ему нужна Гренландия?00:10, 16 января 2026Мир",,,ru,RU
e3582247f2cc,lenta,https://lenta.ru/news/2026/01/16/iran-srochno-predupredil-soyuznikov-ob-otvetnom-udare-pri-atake-ssha/,2026-01-16 00:00:00,"Иран срочно предупредил союзников об ответном ударе при атаке США01:15, 16 января 2026Мир",,,ru,RU
792161809a27,lenta,https://lenta.ru/news/2026/01/16/na-ukraine-zabili-trevogu-iz-za-rossiyskoy-boevoy-saranchi/,2026-01-16 00:00:00,"На Украине забили тревогу из-за российской «боевой саранчи»00:36, 16 января 2026Бывший СССР",,,ru,RU
422a3a96f7a5,lenta,https://lenta.ru/news/2026/01/16/nad-kurskom-razdalas-seriya-vzryvov/,2026-01-16 00:00:00,"Над Курском раздалась серия взрывов00:44, 16 января 2026Россия",,,ru,RU
ce45c4317ced,lenta,https://lenta.ru/news/2026/01/16/britaniya-oboznachila-derzkie-plany-nato-v-grenlandii/,2026-01-16 00:00:00,"Британия дерзко ответила Трампу на его планы в Гренландии01:52, 16 января 2026Мир",,,ru,RU
476d0675d541,lenta,https://lenta.ru/news/2026/01/16/nazvany-chetyre-kandidata-na-smenu-erdoganu/,2026-01-16 00:00:00,"Стало известно о возможных преемниках Эрдогана01:39, 16 января 2026Мир",,,ru,RU
620ad7df94ec,lenta,https://lenta.ru/news/2026/01/16/novaya-glava-venesuely-vyskazalas-ob-otnosheniyah-s-rossiey/,2026-01-16 00:00:00,"Новая глава Венесуэлы высказалась об отношениях с Россией00:18, 16 января 2026Мир",,,ru,RU
d87fca0e97f7,lenta,https://lenta.ru/news/2026/01/16/ohrannik-nashel-neobychnogo-sobesednika-vo-vremya-nochnyh-dezhurstv-v-dome-prestarelyh/,2026-01-16 00:00:00,"Охранник нашел необычного собеседника во время ночных дежурств в доме престарелых02:30, 16 января 2026Интернет и СМИ",,,ru,RU
01c70ac33091,lenta,https://lenta.ru/news/2026/01/16/parom/,2026-01-16 00:00:00,"30 лет назад чеченские боевики захватили в Турции паром с россиянами. Почему в помощи террористам подозревали турецкие спецслужбы?00:01, 16 января 2026Силовые структуры",,,ru,RU
dfc7a9e6179a,lenta,https://lenta.ru/news/2026/01/16/pochti-90-tysyach-chelovek-ostalis-bez-sveta-v-rossiyskom-regione/,2026-01-16 00:00:00,"Почти 90 тысяч человек внезапно остались без света в российском регионе00:22, 16 января 2026Россия",,,ru,RU
2dddbde47bdb,lenta,https://lenta.ru/news/2026/01/16/nazvan-neochevidnyy-moschnyy-faktor-seksualnogo-vozbuzhdeniya/,2026-01-16 00:00:00,"Назван неочевидный мощный фактор сексуального возбуждения01:01, 16 января 2026Забота о себе",,,ru,RU
fced15109949,lenta,https://lenta.ru/news/2026/01/15/vstrecha-trampa-i-lidera-oppozitsii-venesuely-zavershilas/,2026-01-16 00:00:00,"Лидер оппозиции Венесуэлы прокомментировала встречу с Трампом00:35, 16 января 2026Мир",,,ru,RU
7ad56e6043d5,lenta,https://lenta.ru/news/2026/01/16/rossiyskiy-futbolist-umer-v-45-let/,2026-01-16 00:00:00,"Российский футболист умер в 45 лет00:11, 16 января 2026Спорт",,,ru,RU
ef98b9315f1c,lenta,https://lenta.ru/news/2026/01/16/raskryta-prichina-promedleniya-trampa/,2026-01-16 00:00:00,"Раскрыта причина промедления Трампа с атакой на Иран00:43, 16 января 2026Мир",,,ru,RU
0465fc6954a5,lenta,https://lenta.ru/news/2026/01/16/v-ssha-nazvali-tualet-glavnym-oruzhiem-bombardirovschika-b-2/,2026-01-16 00:00:00,"В США назвали туалет главным «оружием» бомбардировщика B-200:17, 16 января 2026Наука и техника",,,ru,RU
b97646d0a819,lenta,https://lenta.ru/news/2026/01/16/tainstvennaya-drevnyaya-rukopis-okazalas-shifrom/,2026-01-16 00:00:00,"Таинственная древняя рукопись оказалась шифром00:30, 16 января 2026Из жизни",,,ru,RU
4c8ee6b78443,lenta,https://lenta.ru/news/2026/01/16/trampu-podarili-nobelevskuyu-premiyu-mira/,2026-01-16 00:00:00,"Трампу подарили Нобелевскую премию мира01:10, 16 января 2026Мир",,,ru,RU
d59c6cc89d8d,lenta,https://lenta.ru/news/2026/01/16/v-italii-vyskazalis-o-rossii-i-kuchke-shutov-iz-za-grenlandii/,2026-01-16 00:00:00,"В Италии высказались об угрожающей России и США «кучке шутов»02:03, 16 января 2026Мир",,,ru,RU
ad597d96ad23,lenta,https://lenta.ru/news/2026/01/16/v-rossii-vysmeyali-plany-nato-zaschitit-grenlandiyu-ot-trampa/,2026-01-16 00:00:00,"В России высмеяли планы НАТО по защите Гренландии от Трампа01:39, 16 января 2026Интернет и СМИ",,,ru,RU
600d2c6400f1,lenta,https://lenta.ru/news/2026/01/16/v-rossiyskom-regione-progremeli-vzryvy/,2026-01-16 00:00:00,"В российском регионе прогремели взрывы01:59, 16 января 2026Россия",,,ru,RU
9cba844a9e03,lenta,https://lenta.ru/news/2026/01/15/muzh-otomstil-otkazyvavshey-emu-v-sekse-vosem-let-zhene/,2026-01-16 00:00:00,"Муж отомстил отказывавшей ему в сексе восемь лет жене00:00, 16 января 2026Из жизни",,,ru,RU
1047d5b41beb,lenta,https://lenta.ru/news/2026/01/16/ssha-zahvatili-tanker-veronika/,2026-01-16 00:00:00,"США захватили танкер «Вероника»02:13, 16 января 2026Мир",,,ru,RU
5747038e0a61,lenta,https://lenta.ru/news/2026/01/16/vyhod-belly-hadid-v-otkrovennom-platie-na-dorozhku-posle-dolgogo-pereryva-ob-yasnili/,2026-01-16 00:00:00,"Выход Беллы Хадид в откровенном платье на дорожку после долгого перерыва объяснили01:01, 16 января 2026Ценности",,,ru,RU
5123ca7e98f9,lenta,https://lenta.ru/news/2026/01/16/v-ssha-zayavili-o-shoke-posle-udara-oreshnika/,2026-01-16 00:00:00,"В США заявили о шоке после удара «Орешника»01:15, 16 января 2026Мир",,,ru,RU
db7f3af3071e,lenta,https://lenta.ru/news/2026/01/16/ssha-napravili-voyska-k-iranu/,2026-01-16 00:00:00,"США направили войска к Ирану00:53, 16 января 2026Мир",,,ru,RU
aa1bc7a5853c,lenta,https://lenta.ru/news/2026/01/16/udar-ssha-po-iranu-nazvali-ispolneniem-bibleyskogo-prorochestve-ob-armageddone/,2026-01-16 00:00:00,"Удар США по Ирану назвали исполнением библейского пророчества об Армагеддоне02:02, 16 января 2026Из жизни",,,ru,RU
fa3d89863d9e,lenta,https://lenta.ru/news/2026/01/16/v-ssha-zahoteli-vernut-dolgi-tsarskoy-rossii-na-sotni-milliardov-dollarov/,2026-01-16 00:00:00,"В США захотели вернуть долги царской России на сотни миллиардов долларов01:01, 16 января 2026Экономика",,,ru,RU
bacd25a57aba,lenta,https://lenta.ru/news/2026/01/17/dzyuba-rasskazal-o-chervyachke-vnutri-nego/,2026-01-17 00:00:00,"Дзюба рассказал о «червячке» внутри него00:11, 17 января 2026Спорт",,,ru,RU
14e6c0fbf592,lenta,https://lenta.ru/news/2026/01/17/frantsiya-zahotela-vyyti-iz-nato/,2026-01-17 00:00:00,"Франция захотела выйти из НАТО01:53, 17 января 2026Мир",,,ru,RU
f0eb7b65693b,lenta,https://lenta.ru/news/2026/01/17/klichko-rasskazal-o-patovoy-situatsii-v-kieve-s-otopleniem/,2026-01-17 00:00:00,"Кличко рассказал о патовой ситуации в Киеве с отоплением00:13, 17 января 2026Бывший СССР",,,ru,RU
a5be6dfd2ae0,lenta,https://lenta.ru/news/2026/01/17/dvuh-izvestnyh-rossiyskih-hokkeistov-vnesli-v-bazu-mirotvortsa/,2026-01-17 00:00:00,"Двух известных российских хоккеистов внесли в базу «Миротворца»02:07, 17 января 2026Бывший СССР",,,ru,RU
0a6808e5a044,lenta,https://lenta.ru/news/2026/01/17/na-ukraine-soobschili-o-prodvizhenii-vs-rossii-v-donetskoy-oblasti/,2026-01-17 00:00:00,"На Украине сообщили о продвижении ВС России в Донецкой области02:17, 17 января 2026Бывший СССР",,,ru,RU
c4b982a4c586,lenta,https://lenta.ru/news/2026/01/17/na-ukraine-zayavili-o-zhelanii-timoshenko-sest-v-tyurmu-radi-piara/,2026-01-17 00:00:00,"На Украине заявили о желании Тимошенко сесть в тюрьму ради пиара02:08, 17 января 2026Бывший СССР",,,ru,RU
1e27e66f5394,lenta,https://lenta.ru/news/2026/01/17/posolstvo-ukrainy-v-irane-priostanovilo-rabotu/,2026-01-17 00:00:00,"Посольство Украины в Иране приостановило работу00:38, 17 января 2026Мир",,,ru,RU
9f2a661ea283,lenta,https://lenta.ru/news/2026/01/17/odna-strana-sposobna-ubedit-nato-ne-sovershat-provokatsiy-na-baltike/,2026-01-17 00:00:00,"Названа способная убедить НАТО не совершать провокаций на Балтике страна00:56, 17 января 2026Россия",,,ru,RU
967e62258cb1,lenta,https://lenta.ru/news/2026/01/17/putin-obratilsya-k-gromyaschim-tehniku-vsu-rossiyskim-boytsam/,2026-01-17 00:00:00,"Путин обратился к громящим технику ВСУ российским бойцам02:52, 17 января 2026Россия",,,ru,RU
5dd39484e9f1,lenta,https://lenta.ru/news/2026/01/17/raskryt-sostav-soveta-mira-po-gaze/,2026-01-17 00:00:00,"Раскрыт состав совета мира по Газе02:02, 17 января 2026Мир",,,ru,RU
bb725adb46f8,lenta,https://lenta.ru/news/2026/01/17/minprosvescheniya-podgotovilo-proekt-po-vvedeniyu-novoy-otsenki-v-shkolah/,2026-01-17 00:00:00,"Минпросвещения подготовило проект по введению новой оценки в школах01:44, 17 января 2026Россия",,,ru,RU
3359791fd52f,lenta,https://lenta.ru/news/2026/01/17/dve-rossiyanki-pogibli-pri-stolknovenii-tyubinga-s-mashinoy/,2026-01-17 00:00:00,"Две россиянки погибли при столкновении тюбинга с машиной01:02, 17 января 2026Авто",,,ru,RU
929dbf163980,lenta,https://lenta.ru/news/2026/01/17/ngt/,2026-01-17 00:00:00,"Франция и Италия выступили за прямые переговоры с Россией по Украине. Что они предлагают и кто хочет им помешать?00:06, 17 января 2026Мир",,,ru,RU
aa3e77d9b244,lenta,https://lenta.ru/news/2026/01/17/amerikanskiy-analitik-raskryl-serieznuyu-problemu-dlya-zapada-iz-za-rossii/,2026-01-17 00:00:00,"Американский аналитик раскрыл серьезную проблему для Запада из-за России02:46, 17 января 2026Мир",,,ru,RU
a1df9c95208a,lenta,https://lenta.ru/news/2026/01/16/raskryta-data-proizvodstva-rossiyskogo-analoga-starlink/,2026-01-17 00:00:00,"В «Роскосмосе» рассказали о спутнике «Зоркий»00:46, 17 января 2026Наука и техника",,,ru,RU
43ed84ebb1c1,lenta,https://lenta.ru/news/2026/01/17/raskryto-chislo-pogibshih-pri-pohischenii-maduro/,2026-01-17 00:00:00,"Раскрыто число погибших при похищении Мадуро00:34, 17 января 2026Мир",,,ru,RU
a2fa3dca4f33,lenta,https://lenta.ru/news/2026/01/17/v-ssha-zadumalis-o-sozdanii-zameny-oon/,2026-01-17 00:00:00,"В США задумались о создании замены ООН01:43, 17 января 2026Мир",,,ru,RU
594ed171e22b,lenta,https://lenta.ru/news/2026/01/17/v-gibdd-dopustili-ogranichenie-dopuska-mashin-na-krymskiy-most/,2026-01-17 00:00:00,"В ГИБДД допустили ограничение допуска машин на Крымский мост02:26, 17 января 2026Авто",,,ru,RU
b79bcf13290e,lenta,https://lenta.ru/news/2026/01/17/stoltenberg-prizval-zapad-k-odnomu-deystviyu-v-otnoshenii-rossii/,2026-01-17 00:00:00,"Столтенберг призвал Запад к одному действию в отношении России01:05, 17 января 2026Мир",,,ru,RU
dba24e0b8090,lenta,https://lenta.ru/news/2026/01/17/ukraina-i-rossiya-soglasilis-priostanovit-ogon-vozle-zaes/,2026-01-17 00:00:00,"Украина и Россия согласились приостановить огонь возле Запорожской АЭС02:05, 17 января 2026Бывший СССР",,,ru,RU
079dbbf0cae9,lenta,https://lenta.ru/news/2026/01/17/voenkor-zayavil-o-beznadege-v-kieve/,2026-01-17 00:00:00,"Военкор заявил о безнадеге в Киеве02:08, 17 января 2026Интернет и СМИ",,,ru,RU
07b609b469e9,lenta,https://lenta.ru/news/2026/01/17/ukraina-pereydet-v-rezhim-ekonomii-elektroenergii/,2026-01-17 00:00:00,"Украина перейдет в режим экономии электроэнергии03:05, 17 января 2026Бывший СССР",,,ru,RU
e0f2d576f6b0,lenta,https://lenta.ru/news/2026/01/17/tseny-na-gaz-v-evrope-vyrosli-za-den-i-pobili-novyy-rekord/,2026-01-17 00:00:00,"Цены на газ в Европе выросли за день и побили новый рекорд01:03, 17 января 2026Экономика",,,ru,RU
d2fc8f112f25,lenta,https://lenta.ru/news/2026/01/17/zemlyu-nakryla-tretya-za-yanvar-magnitnaya-burya/,2026-01-17 00:00:00,"Землю накрыла третья за январь магнитная буря00:37, 17 января 2026Экономика",,,ru,RU
1d95dd4df813,lenta,https://lenta.ru/news/2026/01/17/stalo-izvestno-o-predlozhenii-ssha-rasshirit-sovet-mira-trampa-na-ukrainu/,2026-01-17 00:00:00,"Стало известно о предложении США расширить «Совет мира» Трампа на Украину02:12, 17 января 2026Мир",,,ru,RU
cc09920f804b,lenta,https://lenta.ru/news/2026/01/17/vsu-predrekli-katastrofu-iz-za-situatsii-v-voyskah/,2026-01-17 00:00:00,"ВСУ предрекли катастрофу из-за ситуации в войсках02:57, 17 января 2026Бывший СССР",,,ru,RU
692b206e9fc0,lenta,https://lenta.ru/news/2026/01/17/sredstva-pvo-otrazili-ataku-ukrainskih-bpla/,2026-01-17 00:00:00,"Средства ПВО отразили атаку украинских БПЛА00:09, 17 января 2026Россия",,,ru,RU
f2da895789f9,lenta,https://lenta.ru/news/2026/01/17/rossiyskiy-reper-popal-v-bazu-dannyh-mirotvortsa/,2026-01-17 00:00:00,"Российский рэпер попал в базу данных «Миротворца»01:25, 17 января 2026Бывший СССР",,,ru,RU
9927a4bb03d3,lenta,https://lenta.ru/news/2026/01/17/vpervye-kiev-ostalsya-v-morozy-bez-otopleniya-klichko-rasskazal-ob-istoricheskoy-situatsii-s-nehvatkoy-energosnabzheniem/,2026-01-17 00:00:00,"«Это первый случай в истории». Кличко рассказал о серьезном энергетическом кризисе в Киеве. Город остался без отопления в морозы01:39, 17 января 2026Бывший СССР",,,ru,RU
90f991484cd4,lenta,https://lenta.ru/news/2026/01/18/kallas/,2026-01-18 00:00:00,"В Европе призвали решать проблемы вокруг Гренландии «внутри НАТО»00:30, 18 января 2026Мир",,,ru,RU
48040b5da2dd,lenta,https://lenta.ru/news/2026/01/18/merts-ostalsya-nedovolen-nemtsami-po-odnomu-voprosu/,2026-01-18 00:00:00,"Мерц остался недоволен немцами по одному вопросу01:48, 18 января 2026Мир",,,ru,RU
14eb49e65a3a,lenta,https://lenta.ru/news/2026/01/18/opg/,2026-01-18 00:00:00,"Таганская группировка — одна из главных банд Москвы 1990-х. Как она работала на спецслужбы и помогла убить босса преступного мира?00:01, 18 января 2026Силовые структуры",,,ru,RU
8c396e299785,lenta,https://lenta.ru/news/2026/01/18/opublikovany-kadry-goryaschey-posle-udarov-podstantsii-v-harkove/,2026-01-18 00:00:00,"Опубликованы кадры горящей после ударов подстанции в Харькове01:11, 18 января 2026Бывший СССР",,,ru,RU
f42b80c4869f,lenta,https://lenta.ru/news/2026/01/18/peskovv/,2026-01-18 00:00:00,"Каллас допустила обнищание Европы и Америки из-за пошлин США01:18, 18 января 2026Мир",,,ru,RU
13981efa53f7,lenta,https://lenta.ru/news/2026/01/18/rossiyanam-nazvali-kolichestvo/,2026-01-18 00:00:00,"Россиянам назвали количество выходных дней в 2026 году02:47, 18 января 2026Россия",,,ru,RU
e1282ba3009d,lenta,https://lenta.ru/news/2026/01/18/rossiyskiy-borets-chempion-otvetil-na-kritiku-iz-za-kontrakta-s-amerikanskoy-ligoy/,2026-01-18 00:00:00,"Российский борец-чемпион ответил на критику из-за контракта с американской лигой00:23, 18 января 2026Спорт",,,ru,RU
72984967c1a4,lenta,https://lenta.ru/news/2026/01/18/spiker-palaty-predstaviteley-obosnoval-interes-ssha-k-grenlandii-istoriey/,2026-01-18 00:00:00,"Спикер Палаты представителей обосновал интерес США к Гренландии историей02:36, 18 января 2026Мир",,,ru,RU
5faf504d8fe2,lenta,https://lenta.ru/news/2026/01/18/soskin/,2026-01-18 00:00:00,"На Украине заявили об уничтожении Трампом союзников Зеленского03:40, 18 января 2026Бывший СССР",,,ru,RU
8425db62189a,lenta,https://lenta.ru/news/2026/01/18/spiker-parlamenta-chehii-ubral-flag-es-iz-svoego-kabineta/,2026-01-18 00:00:00,"Спикер парламента Чехии убрал флаг ЕС из своего кабинета01:55, 18 января 2026Мир",,,ru,RU
90f8b0fd1d39,lenta,https://lenta.ru/news/2026/01/18/rossiyskaya-armiya-prodvinulas-na/,2026-01-18 00:00:00,"Российская армия продвинулась на двух участках к югу от Северска00:55, 18 января 2026Россия",,,ru,RU
4b595d3c32e1,lenta,https://lenta.ru/news/2026/01/18/rossiyane-rashoteli-oformlyat-vizy-v-ssha/,2026-01-18 00:00:00,"Россияне расхотели оформлять визы в США из-за Трампа01:54, 18 января 2026Путешествия",,,ru,RU
df73637b6ed7,lenta,https://lenta.ru/news/2026/01/18/ffilippo/,2026-01-18 00:00:00,"Во Франции Макрона призвали забыть про Украину и Гренландию02:27, 18 января 2026Мир",,,ru,RU
d0955bdf1016,lenta,https://lenta.ru/news/2026/01/18/raskryta-srednyaya-zarplata-kurierov-v-rossii/,2026-01-18 00:00:00,"Раскрыта средняя зарплата курьеров в России03:06, 18 января 2026Экономика",,,ru,RU
e33ba4d388a9,lenta,https://lenta.ru/news/2026/01/18/evrosoyuzu-podskazali-slabye-mesta-ssha-dlya-udara-v-sluchae-zahvata-grenlandii/,2026-01-18 00:00:00,"Евросоюзу подсказали слабые места США для удара в случае захвата Гренландии03:15, 18 января 2026Мир",,,ru,RU
4da2b330afaf,lenta,https://lenta.ru/news/2026/01/18/zelenn/,2026-01-18 00:00:00,"Медведчук допустил тотальную мобилизацию на Украине00:19, 18 января 2026Бывший СССР",,,ru,RU
73533a569688,lenta,https://lenta.ru/news/2026/01/18/stubb/,2026-01-18 00:00:00,"Стубб заявил о давлении США из-за ситуации с Гренландией01:49, 18 января 2026Мир",,,ru,RU
79753d0b0319,lenta,https://lenta.ru/news/2026/01/17/tramp-ob-yavil-o-merah-protiv-stran-es-iz-za-situatsii-s-grenlandiey-chem-prigrozil-amerikanskiy-lider-i-kakova-reaktsiya-evropy/,2026-01-18 00:00:00,"Трамп объявил о мерах против стран ЕС из-за ситуации с Гренландией. Чем пригрозил американский лидер и как отреагировали в Европе?00:09, 18 января 2026Мир",,,ru,RU
bb37553348d8,lenta,https://lenta.ru/news/2026/01/18/v-egipte-poprosili-13-millionov-rubley-za-perevozku-vpavshey-v-komu-rossiyanki/,2026-01-18 00:00:00,"В Египте попросили 13 миллионов рублей за перевозку впавшей в кому россиянки03:26, 18 января 2026Путешествия",,,ru,RU
15963217f9ac,lenta,https://lenta.ru/news/2026/01/18/v-evrope-obespokoilis-smescheniem-vnimaniya-ssha-s-ukrainy-na-grenlandiyu/,2026-01-18 00:00:00,"В Европе обеспокоились смещением внимания США с Украины на Гренландию00:45, 18 января 2026Мир",,,ru,RU
1298b39a3bea,lenta,https://lenta.ru/news/2026/01/18/v-evrope-zayavili-o-nevozmozhnosti-odobreniya-torgovoy-sdelki-s-ssha-iz-za-trampa/,2026-01-18 00:00:00,"В Европе заявили о невозможности одобрения торговой сделки с США из-за Трампа00:27, 18 января 2026Мир",,,ru,RU
478c25704ac7,lenta,https://lenta.ru/news/2026/01/18/v-rossii-perestali-zavoditsya-avtomobili-porsche-i-bmw/,2026-01-18 00:00:00,"Названа причина массовых сбоев работы автомобилей Porsche и BMW в России01:35, 18 января 2026Авто",,,ru,RU
d065118da18c,lenta,https://lenta.ru/news/2026/01/18/vsu-popytalis-kontratakovat-na-odnom-iz-napravleniy-v-zone-svo/,2026-01-18 00:00:00,"ВСУ попытались контратаковать на одном из направлений в зоне СВО03:13, 18 января 2026Россия",,,ru,RU
3e20ce2e9251,lenta,https://lenta.ru/news/2026/01/18/v-rossii-otmenili-esche-odin-kontsert-komika-saburova/,2026-01-18 00:00:00,"В России отменили еще один концерт комика Сабурова01:16, 18 января 2026Интернет и СМИ",,,ru,RU
281457615dfb,lenta,https://lenta.ru/news/2026/01/18/zzelen/,2026-01-18 00:00:00,"Медведчук рассказал о замене Зеленского02:14, 18 января 2026Бывший СССР",,,ru,RU
5104e3a4dbe7,lenta,https://lenta.ru/news/2026/01/18/ursula/,2026-01-18 00:00:00,"Еврокомиссия подтвердила планы направить войска в Гренландию02:50, 18 января 2026Мир",,,ru,RU
cb9f0007b7cd,lenta,https://lenta.ru/news/2026/01/18/zhiteli-kieva-nachali-gretsya-u-kostrov-iz-elok-na-fone/,2026-01-18 00:00:00,"Жители Киева начали греться у костров из елок на фоне проблем с отоплением01:38, 18 января 2026Бывший СССР",,,ru,RU
bc1e3c4eec77,lenta,https://lenta.ru/news/2026/01/18/tramp-zayavil-o-neobhodimosti-smenit-vlast-v-irane/,2026-01-18 00:00:00,"Трамп заявил о необходимости сменить власть в Иране01:29, 18 января 2026Мир",,,ru,RU
8b7527f61c75,lenta,https://lenta.ru/news/2026/01/18/stalo-izvestno-o-gotovnosti-nekotoryh-deputatov-rady-polnostyu-otkazatsya-ot-donbassa/,2026-01-18 00:00:00,"Стало известно о готовности некоторых депутатов Рады полностью отказаться от Донбасса01:40, 18 января 2026Мир",,,ru,RU
932d5b862cc3,lenta,https://lenta.ru/news/2026/01/18/zelenskogo-ulichili-v-popytke-uluchshit-svoy-reyting-pered-vyborami/,2026-01-18 00:00:00,"Зеленского уличили в попытке улучшить свой рейтинг перед выборами02:02, 18 января 2026Интернет и СМИ",,,ru,RU
4688439651fd,lenta,https://lenta.ru/news/2026/01/19/glava-minfina-otsenil-ideyu-otdat-formirovanie-byudzheta-ii/,2026-01-19 00:00:00,"Глава Минфина оценил идею отдать формирование бюджета ИИ00:50, 19 января 2026Экономика",,,ru,RU
0cd01b89627a,lenta,https://lenta.ru/news/2026/01/19/stalo-izvestno-ob-ohote-spetssluzhb-ssha-na-novuyu-glavu-venesuely/,2026-01-19 00:00:00,"Стало известно об охоте спецслужб США на новую главу Венесуэлы01:54, 19 января 2026Мир",,,ru,RU
0c4a89cee362,lenta,https://lenta.ru/news/2026/01/19/ministr-oborony-belgii-poizdevalsya-nad-izvestnym-lozungom-trampa/,2026-01-19 00:00:00,"Министр обороны Бельгии поиздевался над знаменитым лозунгом Трампа01:11, 19 января 2026Мир",,,ru,RU
2fcd52261700,lenta,https://lenta.ru/news/2026/01/19/mirror/,2026-01-19 00:00:00,"Создан смартфон с зеркалом02:07, 19 января 2026Наука и техника",,,ru,RU
a6ef450f03e0,lenta,https://lenta.ru/news/2026/01/19/morpehi-ssha-kupyat-robotov-dlya-razminirovaniya/,2026-01-19 00:00:00,"Морпехи США купят роботов для разминирования00:15, 19 января 2026Наука и техника",,,ru,RU
ca07f8fe845c,lenta,https://lenta.ru/news/2026/01/19/nazvana-samaya-vostrebovannaya-professiya-v-rossii-v-2026-godu/,2026-01-19 00:00:00,"Названа самая востребованная профессия в России в 2026 году02:27, 19 января 2026Экономика",,,ru,RU
fdbfe791b520,lenta,https://lenta.ru/news/2026/01/19/na-ehavshih-v-poezde-molodozhenov-upal-stroitelnyy-kran-cherez-den-posle-svadby/,2026-01-19 00:00:00,"На ехавших в поезде молодоженов упал строительный кран через день после свадьбы02:07, 19 января 2026Из жизни",,,ru,RU
34917b8a7819,lenta,https://lenta.ru/news/2026/01/19/plan-kover-ekstrenno-vveli-na-territorii-rossiyskogo-regiona/,2026-01-19 00:00:00,"План «Ковер» экстренно ввели на территории российского региона02:10, 19 января 2026Россия",,,ru,RU
75032c053b2f,lenta,https://lenta.ru/news/2026/01/19/predskazany-posledstviya-dlya-ukrainy-ot-torgovogo-udara-es-po-ssha/,2026-01-19 00:00:00,"Украину предупредили о последствиях торгового удара ЕС по США02:26, 19 января 2026Мир",,,ru,RU
06ffd58de04e,lenta,https://lenta.ru/news/2026/01/19/raskryt-veroyatnyy-otvet-na-plany-britanii-po-perehvatu-tankerov/,2026-01-19 00:00:00,"Раскрыт вероятный ответ на планы Британии по перехвату танкеров00:53, 19 января 2026Мир",,,ru,RU
bec127a486b6,lenta,https://lenta.ru/news/2026/01/19/raskryty-riski-dlya-dolinoy-ot-zatyagivaniya-peredachi-kvartiry/,2026-01-19 00:00:00,"Раскрыты риски для Долиной от затягивания передачи квартиры00:21, 19 января 2026Экономика",,,ru,RU
d74642893f6e,lenta,https://lenta.ru/news/2026/01/19/samosval-snes-most-v-rossiyskom-regione/,2026-01-19 00:00:00,"Самосвал снес мост в российском регионе00:11, 19 января 2026Россия",,,ru,RU
ccd35e50c397,lenta,https://lenta.ru/news/2026/01/19/bazuku-makrona-protiv-trampa-sravnili-s-vodyanym-pistoletom/,2026-01-19 00:00:00,"«Базуку» Макрона против Трампа сравнили с водяным пистолетом01:48, 19 января 2026Мир",,,ru,RU
e765791b7438,lenta,https://lenta.ru/news/2026/01/19/opros-amerikantsev-o-grenlandii-privel-k-neozhidannym-rezultatam/,2026-01-19 00:00:00,"Опрос американцев о Гренландии привел к неожиданным результатам00:17, 19 января 2026Мир",,,ru,RU
ae3b3cbabf92,lenta,https://lenta.ru/news/2026/01/19/atomnyy-avianosets-vms-ssha-priblizilsya-k-iranu/,2026-01-19 00:00:00,"Атомный авианосец ВМС США приблизился к Ирану01:22, 19 января 2026Мир",,,ru,RU
e4034eaee86b,lenta,https://lenta.ru/news/2026/01/19/intimnyy-moment-dzheysona-momoa-i-ego-vozlyublennoy-na-premiere-filma-popal-na-foto/,2026-01-19 00:00:00,"Интимный момент Джейсона Момоа и его возлюбленной на премьере фильма попал на фото01:15, 19 января 2026Ценности",,,ru,RU
52be45a1159d,lenta,https://lenta.ru/news/2026/01/19/student-popravil-professora-na-lektsii-i-opozorilsya-pered-sotney-odnokursnikov/,2026-01-19 00:00:00,"Студент поправил профессора на лекции и опозорился перед сотней однокурсников02:30, 19 января 2026Интернет и СМИ",,,ru,RU
270e5a923e2e,lenta,https://lenta.ru/news/2026/01/19/travelbans/,2026-01-19 00:00:00,"«То, что вам кажется мелочью, для них — преступление». За что россиянам за границей могут грозить штраф или тюрьма?00:01, 19 января 2026Путешествия",,,ru,RU
4bbeba0de0f0,lenta,https://lenta.ru/news/2026/01/19/zhelayuschim-dostich-orgazma-vo-sne-zhenschinam-dali-sovet/,2026-01-19 00:00:00,"Желающим достичь оргазма во сне женщинам дали совет00:59, 19 января 2026Забота о себе",,,ru,RU
3ae201af519f,lenta,https://lenta.ru/tags/persons/gorshenev-mihail/,2026-01-19 00:00:00,Михаил Горшенёв,,,ru,RU
84a6054345e6,lenta,https://lenta.ru/news/2026/01/19/v-avstrii-uvolili-vracha-za-shutku-pro-pohudenie-v-osventsime/,2026-01-19 00:00:00,"В Австрии уволили врача за шутку про похудение в Освенциме01:28, 19 января 2026Из жизни",,,ru,RU
c4c8787f8f72,lenta,https://lenta.ru/news/2026/01/19/v-britanii-vyskazalis-o-pokupke-grenlandii/,2026-01-19 00:00:00,"В Британии высказались о покупке Гренландии01:39, 19 января 2026Мир",,,ru,RU
801cdbb6e116,lenta,https://lenta.ru/news/2026/01/19/v-krasnoarmeyske-zametili-naemnikov-iz-dvuh-evropeyskih-stran/,2026-01-19 00:00:00,"В Красноармейске заметили наемников из двух европейских стран02:14, 19 января 2026Бывший СССР",,,ru,RU
68c73c118059,lenta,https://lenta.ru/news/2026/01/19/v-ssha-nazvali-sleduyuschuyu-tsel-posle-grenlandii/,2026-01-19 00:00:00,"В США назвали следующую цель после Гренландии00:25, 19 января 2026Мир",,,ru,RU
7c865fd8c6d0,lenta,https://lenta.ru/news/2026/01/19/v-isu-prokommentirovali-pravo-valievoy-vystupat-na-turnirah-v-rossii/,2026-01-19 00:00:00,"В ISU прокомментировали право Валиевой выступать на турнирах в России00:25, 19 января 2026Спорт",,,ru,RU
d280f236f540,lenta,https://lenta.ru/news/2026/01/19/zhenschina-popala-za-reshetku-iz-za-romana-s-zaklyuchennym/,2026-01-19 00:00:00,"Женщина попала за решетку из-за романа с заключенным00:30, 19 января 2026Из жизни",,,ru,RU
3a1f803ac678,lenta,https://lenta.ru/tags/persons/dolina-larisa/,2026-01-19 00:00:00,Лариса Долина,,,ru,RU
5dd567df0413,lenta,https://lenta.ru/tags/organizations/vsu/,2026-01-19 00:00:00,Вооружённые силы Украины,,,ru,RU
0b8379a80b3a,lenta,https://lenta.ru/news/2026/01/19/ukrainu-predupredili-o-katastrofe-v-sluchae-prodazhi-grenlandii-ssha/,2026-01-19 00:00:00,"Украину предупредили о катастрофе в случае продажи Гренландии США01:17, 19 января 2026Мир",,,ru,RU
86e3e2847b3d,lenta,https://lenta.ru/news/2026/01/19/ugrozy-ssha-poshlinami-zastavili-evrosovet-provesti-vneocherednoe-zasedanie/,2026-01-19 00:00:00,"Угрозы США пошлинами заставили Евросовет провести внеочередное заседание01:18, 19 января 2026Мир",,,ru,RU
827bdafcd6a1,lenta,https://lenta.ru/news/2026/01/19/umer-rezhissyor-multfilma-korol-lev-allers/,2026-01-19 00:00:00,"Умер режиссер мультфильма «Король Лев»01:37, 19 января 2026Культура",,,ru,RU
9cf31e28dc75,lenta,https://lenta.ru/news/2026/01/19/v-ssha-prizvali-seriezno-otnositsya-k-rossii/,2026-01-19 00:00:00,"В США призвали серьезно относиться к России00:55, 19 января 2026Мир",,,ru,RU
531aa0b6b60d,lenta,https://lenta.ru/news/2026/01/20/tramp-dopustil-dezinformatsiyu-po-grenlandii/,2026-01-20 00:00:00,"Трамп допустил дезинформацию по Гренландии01:12, 20 января 2026Мир",,,ru,RU
74d82b2e27dd,lenta,https://lenta.ru/news/2026/01/20/daniyu-ulichili-v-zhelanii-konfrontatsii-s-rossiey/,2026-01-20 00:00:00,"Данию уличили в желании конфронтации с Россией00:40, 20 января 2026Мир",,,ru,RU
901c810ae098,lenta,https://lenta.ru/news/2026/01/20/inostrannyy-igrok-zayavil-o-zabvenii-rossiyskogo-futbola-v-mire/,2026-01-20 00:00:00,"Иностранный игрок заявил о забвении российского футбола в мире00:16, 20 января 2026Спорт",,,ru,RU
b59bd0881e83,lenta,https://lenta.ru/news/2026/01/20/kievlyane-reshili-nochevat-v-metro/,2026-01-20 00:00:00,"Киевляне решили ночевать в метро02:27, 20 января 2026Бывший СССР",,,ru,RU
781f81973967,lenta,https://lenta.ru/news/2026/01/20/kto-s-mechom-k-nam-pridet-ot-mecha-i-pogibnet-v-rossii-otvetili-na-zayavlenie-o-podgotovke-nato-k-blokade-kaliningrada/,2026-01-20 00:00:00,"«Кто с мечом к нам придет, от меча и погибнет». В России ответили на заявление о подготовке НАТО к блокаде Калининграда01:27, 20 января 2026Россия",,,ru,RU
bdd2b2cc2bff,lenta,https://lenta.ru/news/2026/01/20/muzhchiny-i-zhenschiny-podelilis-samymi-bezumnymi-postupkami-radi-seksa/,2026-01-20 00:00:00,"Мужчины и женщины поделились самыми безумными поступками ради секса01:02, 20 января 2026Забота о себе",,,ru,RU
08f504e376f8,lenta,https://lenta.ru/news/2026/01/20/muzhchina-rasskazal-o-pristrastii-k-poedaniyu-zhivyh-nasekomyh-i-opisal-vkus-tarakanov/,2026-01-20 00:00:00,"Мужчина рассказал о пристрастии к поеданию живых насекомых и описал вкус тараканов00:30, 20 января 2026Из жизни",,,ru,RU
7a5a51320410,lenta,https://lenta.ru/news/2026/01/20/pervyy-god-trampa-stal-rekordnym-po-rostu-gosdolga-ssha/,2026-01-20 00:00:00,"Первый год Трампа стал рекордным по росту госдолга США02:07, 20 января 2026Экономика",,,ru,RU
baa3f7dfe902,lenta,https://lenta.ru/news/2026/01/20/premiera-polshe-razozlilo-priglashenie-v-sovet-mira/,2026-01-20 00:00:00,"Премьера Польши разозлило приглашение Навроцкого в «Совет мира»01:33, 20 января 2026Мир",,,ru,RU
a9ee3574cb28,lenta,https://lenta.ru/news/2026/01/20/ranenyy-rossiyskiy-soldat-likvidiroval-neskolko-boytsov-vsu/,2026-01-20 00:00:00,"Раненый российский солдат ликвидировал несколько бойцов ВСУ01:51, 20 января 2026Россия",,,ru,RU
dddc3e9886b3,lenta,https://lenta.ru/news/2026/01/20/raskryta-svyaz-pischevyh-krasiteley-s-razvitiem-raka/,2026-01-20 00:00:00,"Раскрыта связь пищевых красителей с развитием рака00:30, 20 января 2026Наука и техника",,,ru,RU
164ce8844afe,lenta,https://lenta.ru/news/2026/01/20/raskryty-posledstviya-konflikta-iz-za-grenlandii-dlya-ssha/,2026-01-20 00:00:00,"Раскрыты последствия конфликта из-за Гренландии для США00:26, 20 января 2026Мир",,,ru,RU
7f1acb124d2c,lenta,https://lenta.ru/news/2026/01/20/britni-spirs-stantsevala-pered-kameroy-s-obnazhennoy-grudyu-iz-lyubvi-k-otkrovennym-foto/,2026-01-20 00:00:00,"Бритни Спирс станцевала перед камерой с обнаженной грудью из любви к откровенным фото01:02, 20 января 2026Ценности",,,ru,RU
0f1d88f4c9e8,lenta,https://lenta.ru/news/2026/01/20/obnazhennuyu-sotrudnitsu-shkoly-arestovali-posle-seksa-s-uchenikom-v-avtomobile/,2026-01-20 00:00:00,"Обнаженную сотрудницу школы арестовали после секса с учеником в автомобиле02:00, 20 января 2026Из жизни",,,ru,RU
a2a8557475cd,lenta,https://lenta.ru/news/2026/01/20/britantsy-predlozhili-zamenit-premiera-hyu-grantom/,2026-01-20 00:00:00,"Британцы предложили заменить премьер-министра Хью Грантом00:31, 20 января 2026Мир",,,ru,RU
a675994ef2cd,lenta,https://lenta.ru/news/2026/01/20/rossii-stalo-izvestno-o-novom-plane-kieva-po-sozdaniyu-killzony-po-vsemu-frontu/,2026-01-20 00:00:00,"России стало известно о новом плане Киева по созданию киллзоны по всему фронту00:43, 20 января 2026Россия",,,ru,RU
eb37a5cf2aa9,lenta,https://lenta.ru/news/2026/01/20/stalo-izvestno-o-perestrelke-na-yugo-vostoke-moskvy/,2026-01-20 00:00:00,"Стало известно о стрельбе на юго-востоке Москвы01:41, 20 января 2026Силовые структуры",,,ru,RU
15506745a039,lenta,https://lenta.ru/news/2026/01/20/voennye-samolety-otpravili-na-amerikanskuyu-bazu-v-grenlandii/,2026-01-20 00:00:00,"Военные самолеты отправили на американскую базу в Гренландии02:06, 20 января 2026Мир",,,ru,RU
1307b33510eb,lenta,https://lenta.ru/news/2026/01/20/v-vengrii-zayavili-o-podgotovke-bryusselya-k-yadernoy-voyne/,2026-01-20 00:00:00,"В Венгрии заявили о подготовке Брюсселя к ядерной войне02:28, 20 января 2026Мир",,,ru,RU
f1f039bfd439,lenta,https://lenta.ru/news/2026/01/20/v-ssha-obvinili-zapad-v-zatyazhnoy-nenavisti-k-rossii/,2026-01-20 00:00:00,"В США обвинили Запад в затяжной ненависти к России00:04, 20 января 2026Мир",,,ru,RU
1f28cbb4c9d2,lenta,https://lenta.ru/news/2026/01/20/unikalnogo-patsienta-bez-pulsa-vypishut-iz-rossiyskoy-bolnitsy/,2026-01-20 00:00:00,"Уникального пациента без пульса выпишут из российской больницы02:04, 20 января 2026Наука и техника",,,ru,RU
537726cb6289,lenta,https://lenta.ru/news/2026/01/20/v-danii-pridumali-sposob-ubedit-trampa-ne-vvodit-poshliny/,2026-01-20 00:00:00,"В Дании придумали способ убедить Трампа не вводить пошлины01:02, 20 января 2026Мир",,,ru,RU
1638cc25df22,lenta,https://lenta.ru/news/2026/01/20/v-danii-otvergli-slova-trampa-o-rossiyskih-korablyah-u-grenlandii/,2026-01-20 00:00:00,"В Дании отвергли слова Трампа о российских кораблях у Гренландии00:13, 20 января 2026Мир",,,ru,RU
ddf0b1639118,lenta,https://lenta.ru/news/2026/01/20/vyezd-detey-iz-rossii-za-granitsu-stal-vozmozhen-tolko-po-novomu-dokumentu/,2026-01-20 00:00:00,"Выезд детей из России за границу стал возможен только по новому документу01:37, 20 января 2026Россия",,,ru,RU
daf4052cb39b,lenta,https://lenta.ru/news/2026/01/19/zhiteli-sum-perekryli-dorogu-v-znak-protesta/,2026-01-20 00:00:00,"Жители Сум перекрыли дорогу в знак протеста00:20, 20 января 2026Бывший СССР",,,ru,RU
19a55025cfd6,lenta,https://lenta.ru/news/2026/01/20/zapakh/,2026-01-20 00:00:00,"«Гениталии не могут пахнуть как пинаколада». О чем говорит странный запах рыбы в интимной зоне и можно ли от него избавиться?00:01, 20 января 2026Забота о себе",,,ru,RU
23593bdc4048,lenta,https://lenta.ru/tags/persons/zelenskiy-vladimir/,2026-01-20 00:00:00,Владимир Зеленский,,,ru,RU
828f8b17b39a,lenta,https://lenta.ru/tags/geo/kaliningrad/,2026-01-20 00:00:00,Калининграда,,,ru,RU
e597393c2163,lenta,https://lenta.ru/news/2026/01/20/uchenye-zafiksirovali-udar-oblaka-plazmy-klassa-x-po-zemle/,2026-01-20 00:00:00,"Ученые зафиксировали удар облака плазмы класса X по Земле00:44, 20 января 2026Наука и техника",,,ru,RU
2fdef72e55aa,lenta,https://lenta.ru/news/2026/01/20/transatlanticheskie-otnosheniya-pri-trampe-dostigli-dna/,2026-01-20 00:00:00,"Экс-замгенсека НАТО высказался о трансатлантических отношениях при Трампе00:38, 20 января 2026Мир",,,ru,RU
29d0d577f77c,lenta,https://lenta.ru/tags/geo/podmoskovie/,2026-01-20 00:00:00,Подмосковье,,,ru,RU
705e2603628a,lenta,https://lenta.ru/news/2026/01/20/v-rade-obvinili-zelenskogo-v-genotside-ukraintsev/,2026-01-20 00:00:00,"В Раде обвинили Зеленского в геноциде украинцев01:23, 20 января 2026Бывший СССР",,,ru,RU
e0d7ea840ec5,lenta,https://lenta.ru/news/2026/01/21/boleyuschaya-rakom-veduschaya-rasskazala-o-surovom-lechenii/,2026-01-21 00:00:00,"Болеющая раком ведущая рассказала о «суровом» лечении02:30, 21 января 2026Интернет и СМИ",,,ru,RU
ac1ae8bf5814,lenta,https://lenta.ru/news/2026/01/21/ekzoticheskaya-yagoda-okazalas-soyuznikom-protiv-ozhireniya-i-metabolicheskih-narusheniy/,2026-01-21 00:00:00,"Экзотическая ягода оказалась союзником против ожирения и метаболических нарушений00:30, 21 января 2026Наука и техника",,,ru,RU
f12e1c68dfd2,lenta,https://lenta.ru/news/2026/01/21/es/,2026-01-21 00:00:00,"Пушков заявил о расколе в ЕС по вопросу Гренландии01:16, 21 января 2026Мир",,,ru,RU
2bb075689da8,lenta,https://lenta.ru/news/2026/01/21/iskander/,2026-01-21 00:00:00,"Военный эксперт предрек ВСУ потерю боеспособности из-за новых ракет «Искандер»02:44, 21 января 2026Наука и техника",,,ru,RU
576815fed6c5,lenta,https://lenta.ru/news/2026/01/21/catfisher/,2026-01-21 00:00:00,"Финалистка конкурса красоты 10 лет охотилась на мошенницу, выдававшую себя за мужчин. Она отправила ее в тюрьму трижды00:01, 21 января 2026Из жизни",,,ru,RU
5a5314e1a68e,lenta,https://lenta.ru/news/2026/01/21/makron/,2026-01-21 00:00:00,"В Британии заявили о желании Трампа причинить боль Макрону01:32, 21 января 2026Мир",,,ru,RU
e6d10317fbe8,lenta,https://lenta.ru/news/2026/01/21/pri-atake-vsu-na-adygeyu-postradali-vosem-chelovek/,2026-01-21 00:00:00,"При атаке ВСУ на Адыгею пострадали восемь человек01:40, 21 января 2026Россия",,,ru,RU
d4ca089a6959,lenta,https://lenta.ru/news/2026/01/21/rodinn/,2026-01-21 00:00:00,"Российские военные заняли посадки западнее Родинского01:58, 21 января 2026Бывший СССР",,,ru,RU
6251a87bd131,lenta,https://lenta.ru/news/2026/01/21/raskryto-otnoshenie-rossii-k-planam-razmescheniya-voysk-nato-na-ukraine/,2026-01-21 00:00:00,"Раскрыто отношение России к планам размещения войск НАТО на Украине02:37, 21 января 2026Мир",,,ru,RU
8f1323470b73,lenta,https://lenta.ru/news/2026/01/21/spetspredstavitel-putina-nazval-edinstvennyy-vozmozhnyy-vybor-dlya-es/,2026-01-21 00:00:00,"Спецпредставитель Путина назвал единственный возможный выбор для ЕС00:35, 21 января 2026Россия",,,ru,RU
b89a35983496,lenta,https://lenta.ru/news/2026/01/21/naemnitsa-pozhalovalas-na-otkaz-vsu-vozvraschat-ey-mashinu/,2026-01-21 00:00:00,"Наемница пожаловалась на отказ ВСУ возвращать ей машину02:23, 21 января 2026Бывший СССР",,,ru,RU
4c3c470c7cd7,lenta,https://lenta.ru/news/2026/01/21/muzhchiny-priznalis-v-nenavisti-k-nekotorym-pozam-v-sekse/,2026-01-21 00:00:00,"Мужчины признались в ненависти к некоторым позам в сексе01:00, 21 января 2026Забота о себе",,,ru,RU
a7dfa1a071a0,lenta,https://lenta.ru/news/2026/01/20/fon-der-lyayen-obvinili-v-upadke-evrosoyuza/,2026-01-21 00:00:00,"Фон дер Ляйен обвинили в упадке Евросоюза01:55, 21 января 2026Интернет и СМИ",,,ru,RU
1d071784aa75,lenta,https://lenta.ru/news/2026/01/21/kievv/,2026-01-21 00:00:00,"Кличко заявил о надвигающейся гуманитарной катастрофе в Киеве00:20, 21 января 2026Бывший СССР",,,ru,RU
c0826259a058,lenta,https://lenta.ru/news/2026/01/21/opytnaya-seks-rabotnitsa-pozhalovalas-na-iskusstvennyy-intellekt/,2026-01-21 00:00:00,"Опытная секс-работница пожаловалась на искусственный интеллект02:00, 21 января 2026Из жизни",,,ru,RU
1a66eb8ba380,lenta,https://lenta.ru/news/2026/01/21/ssha-zahvatili-ocherednoy-tanker-v-karibskom-more/,2026-01-21 00:00:00,"США захватили очередной танкер в Карибском море01:20, 21 января 2026Мир",,,ru,RU
d4c824e99140,lenta,https://lenta.ru/news/2026/01/21/stalo-izvestno-o-nehvatke/,2026-01-21 00:00:00,"Стало известно о нехватке 100 миллионов долларов на импорт газа на Украину00:28, 21 января 2026Бывший СССР",,,ru,RU
cb7aaffc1107,lenta,https://lenta.ru/news/2026/01/21/stala-izvestna-tsena-chelovecheskih-golov-i-tel-u-torgovtsev-organami/,2026-01-21 00:00:00,"Стала известна цена человеческих голов и тел у торговцев органами00:30, 21 января 2026Из жизни",,,ru,RU
5736fe43fc0a,lenta,https://lenta.ru/news/2026/01/21/v-ssha-nazvali-glavnuyu-problemu-armii-rossii/,2026-01-21 00:00:00,"В США назвали главную проблему армии России02:30, 21 января 2026Наука и техника",,,ru,RU
5f69cb053733,lenta,https://lenta.ru/news/2026/01/21/v-orlovskoy-oblasti-iz-za-ataki-vsu-povrezhdeny-ob-ekty-tek/,2026-01-21 00:00:00,"В Орловской области из-за атаки ВСУ повреждены объекты ТЭК00:48, 21 января 2026Россия",,,ru,RU
4fb08771834b,lenta,https://lenta.ru/news/2026/01/21/v-danii-obespokoilis-ob/,2026-01-21 00:00:00,"В Дании начали беспокоиться об экономических трудностях из-за США01:34, 21 января 2026Мир",,,ru,RU
161893a167d7,lenta,https://lenta.ru/news/2026/01/21/tsel/,2026-01-21 00:00:00,"Озвучена возможная цель атаки ВСУ на резиденцию Владимира Путина02:00, 21 января 2026Россия",,,ru,RU
672e1d90e725,lenta,https://lenta.ru/news/2026/01/21/tramp-zayavil-o-gordosti-boga-za-nego/,2026-01-21 00:00:00,"Трамп заявил о гордости Бога за него00:25, 21 января 2026Мир",,,ru,RU
b43e90f54e91,lenta,https://lenta.ru/news/2026/01/21/tramp-predrek-skoruyu-otstavku-makrona/,2026-01-21 00:00:00,"Трамп предрек скорую отставку Макрона02:39, 21 января 2026Мир",,,ru,RU
c841091a03f2,lenta,https://lenta.ru/news/2026/01/21/ukrainskiy-bespilotnik-udaril-po-zhilomu-domu-v-adygee/,2026-01-21 00:00:00,"Украинский беспилотник ударил по жилому дому в Адыгее. Пострадали восемь человек, включая одного ребенка01:58, 21 января 2026Россия",,,ru,RU
d0321c04194b,lenta,https://lenta.ru/news/2026/01/21/zelenskiy-uvolil-svoego-sovetnika/,2026-01-21 00:00:00,"Зеленский уволил своего советника00:57, 21 января 2026Бывший СССР",,,ru,RU
31a25ee19e70,lenta,https://lenta.ru/tags/organizations/es/,2026-01-21 00:00:00,Европейский Союз,,,ru,RU
aee6a2b1a4c1,lenta,https://lenta.ru/news/2026/01/21/stalo-izvestno-o-postradavshih-pri-vzryve-v-novoy-adygee/,2026-01-21 00:00:00,"Стало известно о пострадавших при взрыве в Новой Адыгее01:06, 21 января 2026Россия",,,ru,RU
75866f759089,lenta,https://lenta.ru/news/2026/01/21/zhena-aleka-bolduina-zhestko-otvetila-nazvavshim-nepristoynym-naryad-ee-12-letney-docheri/,2026-01-21 00:00:00,"Жена Алека Болдуина жестко ответила назвавшим непристойным наряд ее 12-летней дочери01:00, 21 января 2026Ценности",,,ru,RU
b474ccb925b7,lenta,https://lenta.ru/tags/persons/putin-vladimir/,2026-01-21 00:00:00,Владимир Путин,,,ru,RU
202b12f1fb44,lenta,https://lenta.ru/news/2026/01/21/vvz/,2026-01-21 00:00:00,"«Эти люди нужны спецслужбам». Борьба за власть, разборки на Кавказе и ожидание перемен. Каким будет 2026 год для воровского мира?00:01, 21 января 2026Силовые структуры",,,ru,RU
8ee82e8b3577,lenta,https://lenta.ru/news/2026/01/22/na-ukraine-zayavili-o-dvuh-vozmozhnyh-stsenariyah-razvitiya-konflikta/,2026-01-22 00:00:00,"На Украине назвали два сценария развития конфликта00:23, 22 января 2026Бывший СССР",,,ru,RU
22494efe8b96,lenta,https://lenta.ru/news/2026/01/22/intruder/,2026-01-22 00:00:00,"«Сделают ставку на диверсии и дроны». Сосед США готовит план на случай войны с американцами00:10, 22 января 2026Мир",,,ru,RU
cc0ddfb501c9,lenta,https://lenta.ru/news/2026/01/22/klintonov-reshili-privlech-k-otvetstvennosti-v-ssha/,2026-01-22 00:00:00,"Клинтонов решили привлечь к ответственности в США01:07, 22 января 2026Мир",,,ru,RU
5dc04c9c381a,lenta,https://lenta.ru/news/2026/01/22/mnogodetnaya-mat-godami-zhestoko-izdevalas-nad-devochkoy/,2026-01-22 00:00:00,"Многодетная мать годами жестоко издевалась над девочкой и удерживала ее в качестве рабыни00:32, 22 января 2026Из жизни",,,ru,RU
e614b74c1bbe,lenta,https://lenta.ru/news/2026/01/22/muzhchinam-podskazali-usilivayuschie-orgazm-uprazhneniya/,2026-01-22 00:00:00,"Мужчинам подсказали усиливающие оргазм упражнения01:01, 22 января 2026Забота о себе",,,ru,RU
468af6e4b2fb,lenta,https://lenta.ru/news/2026/01/22/nazvany-shansy-zelenskogo-na-uspeh-v-soglashenii-s-trampom-v-davose/,2026-01-22 00:00:00,"Названы шансы Зеленского на успех в соглашении с Трампом в Давосе01:39, 22 января 2026Мир",,,ru,RU
92af399fa41c,lenta,https://lenta.ru/news/2026/01/22/dmitriev-vysmeyal-prezidenta-finlyandii/,2026-01-22 00:00:00,"Дмитриев высмеял президента Финляндии01:21, 22 января 2026Мир",,,ru,RU
769fedee9b73,lenta,https://lenta.ru/news/2026/01/22/pevitsa-slava-pokazala-figuru-i-raskryla-neobychnyy-sposob-sbrosit-ves/,2026-01-22 00:00:00,"Певица Слава показала фигуру и раскрыла необычный способ сбросить вес01:00, 22 января 2026Ценности",,,ru,RU
d6019b853b7f,lenta,https://lenta.ru/news/2026/01/22/tennisistka-andreeva-ob-yasnila-nezhelanie-menyat-grazhdanstvo/,2026-01-22 00:00:00,"Теннисистка Андреева объяснила нежелание менять гражданство00:08, 22 января 2026Спорт",,,ru,RU
227c39164ca2,lenta,https://lenta.ru/news/2026/01/22/rezhisser-saylent-hilla-priznalsya-v-lyubvi-k-rossiyanam/,2026-01-22 00:00:00,"Режиссер «Сайлент Хилла» признался в любви к россиянам01:59, 22 января 2026Культура",,,ru,RU
1e26571125f0,lenta,https://lenta.ru/news/2026/01/22/rossiyanam-nazvali-sposoby-zaschititsya-ot-shemy-dolinoy/,2026-01-22 00:00:00,"Россиянам назвали способы защититься от «схемы Долиной»01:21, 22 января 2026Экономика",,,ru,RU
16e465a5a77f,lenta,https://lenta.ru/news/2026/01/22/rossiyskiy-boets-pokazal-unichtozhenie-opornika-vsu-ot-pervogo-litsa/,2026-01-22 00:00:00,"Российский боец показал уничтожение опорника ВСУ от первого лица01:29, 22 января 2026Бывший СССР",,,ru,RU
4bfccdb7cfd5,lenta,https://lenta.ru/news/2026/01/22/na-amerikanskoy-voennoy-baze-zametili-zagadochnyy-apparat-neizvestnogo-proishozhdeniya/,2026-01-22 00:00:00,"На американской военной базе заметили загадочный аппарат неизвестного происхождения00:30, 22 января 2026Из жизни",,,ru,RU
6be4bd103d1f,lenta,https://lenta.ru/news/2026/01/22/norvegiya-vyskazalas-ob-ograzhdenii-ot-rossii/,2026-01-22 00:00:00,"Норвегия высказалась об ограждении от России01:08, 22 января 2026Мир",,,ru,RU
87829ec9c665,lenta,https://lenta.ru/news/2026/01/22/devushka-opublikovala-intimnye-fotografii-lyubovnitsy-ottsa-na-sayte-dlya-eskortnits/,2026-01-22 00:00:00,"Девушка опубликовала интимные фотографии любовницы отца на сайте для эскортниц02:01, 22 января 2026Из жизни",,,ru,RU
6cdaf5a02b0b,lenta,https://lenta.ru/news/2026/01/22/dmitriev-vyskazalsya-o-sleduyuschey-sdelke-ssha/,2026-01-22 00:00:00,"Дмитриев высказался о следующей сделке США00:10, 22 января 2026Мир",,,ru,RU
7a06becf0373,lenta,https://lenta.ru/news/2026/01/22/v-ssha-ukazali-na-vazhnoe-posledstvie-udara-oreshnikom-po-ukraine/,2026-01-22 00:00:00,"В США указали на важное последствие удара «Орешником» по Украине01:44, 22 января 2026Мир",,,ru,RU
c3d8d79cbca8,lenta,https://lenta.ru/news/2026/01/22/22-yanvarya-kakoy-prazdnik-segodnya-otmechayut-v-rossii-i-mire/,2026-01-22 00:00:00,"22 января: какой праздник отмечают в России и мире00:11, 22 января 2026Россия",,,ru,RU
5cac252419d7,lenta,https://lenta.ru/news/2026/01/22/v-podmoskovie-neizvestnyy-obstrelyal-dve-marshrutki/,2026-01-22 00:00:00,"В Подмосковье неизвестный обстрелял две маршрутки01:10, 22 января 2026Силовые структуры",,,ru,RU
be15859a1725,lenta,https://lenta.ru/news/2026/01/22/v-rossii-vpervye-v-mire-nashli-sposob-borby-s-ustoychivym-virusom/,2026-01-22 00:00:00,"В России впервые в мире нашли способ борьбы с устойчивым вирусом00:30, 22 января 2026Наука и техника",,,ru,RU
fcc669ac5b26,lenta,https://lenta.ru/news/2026/01/22/v-rossii-zakryvayutsya-salony-kitayskih-avtoproizvoditeley/,2026-01-22 00:00:00,"В России закрываются салоны китайских автопроизводителей. Почему это происходит?00:00, 22 января 2026Авто",,,ru,RU
0726d938784f,lenta,https://lenta.ru/news/2026/01/22/v-ssha-porassuzhdali-o-shansah-ukrainy-na-voennoe-preimuschestvo/,2026-01-22 00:00:00,"В США порассуждали о шансах Украины на военное преимущество02:07, 22 января 2026Мир",,,ru,RU
cbf2b9815293,lenta,https://lenta.ru/news/2026/01/22/v-ssha-raskryli-detali-sdelki-trampa-po-grenlandii/,2026-01-22 00:00:00,"В США раскрыли детали сделки Трампа по Гренландии01:00, 22 января 2026Мир",,,ru,RU
1c5ea087d0a6,lenta,https://lenta.ru/news/2026/01/22/v-ssha-i-izraile-ispugalis-rossiyskoy-kalinki-v-irane/,2026-01-22 00:00:00,"В США и Израиле испугались российской «Калинки» в Иране02:01, 22 января 2026Наука и техника",,,ru,RU
b78775c77623,lenta,https://lenta.ru/news/2026/01/22/v-nato-nazvali-novoe-opasenie-iz-za-trampa/,2026-01-22 00:00:00,"В НАТО раскрыли новое опасение из-за Трампа00:17, 22 января 2026Мир",,,ru,RU
268ac3065e13,lenta,https://lenta.ru/tags/geo/nizhnekamsk/,2026-01-22 00:00:00,Нижнекамске,,,ru,RU
5c132361d27b,lenta,https://lenta.ru/news/2026/01/22/vsu-udarili-po-avtomobilyu-s-voditelem-v-rossiyskom-regione/,2026-01-22 00:00:00,"ВСУ ударили по автомобилю с водителем в российском регионе00:08, 22 января 2026Россия",,,ru,RU
0f9285f87b0c,lenta,https://lenta.ru/news/2026/01/22/ukrainskiy-voennyy-peredal-privet-ttsk-za-podkreplenie-iz-narkomanov-i-autistov/,2026-01-22 00:00:00,"Украинский военный передал привет ТЦК за подкрепление из наркоманов и аутистов02:03, 22 января 2026Бывший СССР",,,ru,RU
510b2980126c,lenta,https://lenta.ru/news/2026/01/22/v-rossiyskom-regione-progremela-seriya-vzryvov/,2026-01-22 00:00:00,"В российском регионе прогремела серия взрывов01:53, 22 января 2026Россия",,,ru,RU
b72f13392cec,lenta,https://lenta.ru/news/2026/01/22/stalo-izvestno-o-novoy-vstreche-putina-i-uitkoffa-po-ukraine/,2026-01-22 00:00:00,"Стало известно о новой встрече Путина и Уиткоффа по Украине01:16, 22 января 2026Мир",,,ru,RU
1144167d3768,lenta,https://lenta.ru/news/2026/01/22/vsu-reshili-zabrat-zdaniya-shkol-pod-voennye-nuzhdy/,2026-01-22 00:00:00,"ВСУ решили забрать здания школ под военные нужды00:39, 22 января 2026Бывший СССР",,,ru,RU
09dc60cb1b54,lenta,https://lenta.ru/news/2026/01/23/kreml-opublikoval-pervye-kadry-vstrechi-putina-s-uitkoffom/,2026-01-23 00:00:00,"Кремль опубликовал первые кадры встречи Путина с Уиткоффом00:03, 23 января 2026Россия",,,ru,RU
b50d5ce2e9d7,lenta,https://lenta.ru/news/2026/01/23/byvshiy-trener-kievskogo-dinamo-izbil-santehnika-iz-za-otsutstviya-otopleniya/,2026-01-23 00:00:00,"Бывший тренер киевского «Динамо» избил сантехника из-за отсутствия отопления00:46, 23 января 2026Спорт",,,ru,RU
77794710e854,lenta,https://lenta.ru/news/2026/01/23/edt/,2026-01-23 00:00:00,"Однодневные путешествия помогли женщине справиться с бессонницей. Как короткие поездки стали новым трендом у туристов?00:03, 23 января 2026Путешествия",,,ru,RU
b71d6568d47c,lenta,https://lenta.ru/news/2026/01/23/ekspert-dal-prognoz-po-vyvodu-ukrainskih-voysk-iz-donbassa/,2026-01-23 00:00:00,"Эксперт дал прогноз по выводу украинских войск из Донбасса01:00, 23 января 2026Бывший СССР",,,ru,RU
313503030bfb,lenta,https://lenta.ru/news/2026/01/23/shkolnuyu-uchitelnitsu-arestovali-za-seksualnoe-nasilie-nad-rebenkom/,2026-01-23 00:00:00,"Школьную учительницу арестовали за сексуальное насилие над ребенком02:03, 23 января 2026Из жизни",,,ru,RU
bfd271419630,lenta,https://lenta.ru/news/2026/01/23/mladentsam-stalo-ploho-posle-upotrebleniya-izvestnogo-detskogo-pitaniya/,2026-01-23 00:00:00,"Младенцам стало плохо после употребления известного детского питания01:40, 23 января 2026Наука и техника",,,ru,RU
029766d616df,lenta,https://lenta.ru/news/2026/01/23/kara-delevin-v-prozrachnom-naryade-popala-v-ob-ektiv-paparatstsi/,2026-01-23 00:00:00,"Кара Делевинь в прозрачном наряде попала в объектив папарацци01:00, 23 января 2026Ценности",,,ru,RU
7679dd4321d8,lenta,https://lenta.ru/news/2026/01/23/nasa-prokommentirovalo-sluhi-o-smertonosnom-kataklizme-v-avguste-2026-goda/,2026-01-23 00:00:00,"НАСА прокомментировало слухи о смертоносном катаклизме в августе 2026 года00:31, 23 января 2026Из жизни",,,ru,RU
0bf5b534d1c2,lenta,https://lenta.ru/news/2026/01/23/pozhar-na-slavyanskoy-tes-snyali-na-video/,2026-01-23 00:00:00,"Пожар на Славянской ТЭС сняли на видео01:02, 23 января 2026Бывший СССР",,,ru,RU
8ff235e59f7b,lenta,https://lenta.ru/news/2026/01/23/putin-na-angliyskom-poprivetstvoval-uitkoffa/,2026-01-23 00:00:00,"Путин на английском поприветствовал Уиткоффа00:37, 23 января 2026Россия",,,ru,RU
1778afd859b6,lenta,https://lenta.ru/news/2026/01/23/putinu-predstavili-novogo-uchastnika-delegatsii-ssha/,2026-01-23 00:00:00,"Путину представили нового участника делегации США00:15, 23 января 2026Мир",,,ru,RU
735741ee3efd,lenta,https://lenta.ru/news/2026/01/23/belyy-dom-pereputal-belgiyu-s-belorussiey/,2026-01-23 00:00:00,"Белый дом перепутал Бельгию с Белоруссией00:30, 23 января 2026Мир",,,ru,RU
7f5d436958aa,lenta,https://lenta.ru/news/2026/01/23/na-ukraine-lyubov-uspenskuyu-priznali-ugrozoy-natsbezopasnosti/,2026-01-23 00:00:00,"На Украине Любовь Успенскую признали угрозой нацбезопасности00:16, 23 января 2026Культура",,,ru,RU
af279064f6be,lenta,https://lenta.ru/news/2026/01/23/avtomobilistam-nazvali-skrytye-nedostatki-perehoda-na-gaz/,2026-01-23 00:00:00,"Автомобилистам назвали скрытые недостатки перехода на газ00:09, 23 января 2026Авто",,,ru,RU
8ab0821781d1,lenta,https://lenta.ru/news/2026/01/23/nazvan-glavnyy-favorit-ligi-chempionov/,2026-01-23 00:00:00,"Назван главный фаворит Лиги чемпионов00:21, 23 января 2026Спорт",,,ru,RU
f967105f0ac7,lenta,https://lenta.ru/news/2026/01/23/raskryta-novaya-polza-privychnoy-yagody-dlya-zhirovogo-obmena-v-pecheni/,2026-01-23 00:00:00,"Раскрыта новая польза привычной ягоды для жирового обмена в печени00:31, 23 января 2026Наука и техника",,,ru,RU
002aaf233803,lenta,https://lenta.ru/news/2026/01/22/na-zapade-rossiyskiy-tsirkon-nazvali-smertelnym-prigovorom-dlya-protivnika/,2026-01-23 00:00:00,"На Западе российский «Циркон» назвали «смертельным приговором» для противника00:31, 23 января 2026Наука и техника",,,ru,RU
48b3bae44211,lenta,https://lenta.ru/news/2026/01/23/tri-cheloveka-napali-na-chastnyy-samolet-mertsa/,2026-01-23 00:00:00,"Три человека напали на частный самолет Мерца00:55, 23 января 2026Мир",,,ru,RU
f0bb236c7bf2,lenta,https://lenta.ru/news/2026/01/23/tramp-sdelal-derzkoe-zayavlenie-o-svyazi-ssha-s-nato/,2026-01-23 00:00:00,"Трамп сделал дерзкое заявление о связи США с НАТО02:02, 23 января 2026Мир",,,ru,RU
5acb191e6379,lenta,https://lenta.ru/news/2026/01/23/tramp-zayavil-o-gotovnosti-putina-i-zelenskogo-poyti-na-ustupki/,2026-01-23 00:00:00,"Трамп заявил о готовности Путина и Зеленского пойти на уступки02:03, 23 января 2026Мир",,,ru,RU
c5bb5b8c83bd,lenta,https://lenta.ru/news/2026/01/23/tramp-vyskazalsya-o-perspektivah-rukovodstva-sovetom-mira/,2026-01-23 00:00:00,"Трамп высказался о своих планах по руководству Советом мира01:57, 23 января 2026Мир",,,ru,RU
65e01ea46075,lenta,https://lenta.ru/news/2026/01/23/v-belom-dome-ob-yasnili-poyavlenie-novogo-sinyaka-na-ruke-trampa/,2026-01-23 00:00:00,"В Белом доме объяснили появление нового синяка на руке Трампа00:57, 23 января 2026Мир",,,ru,RU
9c9d086beafb,lenta,https://lenta.ru/news/2026/01/23/uitkoff-predstavil-putinu-novogo-uchastnika-delegatsii-ssha-kto-takoy-dzhosh-gryunbaum/,2026-01-23 00:00:00,"Уиткофф представил Путину нового участника делегации США. Кто такой Джош Грюнбаум?01:15, 23 января 2026Мир",,,ru,RU
e1eceba0bde7,lenta,https://lenta.ru/news/2026/01/23/v-danii-ozvuchili-krasnuyu-liniyu-v-peregovorah-s-ssha/,2026-01-23 00:00:00,"В Дании озвучили красную линию в переговорах с США01:21, 23 января 2026Мир",,,ru,RU
5514998e8440,lenta,https://lenta.ru/news/2026/01/23/zhenschinam-rasskazali-o-posledstviyah-chastoy-simulyatsii-orgazma/,2026-01-23 00:00:00,"Женщинам рассказали о последствиях частой симуляции оргазма01:00, 23 января 2026Забота о себе",,,ru,RU
e261d5216097,lenta,https://lenta.ru/news/2026/01/23/tramp-podtverdil-gotovnost-zelenskogo-k-sdelke-po-ukraine/,2026-01-23 00:00:00,"Трамп подтвердил готовность Зеленского к сделке по Украине01:45, 23 января 2026Мир",,,ru,RU
0bfc8f6fa753,lenta,https://lenta.ru/news/2026/01/23/zelenskiy-snova-ne-nadel-galstuk-na-vstrechu-s-trampom/,2026-01-23 00:00:00,"Зеленский снова не надел галстук на встречу с Трампом01:21, 23 января 2026Бывший СССР",,,ru,RU
e8f02acee0a9,lenta,https://lenta.ru/news/2026/01/23/tramp-nazval-ochen-interesnym-odno-predlozhenie-putina/,2026-01-23 00:00:00,"Трамп назвал очень интересным одно предложение Путина01:54, 23 января 2026Мир",,,ru,RU
f5ffaa4689f2,lenta,https://lenta.ru/news/2026/01/23/tramp-zayavil-o-slezhke-za-iranom/,2026-01-23 00:00:00,"Трамп заявил о слежке за Ираном02:07, 23 января 2026Мир",,,ru,RU
5a92bf245ee4,lenta,https://lenta.ru/news/2026/01/24/evrope-predrekli-bolshuyu-tragediyu-v-sluchae-prodolzheniya-konflikta-na-ukraine/,2026-01-24 00:00:00,"Европе предрекли большую трагедию в случае продолжения конфликта на Украине02:14, 24 января 2026Мир",,,ru,RU
dd7aa1c330d7,lenta,https://lenta.ru/news/2026/01/24/gosduma/,2026-01-24 00:00:00,"В Госдуме рассказали о способе увеличить размер маткапитала в 2026 году02:41, 24 января 2026Россия",,,ru,RU
d0e3e916f425,lenta,https://lenta.ru/news/2026/01/24/grenlandia/,2026-01-24 00:00:00,"Во Франции заявили об оцепенении Европы по теме притязаний США на Гренландию03:16, 24 января 2026Мир",,,ru,RU
6b9957dfca54,lenta,https://lenta.ru/news/2026/01/24/iran/,2026-01-24 00:00:00,"В Израиле допустили военный удар США по Ирану01:01, 24 января 2026Мир",,,ru,RU
32e3d5cf6fab,lenta,https://lenta.ru/news/2026/01/24/na-dalnem-vostoke-iz-za-shoda-vagonov-priostanovili-dvizhenie-poezdov/,2026-01-24 00:00:00,"На Дальнем Востоке из-за схода вагонов приостановили движение поездов04:18, 24 января 2026Россия",,,ru,RU
af6d0c846716,lenta,https://lenta.ru/news/2026/01/24/krizis/,2026-01-24 00:00:00,"Энергетическую ситуацию на Украине назвали катастрофической03:43, 24 января 2026Бывший СССР",,,ru,RU
b7fb38484879,lenta,https://lenta.ru/news/2026/01/24/pentaggon/,2026-01-24 00:00:00,"Пентагон оценил военный потенциал России и НАТО03:27, 24 января 2026Мир",,,ru,RU
940cfebb7068,lenta,https://lenta.ru/news/2026/01/24/prozorov/,2026-01-24 00:00:00,"Экс-сотрудник СБУ заявил о похищении детей украинскими отрядами04:46, 24 января 2026Бывший СССР",,,ru,RU
909e5b04b403,lenta,https://lenta.ru/news/2026/01/24/ranenyy-soldat-vsu-sluchayno-vydal-ukrainskuyu-pozitsiyu/,2026-01-24 00:00:00,"Раненый солдат ВСУ случайно выдал украинскую позицию01:55, 24 января 2026Бывший СССР",,,ru,RU
5323c09ae148,lenta,https://lenta.ru/news/2026/01/24/raskryta-vozmozhnaya-tsel-priezda-uitkoffa-k-putinu/,2026-01-24 00:00:00,"Раскрыта возможная цель приезда Уиткоффа к Путину01:59, 24 января 2026Интернет и СМИ",,,ru,RU
2e6e8460447f,lenta,https://lenta.ru/news/2026/01/24/raskryta-vyzvavshaya-razdrazhenie-u-velikobritanii-initsiativa-trampa/,2026-01-24 00:00:00,"Раскрыта вызвавшая раздражение у Великобритании инициатива Трампа03:42, 24 января 2026Мир",,,ru,RU
d95926df5be8,lenta,https://lenta.ru/news/2026/01/24/dubinski/,2026-01-24 00:00:00,"Дубинский высказался о возможностях Европы в обсуждении Украины00:17, 24 января 2026Мир",,,ru,RU
77591a887d45,lenta,https://lenta.ru/news/2026/01/24/na-ukraine-prekratili-finansirovat-batalon-podgotovki-snayperov/,2026-01-24 00:00:00,"На Украине прекратили финансировать батальон подготовки снайперов01:13, 24 января 2026Бывший СССР",,,ru,RU
696c5e089fd9,lenta,https://lenta.ru/news/2026/01/24/castle/,2026-01-24 00:00:00,"Загадочный миллионер купил руины замка и объявил себя наследником короля. Кто он такой и зачем это сделал?00:01, 24 января 2026Из жизни",,,ru,RU
1fd9a32c2a9a,lenta,https://lenta.ru/news/2026/01/24/tramp-raskryl-pozitsiyu-kanady-po-zolotomu-kupolu-nad-grenlandiey/,2026-01-24 00:00:00,"Трамп раскрыл позицию Канады по «Золотому куполу» над Гренландией01:29, 24 января 2026Мир",,,ru,RU
507548bf79ff,lenta,https://lenta.ru/news/2026/01/24/ssha-nazvali-otvetstvennyh-za-mir-na-ukraine/,2026-01-24 00:00:00,"США назвали ответственных за мир на Украине04:04, 24 января 2026Мир",,,ru,RU
1d2cdbb48b32,lenta,https://lenta.ru/news/2026/01/24/v-plane-trampa-po-ukraine-uvideli-protivorechie-tselyam-zelenskogo/,2026-01-24 00:00:00,"В плане Трампа по Украине увидели противоречие целям Зеленского04:30, 24 января 2026Интернет и СМИ",,,ru,RU
fef68acca028,lenta,https://lenta.ru/news/2026/01/24/v-pitstseriyah-ryadom-s-pentagonom-vnov-zafiksirovali-povyshennyy-spros-na-dostavku/,2026-01-24 00:00:00,"В пиццериях рядом с Пентагоном вновь зафиксировали повышенный спрос на доставку01:17, 24 января 2026Мир",,,ru,RU
4c6982ede05e,lenta,https://lenta.ru/news/2026/01/24/trampa-poprosili/,2026-01-24 00:00:00,"Трампа попросили изменить формат работы Совета мира00:35, 24 января 2026Мир",,,ru,RU
df9589ee2474,lenta,https://lenta.ru/news/2026/01/24/ssha-nazvali-rossiyu-ugrozoy/,2026-01-24 00:00:00,"США назвали Россию угрозой03:21, 24 января 2026Мир",,,ru,RU
c67a9ac100fa,lenta,https://lenta.ru/news/2026/01/24/tsk/,2026-01-24 00:00:00,"Неизвестный открыл стрельбу по сотрудникам ТЦК на Украине01:54, 24 января 2026Бывший СССР",,,ru,RU
3c9cc5ade927,lenta,https://lenta.ru/news/2026/01/24/v-rossiyskih-gorodah-nachalsya/,2026-01-24 00:00:00,"В российских городах произошел масштабный блэкаут02:16, 24 января 2026Россия",,,ru,RU
b13c16250c47,lenta,https://lenta.ru/news/2026/01/24/ukraine-predrekli-negativnyy-i-esche-bolee-negativnyy-varianty-razvitiya-sobytiy/,2026-01-24 00:00:00,"Украине предрекли негативный и еще более негативный варианты развития событий00:18, 24 января 2026Интернет и СМИ",,,ru,RU
693527f47924,lenta,https://lenta.ru/news/2026/01/24/v-rossiyskom-regione-vveli-rezhim-povyshennoy-gotovnosti/,2026-01-24 00:00:00,"В российском регионе ввели режим повышенной готовности00:58, 24 января 2026Россия",,,ru,RU
4c0e3f373e38,lenta,https://lenta.ru/news/2026/01/24/zapad/,2026-01-24 00:00:00,"Военный аналитик заявил о самоликвидации Европы04:10, 24 января 2026Мир",,,ru,RU
2af786fe0c18,lenta,https://lenta.ru/news/2026/01/24/zelenskiy-obnovil-sostav-stavki-verhovnogo-glavnokomanduyuschego-ukrainy/,2026-01-24 00:00:00,"Зеленский обновил состав ставки верховного главнокомандующего00:41, 24 января 2026Бывший СССР",,,ru,RU
96db490b54b1,lenta,https://lenta.ru/news/2026/01/24/voennye-ssha-atakovali-sudno-v-tihom-okeane/,2026-01-24 00:00:00,"Военные США атаковали судно в Тихом океане02:48, 24 января 2026Мир",,,ru,RU
b1976a052980,lenta,https://lenta.ru/news/2026/01/24/stolitsa-ukrainy-podverglas-massirovannoy-vozdushnoy-atake/,2026-01-24 00:00:00,"Столица Украины подверглась массированной воздушной атаке02:35, 24 января 2026Бывший СССР",,,ru,RU
2ac3fbc8792b,lenta,https://lenta.ru/news/2026/01/24/v-mid-rossii-nazvali-odno-iz-klyuchevyh-usloviy-uregulirovaniya-konflikta-na-ukraine/,2026-01-24 00:00:00,"В МИД России назвали одно из ключевых условий урегулирования конфликта на Украине01:38, 24 января 2026Мир",,,ru,RU
e490b7fb9ddc,lenta,https://lenta.ru/news/2026/01/25/kongressvumen-priznalas-v-lyubvi-k-spetspredstavitelyu-putina/,2026-01-25 00:00:00,"Конгрессвумен призналась в любви к спецпредставителю Путина03:41, 25 января 2026Мир",,,ru,RU
1ff4f3c48697,lenta,https://lenta.ru/news/2026/01/25/na-zapade-sprognozirovali-ishod-peregovorov-po-ukraine/,2026-01-25 00:00:00,"На Западе спрогнозировали исход переговоров по Украине00:26, 25 января 2026Мир",,,ru,RU
04b1a9b6f0aa,lenta,https://lenta.ru/news/2026/01/25/mintrud-nazval-razmer-posobiya-po-bezrabotitse-posle-indeksatsii/,2026-01-25 00:00:00,"Минтруд назвал размер пособия по безработице после индексации02:39, 25 января 2026Экономика",,,ru,RU
cdd0878a92a9,lenta,https://lenta.ru/news/2026/01/25/na-zapade-prishli-k-neozhidannomu-vyvodu-posle-foruma-v-davose/,2026-01-25 00:00:00,"На Западе пришли к неожиданному выводу после форума в Давосе01:33, 25 января 2026Мир",,,ru,RU
561cb0f5fd1e,lenta,https://lenta.ru/news/2026/01/25/reid/,2026-01-25 00:00:00,"В Петербурге задержаны сотни мигрантов. Что стало причиной беспрецедентного рейда силовиков?00:34, 25 января 2026Силовые структуры",,,ru,RU
14a15f43e1a8,lenta,https://lenta.ru/news/2026/01/25/narkolog-prokommentiroval-povedenie-zelenskogo-v-davose/,2026-01-25 00:00:00,"Нарколог прокомментировал поведение Зеленского в Давосе00:52, 25 января 2026Бывший СССР",,,ru,RU
5955767605e9,lenta,https://lenta.ru/news/2026/01/25/doch-stradayuschey-ot-tyazheloy-bolezni-terehovoy-rasskazala-o-ee-sostoyanii/,2026-01-25 00:00:00,"Дочь страдающей от тяжелой болезни Тереховой рассказала о ее состоянии00:31, 25 января 2026Культура",,,ru,RU
ae8c1d8f3980,lenta,https://lenta.ru/news/2026/01/25/nazvana-vazhnaya-tema-peregovorov-v-abu-dabi/,2026-01-25 00:00:00,"Названа важная тема переговоров в Абу-Даби02:44, 25 января 2026Мир",,,ru,RU
3305544c5359,lenta,https://lenta.ru/news/2026/01/25/netanyahu-ne-pozvolil-prezidentu-izrailya-priyti-na-zapusk-soveta-mira/,2026-01-25 00:00:00,"Нетаньяху не позволил президенту Израиля прийти на запуск Совета мира00:34, 25 января 2026Мир",,,ru,RU
709e7adf5968,lenta,https://lenta.ru/news/2026/01/25/opg/,2026-01-25 00:00:00,"«Ты что, бессмертный?». Как вор в законе Пичуга создал самую мощную ОПГ на севере России и прославился жестокими расправами00:01, 25 января 2026Силовые структуры",,,ru,RU
c29ac9667809,lenta,https://lenta.ru/news/2026/01/25/na-zapade-prizvali-izmenit-podhod-k-konfliktu-na-ukraine/,2026-01-25 00:00:00,"На Западе призвали изменить подход к конфликту на Украине02:00, 25 января 2026Интернет и СМИ",,,ru,RU
fea8c0af9c42,lenta,https://lenta.ru/news/2026/01/25/opravdatelnyy-prigovor-migrantam-vozmutil-bastrykina/,2026-01-25 00:00:00,"Оправдательный приговор мигрантам возмутил Бастрыкина01:57, 25 января 2026Силовые структуры",,,ru,RU
b87d19ffdc59,lenta,https://lenta.ru/news/2026/01/25/doch-oleynikova/,2026-01-25 00:00:00,"Дочь Олейникова рассказала о последних минутах жизни режиссера03:30, 25 января 2026Культура",,,ru,RU
6c8446725dbc,lenta,https://lenta.ru/news/2026/01/25/nazvan-vyzvavshiy-neadekvatnuyu/,2026-01-25 00:00:00,"Назван момент наибольшей неадекватности Зеленского в Давосе01:14, 25 января 2026Бывший СССР",,,ru,RU
592353109c27,lenta,https://lenta.ru/news/2026/01/25/chislo-atak-vs-rossii-na-energetiku-ukrainy-podschitali/,2026-01-25 00:00:00,"Число атак ВС России на энергетику Украины подсчитали02:24, 25 января 2026Бывший СССР",,,ru,RU
6d02b0f6ef08,lenta,https://lenta.ru/news/2026/01/25/raskryty-temy-trehstoronnih-peregovorov-v-abu-dabi/,2026-01-25 00:00:00,"Раскрыты темы трехсторонних переговоров в Абу-Даби01:30, 25 января 2026Мир",,,ru,RU
c73d2fa9aa7b,lenta,https://lenta.ru/news/2026/01/25/voz-otreagirovala-na-vyhod-ssha-iz-organizatsii/,2026-01-25 00:00:00,"ВОЗ отреагировала на выход США из организации00:18, 25 января 2026Мир",,,ru,RU
338ca796fb28,lenta,https://lenta.ru/news/2026/01/25/ukrain-eu/,2026-01-25 00:00:00,"Россия отреагировала на заявление Франции и Британии об отправке войск на Украину03:26, 25 января 2026Мир",,,ru,RU
49fb40275b4b,lenta,https://lenta.ru/news/2026/01/25/v-ssha-dali-zhestkiy-sovet-v-otnoshenii-zelenskogo/,2026-01-25 00:00:00,"В США дали «жесткий» совет в отношении Зеленского02:12, 25 января 2026Мир",,,ru,RU
261a1f82da82,lenta,https://lenta.ru/news/2026/01/25/v-ssha-nazvali-katastroficheskie-posledstviya-pomoschi-ukraine/,2026-01-25 00:00:00,"В США назвали катастрофические последствия помощи Украине04:14, 25 января 2026Мир",,,ru,RU
c8a7899e69da,lenta,https://lenta.ru/news/2026/01/25/amerikanskomu-siloviku-otkusili-palets-vo-vremya-protestov/,2026-01-25 00:00:00,"Американскому силовику откусили палец во время протестов03:03, 25 января 2026Мир",,,ru,RU
990a36e6a2a3,lenta,https://lenta.ru/news/2026/01/25/v-ssha-vyskazalis-o-vosstanovlenii-doveriya-mezhdu-rossiey-i-evropoy/,2026-01-25 00:00:00,"В США высказались о восстановлении доверия между Россией и Европой02:43, 25 января 2026Мир",,,ru,RU
60ddfc4c1072,lenta,https://lenta.ru/news/2026/01/25/v-turtsii-v-musornom-bake-nashli-telo-grazhdanki-uzbekistana-bez-golovy/,2026-01-25 00:00:00,"В Турции в мусорном баке нашли тело гражданки Узбекистана без головы01:19, 25 января 2026Мир",,,ru,RU
3a91c39e8025,lenta,https://lenta.ru/news/2026/01/25/v-ssha-sravnili-amerikanskie-i-evropeyskie-garantii-bezopasnosti-dlya-ukrainy/,2026-01-25 00:00:00,"В США сравнили американские и европейские гарантии безопасности для Украины02:01, 25 января 2026Мир",,,ru,RU
58ad35a1a181,lenta,https://lenta.ru/tags/organizations/voz/,2026-01-25 00:00:00,Всемирной организации здравоохранения,,,ru,RU
cf186400d07c,lenta,https://lenta.ru/news/2026/01/25/srazili-ohranu-diskombobulyatorom-raskryto-sekretnoe-oruzhie-ssha-ispolzovavsheesya-pri-pohischenii-maduro/,2026-01-25 00:00:00,"Применили дискомбобулятор. Раскрыто секретное оружие США, использовавшееся при похищении Мадуро03:38, 25 января 2026Наука и техника",,,ru,RU
321e4ec1fcd8,lenta,https://lenta.ru/news/2026/01/25/zelensky/,2026-01-25 00:00:00,"Предсказаны последствия «нервного срыва» Зеленского в Давосе03:54, 25 января 2026Мир",,,ru,RU
ba95f746d9c0,lenta,https://lenta.ru/news/2026/01/25/sobaka-spasla-ukraintsa-ot-mobilizatsii/,2026-01-25 00:00:00,"Собака спасла украинца от мобилизации00:38, 25 января 2026Бывший СССР",,,ru,RU
9cec032284e5,lenta,https://lenta.ru/news/2026/01/25/v-britanii-ukazali-zelenskomu-na-odin-fakt-posle-ego-rechi-v-davose/,2026-01-25 00:00:00,"В Британии указали Зеленскому на один факт после его речи в Давосе01:16, 25 января 2026Мир",,,ru,RU
b8f7fb4e12f6,lenta,https://lenta.ru/news/2026/01/25/zaharova-sravnila-ideyu-zamenit-pamyatnik-pushkinu-s-sataninskim-balom/,2026-01-25 00:00:00,"Захарова сравнила идею заменить памятник Пушкину с сатанинским балом00:27, 25 января 2026Мир",,,ru,RU
cf49023b4b92,lenta,https://lenta.ru/news/2026/01/26/44-letnyaya-adriana-lima-snyalas-toples-dlya-zhurnala/,2026-01-26 00:00:00,"44-летняя Адриана Лима снялась топлес для журнала01:00, 26 января 2026Ценности",,,ru,RU
8211a854f025,lenta,https://lenta.ru/news/2026/01/26/bankirov-predupredili-o-vozmozhnom-krizise-iz-za-inoplanetyan/,2026-01-26 00:00:00,"Банкиров предупредили о возможном кризисе из-за инопланетян00:30, 26 января 2026Из жизни",,,ru,RU
64969484f635,lenta,https://lenta.ru/news/2026/01/26/desyatki-chelovek-postradali-v-rezultate-udara-molnii-na-mitinge-v-brazilii/,2026-01-26 00:00:00,"Десятки сторонников Болсонару пострадали от удара молнии на митинге в Бразилии01:23, 26 января 2026Экономика",,,ru,RU
190ff16b57a6,lenta,https://lenta.ru/news/2026/01/26/kitayu-v-sovershenstvovanii-oruzhiya-pomogli-golubi-i-yastreby/,2026-01-26 00:00:00,"Китаю в совершенствовании оружия помогли голуби и ястребы01:38, 26 января 2026Наука и техника",,,ru,RU
d72c60dbb8a3,lenta,https://lenta.ru/news/2026/01/26/medvedev-nazval-period-huzhe-karibskogo-krizisa/,2026-01-26 00:00:00,"Медведев назвал период хуже Карибского кризиса00:38, 26 января 2026Мир",,,ru,RU
5c0adf381fe4,lenta,https://lenta.ru/news/2026/01/26/deputat-rady-ot-partii-zelenskogo-pogib-v-dtp/,2026-01-26 00:00:00,"Депутат Рады от партии Зеленского погиб в ДТП00:14, 26 января 2026Бывший СССР",,,ru,RU
7669f2983de2,lenta,https://lenta.ru/news/2026/01/26/medvedev-nazval-zolotoy-kupol-ssha-krayne-provokatsionnym/,2026-01-26 00:00:00,"Медведев назвал «Золотой купол» США крайне провокационным00:22, 26 января 2026Мир",,,ru,RU
673779df9874,lenta,https://lenta.ru/news/2026/01/26/medvedev-ob-yasnil-priostanovku-rossiey-uchastiya-v-dsnv/,2026-01-26 00:00:00,"Медведев объяснил приостановку Россией участия в ДСНВ00:12, 26 января 2026Россия",,,ru,RU
506bc4f42023,lenta,https://lenta.ru/news/2026/01/26/medvedev-rasskazal-o-trankvilizatore-dlya-vragov-rossii/,2026-01-26 00:00:00,"Медведев рассказал о транквилизаторе для врагов России00:24, 26 января 2026Россия",,,ru,RU
9a6ddbc76450,lenta,https://lenta.ru/news/2026/01/26/miroshnik-nazval-tsel-novyh-udarov-vsu-po-rossii/,2026-01-26 00:00:00,"Мирошник назвал цель новых ударов ВСУ по России01:04, 26 января 2026Бывший СССР",,,ru,RU
04203e5c6fa9,lenta,https://lenta.ru/news/2026/01/26/medvedev-pohvalil-rossiyskih-peregovorschikov-posle-zhalob-ssha/,2026-01-26 00:00:00,"Медведев похвалил российских переговорщиков после жалоб США00:30, 26 января 2026Россия",,,ru,RU
e0888dcf1393,lenta,https://lenta.ru/news/2026/01/26/medvedev-ob-yasnil-stremlenie-stran-obzavestis-yadernym-oruzhiem/,2026-01-26 00:00:00,"Медведев объяснил стремление стран обзавестись ядерным оружием00:36, 26 января 2026Россия",,,ru,RU
92beefe90e95,lenta,https://lenta.ru/news/2026/01/25/medvedev-dopustil-ischeznovenie-rossii-bez-yadernogo-oruzhiya/,2026-01-26 00:00:00,"Медведев допустил исчезновение России без ядерного оружия00:14, 26 января 2026Россия",,,ru,RU
45d63a6bd96b,lenta,https://lenta.ru/news/2026/01/26/medvedev-prigrozil-otvetom-spetsoruzhiem-posle-ataki-na-rezidentsiyu-putina/,2026-01-26 00:00:00,"Медведев пригрозил спецоружием после атаки на резиденцию Путина00:23, 26 января 2026Россия",,,ru,RU
6d0ed7ce9648,lenta,https://lenta.ru/news/2026/01/26/medvedev-vyskazalsya-naschet-vozobnovleniya-dialoga-rossii-i-ssha/,2026-01-26 00:00:00,"Медведев высказался насчет возобновления диалога России и США01:00, 26 января 2026Россия",,,ru,RU
50e0d83a7242,lenta,https://lenta.ru/news/2026/01/26/na-ukraine-zayavili-o-samoy-slozhnoy-nedele-s-2022-goda/,2026-01-26 00:00:00,"На Украине заявили о самой сложной неделе с 2022 года00:05, 26 января 2026Бывший СССР",,,ru,RU
e5c82ae30f00,lenta,https://lenta.ru/news/2026/01/26/medvedev-vspomnil-svoi-razgovory-s-obamoy/,2026-01-26 00:00:00,"Медведев вспомнил свои разговоры с Обамой00:38, 26 января 2026Мир",,,ru,RU
4dfc4f96b464,lenta,https://lenta.ru/tags/persons/mosiychuk-igor/,2026-01-26 00:00:00,Игорь Мосийчук,,,ru,RU
4bbd223897bd,lenta,https://lenta.ru/news/2026/01/26/murmanskaya-oblast-chetvertyy-den-podryad-ostaetsya-bez-sveta-zhitelyam-razdayut-tushenku-i-hleb-chto-izvestno-o-prichinah-blekauta/,2026-01-26 00:00:00,"Мурманская область четвертый день подряд остается без света. Жителям раздают тушенку и хлеб. Что известно о причинах блэкаута?02:10, 26 января 2026Россия",,,ru,RU
2337bd7495a9,lenta,https://lenta.ru/news/2026/01/26/v-tegerane-dali-neuteshitelnyy-sovet-soldatam-ssha/,2026-01-26 00:00:00,"В Тегеране дали неутешительный совет солдатам США01:10, 26 января 2026Мир",,,ru,RU
ee691592c184,lenta,https://lenta.ru/news/2026/01/26/v-ssha-usomnilis-v-sposobnosti-challenger-3-prevzoyti-armatu/,2026-01-26 00:00:00,"В США усомнились в способности Challenger 3 превзойти «Армату»00:30, 26 января 2026Наука и техника",,,ru,RU
54d84ba6df61,lenta,https://lenta.ru/news/2026/01/26/v-mid-irana-otreagirovali-na-soobscheniya-o-30-tysyachah-pogibshih-vo-vremya-protestov/,2026-01-26 00:00:00,"В МИД Ирана отреагировали на сообщения о 30 тысячах погибших во время протестов02:23, 26 января 2026Мир",,,ru,RU
9fc6275e3556,lenta,https://lenta.ru/news/2026/01/26/uchitelnitsa-rodila-rebenka-ot-12-letnego-shkolnika/,2026-01-26 00:00:00,"Учительница родила ребенка от 12-летнего школьника02:02, 26 января 2026Из жизни",,,ru,RU
c83e59ff3158,lenta,https://lenta.ru/news/2026/01/26/v-app-store-i-google-play-poyavilas-igra-simulyator-pobega-iz-tyurmy-vsu/,2026-01-26 00:00:00,"В App Store и Google Play появилась игра-симулятор побега из тюрьмы ВСУ01:24, 26 января 2026Бывший СССР",,,ru,RU
74963fa4cdc0,lenta,https://lenta.ru/news/2026/01/26/v-ukrainskom-app-store-poyavilas-igra-pobeg-iz-ttsk/,2026-01-26 00:00:00,"В украинском App Store появилась игра «Побег из ТЦК»00:58, 26 января 2026Бывший СССР",,,ru,RU
1bb465f747f6,lenta,https://lenta.ru/news/2026/01/26/ssha-oshibochno-vyslali-podozrevaemogo-v-krupnoy-krazhe/,2026-01-26 00:00:00,"США ошибочно выслали подозреваемого в крупной краже02:15, 26 января 2026Мир",,,ru,RU
d06350be4546,lenta,https://lenta.ru/news/2026/01/26/medvedev-nazval-voennyy-atom-mehanizmom-provetrivaniya-mozgov/,2026-01-26 00:00:00,"Медведев назвал военный атом механизмом «проветривания мозгов»00:38, 26 января 2026Россия",,,ru,RU
2f1879ef83a9,lenta,https://lenta.ru/news/2026/01/26/v-britanii-nazvali-klyuchevoy-udar-rossii-po-ukrainskoy-oborone/,2026-01-26 00:00:00,"В Британии назвали ключевой удар России по украинской обороне01:22, 26 января 2026Интернет и СМИ",,,ru,RU
c813b7ac38fb,lenta,https://lenta.ru/tags/organizations/bank-rossii/,2026-01-26 00:00:00,Центробанк РФ,,,ru,RU
a263f57b0d0e,lenta,https://lenta.ru/tags/organizations/pravitelstvo-ukrainy/,2026-01-26 00:00:00,украинское правительство,,,ru,RU
be0c78576ebe,lenta,https://lenta.ru/tags/persons/medvedev-dmitriy/,2026-01-26 00:00:00,Дмитрий Медведев,,,ru,RU
cfe43b1f6568,lenta,https://lenta.ru/news/2026/01/26/param-podskazali-pikantnyy-sposob-snizit-risk-izmen/,2026-01-26 00:00:00,"Парам подсказали пикантный способ снизить риск измен01:00, 26 января 2026Забота о себе",,,ru,RU
6a0e0240a723,lenta,https://lenta.ru/tags/persons/nagiev-dmitriy/,2026-01-26 00:00:00,Дмитрий Нагиев,,,ru,RU
0b686fe952a5,lenta,https://lenta.ru/news/2026/01/26/nazvano-chislo-sbityh-nad-regionami-rossii-vrazheskih-bpla/,2026-01-26 00:00:00,"Названо число сбитых над регионами России БПЛА02:06, 26 января 2026Россия",,,ru,RU
c6a0c1b5ec24,lenta,https://lenta.ru/news/2026/01/27/27-yanvarya-kakoy-prazdnik-segodnya-otmechayut-v-rossii-i-mire/,2026-01-27 00:00:00,"27 января: какой праздник отмечают в России и мире00:10, 27 января 2026Россия",,,ru,RU
21ba11bcd28d,lenta,https://lenta.ru/news/2026/01/27/bezhentsy-rasskazali-o-rasstrelah-v-podvalah-i-maroderstve-vsu/,2026-01-27 00:00:00,"Беженцы рассказали о расстрелах в подвалах и мародерстве ВСУ01:59, 27 января 2026Россия",,,ru,RU
d1e9fa02bdc7,lenta,https://lenta.ru/news/2026/01/27/galaxys21/,2026-01-27 00:00:00,"Популярный смартфон Samsung устарел02:00, 27 января 2026Наука и техника",,,ru,RU
85c12b5a9379,lenta,https://lenta.ru/news/2026/01/27/germann/,2026-01-27 00:00:00,"В Германии оценили возможность вступления Украины в ЕС01:17, 27 января 2026Мир",,,ru,RU
ab2538ad62dd,lenta,https://lenta.ru/news/2026/01/27/muzhchin-prizvali-perestat-demonizirovat-vozderzhanie/,2026-01-27 00:00:00,"Мужчин призвали перестать демонизировать воздержание01:00, 27 января 2026Забота о себе",,,ru,RU
6291d4074720,lenta,https://lenta.ru/news/2026/01/27/esche-odin-rossiyskiy-region-podvergsya-atake-vsu/,2026-01-27 00:00:00,"Еще один российский регион подвергся атаке ВСУ03:00, 27 января 2026Россия",,,ru,RU
282b9825c6eb,lenta,https://lenta.ru/news/2026/01/27/riots/,2026-01-27 00:00:00,"Политика Трампа привела к массовым протестам и кровопролитию в США. Чем это угрожает американскому президенту?00:10, 27 января 2026Мир",,,ru,RU
227d088b8884,lenta,https://lenta.ru/news/2026/01/27/rossiyanam-nazvali-luchshie-sposoby-optimizirovat-byudzhet-v-2026-godu/,2026-01-27 00:00:00,"Россиянам назвали лучшие способы оптимизировать бюджет в 2026 году02:58, 27 января 2026Экономика",,,ru,RU
a7de9039878e,lenta,https://lenta.ru/news/2026/01/26/v-kitae-vydelili-chetkogo-pobeditelya-v-konflikte-na-ukraine/,2026-01-27 00:00:00,"В Китае выделили четкого победителя в конфликте на Украине00:12, 27 января 2026Интернет и СМИ",,,ru,RU
03a152c39dc7,lenta,https://lenta.ru/news/2026/01/27/raskryta-neochevidnaya-prichina-chastyh-golovnyh-boley/,2026-01-27 00:00:00,"Раскрыта неочевидная причина частых головных болей00:17, 27 января 2026Наука и техника",,,ru,RU
9f2272a4a61a,lenta,https://lenta.ru/news/2026/01/27/seksolog-podskazala-tri-sposoba-izbezhat-boli-pri-pervom-analnom-sekse/,2026-01-27 00:00:00,"Сексолог подсказала три способа избежать боли при первом анальном сексе03:03, 27 января 2026Забота о себе",,,ru,RU
7664d19fd006,lenta,https://lenta.ru/news/2026/01/27/prezident-sirii-priedet-v-moskvu-dlya-vstrechi-s-putinym/,2026-01-27 00:00:00,"Президент Сирии приедет в Москву для встречи с Путиным02:20, 27 января 2026Мир",,,ru,RU
1e9c685ffe99,lenta,https://lenta.ru/news/2026/01/27/postpred/,2026-01-27 00:00:00,"Постпред России в Вене заявил о ненадежности в репутации НАТО00:44, 27 января 2026Мир",,,ru,RU
633290e724fa,lenta,https://lenta.ru/news/2026/01/27/na-ukraine-sotrudniki-ttsk-izbili-veterana-vsu/,2026-01-27 00:00:00,"На Украине сотрудники ТЦК избили ветерана ВСУ00:05, 27 января 2026Бывший СССР",,,ru,RU
00a6079fd31b,lenta,https://lenta.ru/news/2026/01/27/ssha/,2026-01-27 00:00:00,"США проигнорировали предложение России о продлении ДСНВ01:23, 27 января 2026Мир",,,ru,RU
fe0c6c069ef1,lenta,https://lenta.ru/news/2026/01/27/stalo-izvestno-ob-ozhestochennyh-boyah-s-vsu-v-odnom-naselennom-punkte/,2026-01-27 00:00:00,"Стало известно об ожесточенных боях с ВСУ в одном населенном пункте01:20, 27 января 2026Бывший СССР",,,ru,RU
164addd1b3ee,lenta,https://lenta.ru/news/2026/01/27/sotrudnik-zapravki-izoschrenno-otomstil-postoyannomu-klientu-za-hamskoe-otnoshenie/,2026-01-27 00:00:00,"Сотрудник заправки изощренно отомстил постоянному клиенту за хамское отношение02:30, 27 января 2026Интернет и СМИ",,,ru,RU
2766a8793284,lenta,https://lenta.ru/news/2026/01/27/priznannaya-samoy-seksualnoy-zhenschinoy-v-mire-teyyana-teylor-obnazhilas-na-modnom-pokaze/,2026-01-27 00:00:00,"Признанная самой сексуальной женщиной в мире Тейяна Тейлор обнажилась на модном показе01:00, 27 января 2026Ценности",,,ru,RU
399c65a01965,lenta,https://lenta.ru/news/2026/01/27/zvezda-brigady-rasskazala-o-samochuvstvii-posle-soobscheniya-o-gospitalizatsii/,2026-01-27 00:00:00,"Звезда «Бригады» рассказала о самочувствии после сообщений о госпитализации01:31, 27 января 2026Культура",,,ru,RU
f1086cfac347,lenta,https://lenta.ru/tags/organizations/minprosvescheniya-rossii/,2026-01-27 00:00:00,Министерство образования РФ,,,ru,RU
0522fe955979,lenta,https://lenta.ru/tags/persons/asad-bashar/,2026-01-27 00:00:00,Башар Асад,,,ru,RU
1383c8069023,lenta,https://lenta.ru/news/2026/01/27/zhiteli-kieva-zayavili-o-temperature-13-gradusov-v-domah/,2026-01-27 00:00:00,"Жители Киева заявили о температуре 13 градусов в домах00:54, 27 января 2026Бывший СССР",,,ru,RU
e4e18eb7aa8a,lenta,https://lenta.ru/news/2026/01/27/v-rpts-predlozhili-neobychnyy-sposob-borby-s-zelenskim/,2026-01-27 00:00:00,"В РПЦ предложили необычный способ борьбы с Зеленским01:50, 27 января 2026Россия",,,ru,RU
6146078e01d2,lenta,https://lenta.ru/news/2026/01/27/v-rossii-predlozhili-izmenit-podhod-k-domashnim-zadaniyam-iz-za-interneta-i-neyrosetey/,2026-01-27 00:00:00,"В России предложили изменить подход к домашним заданиям из-за интернета и нейросетей01:33, 27 января 2026Наука и техника",,,ru,RU
af35466acdc7,lenta,https://lenta.ru/news/2026/01/27/v-kitae-rasskazali-o-podarke-s-podvohom-ot-putina-ssha/,2026-01-27 00:00:00,"В Китае нашли подвох в словах Путина о взносе в Совет мира00:49, 27 января 2026Интернет и СМИ",,,ru,RU
2b211d2d0b2b,lenta,https://lenta.ru/news/2026/01/27/v-harkove-ob-ekty-energetiki-poluchili-silnye-povrezhdeniya/,2026-01-27 00:00:00,"В Харькове объекты энергетики получили сильные повреждения00:33, 27 января 2026Бывший СССР",,,ru,RU
ac825bafc2b8,lenta,https://lenta.ru/news/2026/01/27/v-avstrii-raskryli-plan-zelenskogo-na-predstoyaschie-peregovory-v-oae/,2026-01-27 00:00:00,"В Австрии раскрыли план Зеленского на предстоящие переговоры в ОАЭ01:40, 27 января 2026Мир",,,ru,RU
af0c750fd2a8,lenta,https://lenta.ru/news/2026/01/27/tramp-dopustil-vozmozhnost-voennoy-ataki-na-iran/,2026-01-27 00:00:00,"Трамп допустил возможность военной атаки на Иран00:02, 27 января 2026Мир",,,ru,RU
9b44fb4a0b28,lenta,https://lenta.ru/news/2026/01/27/zhenatym-izmennikam-predskazali-skoruyu-smert/,2026-01-27 00:00:00,"Женатым изменникам предсказали скорую смерть00:30, 27 января 2026Из жизни",,,ru,RU
cf752bf4df1c,lenta,https://lenta.ru/news/2026/01/27/sotni-krys-zahvatili-zhiloy-dom-i-popali-na-video/,2026-01-27 00:00:00,"Сотни крыс захватили жилой дом и попали на видео02:00, 27 января 2026Из жизни",,,ru,RU
893aafbb149e,lenta,https://lenta.ru/news/2026/01/27/v-ssha-film-bekmambetova-oboshel-v-prokate-avatar/,2026-01-27 00:00:00,"В США фильм Бекмамбетова обошел в прокате «Аватар»00:40, 27 января 2026Культура",,,ru,RU
c5fab1a573d8,lenta,https://lenta.ru/news/2026/01/28/stal-izvesten-skrytyy-faktor-riska-razvitiya-dementsii/,2026-01-28 00:00:00,"Стал известен скрытый фактор риска развития деменции00:15, 28 января 2026Наука и техника",,,ru,RU
750b61572a81,lenta,https://lenta.ru/news/2026/01/28/mirnyh-soglasheniy-po-ukraine-budet-dva-kto-i-s-kem-po-mneniyu-kieva-dolzhen-podpisyvat-dokumenty/,2026-01-28 00:00:00,"Украина захотела составить два мирных соглашения. Кто и с кем, по мнению Киева, должен подписывать документы?01:40, 28 января 2026Бывший СССР",,,ru,RU
c925e85b47c8,lenta,https://lenta.ru/news/2026/01/28/glava-mid-vengrii-neozhidanno-soglasilsya-s-ukrainskim-politikom/,2026-01-28 00:00:00,"Глава МИД Венгрии неожиданно согласился с украинским политиком00:12, 28 января 2026Мир",,,ru,RU
32b5e21848c8,lenta,https://lenta.ru/news/2026/01/28/ios-android/,2026-01-28 00:00:00,"Разницу в цене между смартфонами на Android и iPhone объяснили02:00, 28 января 2026Наука и техника",,,ru,RU
1ffe9bab2ef9,lenta,https://lenta.ru/news/2026/01/28/na-ukraine-prikryli-perebrosku-boytsov-vsu-grazhdanskim-poezdom-i-poplatilis/,2026-01-28 00:00:00,"Российская армия атаковала поезд с бойцами ВСУ01:40, 28 января 2026Бывший СССР",,,ru,RU
1e08e84ee63c,lenta,https://lenta.ru/news/2026/01/28/stiven-sigal-zahotel-izbavitsya-ot-osobnyaka-na-rublevke/,2026-01-28 00:00:00,"Стивен Сигал захотел избавиться от особняка на Рублевке03:06, 28 января 2026Экономика",,,ru,RU
c45fc0d0ba50,lenta,https://lenta.ru/news/2026/01/28/odessa-popala-pod-massirovannyy-udar/,2026-01-28 00:00:00,"Одесса попала под массированный удар02:10, 28 января 2026Бывший СССР",,,ru,RU
84186613e902,lenta,https://lenta.ru/news/2026/01/28/polsha-obvinila-ilona-maska-v-voennyh-prestupleniyah-iz-za-rossii/,2026-01-28 00:00:00,"Польша обвинила Илона Маска в «военных преступлениях» из-за России01:14, 28 января 2026Мир",,,ru,RU
728937fcd9ec,lenta,https://lenta.ru/news/2026/01/28/psihiatr-predupredil-ob-opasnosti-prosmotra-uskorennyh-videorolikov/,2026-01-28 00:00:00,"Психиатр предупредил об опасности просмотра ускоренных видеороликов01:00, 28 января 2026Забота о себе",,,ru,RU
eff91bc9f886,lenta,https://lenta.ru/news/2026/01/28/raskryto-prednaznachenie-vethozavetnogo-kovchega-zaveta/,2026-01-28 00:00:00,"Раскрыто предназначение ветхозаветного Ковчега завета00:30, 28 января 2026Из жизни",,,ru,RU
8aca4f969a4e,lenta,https://lenta.ru/news/2026/01/28/meshki/,2026-01-28 00:00:00,"Мешки под глазами теперь считают сексуальными. Что об этом думают врачи?00:01, 28 января 2026Забота о себе",,,ru,RU
b9a69e896246,lenta,https://lenta.ru/news/2026/01/28/dvuh-rossiyanok-zaderzhali-v-ssha/,2026-01-28 00:00:00,"Двух россиянок арестовали за проникновение на военную базу США02:50, 28 января 2026Мир",,,ru,RU
23c4a45af071,lenta,https://lenta.ru/news/2026/01/28/nazvany-osobennosti-orgazma-u-pozhilyh-zhenschin/,2026-01-28 00:00:00,"Названы особенности оргазма у пожилых женщин03:09, 28 января 2026Забота о себе",,,ru,RU
fe81175e0e6d,lenta,https://lenta.ru/news/2026/01/28/dolina-ponadeyalas-na-peremeny-k-luchshemu/,2026-01-28 00:00:00,"Долина понадеялась на перемены к лучшему00:54, 28 января 2026Культура",,,ru,RU
e45e13da2d9b,lenta,https://lenta.ru/news/2026/01/28/v-kieve-prigotovilis-ryt-selskie-tualety/,2026-01-28 00:00:00,"В Киеве приготовились рыть сельские туалеты00:09, 28 января 2026Бывший СССР",,,ru,RU
d21fc4907212,lenta,https://lenta.ru/news/2026/01/28/53-letnyaya-karmen-elektra-povtorila-otkrovennyy-obraz-iz-spasateley-malibu/,2026-01-28 00:00:00,"53-летняя Кармен Электра повторила откровенный образ из «Спасателей Малибу»01:00, 28 января 2026Ценности",,,ru,RU
fefd3e57ab4e,lenta,https://lenta.ru/news/2026/01/28/tramp-otsenil-vneshniy-vid-makrona-na-sammite-v-davose-frazoy-chto-chert-vozmi-eto-bylo/,2026-01-28 00:00:00,"Трамп оценил внешний вид Макрона на саммите в Давосе фразой «что, черт возьми, это было»02:25, 28 января 2026Мир",,,ru,RU
1c7b797a53ed,lenta,https://lenta.ru/news/2026/01/28/tramp-predrek-krah-odnoy-strane/,2026-01-28 00:00:00,"Трамп предрек крах одной стране00:12, 28 января 2026Мир",,,ru,RU
aaa1fcba1715,lenta,https://lenta.ru/news/2026/01/28/tramp-predrek-svoy-skoryy-impichment/,2026-01-28 00:00:00,"Трамп предрек свой скорый импичмент00:42, 28 января 2026Мир",,,ru,RU
04287a171ff3,lenta,https://lenta.ru/news/2026/01/28/uchastnika-olimpiady-iz-spiska-samyh-razyskivaemyh-prestupnikov-v-mire-arestovali/,2026-01-28 00:00:00,"Участника Олимпиады из списка самых разыскиваемых преступников в мире арестовали03:09, 28 января 2026Из жизни",,,ru,RU
067e60c3d7e6,lenta,https://lenta.ru/news/2026/01/28/devushka-organizovala-vonyuchuyu-mest-toksichnomu-sosedu-svoego-boyfrenda/,2026-01-28 00:00:00,"Девушка организовала вонючую месть токсичному соседу своего бойфренда02:30, 28 января 2026Интернет и СМИ",,,ru,RU
d9b663297b04,lenta,https://lenta.ru/news/2026/01/28/tramp-vyskazalsya-ob-ukraine/,2026-01-28 00:00:00,"Трамп высказался об Украине01:28, 28 января 2026Мир",,,ru,RU
3c3e5703cbc4,lenta,https://lenta.ru/news/2026/01/28/tramp-nazval-prichinu-svoego-schastya/,2026-01-28 00:00:00,"Трамп назвал причину своего счастья01:48, 28 января 2026Мир",,,ru,RU
3f70ba957b49,lenta,https://lenta.ru/news/2026/01/28/v-rossiyskom-regione-slepili-iz-navoza-ogromnyy-simvol-2026-goda/,2026-01-28 00:00:00,"В российском регионе слепили из навоза огромный символ 2026 года00:54, 28 января 2026Экономика",,,ru,RU
64871e6714a1,lenta,https://lenta.ru/news/2026/01/28/v-rossiyskom-gorode-progremeli-vzryvy/,2026-01-28 00:00:00,"В российском городе прогремели взрывы02:20, 28 января 2026Россия",,,ru,RU
a9f90c597dfb,lenta,https://lenta.ru/news/2026/01/28/promiscuity/,2026-01-28 00:00:00,"Названы самые распутные страны мира. Какое место заняла Россия и где больше всего шансов найти опытного партнера?00:01, 28 января 2026Из жизни",,,ru,RU
eb22f42baf32,lenta,https://lenta.ru/news/2026/01/28/sotrudnitsa-tyurmy-popala-za-reshetku-za-seks-s-zaklyuchennym-v-komnate-dlya-molitv/,2026-01-28 00:00:00,"Сотрудница тюрьмы попала за решетку за секс с заключенным в комнате для молитв02:00, 28 января 2026Из жизни",,,ru,RU
03d02a2219d9,lenta,https://lenta.ru/news/2026/01/28/v-latvii-osudili-muzhchinu-posle-uchastiya-v-konferentsii-v-moskve/,2026-01-28 00:00:00,"В Латвии осудили мужчину после участия в конференции в Москве02:03, 28 января 2026Мир",,,ru,RU
3d809abeb657,lenta,https://lenta.ru/news/2026/01/29/finny-prodolzhili-ezdit-na-rabotu-v-rossiyu/,2026-01-29 00:00:00,"Финны продолжили ездить на работу в Россию00:18, 29 января 2026Мир",,,ru,RU
d6e7c4eb8238,lenta,https://lenta.ru/news/2026/01/29/amerikanskaya-rep-artistka-niki-minazh-schitaet-sebya-glavnym-fanatom-odnogo-prezidenta/,2026-01-29 00:00:00,"Американская рэп-артистка Ники Минаж назвала себя главным фанатом одного президента01:02, 29 января 2026Культура",,,ru,RU
522b882f2a42,lenta,https://lenta.ru/news/2026/01/29/bolee-10-chelovek-pogibli-pri-krushenii-samoleta-v-yuzhnoy-amerike/,2026-01-29 00:00:00,"Более 10 человек погибли при крушении самолета в Южной Америке01:40, 29 января 2026Путешествия",,,ru,RU
08bb742daf7e,lenta,https://lenta.ru/news/2026/01/29/dtek-obvinila-mitinguyuschih-v-pomehe-vosstanovleniyu-elektroenergii/,2026-01-29 00:00:00,"ДТЭК обвинила митингующих в помехе восстановлению электроэнергии02:05, 29 января 2026Бывший СССР",,,ru,RU
087859856feb,lenta,https://lenta.ru/news/2026/01/29/populyarnaya-privychka-okazalas-faktorom-riska-razvitiya-serdechno-sosudistyh-zabolevaniy/,2026-01-29 00:00:00,"Популярная привычка оказалась фактором риска развития сердечно-сосудистых заболеваний00:15, 29 января 2026Наука и техника",,,ru,RU
4c412bfb224a,lenta,https://lenta.ru/news/2026/01/29/gol-ukrainskogo-vratarya-vyvel-benfiku-v-pley-off-ligi-chempionov/,2026-01-29 00:00:00,"Гол украинского вратаря вывел «Бенфику» в плей-офф Лиги чемпионов01:14, 29 января 2026Спорт",,,ru,RU
5694fcd35c11,lenta,https://lenta.ru/news/2026/01/29/oksana-samoylova-vnov-snyalas-v-otkrovennom-naryade-i-smutila-fanatov/,2026-01-29 00:00:00,"Оксана Самойлова вновь снялась в откровенном наряде и смутила фанатов01:00, 29 января 2026Ценности",,,ru,RU
52dfa954d9dc,lenta,https://lenta.ru/news/2026/01/29/izbirateli-odobryayut-voennye-deystviya-trampa-v-odnoy-iz-stran-tseley/,2026-01-29 00:00:00,"Избиратели одобрили военные действия Трампа в одной из «стран-целей»02:22, 29 января 2026Мир",,,ru,RU
eecf502550d9,lenta,https://lenta.ru/news/2026/01/29/merts-isklyuchil-vstuplenie-ukrainy-v-es-v-2027-godu/,2026-01-29 00:00:00,"Мерц исключил вступление Украины в ЕС в 2027 году01:00, 29 января 2026Мир",,,ru,RU
8e8c1e79cf3a,lenta,https://lenta.ru/news/2026/01/29/na-ukraine-priznali-prodvizhenie-vs-rossii-na-treh-napravleniyah/,2026-01-29 00:00:00,"На Украине признали продвижение ВС России на трех направлениях00:59, 29 января 2026Бывший СССР",,,ru,RU
813f67bd1a9b,lenta,https://lenta.ru/news/2026/01/29/nazvano-chislo-ostavshihsya-bez-sveta-zhiteley-kieva/,2026-01-29 00:00:00,"Названо число оставшихся без света жителей Киева00:34, 29 января 2026Бывший СССР",,,ru,RU
44f63e4b66bf,lenta,https://lenta.ru/news/2026/01/29/7eleven/,2026-01-29 00:00:00,"Мармелад от запора и таблетки со сколопендрой. Почему обычный тайский супермаркет стал культовым у россиян00:01, 29 января 2026Путешествия",,,ru,RU
9799f3dde5ab,lenta,https://lenta.ru/news/2026/01/29/iran-trump/,2026-01-29 00:00:00,"«Атмосфера тревожная». Американская армада движется к Ирану. Когда ждать нового конфликта на Ближнем Востоке и чем он обернется?00:01, 29 января 2026Мир",,,ru,RU
ddafb3536976,lenta,https://lenta.ru/news/2026/01/28/ushel-iz-zhizni-zvezda-realnyh-patsanov-i-politseyskogo-s-rublevki/,2026-01-29 00:00:00,"Ушел из жизни звезда «Реальных пацанов» и «Полицейского с Рублевки»00:15, 29 января 2026Культура",,,ru,RU
7d1bee361389,lenta,https://lenta.ru/news/2026/01/29/dubinskiy-predlozhil-podat-v-interpol-dokumenty-na-rozysk-shariya/,2026-01-29 00:00:00,"В Раде предложили подать в Интерпол документы на розыск Шария01:08, 29 января 2026Бывший СССР",,,ru,RU
879a54f1d246,lenta,https://lenta.ru/news/2026/01/29/opredelilis-vse-uchastniki-pley-off-ligi-chempionov/,2026-01-29 00:00:00,"Определились все участники плей-офф Лиги чемпионов01:05, 29 января 2026Спорт",,,ru,RU
1ef185c48b1e,lenta,https://lenta.ru/news/2026/01/29/rossiyanam-posovetovali-spat-golymi/,2026-01-29 00:00:00,"Россиянам посоветовали спать голыми01:00, 29 января 2026Забота о себе",,,ru,RU
d48d86d03d8e,lenta,https://lenta.ru/news/2026/01/29/rubio-potreboval-ot-vlastey-irana-izmenitsya-ili-uyti/,2026-01-29 00:00:00,"Рубио потребовал от властей Ирана измениться или уйти00:04, 29 января 2026Мир",,,ru,RU
2ffcfba6a36b,lenta,https://lenta.ru/news/2026/01/29/ryadom-s-pentagonom-nashli-zagadochnye-ostanki/,2026-01-29 00:00:00,"Рядом с Пентагоном нашли загадочные останки00:30, 29 января 2026Из жизни",,,ru,RU
75dd881c2736,lenta,https://lenta.ru/news/2026/01/29/ssha-vydvinuli-iranu-tri-klyuchevyh-trebovaniya/,2026-01-29 00:00:00,"США выдвинули Ирану три ключевых требования01:56, 29 января 2026Мир",,,ru,RU
d21447a35a0c,lenta,https://lenta.ru/news/2026/01/29/v-britanii-obratilis-s-gromkim-prizyvom-k-ssha/,2026-01-29 00:00:00,"В Британии обратились с громким призывом к США00:42, 29 января 2026Мир",,,ru,RU
e30fb31a9489,lenta,https://lenta.ru/news/2026/01/29/v-rade-rasskazali-o-nastuplenii-vsu-na-belorussiyu/,2026-01-29 00:00:00,"В Раде рассказали о наступлении ВСУ на Белоруссию02:09, 29 января 2026Бывший СССР",,,ru,RU
31cd3c255db3,lenta,https://lenta.ru/news/2026/01/28/rubio-zayavil-chto-soglashenie-po-garantiyam-bezopasnosti-dlya-ukrainy-dostignuto-on-rezko-vyskazalsya-o-roli-evropy-v-etom-voprose/,2026-01-29 00:00:00,"Рубио заявил, что соглашение по гарантиям безопасности для Украины достигнуто. Он резко высказался о роли Европы в этом вопросе00:17, 29 января 2026Мир",,,ru,RU
8f6607539e3c,lenta,https://lenta.ru/news/2026/01/29/zaberemenevshaya-ot-12-letnego-shkolnika-uchitelnitsa-priznala-vinu/,2026-01-29 00:00:00,"Забеременевшая от 12-летнего школьника учительница признала вину02:02, 29 января 2026Из жизни",,,ru,RU
dc7a8bcec816,lenta,https://lenta.ru/news/2026/01/29/zenit-popolnil-sostav-sedmym-brazilskim-futbolistom/,2026-01-29 00:00:00,"«Зенит» пополнил состав седьмым бразильским футболистом00:21, 29 января 2026Спорт",,,ru,RU
4df330af5b53,lenta,https://lenta.ru/news/2026/01/29/rossiyan-zapugali-blokirovkoy-pensiy/,2026-01-29 00:00:00,"Россиян запугали блокировкой пенсий01:16, 29 января 2026Экономика",,,ru,RU
6facf86944b2,lenta,https://lenta.ru/tags/organizations/lukoyl/,2026-01-29 00:00:00,"компании ""Лукойл""",,,ru,RU
1d522bbba6a5,lenta,https://lenta.ru/news/2026/01/29/zelenskiy-anonsiroval-novye-operatsii-sbu-na-territorii-rossii/,2026-01-29 00:00:00,"Зеленский анонсировал новые операции СБУ на территории России00:52, 29 января 2026Бывший СССР",,,ru,RU
211da31afb9d,lenta,https://lenta.ru/news/2026/01/29/privacy-samsung/,2026-01-29 00:00:00,"Samsung раскрыла секретную функцию своих смартфонов02:02, 29 января 2026Наука и техника",,,ru,RU
58782c40a73a,lenta,https://lenta.ru/news/2026/01/29/v-ssha-spustya-pochti-god-nazvali-prichinu-aviakatastrofy-s-rossiyskimi-figuristami/,2026-01-29 00:00:00,"В США спустя почти год назвали причину авиакатастрофы с российскими фигуристами01:35, 29 января 2026Спорт",,,ru,RU
bf6350154d89,lenta,https://lenta.ru/news/2026/01/29/waiting/,2026-01-30 00:00:00,"Названы самые ожидаемые смартфоны02:00, 30 января 2026Наука и техника",,,ru,RU
4d179a259b76,lenta,https://lenta.ru/news/2026/01/30/amerikanskuyu-razvedku-ulichili-vo-lzhi-trampu/,2026-01-30 00:00:00,"Американскую разведку уличили во лжи Трампу02:00, 30 января 2026Мир",,,ru,RU
d1c6b24d60a9,lenta,https://lenta.ru/news/2026/01/30/dolina/,2026-01-30 00:00:00,"Представитель Долиной рассказал о продаже билетов на концерты певицы00:11, 30 января 2026Культура",,,ru,RU
414e6da7d2e4,lenta,https://lenta.ru/news/2026/01/30/esche-odna-strana-otkazalas-vstupit-v-sovet-mira-trampa/,2026-01-30 00:00:00,"Еще одна страна отказалась вступить в Совет мира Трампа01:15, 30 января 2026Мир",,,ru,RU
ea3f03061b2a,lenta,https://lenta.ru/news/2026/01/30/52-letnyaya-haydi-klum-snyalas-s-obnazhennoy-grudyu-na-zheleznoy-doroge/,2026-01-30 00:00:00,"52-летняя Хайди Клум снялась с обнаженной грудью на железной дороге01:00, 30 января 2026Ценности",,,ru,RU
4ddb6602d8ab,lenta,https://lenta.ru/news/2026/01/30/knutovoreshnik/,2026-01-30 00:00:00,"«Температура 4000 градусов — боевые блоки покрыты плазмой». Что известно о мощности, скорости и других характеристиках «Орешника»?00:01, 30 января 2026Россия",,,ru,RU
d40304370adb,lenta,https://lenta.ru/news/2026/01/30/muzhchina-otkazalsya-ot-kariery-futbolista-iz-za-razmera-penisa/,2026-01-30 00:00:00,"Мужчина отказался от карьеры футболиста из-за размера пениса03:01, 30 января 2026Из жизни",,,ru,RU
55212d2f114b,lenta,https://lenta.ru/news/2026/01/30/marochko/,2026-01-30 00:00:00,"Марочко рассказал об успехах российских военных в Сумской области01:14, 30 января 2026Бывший СССР",,,ru,RU
800967f0178f,lenta,https://lenta.ru/news/2026/01/30/nazvana-samaya-populyarnaya-sistema-pvo/,2026-01-30 00:00:00,"Названа самая популярная система ПВО00:16, 30 января 2026Наука и техника",,,ru,RU
b10d9e4178fe,lenta,https://lenta.ru/news/2026/01/30/opredelilis-vse-uchastniki-pley-off-ligi-evropy/,2026-01-30 00:00:00,"Определились все участники плей-офф Лиги Европы01:13, 30 января 2026Спорт",,,ru,RU
0a781143b913,lenta,https://lenta.ru/news/2026/01/30/pravitelstvennyy-samolet-irana-priletel-v-moskvu-na-fone-sluhov-ob-udarah-ssha/,2026-01-30 00:00:00,"Правительственный самолет Ирана прилетел в Москву на фоне слухов об ударах США01:14, 30 января 2026Мир",,,ru,RU
0ce09f485055,lenta,https://lenta.ru/news/2026/01/29/v-gosdume-otreagirovali-na-zayavlenie-genseka-oon-o-kryme-i-donbasse/,2026-01-30 00:00:00,"В Госдуме отреагировали на заявление генсека ООН о Крыме и Донбассе01:41, 30 января 2026Россия",,,ru,RU
02c388e5d6ff,lenta,https://lenta.ru/news/2026/01/30/luchshie-druzya-zhestoko-podshutili-nad-zhenihom-nakanune-ego-svadby/,2026-01-30 00:00:00,"Лучшие друзья жестоко подшутили над женихом накануне его свадьбы02:30, 30 января 2026Интернет и СМИ",,,ru,RU
3ed5be970dc4,lenta,https://lenta.ru/news/2026/01/30/gensek-oon-otkazal-narodam-kryma-i-donbassa-v-prave-na-samoopredelenie-kak-na-eto-otvetili-v-rossii/,2026-01-30 00:00:00,"Генсек ООН отказал народам Крыма и Донбасса в праве на самоопределение. Как на это ответили в России?03:00, 30 января 2026Мир",,,ru,RU
cad3bad00890,lenta,https://lenta.ru/news/2026/01/30/rossiyan-predupredili-o-riske-smerti-iz-za-odnoy-nochnoy-privychki/,2026-01-30 00:00:00,"Россиян предупредили о риске смерти из-за одной ночной привычки01:00, 30 января 2026Забота о себе",,,ru,RU
65d2abc4825e,lenta,https://lenta.ru/news/2026/01/30/ritter/,2026-01-30 00:00:00,"Экс-разведчик заявил о безвыходном положении Украины01:49, 30 января 2026Мир",,,ru,RU
45fc60ea9c8a,lenta,https://lenta.ru/news/2026/01/30/predskazana-katastrofa-posle-stolknoveniya-luny-s-asteroidom-v-2032-godu/,2026-01-30 00:00:00,"Предсказана катастрофа после столкновения Луны с астероидом в 2032 году00:30, 30 января 2026Из жизни",,,ru,RU
70ce5b9a9f06,lenta,https://lenta.ru/news/2026/01/30/udary-geraney-po-ukrainskim-promyshlennym-ob-ektam-popali-na-video/,2026-01-30 00:00:00,"Удары «Гераней» по украинским промышленным объектам попали на видео01:54, 30 января 2026Бывший СССР",,,ru,RU
0578a1e0250c,lenta,https://lenta.ru/news/2026/01/30/trummp/,2026-01-30 00:00:00,"Трамп высказался об обстрелах городов Украины02:41, 30 января 2026Мир",,,ru,RU
07a86228fce7,lenta,https://lenta.ru/news/2026/01/30/stalo-izvestno-o-nenavisti-soldat-vsu-k-zelenskomu/,2026-01-30 00:00:00,"Стало известно о ненависти солдат ВСУ к Зеленскому03:16, 30 января 2026Бывший СССР",,,ru,RU
1645088ca876,lenta,https://lenta.ru/news/2026/01/30/sheremet/,2026-01-30 00:00:00,"Заявление генсека ООН о Крыме назвали нелепым02:49, 30 января 2026Россия",,,ru,RU
ded822530b3d,lenta,https://lenta.ru/news/2026/01/30/rossiyskiy-podrostok-podzhog-dorogostoyaschiy-avtomobil-vozle-otdela-politsii/,2026-01-30 00:00:00,"Российский подросток поджег дорогостоящий автомобиль возле отдела полиции01:02, 30 января 2026Россия",,,ru,RU
bc6ae5aab6d6,lenta,https://lenta.ru/news/2026/01/30/tramp-otchital-amerikanskogo-zhurnalista-iz-za-zamechaniya-o-putine/,2026-01-30 00:00:00,"Трамп отчитал американского журналиста из-за замечания о Путине00:36, 30 января 2026Мир",,,ru,RU
8ecc3231a3b0,lenta,https://lenta.ru/news/2026/01/30/v-ssha-v-ocherednoy-raz-zayavili-o-priblizhenii-k-uregulirovaniyu-na-ukraine/,2026-01-30 00:00:00,"В США в очередной раз заявили о приближении к урегулированию на Украине01:01, 30 января 2026Мир",,,ru,RU
1eefb2fcf9df,lenta,https://lenta.ru/news/2026/01/30/znamenityy-reper-sbil-na-mashine-cheloveka-vo-vremya-nezakonnyh-s-emok-klipa/,2026-01-30 00:00:00,"Знаменитый рэпер сбил на машине человека во время незаконных съемок клипа02:00, 30 января 2026Из жизни",,,ru,RU
eb42dfa8521f,lenta,https://lenta.ru/news/2026/01/30/rossiyanam-napomnili-o-dlinnyh-vyhodnyh-v-fevrale/,2026-01-30 00:00:00,"Россиянам напомнили о длинных выходных в феврале03:24, 30 января 2026Россия",,,ru,RU
34ff99b7a56c,lenta,https://lenta.ru/news/2026/01/30/zhenschinam-raskryli-prichinu-probuzhdeniya-v-tri-chasa-nochi/,2026-01-30 00:00:00,"Женщинам раскрыли причину пробуждения в три часа ночи03:01, 30 января 2026Забота о себе",,,ru,RU
58fc55982529,lenta,https://lenta.ru/news/2026/01/30/v-mid-rossii-dopustili-dalneyshee-uzhestochenie-mobilizatsii-na-ukraine/,2026-01-30 00:00:00,"В МИД России допустили дальнейшее ужесточение мобилизации на Украине03:11, 30 января 2026Мир",,,ru,RU
83363301a0a4,lenta,https://lenta.ru/news/2026/01/31/byvshiy-premier-ukrainy-predlozhil-ssha-zhestkiy-sposob-podtolknut-zelenskogo-k-miru/,2026-01-31 00:00:00,"Бывший премьер Украины предложил США жесткий способ подтолкнуть Зеленского к миру01:06, 31 января 2026Бывший СССР",,,ru,RU
8510620c2928,lenta,https://lenta.ru/news/2026/01/31/mertsu-prigrozili-otstavkoy-iz-za-rossii/,2026-01-31 00:00:00,"Мерцу пригрозили отставкой из-за России01:54, 31 января 2026Мир",,,ru,RU
5b5670473ffb,lenta,https://lenta.ru/news/2026/01/31/changes/,2026-01-31 00:00:00,"Ужесточение семейной ипотеки, рост маткапитала и новые правила возврата техники. Что изменится в России с 1 февраля?00:01, 31 января 2026Россия",,,ru,RU
43c4331b2418,lenta,https://lenta.ru/news/2026/01/31/eks-analitik-tsru-rasskazal-o-sposobah-izbezhat-slezhki/,2026-01-31 00:00:00,"Экс-аналитик ЦРУ рассказал о способах избежать слежки03:40, 31 января 2026Наука и техника",,,ru,RU
7de3777df56e,lenta,https://lenta.ru/news/2026/01/31/izvestnyy-ekonomist-sdelal-mrachnyy-prognoz-o-grenlandii/,2026-01-31 00:00:00,"Известный экономист сделал мрачный прогноз о Гренландии00:19, 31 января 2026Мир",,,ru,RU
022ccc3b4a0a,lenta,https://lenta.ru/news/2026/01/31/na-zapade-otsenili-ekstraordinarnoe-reshenie-es-protiv-rossii/,2026-01-31 00:00:00,"На Западе оценили «экстраординарное» решение ЕС против России01:42, 31 января 2026Мир",,,ru,RU
dcc65ae968d6,lenta,https://lenta.ru/news/2026/01/31/tramp-nagrubil-zhurnalistke-iz-za-odnogo-voprosa/,2026-01-31 00:00:00,"Трамп нагрубил журналистке из-за одного вопроса01:32, 31 января 2026Мир",,,ru,RU
5208e8ae9078,lenta,https://lenta.ru/news/2026/01/31/oblichayuschiy-trampa-dokument-propal-iz-faylov-epshteyna/,2026-01-31 00:00:00,"Обличающий Трампа документ пропал из файлов Эпштейна01:03, 31 января 2026Мир",,,ru,RU
61cb04b4dfe6,lenta,https://lenta.ru/news/2026/01/31/predstavitel-geytsa-prokommentiroval-dannye-o-svyazyah-milliardera-s-rossiyankami/,2026-01-31 00:00:00,"Представитель Гейтса прокомментировал данные о связях миллиардера с россиянками01:06, 31 января 2026Из жизни",,,ru,RU
c033b9595c66,lenta,https://lenta.ru/news/2026/01/31/prokaznik/,2026-01-31 00:00:00,"Трампа обвинили в изнасиловании несовершеннолетней. 13-летняя девочка якобы укусила будущего президента во время орального секса02:23, 31 января 2026Мир",,,ru,RU
cc238c727fc6,lenta,https://lenta.ru/news/2026/01/31/rossiyanam-poobeschali-samuyu-masshtabnuyu-indeksatsiyu-sotsposobiy/,2026-01-31 00:00:00,"Россиянам пообещали самую масштабную индексацию соцпособий02:55, 31 января 2026Экономика",,,ru,RU
2f02c63bc18e,lenta,https://lenta.ru/news/2026/01/31/amerikanskiy-fond-otkazalsya-otzyvat-isk-protiv-rossii-iz-za-tsarskih-dolgov/,2026-01-31 00:00:00,"Американский фонд отказался отзывать иск против России из-за «царских долгов»00:36, 31 января 2026Экономика",,,ru,RU
60ae6a10c510,lenta,https://lenta.ru/news/2026/01/31/na-zapade-raskryli-vozmozhnyy-plan-es-po-novym-sanktsiyam-protiv-rossii/,2026-01-31 00:00:00,"На Западе раскрыли возможный план ЕС по новым санкциям против России02:07, 31 января 2026Мир",,,ru,RU
d6510bf26ad9,lenta,https://lenta.ru/news/2026/01/30/kalkin-slovami-mama-ya-lyublyu-tebya-otreagiroval-na-smert-zvezdy-filma-odin-doma/,2026-01-31 00:00:00,"Калкин словами «мама, я люблю тебя» отреагировал на смерть звезды фильма «Один дома»00:00, 31 января 2026Культура",,,ru,RU
c178698ac6c4,lenta,https://lenta.ru/news/2026/01/31/v-mid-dali-sovet-makronu-po-razgovoru-s-putinym/,2026-01-31 00:00:00,"В МИД дали совет Макрону по разговору с Путиным03:59, 31 января 2026Мир",,,ru,RU
a5f5c77a29d1,lenta,https://lenta.ru/news/2026/01/31/trebovaniya-ukrainy-po-okonchaniyu-konflikta-sochli-naglymi/,2026-01-31 00:00:00,"Аналитик назвал поразительно наглыми требования Украины по окончанию конфликта01:39, 31 января 2026Россия",,,ru,RU
af363181a7eb,lenta,https://lenta.ru/news/2026/01/31/v-dokumentah-minyusta-ssha-nashli-perepisku-maska-s-epshteynom/,2026-01-31 00:00:00,"В документах по скандальному делу Эпштейна нашли его переписку с Маском00:28, 31 января 2026Мир",,,ru,RU
0c7a656938f3,lenta,https://lenta.ru/news/2026/01/31/v-ssha-soobschili-zelenskomu-mrachnye-novosti-o-garantiyah-bezopasnosti/,2026-01-31 00:00:00,"В США сообщили Зеленскому мрачные новости о гарантиях безопасности03:40, 31 января 2026Мир",,,ru,RU
b5fe2f394d32,lenta,https://lenta.ru/news/2026/01/31/v-rossiyskom-gorode-dlya-obezvrezhivaniya-boezaryada-evakuiruyut-neskolko-ulits/,2026-01-31 00:00:00,"В российском городе для обезвреживания боезаряда эвакуируют несколько улиц04:00, 31 января 2026Россия",,,ru,RU
e2c7eeb20a28,lenta,https://lenta.ru/news/2026/01/31/v-ssha-obespokoilis-istecheniem-sroka-vazhnogo-dogovora-s-rossiey/,2026-01-31 00:00:00,"В США обеспокоились истечением срока важного договора с Россией02:55, 31 января 2026Интернет и СМИ",,,ru,RU
48fe9f1e5358,lenta,https://lenta.ru/news/2026/01/31/v-ssha-raskryli-prichinu-chistok-v-armii-kitaya/,2026-01-31 00:00:00,"В США раскрыли причину чисток в армии Китая03:45, 31 января 2026Мир",,,ru,RU
1993316ae957,lenta,https://lenta.ru/news/2026/01/31/v-rossiyskom-gorode-zagorelsya-zhiloy-dom/,2026-01-31 00:00:00,"В российском городе загорелся жилой дом03:10, 31 января 2026Россия",,,ru,RU
60ca2b58245d,lenta,https://lenta.ru/news/2026/01/31/v-ssha-rezko-otvetili-na-slova-zelenskogo-ob-otkaze-otdavat-donbass/,2026-01-31 00:00:00,"В США резко ответили на слова Зеленского об отказе отдавать Донбасс03:36, 31 января 2026Мир",,,ru,RU
cc9ea5b2a546,lenta,https://lenta.ru/news/2026/01/31/voennye-ssha-nachali-uchitsya-zaschite-ot-oruzhiya-iz-zony-svo/,2026-01-31 00:00:00,"Военные США стали учиться защите от оружия из зоны СВО03:26, 31 января 2026Наука и техника",,,ru,RU
eb2257dc48cc,lenta,https://lenta.ru/news/2026/01/31/zayavlenie-zelenskogo-o-donbasse-sochli-opasnym-dlya-peregovorov/,2026-01-31 00:00:00,"Заявление Зеленского о Донбассе сочли опасным для переговоров02:26, 31 января 2026Мир",,,ru,RU
55f2b7ed026c,lenta,https://lenta.ru/news/2026/01/31/vs-rf-nanesli-udar-po-klyuchevomu-logisticheskomu-uzlu-vsu/,2026-01-31 00:00:00,"ВС РФ нанесли удар по ключевому логистическому узлу ВСУ00:32, 31 января 2026Бывший СССР",,,ru,RU
76a72c375433,lenta,https://lenta.ru/news/2026/01/31/v-irane-nazvali-uslovie-dlya-peregovorov-s-trampom/,2026-01-31 00:00:00,"В Иране назвали условие для переговоров с Трампом00:37, 31 января 2026Мир",,,ru,RU
5e89dbca1f91,lenta,https://lenta.ru/news/2026/01/31/v-ssha-raskryli-vyvody-o-yadernoy-programme-irana/,2026-01-31 00:00:00,"В США раскрыли выводы о ядерной программе Ирана00:35, 31 января 2026Мир",,,ru,RU
cfea5a23edd0,lenta,https://lenta.ru/news/2026/02/01/polsha-ogranichit-dostup-k-posobiyam-dlya-ukrainskih-detey/,2026-02-01 00:00:00,"Польша ограничит доступ к пособиям для украинских детей03:06, 1 февраля 2026Экономика",,,ru,RU
3dc2c82c2420,lenta,https://lenta.ru/news/2026/02/01/armiya-rossii-priblizilas-k-sumam/,2026-02-01 00:00:00,"Армия России приблизилась к Сумам00:27, 1 февраля 2026Бывший СССР",,,ru,RU
7db7f193fbd9,lenta,https://lenta.ru/news/2026/02/01/brosh-odri-hepbern-prodali-za-sotni-tysyach-evro/,2026-02-01 00:00:00,"Брошь Одри Хепберн продали за сотни тысяч евро02:47, 1 февраля 2026Ценности",,,ru,RU
694854f449a9,lenta,https://lenta.ru/news/2026/02/01/ekspert-raskryl-znachenie-osvobozhdeniya-ternovatogo-dlya-rossii/,2026-02-01 00:00:00,"Эксперт раскрыл значение освобождения Терноватого для России01:55, 1 февраля 2026Бывший СССР",,,ru,RU
5e36a458dfe3,lenta,https://lenta.ru/news/2026/02/01/gubernator-rossiyskogo-regiona-pokazal-udivitelnoe-povedenie-ptits-pri-raketnoy-opasnosti/,2026-02-01 00:00:00,"Губернатор российского региона показал удивительное поведение птиц при ракетной опасности01:07, 1 февраля 2026Россия",,,ru,RU
30111a5659f9,lenta,https://lenta.ru/news/2026/02/01/marochko-nazval-samye-rezultativnye-uchastki-zony-svo-dlya-vs-rossii/,2026-02-01 00:00:00,"Марочко назвал самые результативные участки зоны СВО для ВС России02:43, 1 февраля 2026Бывший СССР",,,ru,RU
eeef2ca7fd6e,lenta,https://lenta.ru/news/2026/02/01/politolog-zayavil-o-tupike-dlya-ukrainy-pered-peregovorami/,2026-02-01 00:00:00,"Политолог заявил о тупике для Украины перед переговорами02:13, 1 февраля 2026Россия",,,ru,RU
40818d094de0,lenta,https://lenta.ru/news/2026/02/01/na-ukraine-sotrudnik-ttsk-otkryl-ogon-po-mestnym-zhitelyam-i-popal-na-video/,2026-02-01 00:00:00,"На Украине сотрудник ТЦК открыл огонь по местным жителям и попал на видео01:02, 1 февраля 2026Бывший СССР",,,ru,RU
8e69bdc931b6,lenta,https://lenta.ru/news/2026/02/01/na-ukraine-zafiksirovali-sboi-v-rabote-starlink/,2026-02-01 00:00:00,"На Украине зафиксировали сбои в работе Starlink01:18, 1 февраля 2026Бывший СССР",,,ru,RU
e63433420ace,lenta,https://lenta.ru/news/2026/02/01/nazvano-chislo-vzyatyh-pod-kontrol-rossii-za-mesyats-naselennyh-punktov/,2026-02-01 00:00:00,"Названо число взятых под контроль России за месяц населенных пунктов00:24, 1 февраля 2026Россия",,,ru,RU
13b343c512c6,lenta,https://lenta.ru/news/2026/02/01/podozrevaemyy-v-ubiystve-18-letney-kotonyani-priznal-vinu/,2026-02-01 00:00:00,"Подозреваемый в убийстве 18-летней котоняни признал вину00:25, 1 февраля 2026Силовые структуры",,,ru,RU
1e0bf7e0a1b7,lenta,https://lenta.ru/news/2026/02/01/1-fevralya-kakoy-prazdnik-segodnya-otmechayut-v-rossii-i-mire/,2026-02-01 00:00:00,"1 февраля: какой праздник отмечают в России и мире00:05, 1 февраля 2026Россия",,,ru,RU
4904da7c3ae5,lenta,https://lenta.ru/news/2026/02/01/lider-irana-vpervye-poyavilsya-na-publike-posle-protestov/,2026-02-01 00:00:00,"Лидер Ирана впервые появился на публике после протестов03:16, 1 февраля 2026Мир",,,ru,RU
44493ffeecbb,lenta,https://lenta.ru/news/2026/02/01/na-ukraine-razgorelsya-skandal-iz-za-voennogo-kladbischa/,2026-02-01 00:00:00,"На Украине разгорелся скандал из-за военного кладбища00:49, 1 февраля 2026Бывший СССР",,,ru,RU
da6d7fa7a268,lenta,https://lenta.ru/news/2026/01/31/starmer-vyskazalsya-o-svyazyah-byvshego-printsa-endryu-s-epshteynom/,2026-02-01 00:00:00,"Стармер высказался о связях бывшего принца Эндрю с Эпштейном00:03, 1 февраля 2026Мир",,,ru,RU
7a281697e704,lenta,https://lenta.ru/news/2026/02/01/na-zapade-prizvali-brat-primer-s-putina/,2026-02-01 00:00:00,"На Западе призвали брать пример с Путина01:26, 1 февраля 2026Мир",,,ru,RU
e6a54ed608c3,lenta,https://lenta.ru/news/2026/02/01/polkovnik-vsu-igral-v-azartnye-igry-na-dengi-soldat/,2026-02-01 00:00:00,"Полковник ВСУ играл в азартные игры на деньги солдат01:53, 1 февраля 2026Бывший СССР",,,ru,RU
3ff084feb7d2,lenta,https://lenta.ru/news/2026/01/31/otseneny-shansy-ovechkina-zabit-v-matche-nhl-s-karolinoy/,2026-02-01 00:00:00,"Оценены шансы Овечкина забить в матче НХЛ с «Каролиной»00:14, 1 февраля 2026Спорт",,,ru,RU
f7b466ed5cc4,lenta,https://lenta.ru/news/2026/02/01/v-rossii-predlozhili-vvesti-ottsovskiy-kapital-v-neskolko-millionov-rubley/,2026-02-01 00:00:00,"В России предложили ввести отцовский капитал в несколько миллионов рублей02:55, 1 февраля 2026Россия",,,ru,RU
772cc05943ba,lenta,https://lenta.ru/news/2026/02/01/rodivshiysya-v-rossii-biznesmen-stal-vtorym-krupnym-nalogoplatelschikom-v-britanii/,2026-02-01 00:00:00,"Родившийся в России бизнесмен стал вторым крупным налогоплательщиком в Британии01:31, 1 февраля 2026Экономика",,,ru,RU
ecab68d9619a,lenta,https://lenta.ru/news/2026/02/01/rossiyanam-napomnili-o-povyshenii-vyplat-ot-gosudarstva-s-1-fevralya/,2026-02-01 00:00:00,"Россиянам напомнили о повышении выплат от государства с 1 февраля02:37, 1 февраля 2026Экономика",,,ru,RU
e1883f523c6f,lenta,https://lenta.ru/news/2026/02/01/rossiyskiy-ryadovoy-podorval-minnoe-pole-vsu-s-pomoschyu-drona/,2026-02-01 00:00:00,"Российский рядовой подорвал минное поле ВСУ с помощью дрона03:31, 1 февраля 2026Россия",,,ru,RU
2e87743e0043,lenta,https://lenta.ru/news/2026/02/01/v-podmoskovie-gospitalizirovali-patsienta-s-podozreniem-na-ospu-obezyan/,2026-02-01 00:00:00,"В Подмосковье госпитализировали пациента с подозрением на «оспу обезьян»02:58, 1 февраля 2026Россия",,,ru,RU
e597d3e80180,lenta,https://lenta.ru/news/2026/02/01/tramp-potreboval-nemedlenno-arestovat-obamu/,2026-02-01 00:00:00,"Трамп потребовал немедленно арестовать Обаму01:46, 1 февраля 2026Мир",,,ru,RU
d56480092f5e,lenta,https://lenta.ru/news/2026/02/01/vo-frantsii-otreagirovali-na-shutku-zaharovoy-ob-ochkah-makrona/,2026-02-01 00:00:00,"Во Франции оценили шутку Захаровой об очках Макрона02:22, 1 февраля 2026Мир",,,ru,RU
f59859aeff65,lenta,https://lenta.ru/news/2026/02/01/zhgut-kakie-to-travy-sobirayut-vodu-s-trupov-na-ukraine-zapodozrili-ermaka-v-uchastii-v-magicheskih-ritualah/,2026-02-01 00:00:00,"«Жгут какие-то травы, собирают воду с трупов». На Украине заподозрили Ермака в пристрастии к магическим ритуалам02:40, 1 февраля 2026Бывший СССР",,,ru,RU
9e28d7e3090c,lenta,https://lenta.ru/news/2026/02/01/raskryto-chislo-poter-v-vsu-za-yanvar/,2026-02-01 00:00:00,"Раскрыто число потерь в ВСУ за январь01:49, 1 февраля 2026Бывший СССР",,,ru,RU
c70074d49e23,lenta,https://lenta.ru/news/2026/02/01/vo-frantsii-prizvali-povtorit-brexit/,2026-02-01 00:00:00,"Во Франции призвали повторить Brexit01:00, 1 февраля 2026Мир",,,ru,RU
c378a4fe55a1,lenta,https://lenta.ru/news/2026/02/01/poyavilos-video-porazheniya-istrebiteley-f-16-i-su-27-vsu-udarnymi-dronami-so-starlink/,2026-02-01 00:00:00,"Появилось видео поражения истребителей F-16 и Су-27 ВСУ ударными дронами со Starlink01:06, 1 февраля 2026Бывший СССР",,,ru,RU
7999bb129e01,lenta,https://lenta.ru/tags/persons/obama-barak/,2026-02-01 00:00:00,Барака Обамы,,,ru,RU
6b3322db30f2,lenta,https://lenta.ru/news/2026/02/01/v-rossii-izmenilis-usloviya-semeynoy-ipoteki/,2026-02-01 00:00:00,"В России изменились условия семейной ипотеки00:15, 1 февраля 2026Экономика",,,ru,RU
081120b506ba,lenta,https://lenta.ru/news/2026/02/02/chudovische-proniklo-na-amerikanskuyu-voennuyu-bazu/,2026-02-02 00:00:00,"Чудовище проникло на американскую военную базу00:32, 2 февраля 2026Из жизни",,,ru,RU
30a1489c99e2,lenta,https://lenta.ru/news/2026/02/02/dronn/,2026-02-02 00:00:00,"В Запорожской области заявили о мешающих восстановлению энергоснабжения дронах ВСУ00:36, 2 февраля 2026Бывший СССР",,,ru,RU
99b790e3ae96,lenta,https://lenta.ru/news/2026/02/02/eks-analitik-tsru-dopustil-razmeschenie-yadernogo-oruzhiya-ssha-v-grenlandii/,2026-02-02 00:00:00,"Экс-аналитик ЦРУ допустил размещение ядерного оружия США в Гренландии02:11, 2 февраля 2026Мир",,,ru,RU
467403710c4a,lenta,https://lenta.ru/news/2026/02/02/epshteyn-v-odnom-iz-svoih-pisem-predrekal-rublyu-status-mirovoy-valyuty/,2026-02-02 00:00:00,"Эпштейн в одном из своих писем предрекал рублю статус мировой валюты01:11, 2 февраля 2026Мир",,,ru,RU
3b838da9f9aa,lenta,https://lenta.ru/news/2026/02/02/makgregor/,2026-02-02 00:00:00,"Американский профессор заявил об использовании Украины против России02:39, 2 февраля 2026Мир",,,ru,RU
d1022e278253,lenta,https://lenta.ru/news/2026/02/02/izvestnaya-plyus-sayz-model-obnazhila-grud-dlya-zhurnala/,2026-02-02 00:00:00,"Известная плюс-сайз-модель обнажила грудь для журнала01:20, 2 февраля 2026Ценности",,,ru,RU
5e5261f69b83,lenta,https://lenta.ru/news/2026/02/02/na-kamchatke-propali-vosem-turistov/,2026-02-02 00:00:00,"На Камчатке пропали восемь туристов02:04, 2 февраля 2026Путешествия",,,ru,RU
0b09dd41795c,lenta,https://lenta.ru/news/2026/02/02/na-ukraine-poobeschali-otklyuchit-neverifitsirovannye-terminaly-starlink/,2026-02-02 00:00:00,"На Украине пообещали отключить неверифицированные терминалы Starlink01:24, 2 февраля 2026Бывший СССР",,,ru,RU
e6c3740028c6,lenta,https://lenta.ru/news/2026/02/02/na-zapade-priznali-prevoshodstvo-rossii-nad-evropoy-i-ukrainoy-v-sfere-oborony/,2026-02-02 00:00:00,"На Западе признали превосходство России над Европой и Украиной в сфере обороны02:43, 2 февраля 2026Интернет и СМИ",,,ru,RU
1f9a68fb801b,lenta,https://lenta.ru/news/2026/02/02/nazvany-nedostatki-amerikanskogo-raketnogo-schita/,2026-02-02 00:00:00,"Названы недостатки американского «ракетного щита»00:19, 2 февраля 2026Наука и техника",,,ru,RU
20f62bdca1ef,lenta,https://lenta.ru/news/2026/02/02/nazvany-sposobnye-vyzvat-epidemiyu-virusy/,2026-02-02 00:00:00,"Названы способные вызвать эпидемию вирусы02:37, 2 февраля 2026Наука и техника",,,ru,RU
7d5c9d7d2cbc,lenta,https://lenta.ru/news/2026/02/02/chehia/,2026-02-02 00:00:00,"В Чехии глава МИД решил игнорировать администрацию президента01:32, 2 февраля 2026Мир",,,ru,RU
397b0a761796,lenta,https://lenta.ru/news/2026/02/02/na-2026-god-zaplanirovali-pervyy-zapusk-chastnoy-rakety-iz-rossii-v-kosmos/,2026-02-02 00:00:00,"На 2026 год запланировали первый запуск частной ракеты из России в космос02:19, 2 февраля 2026Наука и техника",,,ru,RU
0b73f86927ed,lenta,https://lenta.ru/news/2026/02/02/afganistan/,2026-02-02 00:00:00,"Афганский посол заявил о планах расширить прямые авиарейсы с Россией01:38, 2 февраля 2026Мир",,,ru,RU
e4e1ca74cbba,lenta,https://lenta.ru/news/2026/02/02/zelenskogo-obvinili-v-gotovnosti-pozhertvovat-narodom-radi-sohraneniya-finansirovaniya/,2026-02-02 00:00:00,"Зеленского обвинили в готовности пожертвовать народом ради сохранения финансирования01:53, 2 февраля 2026Мир",,,ru,RU
f21643f1ee38,lenta,https://lenta.ru/news/2026/02/02/obnaruzhena-pugayuschaya-muzhchin-i-privlekayuschaya-zhenschin-dlina-penisa/,2026-02-02 00:00:00,"Обнаружена пугающая мужчин и привлекающая женщин длина пениса01:59, 2 февраля 2026Из жизни",,,ru,RU
5a84072fad33,lenta,https://lenta.ru/news/2026/02/02/v-ssha-predosteregli-evropu-ot-konflikta-s-rossiey/,2026-02-02 00:00:00,"В США предостерегли Европу от конфликта с Россией01:42, 2 февраля 2026Мир",,,ru,RU
f9b2ced49fc3,lenta,https://lenta.ru/news/2026/02/02/v-polshe-morozy-unesli-zhizni-bolee-polusotni-chelovek/,2026-02-02 00:00:00,"В Польше морозы унесли жизни более полусотни человек01:18, 2 февраля 2026Мир",,,ru,RU
869dc059115e,lenta,https://lenta.ru/news/2026/02/02/polzovateley-android-predupredili-o-vozrosshey-opasnosti-vzloma/,2026-02-02 00:00:00,"Пользователей Android предупредили о возросшей опасности взлома00:19, 2 февраля 2026Интернет и СМИ",,,ru,RU
7d2477da9f0e,lenta,https://lenta.ru/news/2026/02/02/odin-evropeyskiy-lider-upominaetsya-v-materialah-po-delu-epshteyna-bolee-200-raz/,2026-02-02 00:00:00,"Один европейский лидер упоминался в материалах по делу Эпштейна более 200 раз00:31, 2 февраля 2026Мир",,,ru,RU
5c3d1f6e7d9b,lenta,https://lenta.ru/news/2026/02/02/rossiyskie-voennye-unichtozhili-pochti-700-dronov-vsu-za-nedelyu/,2026-02-02 00:00:00,"Российские военные уничтожили почти 700 дронов ВСУ за неделю01:05, 2 февраля 2026Россия",,,ru,RU
7f72d75c8dc2,lenta,https://lenta.ru/news/2026/02/02/voenkory-nazvali-tsel-i-datu-novyh-rossiyskih-udarov-po-ukraine/,2026-02-02 00:00:00,"Военкоры назвали цель и дату новых российских ударов по Украине00:42, 2 февраля 2026Бывший СССР",,,ru,RU
3f1458e19530,lenta,https://lenta.ru/news/2026/02/02/tramp-poshutil-o-treh-novyh-shtatah-v-sostave-ssha/,2026-02-02 00:00:00,"Трамп пошутил о трех новых штатах в составе США00:04, 2 февраля 2026Мир",,,ru,RU
fb1668d2bde2,lenta,https://lenta.ru/news/2026/02/02/vrach-predupredil-o-posledstviyah-borby-s-bessonnitsey-s-pomoschyu-alkogolya/,2026-02-02 00:00:00,"Врач предупредил о последствиях борьбы с бессонницей с помощью алкоголя01:04, 2 февраля 2026Забота о себе",,,ru,RU
66ffad62ca4b,lenta,https://lenta.ru/news/2026/02/02/windows-trust/,2026-02-02 00:00:00,"Microsoft признала провал Windows 1101:59, 2 февраля 2026Наука и техника",,,ru,RU
f0b76916327b,lenta,https://lenta.ru/news/2026/02/02/plennyy-iz-vsu-rasskazal-o-smerti-sosluzhivtsa-ot-peredozirovki/,2026-02-02 00:00:00,"Пленный из ВСУ рассказал о смерти сослуживца от передозировки02:30, 2 февраля 2026Бывший СССР",,,ru,RU
353d0914092a,lenta,https://lenta.ru/news/2026/02/02/vs/,2026-02-02 00:00:00,"Российские военные за неделю освободили девять населенных пунктов01:00, 2 февраля 2026Россия",,,ru,RU
ff25347fa9f6,lenta,https://lenta.ru/news/2026/02/02/opublikovany-slova-maykla-dzheksona-o-druzhbe-s-detmi/,2026-02-02 00:00:00,"Опубликованы слова Майкла Джексона о дружбе с детьми00:54, 2 февраля 2026Культура",,,ru,RU
e6a9050553e8,lenta,https://lenta.ru/news/2026/02/02/tramp-vystupil-protiv-perenosa-shtab-kvartiry-oon-iz-nyu-yorka/,2026-02-02 00:00:00,"Трамп выступил против переноса штаб-квартиры ООН из Нью-Йорка01:37, 2 февраля 2026Мир",,,ru,RU
5dd8244bb146,lenta,https://lenta.ru/news/2026/02/03/na-solntse-poyavilsya-podozritelno-tainstvennyy-ob-ekt/,2026-02-03 00:00:00,"На Солнце появился подозрительно таинственный объект00:18, 3 февраля 2026Наука и техника",,,ru,RU
b103149749d9,lenta,https://lenta.ru/news/2026/02/03/izgnannyy-iz-gruppy-muzykant-zhestoko-otomstil-byvshim-kollegam/,2026-02-03 00:00:00,"Изгнанный из группы музыкант жестоко отомстил бывшим коллегам02:33, 3 февраля 2026Интернет и СМИ",,,ru,RU
e39a7336babf,lenta,https://lenta.ru/news/2026/02/03/kz/,2026-02-03 00:00:00,"В Казахстане представили новую конституцию с упоминанием «тысячелетней Степи». Что задумал Токаев и какие перемены ждут русских?00:10, 3 февраля 2026Бывший СССР",,,ru,RU
50f4234bfa4f,lenta,https://lenta.ru/news/2026/02/03/merts-zayavil-o-povorotnom-momente-dlya-evropy/,2026-02-03 00:00:00,"Мерц заявил о «поворотном моменте» для Европы00:31, 3 февраля 2026Мир",,,ru,RU
66208ec9e009,lenta,https://lenta.ru/news/2026/02/03/telo-pohischennogo-devyatiletnego-malchika-nashli/,2026-02-03 00:00:00,"Тело похищенного девятилетнего мальчика нашли02:25, 3 февраля 2026Силовые структуры",,,ru,RU
3599e7e2e4ac,lenta,https://lenta.ru/news/2026/02/03/stala-izvestna-pozitsiya-fifa-po-vozvrascheniyu-rossii/,2026-02-03 00:00:00,"Стала известна позиция ФИФА по возвращению России00:12, 3 февраля 2026Спорт",,,ru,RU
47c7527b1e8c,lenta,https://lenta.ru/news/2026/02/03/iran-prigrozil-ssha-udarami-po-izrailyu/,2026-02-03 00:00:00,"Иран пригрозил США ударами по Израилю02:36, 3 февраля 2026Мир",,,ru,RU
a694fb65f44b,lenta,https://lenta.ru/news/2026/02/03/populyarnaya-pevitsa-ogolilas-na/,2026-02-03 00:00:00,"Популярная певица оголилась на ковровой дорожке «Грэмми»01:06, 3 февраля 2026Ценности",,,ru,RU
e5bb13ff0a7f,lenta,https://lenta.ru/news/2026/02/03/milonov-nazval-neozhidannuyu-prichinu-vliyaniya-zelenskogo-na-zapadnyh-politikov/,2026-02-03 00:00:00,"Милонов назвал неожиданную причину влияния Зеленского на западных политиков01:24, 3 февраля 2026Россия",,,ru,RU
ecec59c33674,lenta,https://lenta.ru/news/2026/02/03/pedofil-raspravilsya-s-malchikom-posle-otkaza-v-intime/,2026-02-03 00:00:00,"Педофил расправился с мальчиком после отказа в интиме02:39, 3 февраля 2026Силовые структуры",,,ru,RU
b0f9e3b1f3e6,lenta,https://lenta.ru/news/2026/02/03/nazvana-lidiruyuschaya-po-pogibshim-boytsam-vsu-oblast-ukrainy/,2026-02-03 00:00:00,"Названа лидирующая по погибшим бойцам ВСУ область Украины00:46, 3 февраля 2026Бывший СССР",,,ru,RU
7e31d7c8ce2e,lenta,https://lenta.ru/news/2026/02/03/na-zapade-ob-yasnili-neudachu-rossiyskogo-su-35-v-indii/,2026-02-03 00:00:00,"На Западе объяснили «неудачу» российского Су-35 в Индии02:33, 3 февраля 2026Наука и техника",,,ru,RU
73abd9cc3741,lenta,https://lenta.ru/news/2026/02/03/podozrevaemyy-soznalsya-v-ubiystve-devyatiletnego-malchika-za-pytavshimsya-sbezhat-v-evropu-pedofilom-ustroili-pogonyu/,2026-02-03 00:00:00,"Подозреваемый признался в убийстве девятилетнего мальчика. За пытавшимся сбежать в Европу педофилом устроили погоню00:43, 3 февраля 2026Силовые структуры",,,ru,RU
69ffa92d5d8a,lenta,https://lenta.ru/news/2026/02/03/raskryto-vozmozhnoe-nakazanie-dlya-ubiytsy-devyatiletnego-malchika/,2026-02-03 00:00:00,"Раскрыто возможное наказание для убийцы девятилетнего мальчика02:09, 3 февраля 2026Силовые структуры",,,ru,RU
61801912a01e,lenta,https://lenta.ru/news/2026/02/03/devushka-uznala-o-dvoynoy-zhizni-muzhchiny-vo-vremya-svidaniya-iz-za-ego-oderzhimosti-neyrosetyami/,2026-02-03 00:00:00,"Девушка узнала о двойной жизни мужчины во время свидания из-за его одержимости нейросетями00:30, 3 февраля 2026Из жизни",,,ru,RU
357523b18e9f,lenta,https://lenta.ru/news/2026/02/03/tramp-priznalsya-v-obogaschenii-ssha-za-schet-ukrainy/,2026-02-03 00:00:00,"Трамп признался в обогащении США за счет Украины01:21, 3 февраля 2026Мир",,,ru,RU
92c208ade8ab,lenta,https://lenta.ru/news/2026/02/03/stalo-izvestno-o-vyzhivshih-v-smertelnom-dtp-s-uchastiem-abiturientov-gufsin/,2026-02-03 00:00:00,"Стало известно о выживших в смертельном ДТП с участием абитуриентов ГУФСИН02:16, 3 февраля 2026Россия",,,ru,RU
a3395a0dfd59,lenta,https://lenta.ru/news/2026/02/03/v-kieve-progremeli-vzryvy/,2026-02-03 00:00:00,"В Киеве прогремели взрывы01:50, 3 февраля 2026Бывший СССР",,,ru,RU
314327ebc580,lenta,https://lenta.ru/tags/geo/sankt-peterburg/,2026-02-03 00:00:00,Санкт-Петербурга,,,ru,RU
d4554fc70797,lenta,https://lenta.ru/news/2026/02/03/tramp-raskritikoval-oon-iz-za-ukrainy/,2026-02-03 00:00:00,"Трамп раскритиковал ООН из-за Украины01:05, 3 февраля 2026Мир",,,ru,RU
1fe9918ea946,lenta,https://lenta.ru/news/2026/02/03/tramp-razocharovalsya-v-evrope/,2026-02-03 00:00:00,"Трамп разочаровался в Европе01:47, 3 февраля 2026Мир",,,ru,RU
eac0b71154f4,lenta,https://lenta.ru/news/2026/02/03/uchitelnitsu-goda-obvinili-v-sekse-s-nesovershennoletnim/,2026-02-03 00:00:00,"«Учительницу года» обвинили в сексе с несовершеннолетним02:00, 3 февраля 2026Из жизни",,,ru,RU
a2a3f856038c,lenta,https://lenta.ru/news/2026/02/03/v-faylah-epshteyna-nashli-desyatki-tysyach-pornograficheskih-s-emok/,2026-02-03 00:00:00,"В файлах Эпштейна нашли десятки тысяч порнографических съемок01:02, 3 февраля 2026Мир",,,ru,RU
dc7bf19249a4,lenta,https://lenta.ru/news/2026/02/03/tramp-sdelal-zayavlenie-o-pribytii-sil-ssha-k-iranu/,2026-02-03 00:00:00,"Трамп сделал заявление о прибытии сил США к Ирану01:58, 3 февраля 2026Мир",,,ru,RU
34e41592d18a,lenta,https://lenta.ru/news/2026/02/03/zhenschinam-rasskazali-o-pravilnoy-intimnoy-gigiene-posle-seksa/,2026-02-03 00:00:00,"Женщинам рассказали о правильной интимной гигиене после секса01:06, 3 февраля 2026Забота о себе",,,ru,RU
e110b937fb18,lenta,https://lenta.ru/news/2026/02/03/tramp-opisal-reaktsiyu-rossii-i-kitaya-na-voennye-operatsii-ssha/,2026-02-03 00:00:00,"Трамп описал реакцию России и Китая на военные операции США00:19, 3 февраля 2026Мир",,,ru,RU
d68b4d57d6a7,lenta,https://lenta.ru/news/2026/02/03/zelenskiy/,2026-02-03 00:00:00,"В Германии указали на деталь в поведении Зеленского02:32, 3 февраля 2026Бывший СССР",,,ru,RU
7c5c1d1f3e6b,lenta,https://lenta.ru/news/2026/02/03/tramp-anonsiroval-horoshie-novosti-po-ukraine/,2026-02-03 00:00:00,"Трамп анонсировал «хорошие новости» по Украине01:06, 3 февраля 2026Мир",,,ru,RU
207dfaa77f62,lenta,https://lenta.ru/news/2026/02/02/uchitel-nadrugalsya-nad-pervoklassnitsey-v-shkole/,2026-02-03 00:00:00,"Учитель надругался над первоклассницей в школе00:00, 3 февраля 2026Из жизни",,,ru,RU
e0a5cccdecf9,lenta,https://lenta.ru/news/2026/02/03/v-yuzhnoy-koree-perenyali-opyt-svo/,2026-02-03 00:00:00,"В Южной Корее переняли опыт СВО00:30, 3 февраля 2026Наука и техника",,,ru,RU
97f78ff7768a,lenta,https://lenta.ru/news/2026/02/04/nesostoyavshiysya-boyfrend-ob-yasnil-pobeg-so-svidaniya-nelepoy-prosboy-devushki/,2026-02-04 00:00:00,"Несостоявшийся бойфренд объяснил побег со свидания нелепой просьбой девушки02:30, 4 февраля 2026Интернет и СМИ",,,ru,RU
7cde593626da,lenta,https://lenta.ru/news/2026/02/04/kim-kardashyan-v-prozrachnom-platie-shodila-na-svidanie/,2026-02-04 00:00:00,"Ким Кардашьян в прозрачном платье сходила на свидание01:00, 4 февраля 2026Ценности",,,ru,RU
50a7e547b64e,lenta,https://lenta.ru/news/2026/02/04/moschnyy-udar-po-kramatorsku-snyali-na-video/,2026-02-04 00:00:00,"Мощный удар по Краматорску сняли на видео00:50, 4 февраля 2026Бывший СССР",,,ru,RU
1b44fc7d6690,lenta,https://lenta.ru/news/2026/02/04/muzhchin-predupredili-ob-opasnosti-omolozheniya-penisa/,2026-02-04 00:00:00,"Мужчин предупредили об опасности омоложения пениса01:00, 4 февраля 2026Забота о себе",,,ru,RU
69a4878f4006,lenta,https://lenta.ru/news/2026/02/04/na-ukraine-rukovoditelya-shkoly-tantsev-obvinili-v-razvraschenii-detey/,2026-02-04 00:00:00,"На Украине руководителя школы танцев обвинили в развращении детей01:48, 4 февраля 2026Бывший СССР",,,ru,RU
dc9ce770d89a,lenta,https://lenta.ru/news/2026/02/04/nebenzya-vstretilsya-s-guterrishem/,2026-02-04 00:00:00,"Небензя выразил Гутерришу озабоченность по заявлениям о Крыме и Донбассе00:09, 4 февраля 2026Мир",,,ru,RU
89bd1d339210,lenta,https://lenta.ru/news/2026/02/04/posle-zaderzhaniya-so-strelboy-na-rublevke-vozbudili-ugolovnoe-delo/,2026-02-04 00:00:00,"После задержания со стрельбой на Рублевке возбудили уголовное дело00:59, 4 февраля 2026Силовые структуры",,,ru,RU
6faa1767f354,lenta,https://lenta.ru/news/2026/02/04/raskryta-lichnost-ostanovlennyh-na-rublevke-podozrevaemyh-v-pohischenii-cheloveka/,2026-02-04 00:00:00,"Раскрыта личность остановленных на Рублевке подозреваемых в похищении человека00:41, 4 февраля 2026Силовые структуры",,,ru,RU
ce29c5180e42,lenta,https://lenta.ru/news/2026/02/04/pytavshiysya-sblizitsya-s-avianostsem-ssha-bpla-irana-uspel-peredat-dannye-pered-krusheniem/,2026-02-04 00:00:00,"Пытавшийся сблизиться с авианосцем США БПЛА Ирана успел передать данные перед крушением00:53, 4 февраля 2026Мир",,,ru,RU
b6dbf2a5ff8d,lenta,https://lenta.ru/news/2026/02/04/rossiyskogo-shkolnika-dostavili-v-politsiyu-posle-ugroz-v-sotssetyah/,2026-02-04 00:00:00,"Российского школьника доставили в полицию после угроз в соцсетях00:29, 4 февраля 2026Силовые структуры",,,ru,RU
989dba278493,lenta,https://lenta.ru/news/2026/02/04/politsiya-ukrainy-nazvala-rastsenki-za-vyezd-voennogo-za-granitsu/,2026-02-04 00:00:00,"Полиция Украины назвала «расценки» за выезд военного за границу01:43, 4 февраля 2026Бывший СССР",,,ru,RU
290298e16902,lenta,https://lenta.ru/news/2026/02/04/pod-bermudskim-treugolnikom-nashli-prichinu-zagadochnogo-ischeznoveniya-korabley/,2026-02-04 00:00:00,"Под Бермудским треугольником нашли причину загадочного исчезновения кораблей00:31, 4 февраля 2026Из жизни",,,ru,RU
42ddc9fd9071,lenta,https://lenta.ru/news/2026/02/04/izrail-vydvinul-ssha-svoi-trebovaniya-po-iranu/,2026-02-04 00:00:00,"Израиль выдвинул США свои требования по Ирану00:42, 4 февраля 2026Мир",,,ru,RU
fa8c798b4a3a,lenta,https://lenta.ru/news/2026/02/04/rossiyanka-vernulas-s-otdyha-na-seyshelah-s-lihoradkoy-chikungunya/,2026-02-04 00:00:00,"Россиянка вернулась с отдыха на Сейшелах с лихорадкой чикунгунья00:26, 4 февраля 2026Путешествия",,,ru,RU
4de767c95766,lenta,https://lenta.ru/news/2026/02/04/galaxys21/,2026-02-04 00:00:00,"Samsung прекратила поддержку популярных смартфонов00:30, 4 февраля 2026Наука и техника",,,ru,RU
df9d89ff53a1,lenta,https://lenta.ru/news/2026/02/04/pervogo-muzha-suprugi-dzho-baydena-zaderzhali-po-obvineniyu-v-ubiystve/,2026-02-04 00:00:00,"Первого мужа супруги Джо Байдена задержали по обвинению в убийстве00:20, 4 февраля 2026Мир",,,ru,RU
35b078fc557c,lenta,https://lenta.ru/news/2026/02/04/rossiyskiy-boets-v-odinochku-unichtozhil-otdelenie-na-ognevoy-tochke-vsu/,2026-02-04 00:00:00,"Российский боец в одиночку уничтожил отделение на огневой точке ВСУ01:01, 4 февраля 2026Бывший СССР",,,ru,RU
0a364784d97a,lenta,https://lenta.ru/news/2026/02/04/syna-kaddafi-ne-budut-horonit-do-zaversheniya-neskolkih-deystviy/,2026-02-04 00:00:00,"Сына Каддафи не будут хоронить до завершения нескольких действий02:20, 4 февраля 2026Мир",,,ru,RU
0e2c7f9e9487,lenta,https://lenta.ru/news/2026/02/04/tramp-soobschil-o-razgovore-s-putinym/,2026-02-04 00:00:00,"Трамп сообщил о разговоре с Путиным01:08, 4 февраля 2026Мир",,,ru,RU
d2071f9a428d,lenta,https://lenta.ru/news/2026/02/04/tramp-zavershil-shatdaun-v-ssha/,2026-02-04 00:00:00,"Трамп завершил шатдаун в США02:17, 4 февраля 2026Экономика",,,ru,RU
af3ea81449cc,lenta,https://lenta.ru/news/2026/02/04/tramp-zayavil-o-sderzhavshem-svoe-slovo-putine/,2026-02-04 00:00:00,"Трамп заявил о сдержавшем свое слово Путине01:06, 4 февраля 2026Мир",,,ru,RU
95b46e657063,lenta,https://lenta.ru/news/2026/02/04/tramp-zayavil-o-znachitelnom-shage-rossii-po-ukraine/,2026-02-04 00:00:00,"Трамп заявил о значительном шаге России по Украине01:49, 4 февраля 2026Мир",,,ru,RU
f06811b8786e,lenta,https://lenta.ru/news/2026/02/04/uchitelnitsa-ustroila-trehchasovoy-seks-marafon-so-shkolnikom/,2026-02-04 00:00:00,"Учительница устроила трехчасовой секс-марафон со школьником02:01, 4 февраля 2026Из жизни",,,ru,RU
b49643417d1e,lenta,https://lenta.ru/news/2026/02/04/ukraine-predrekli-neminuemuyu-katastrofu-iz-za-udarov-rossii/,2026-02-04 00:00:00,"Украине предрекли неминуемую катастрофу из-за ударов России01:50, 4 февраля 2026Бывший СССР",,,ru,RU
4772ec8f60ad,lenta,https://lenta.ru/news/2026/02/04/stalo-izvestno-o-pokusheniyah-na-syna-kaddafi/,2026-02-04 00:00:00,"Стало известно о покушениях на сына Каддафи01:57, 4 февраля 2026Мир",,,ru,RU
f83907564ad3,lenta,https://lenta.ru/news/2026/02/04/v-gosdume-nazvali-plany-nato-po-ukraine-skrytoy-interventsiey/,2026-02-04 00:00:00,"В Госдуме назвали планы НАТО по Украине скрытой интервенцией01:20, 4 февраля 2026Россия",,,ru,RU
e896be3ee2da,lenta,https://lenta.ru/tags/geo/krasnoyarsk/,2026-02-04 00:00:00,Красноярске,,,ru,RU
1f246f997df9,lenta,https://lenta.ru/news/2026/02/04/brat-syna-kaddafi-podtverdil-ego-gibel/,2026-02-04 00:00:00,"Брат сына Каддафи подтвердил его гибель01:47, 4 февраля 2026Мир",,,ru,RU
a3dd2c844075,lenta,https://lenta.ru/news/2026/02/04/v-ssha-zaugrozhali-prakticheskoy-proverkoy-s-500-na-f-35/,2026-02-04 00:00:00,"В США заугрожали «практической проверкой» С-500 на F-3502:01, 4 февраля 2026Наука и техника",,,ru,RU
f97d5544fa5c,lenta,https://lenta.ru/tags/persons/guterrish-antoniu/,2026-02-04 00:00:00,Антониу Гутерришу,,,ru,RU
5b75d9446536,lenta,https://lenta.ru/news/2026/02/04/safonov-primet-uchastie-bolee-chem-v-15-sudebnyh-protsessah/,2026-02-04 00:00:00,"Сафонов примет участие более чем в 15 судебных процессах00:28, 4 февраля 2026Спорт",,,ru,RU
d1cad010122d,lenta,https://lenta.ru/news/2026/02/05/doch-umy-turman-v-otkrovennom-vide-snyalas-na-mototsikle-dlya-zhurnala/,2026-02-05 00:00:00,"Дочь Умы Турман в откровенном виде снялась на мотоцикле для журнала00:59, 5 февраля 2026Ценности",,,ru,RU
a4cfc440c0a7,lenta,https://lenta.ru/news/2026/02/05/finlyandiya-uvelichila-chislo-perevodchikov-v-sluzhbah-spaseniya-iz-za-konflikta-na-ukraine/,2026-02-05 00:00:00,"Финляндия увеличила число переводчиков в службах спасения из-за конфликта на Украине02:28, 5 февраля 2026Мир",,,ru,RU
a47c6e7cb535,lenta,https://lenta.ru/news/2026/02/05/latviya-i-estoniya-podderzhali-naznachenie-evropeyskogo-poslannika-dlya-peregovorov-s-rossiey/,2026-02-05 00:00:00,"Латвия и Эстония поддержали назначение европейского посланника для переговоров с Россией01:33, 5 февраля 2026Бывший СССР",,,ru,RU
8326739db89a,lenta,https://lenta.ru/news/2026/02/05/milonov-nagryanul-v-nelegalnyy-bordel-v/,2026-02-05 00:00:00,"Милонов нагрянул в нелегальный бордель00:21, 5 февраля 2026Россия",,,ru,RU
13232c7fed64,lenta,https://lenta.ru/news/2026/02/05/direktrisa-organizovala-vecherinku-s-alkogolem-dlya-100-shkolnikov-i-izbezhala-tyurmy/,2026-02-05 00:00:00,"Директриса организовала вечеринку с алкоголем для 100 школьников и избежала тюрьмы02:00, 5 февраля 2026Из жизни",,,ru,RU
04fcaed50063,lenta,https://lenta.ru/news/2026/02/05/nemetskiy-zhurnalist-rasskazal-o-krizise-i-mrachnyh-nastroeniyah-na-ukraine/,2026-02-05 00:00:00,"Немецкий журналист рассказал о кризисе и мрачных настроениях на Украине00:55, 5 февраля 2026Интернет и СМИ",,,ru,RU
b8bde20fb667,lenta,https://lenta.ru/news/2026/02/05/orban-raskritikoval-tsenzuru-v-evrope/,2026-02-05 00:00:00,"Орбан раскритиковал цензуру в Европе00:39, 5 февраля 2026Мир",,,ru,RU
6b6a8f884c82,lenta,https://lenta.ru/news/2026/02/05/rossiyan-predupredili-o-populyarnyh-shemah/,2026-02-05 00:00:00,"Россиян предупредили о популярных схемах мошенников к 14 февраля02:11, 5 февраля 2026Интернет и СМИ",,,ru,RU
47b0f1104bbd,lenta,https://lenta.ru/news/2026/02/05/rossiyanam-nazvali-vozrast-nachala-stareniya-mozga/,2026-02-05 00:00:00,"Россиянам назвали возраст начала старения мозга02:42, 5 февраля 2026Наука и техника",,,ru,RU
658735e689af,lenta,https://lenta.ru/news/2026/02/05/snv-iii/,2026-02-05 00:00:00,"«Это ядерный террор». 5 февраля истек ключевой договор между Россией и США по ограничению ядерного оружия. Чем это грозит?00:08, 5 февраля 2026Мир",,,ru,RU
9cfcc32f77b2,lenta,https://lenta.ru/news/2026/02/04/nyu-york-reyndzhers-obmenyali-panarina/,2026-02-05 00:00:00,"«Нью-Йорк Рейнджерс» обменяли Панарина00:33, 5 февраля 2026Спорт",,,ru,RU
197226a9a450,lenta,https://lenta.ru/news/2026/02/05/na-kube-dogadalis-o-gruze-na-vstrevozhivshem-ssha-rossiyskom-samolete/,2026-02-05 00:00:00,"На Кубе догадались о грузе на встревожившем США российском самолете00:12, 5 февраля 2026Мир",,,ru,RU
57e828013d50,lenta,https://lenta.ru/news/2026/02/05/raskryta-vydelennaya-zapadom-ukraine-za-chetyre-goda-summa/,2026-02-05 00:00:00,"Раскрыта выделенная Западом Украине за четыре года сумма01:07, 5 февраля 2026Интернет и СМИ",,,ru,RU
daa1d23edfa5,lenta,https://lenta.ru/news/2026/02/05/raskryty-osnovnye-sposoby-atak-moshennikov-na-rossiyan-domosedov/,2026-02-05 00:00:00,"Раскрыты основные способы атак мошенников на россиян-домоседов00:16, 5 февраля 2026Интернет и СМИ",,,ru,RU
84f2b5da1ff8,lenta,https://lenta.ru/news/2026/02/05/tramp-otsenil-svoi-sposobnosti-razbiralsya-v-dengah/,2026-02-05 00:00:00,"Трамп оценил свои способности разбираться в деньгах00:33, 5 февраля 2026Мир",,,ru,RU
21764f43849f,lenta,https://lenta.ru/news/2026/02/05/ustupka/,2026-02-05 00:00:00,"Зеленский высказался о возможных уступках России ради достижения мира00:43, 5 февраля 2026Бывший СССР",,,ru,RU
5ade30f5818e,lenta,https://lenta.ru/news/2026/02/05/tramp-vystupil-s-ugrozoy-odnomu-gosudarstvu/,2026-02-05 00:00:00,"Трамп выступил с угрозой одному государству01:37, 5 февраля 2026Мир",,,ru,RU
7312e2415a3d,lenta,https://lenta.ru/news/2026/02/05/v-kitae-otsenili-reaktsiyu-putina-na-ultimatum-trampa/,2026-02-05 00:00:00,"В Китае оценили реакцию Путина на ультиматум Трампа01:17, 5 февраля 2026Интернет и СМИ",,,ru,RU
7e13ecc444ec,lenta,https://lenta.ru/news/2026/02/05/v-rossii-predlozhili-sozdat-otechestvennyy-analog-roblox/,2026-02-05 00:00:00,"В России предложили создать отечественный аналог Roblox02:44, 5 февраля 2026Россия",,,ru,RU
4934ce672aa9,lenta,https://lenta.ru/news/2026/02/05/v-rossiyskom-regione-soshli-s-relsov-11-vagonov-s-uglem/,2026-02-05 00:00:00,"В российском регионе сошли с рельсов 11 вагонов с углем01:54, 5 февраля 2026Россия",,,ru,RU
4a45394c8528,lenta,https://lenta.ru/news/2026/02/05/vitse-prezident-ssha-dopustil-sotrudnichestvo-s-rossiey/,2026-02-05 00:00:00,"Вице-президент США допустил сотрудничество с Россией01:54, 5 февраля 2026Мир",,,ru,RU
e9404e8289c8,lenta,https://lenta.ru/news/2026/02/05/vsu-massirovanno-atakovali-rossiyskiy-region/,2026-02-05 00:00:00,"ВСУ массированно атаковали российский регион00:43, 5 февраля 2026Россия",,,ru,RU
b662fc6b5f6e,lenta,https://lenta.ru/news/2026/02/05/v-ssha-rossiyskiy-t-72-nazvali-luchshim-tankom-na-zemle/,2026-02-05 00:00:00,"В США российский Т-72 назвали лучшим танком на Земле02:00, 5 февраля 2026Наука и техника",,,ru,RU
5bbd792fd26f,lenta,https://lenta.ru/news/2026/02/05/zelenn/,2026-02-05 00:00:00,"Зеленский заявил об «ужасной потере» Украины при победе России00:07, 5 февраля 2026Бывший СССР",,,ru,RU
a049aa460793,lenta,https://lenta.ru/news/2026/02/05/zellenn/,2026-02-05 00:00:00,"Дмитрук обвинил Зеленского в унижении украинцев01:15, 5 февраля 2026Бывший СССР",,,ru,RU
be27531287ee,lenta,https://lenta.ru/news/2026/02/05/zhenschinam-nazvali-dve-glavnye-prichiny-boli-vo-vremya-seksa/,2026-02-05 00:00:00,"Женщинам назвали две главные причины боли во время секса00:59, 5 февраля 2026Забота о себе",,,ru,RU
19f0d5f5983e,lenta,https://lenta.ru/news/2026/02/05/v-faylah-epshteyna-obnaruzhilsya-spisok-illyuminatov/,2026-02-05 00:00:00,"В файлах Эпштейна обнаружился список иллюминатов00:29, 5 февраля 2026Из жизни",,,ru,RU
2709185babb8,lenta,https://lenta.ru/news/2026/02/05/zelenskogo-ulichili-v-predpochtenii-poteryat-territorii-voennym-putem/,2026-02-05 00:00:00,"Зеленского уличили в предпочтении потерять территории военным путем00:45, 5 февраля 2026Бывший СССР",,,ru,RU
db5ea2a56181,lenta,https://lenta.ru/news/2026/02/05/vyyavleno-neozhidannoe-vliyanie-artrita-na-kognitivnoe-zdorovie/,2026-02-05 00:00:00,"Выявлено неожиданное влияние артрита на когнитивное здоровье00:29, 5 февраля 2026Наука и техника",,,ru,RU
19c179357ada,lenta,https://lenta.ru/news/2026/02/06/flot/,2026-02-06 00:00:00,"«Флот был обезглавлен». 45 лет назад разбился самолет с командирами Тихоокеанского флота СССР. Как адмиралов погубил их багаж?00:01, 6 февраля 2026Силовые структуры",,,ru,RU
e0f9dfd23f07,lenta,https://lenta.ru/news/2026/02/06/dnsv/,2026-02-06 00:00:00,"Трамп предложил окончательно похоронить ядерный договор России и США. Что в Вашингтоне предлагают взамен?02:32, 6 февраля 2026Мир",,,ru,RU
6bb2d9c88085,lenta,https://lenta.ru/news/2026/02/06/edgard-zapashnyy-popal-v-bolnitsu-v-luganske/,2026-02-06 00:00:00,"Эдгард Запашный попал в больницу в Луганске01:10, 6 февраля 2026Культура",,,ru,RU
dc4629210ea7,lenta,https://lenta.ru/news/2026/02/06/v-britanii-zadumalis-o-smene-premiera-iz-za-dela-epshteyna/,2026-02-06 00:00:00,"В Британии узнали о заговоре против премьер-министра01:19, 6 февраля 2026Мир",,,ru,RU
748fbe6e04be,lenta,https://lenta.ru/news/2026/02/06/flag-rossii-vyvesili-na-hokkeynom-matche-na-olimpiade/,2026-02-06 00:00:00,"Флаг России вывесили на хоккейном матче на Олимпиаде01:36, 6 февраля 2026Спорт",,,ru,RU
6f0420dae02e,lenta,https://lenta.ru/news/2026/02/06/izvraschenets-vymanil-shantazhom-10-millionov-rubley-u-drugih-izvraschentsev/,2026-02-06 00:00:00,"Извращенец выманил шантажом 10 миллионов рублей у других извращенцев03:01, 6 февраля 2026Из жизни",,,ru,RU
7c31ed33594a,lenta,https://lenta.ru/news/2026/02/06/devushka-zavela-paru-pitomtsev-i-stala-zalozhnitsey-durno-pahnuschih-posledstviy/,2026-02-06 00:00:00,"Девушка завела пару питомцев и стала заложницей дурно пахнущих последствий02:40, 6 февраля 2026Интернет и СМИ",,,ru,RU
534994b63551,lenta,https://lenta.ru/news/2026/02/06/na-ukraine-proizoshla-zagadochnaya-smert-mobilizovannogo-v-ttsk/,2026-02-06 00:00:00,"На Украине произошла загадочная смерть мобилизованного в ТЦК00:16, 6 февраля 2026Бывший СССР",,,ru,RU
1f4597d05c5e,lenta,https://lenta.ru/news/2026/02/06/obvinennuyu-v-iznasilovanii-shkolnika-uchitelnitsu-goda-snova-arestovali/,2026-02-06 00:00:00,"Обвиненную в изнасиловании школьника «учительницу года» снова арестовали02:01, 6 февраля 2026Из жизни",,,ru,RU
965c0af83bdb,lenta,https://lenta.ru/news/2026/02/06/prezident-estonii-sdelal-vnezapnoe-priznanie-o-rossii/,2026-02-06 00:00:00,"Президент Эстонии сделал внезапное признание о России03:00, 6 февраля 2026Мир",,,ru,RU
8fe148b97692,lenta,https://lenta.ru/news/2026/02/06/raskryto-vliyanie-ozempika-na-rabotu-serdtsa/,2026-02-06 00:00:00,"Раскрыто влияние «Оземпика» на работу сердца00:31, 6 февраля 2026Наука и техника",,,ru,RU
68b8d56a791e,lenta,https://lenta.ru/news/2026/02/06/eks-solistka-serebra-pokazala-foto-v-bikini-i-vyskazalas-o-figure-posle-vtoryh-rodov/,2026-02-06 00:00:00,"Экс-солистка «Серебра» показала фото в бикини и высказалась о фигуре после вторых родов01:01, 6 февраля 2026Ценности",,,ru,RU
2d30df17f01b,lenta,https://lenta.ru/news/2026/02/06/kitay-razrabotal-szhigayuschee-starlink-superoruzhie/,2026-02-06 00:00:00,"Китай разработал сжигающее Starlink супероружие01:40, 6 февраля 2026Наука и техника",,,ru,RU
7beb0959d863,lenta,https://lenta.ru/news/2026/02/06/alaudinov-raskryl-podrobnosti-radioperehvata-izolirovannoy-gruppy-vsu/,2026-02-06 00:00:00,"Алаудинов раскрыл подробности радиоперехвата изолированной группы ВСУ01:44, 6 февраля 2026Бывший СССР",,,ru,RU
ef3bc9b02e28,lenta,https://lenta.ru/news/2026/02/06/belgorod-podvergsya-raketnomu-obstrelu/,2026-02-06 00:00:00,"ВСУ выпустили ракеты по Белгороду00:17, 6 февраля 2026Россия",,,ru,RU
71441708d2e6,lenta,https://lenta.ru/news/2026/02/06/siyyarto-obrushilsya-s-kritikoy-na-ryutte-iz-za-slov-ob-ukraine/,2026-02-06 00:00:00,"Сийярто обрушился с критикой на Рютте из-за слов об Украине00:50, 6 февраля 2026Мир",,,ru,RU
e37d841d6fa9,lenta,https://lenta.ru/news/2026/02/06/v-rossii-predskazali-sudbu-evrosoyuza/,2026-02-06 00:00:00,"В России предсказали судьбу Евросоюза01:11, 6 февраля 2026Россия",,,ru,RU
b2c56afee8fd,lenta,https://lenta.ru/news/2026/02/06/v-sovete-es-usililsya-raskol-iz-za-rossii/,2026-02-06 00:00:00,"В Совете ЕС усилился раскол из-за России02:37, 6 февраля 2026Мир",,,ru,RU
8361aea724cd,lenta,https://lenta.ru/news/2026/02/06/v-ssha-zayavili-o-nenavisti-nato-k-kultovoy-kuvalde-vks-rossii/,2026-02-06 00:00:00,"В США заявили о ненависти НАТО к «культовой кувалде» ВКС России02:01, 6 февраля 2026Наука и техника",,,ru,RU
58073bf29d32,lenta,https://lenta.ru/news/2026/02/06/v-ssha-zhestko-vyskazalis-o-plakavshem-na-intervyu-zelenskom/,2026-02-06 00:00:00,"В США жестко высказались о «плакавшем» на интервью Зеленском01:51, 6 февраля 2026Мир",,,ru,RU
7ff140437daf,lenta,https://lenta.ru/news/2026/02/06/zagadochnye-chelovecheskie-ostanki-nashli-v-otdalennoy-peschere/,2026-02-06 00:00:00,"Загадочные человеческие останки нашли в отдаленной пещере00:31, 6 февраля 2026Из жизни",,,ru,RU
74f6d62614b6,lenta,https://lenta.ru/news/2026/02/06/zaharova-svyazala-podryvy-severnyh-potokov-s-faylami-epshteyna/,2026-02-06 00:00:00,"Захарова связала подрывы «Северных потоков» с файлами Эпштейна01:05, 6 февраля 2026Мир",,,ru,RU
f50229b318f4,lenta,https://lenta.ru/news/2026/02/06/v-oae-otsenili-itogi-vtorogo-raunda-peregovorov/,2026-02-06 00:00:00,"В ОАЭ оценили итоги нового раунда переговоров по Украине01:01, 6 февраля 2026Мир",,,ru,RU
ac77e5ededa7,lenta,https://lenta.ru/news/2026/02/06/v-mid-rossii-raskryli-rol-evropy-v-peregovorah-po-ukraine/,2026-02-06 00:00:00,"В МИД России раскрыли роль Европы в переговорах по Украине00:44, 6 февраля 2026Мир",,,ru,RU
c3af7d5e99c6,lenta,https://lenta.ru/tags/organizations/minoborony-rossii/,2026-02-06 00:00:00,Минобороны РФ,,,ru,RU
b85fd92351ce,lenta,https://lenta.ru/news/2026/02/06/zhenschina-prozhila-17-let-v-brake-bez-oralnogo-seksa-i-okazalas-pered-slozhnym-vyborom/,2026-02-06 00:00:00,"Женщина прожила 17 лет в браке без орального секса и оказалась перед сложным выбором03:01, 6 февраля 2026Забота о себе",,,ru,RU
3a7d98b0d4f2,lenta,https://lenta.ru/tags/organizations/mid-rossii/,2026-02-06 00:00:00,МИД России,,,ru,RU
6bd0836b0f55,lenta,https://lenta.ru/news/2026/02/06/v-evrope-raskritikovali-shokiruyuschuyu-ideyu-ukrainskoy-rady/,2026-02-06 00:00:00,"В Европе раскритиковали шокирующую идею украинской Рады02:21, 6 февраля 2026Интернет и СМИ",,,ru,RU
d99ec16677b9,lenta,https://lenta.ru/news/2026/02/05/v-milane-ustroili-piket-protiv-uchastiya-sbornoy-izrailya-v-olimpiade/,2026-02-06 00:00:00,"В Милане устроили пикет против участия сборной Израиля в Олимпиаде00:51, 6 февраля 2026Спорт",,,ru,RU
d239954ea8bd,lenta,https://lenta.ru/news/2026/02/06/zhenschin-predupredili-ob-opasnosti-skvirta/,2026-02-06 00:00:00,"Женщин предупредили об опасности сквирта01:01, 6 февраля 2026Забота о себе",,,ru,RU
225781bc2978,lenta,https://lenta.ru/news/2026/02/07/chislo-ostavshihsya-bez-sveta-vecherom-rayonov-kieva-vozroslo/,2026-02-07 00:00:00,"Число оставшихся без света вечером районов Киева возросло00:33, 7 февраля 2026Бывший СССР",,,ru,RU
29f467751998,lenta,https://lenta.ru/news/2026/02/07/dve-strany-osporyat-v-sude-reshenie-es-po-rossiyskomu-gazu/,2026-02-07 00:00:00,"Две страны оспорят в суде решение ЕС по российскому газу00:59, 7 февраля 2026Мир",,,ru,RU
820867f44abd,lenta,https://lenta.ru/news/2026/02/07/frantsiyu-obvinili-v-prichastnosti-k-ubiystvu-syna-kaddafi/,2026-02-07 00:00:00,"Францию обвинили в причастности к убийству сына Каддафи01:40, 7 февраля 2026Мир",,,ru,RU
07c72575c263,lenta,https://lenta.ru/news/2026/02/07/amerikanskie-kompanii-sorvali-planirovanie-voennyh-operatsiy-ukrainy/,2026-02-07 00:00:00,"Американские компании сорвали планирование военных операций Украины00:55, 7 февраля 2026Мир",,,ru,RU
6162b5d3452b,lenta,https://lenta.ru/news/2026/02/07/mo-pent/,2026-02-07 00:00:00,"Пентагон спустя четыре года возобновил контакты с Минобороны России. Что известно и как это повлияет на конфликт на Украине?00:12, 7 февраля 2026Мир",,,ru,RU
73f53b1e8ecd,lenta,https://lenta.ru/news/2026/02/07/na-ukraine-proizoshlo-zemletryasenie/,2026-02-07 00:00:00,"На Украине произошло землетрясение00:16, 7 февраля 2026Бывший СССР",,,ru,RU
cadcb90873ff,lenta,https://lenta.ru/news/2026/02/07/na-zapade-raskryli-otnoshenie-zelenskogo-k-vyboram-na-ukraine/,2026-02-07 00:00:00,"На Западе раскрыли отношение Зеленского к выборам на Украине01:30, 7 февраля 2026Мир",,,ru,RU
8548cb45406b,lenta,https://lenta.ru/news/2026/02/07/na-zapade-obratilis-k-ukraine-s-mrachnym-poslaniem-iz-za-trampa/,2026-02-07 00:00:00,"На Западе обратились к Украине с мрачным посланием из-за Трампа01:20, 7 февраля 2026Мир",,,ru,RU
c69b75c18d4f,lenta,https://lenta.ru/news/2026/02/07/opublikovany-kadry-vysadki-estonskogo-spetsnaza-na-bort-rossiyskogo-neftyanogo-tankera/,2026-02-07 00:00:00,"Опубликованы кадры высадки эстонского спецназа на борт российского нефтяного танкера02:19, 7 февраля 2026Бывший СССР",,,ru,RU
bff53790fca6,lenta,https://lenta.ru/news/2026/02/07/orban-obrushilsya-s-kritikoy-na-evrosoyuz-iz-za-ukrainy/,2026-02-07 00:00:00,"Орбан обрушился с критикой на Евросоюз из-за Украины00:34, 7 февраля 2026Мир",,,ru,RU
e6ee7a0c5403,lenta,https://lenta.ru/news/2026/02/07/gosdep-odobril-prodazhu-kievu-zapchastey-dlya-voennogo-oborudovaniya/,2026-02-07 00:00:00,"Госдеп одобрил продажу Киеву запчастей для военного оборудования00:12, 7 февраля 2026Мир",,,ru,RU
2fc1d4141bf7,lenta,https://lenta.ru/news/2026/02/07/brat-epshteyna-zayavil-chto-finansista-ubili-po-prikazu-trampa-chto-skandalno-izvestnyy-biznesmen-mog-rasskazat-o-prezidente-ssha/,2026-02-07 00:00:00,"Брат Эпштейна заявил, что финансиста убили по приказу Трампа. Что скандально известный бизнесмен мог рассказать о президенте США?02:30, 7 февраля 2026Мир",,,ru,RU
897b58a5ed66,lenta,https://lenta.ru/news/2026/02/07/na-zapade-nazvali-predmet-raznoglasiy-mezhdu-rossiey-i-ssha/,2026-02-07 00:00:00,"На Западе назвали предмет разногласий между Россией и США01:06, 7 февраля 2026Мир",,,ru,RU
9f6f906b319e,lenta,https://lenta.ru/news/2026/02/06/zhenschina-sorvala-s-ukrainskogo-voenkoma-bodi-kameru/,2026-02-07 00:00:00,"Женщина сорвала с украинского военкома боди-камеру00:02, 7 февраля 2026Бывший СССР",,,ru,RU
4a77131ef4f5,lenta,https://lenta.ru/news/2026/02/06/ssha-i-ukraina-obsuzhdali-vozmozhnost-dostizheniya-mira-v-marte/,2026-02-07 00:00:00,"США и Украина обсуждали возможность достижения мира в марте00:39, 7 февраля 2026Бывший СССР",,,ru,RU
913ff45d1b33,lenta,https://lenta.ru/news/2026/02/06/maks-i-pro-maks/,2026-02-07 00:00:00,"Новый имидж Максима Галкина поставил на уши весь интернет. Одни считают комика-иноагента секс-символом, а другие — скуфом00:01, 7 февраля 2026Интернет и СМИ",,,ru,RU
0c250c2ced41,lenta,https://lenta.ru/news/2026/02/07/v-nebe-nad-ukrainoy-zametili-strategicheskie-raketonostsy/,2026-02-07 00:00:00,"В небе над Украиной заметили стратегические ракетоносцы02:42, 7 февраля 2026Бывший СССР",,,ru,RU
cdfaae2281d6,lenta,https://lenta.ru/news/2026/02/07/trener-klimov-opisal-olimpiadu-slovami-talismanov-net-i-tseny-vysokie/,2026-02-07 00:00:00,"Тренер Климов описал Олимпиаду словами «талисманов нет и цены высокие»00:18, 7 февраля 2026Спорт",,,ru,RU
ce5767882e4c,lenta,https://lenta.ru/news/2026/02/07/rossiyanam-rasskazali-o-meste-prosmotra-koltseobraznogo-solnechnogo-zatmeniya/,2026-02-07 00:00:00,"Россиянам рассказали о месте просмотра кольцеобразного солнечного затмения02:38, 7 февраля 2026Экономика",,,ru,RU
11f28e691a4f,lenta,https://lenta.ru/news/2026/02/07/rossiyanin-pogib-v-garazhe-pri-atake-bpla/,2026-02-07 00:00:00,"Россиянин погиб в гараже при атаке БПЛА00:53, 7 февраля 2026Россия",,,ru,RU
708b69fcd830,lenta,https://lenta.ru/news/2026/02/07/v-ssha-nazvali-posledstviya-pravleniya-zelenskogo/,2026-02-07 00:00:00,"В США назвали последствия правления Зеленского01:21, 7 февраля 2026Интернет и СМИ",,,ru,RU
635f4fc74096,lenta,https://lenta.ru/news/2026/02/07/ssha-obvinili-kitay-v-provedenii-taynogo-yadernogo-ispytaniya/,2026-02-07 00:00:00,"США обвинили Китай в проведении тайного ядерного испытания00:58, 7 февраля 2026Мир",,,ru,RU
ea4c7e260c52,lenta,https://lenta.ru/news/2026/02/07/rst-prokommentiroval-dannye-o-sotnyah-zastryavshih-na-kube-rossiyan/,2026-02-07 00:00:00,"РСТ прокомментировал данные о сотнях застрявших на Кубе россиян00:49, 7 февраля 2026Путешествия",,,ru,RU
513708fd1d95,lenta,https://lenta.ru/news/2026/02/07/provokatsiya-kieva-na-peregovorah-razgnevala-ssha/,2026-02-07 00:00:00,"Провокация Киева на переговорах разгневала США01:53, 7 февраля 2026Мир",,,ru,RU
60b95f68595a,lenta,https://lenta.ru/news/2026/02/07/zimnie-olimpiyskie-igry-2026-ob-yavleny-otkrytymi/,2026-02-07 00:00:00,"Зимние Олимпийские игры-2026 объявлены открытыми01:35, 7 февраля 2026Спорт",,,ru,RU
fe8738a76d70,lenta,https://lenta.ru/news/2026/02/07/premier-ministr-odnoy-strany-nameren-priehat-v-rossiyu-v-marte/,2026-02-07 00:00:00,"Премьер-министр одной страны захотел приехать в Россию в марте01:24, 7 февраля 2026Мир",,,ru,RU
4b3a40b7b7ef,lenta,https://lenta.ru/news/2026/02/07/passazhiry-reysa-phuket-moskva-zastryali-v-aeroportu-tailanda/,2026-02-07 00:00:00,"Пассажиры рейса Пхукет — Москва застряли в аэропорту Таиланда02:45, 7 февраля 2026Путешествия",,,ru,RU
d08638a69375,lenta,https://lenta.ru/news/2026/02/07/orban-zayavil-o-namerenii-es-zabrat-dengi-vengerskih-semey-v-polzu-kieva/,2026-02-07 00:00:00,"Орбан заявил о намерении ЕС забрать деньги венгерских семей в пользу Киева01:02, 7 февраля 2026Мир",,,ru,RU
4bc834a8dbec,lenta,https://lenta.ru/news/2026/02/07/yaponskiy-sportsmen-rasskazal-o-pugayuschey-atmosfere-v-olimpiyskoy-derevne/,2026-02-07 00:00:00,"Японский спортсмен рассказал о пугающей атмосфере в Олимпийской деревне00:41, 7 февраля 2026Спорт",,,ru,RU
23e9c82bc9cd,lenta,https://lenta.ru/news/2026/02/08/politolog-ob-yasnil-zhelanie-trampa-zakonchit-konflikt-na-ukraine-do-leta/,2026-02-08 00:00:00,"Политолог объяснил желание Трампа закончить конфликт на Украине до лета01:41, 8 февраля 2026Россия",,,ru,RU
d695d29f20fe,lenta,https://lenta.ru/news/2026/02/08/gosduma/,2026-02-08 00:00:00,"В Госдуме назвали тупиковой позицию Зеленского по Донбассу02:41, 8 февраля 2026Мир",,,ru,RU
0a420c747f2d,lenta,https://lenta.ru/news/2026/02/08/kim-chen-yn-ukazal-na-pustoslovie-vlastey-kndr/,2026-02-08 00:00:00,"Ким Чен Ын указал на пустословие властей КНДР02:04, 8 февраля 2026Мир",,,ru,RU
2bf959471085,lenta,https://lenta.ru/news/2026/02/08/na-zapade-nazvali-odin-iz-glavnyh-strahov-zelenskogo/,2026-02-08 00:00:00,"На Западе назвали один из главных страхов Зеленского02:14, 8 февраля 2026Интернет и СМИ",,,ru,RU
85afcf10bde6,lenta,https://lenta.ru/news/2026/02/08/nato-i-es-ulichili-v-zhelanii-prodolzhat-konflikt-na-ukraine/,2026-02-08 00:00:00,"НАТО и ЕС уличили в желании продолжать конфликт на Украине01:32, 8 февраля 2026Интернет и СМИ",,,ru,RU
3f7052c865be,lenta,https://lenta.ru/news/2026/02/08/finn/,2026-02-08 00:00:00,"Финский аэропорт оказался на грани закрытия из-за отсутствия пассажиров из России00:43, 8 февраля 2026Путешествия",,,ru,RU
fa1ee1150e5d,lenta,https://lenta.ru/news/2026/02/08/pervyy-den-olimpiady-2026/,2026-02-08 00:00:00,"Скандал с фигуристом Гуменником, российский флаг на трибуне и досадное падение Непряевой. Как прошел первый день Олимпиады-202600:02, 8 февраля 2026Спорт",,,ru,RU
5ac9b6cfe4a2,lenta,https://lenta.ru/news/2026/02/08/politolog-usomnilsya-v-sposobnosti-evropy-vmeshatsya-v-situatsiyu-na-ukraine/,2026-02-08 00:00:00,"Политолог усомнился в способности Европы вмешаться в ситуацию на Украине03:18, 8 февраля 2026Мир",,,ru,RU
d9ad8f5120a3,lenta,https://lenta.ru/news/2026/02/08/tramp-otkazalsya-izvinyatsya-za-video-s-barakom-i-mishel-obama-v-vide-obezyan/,2026-02-08 00:00:00,"Трамп отказался извиняться за видео с Бараком и Мишель Обама в виде обезьян00:18, 8 февраля 2026Мир",,,ru,RU
a2246421baa2,lenta,https://lenta.ru/news/2026/02/08/rotshild-feud/,2026-02-08 00:00:00,"Наследницы Ротшильда объявили друг другу войну. За что богатейшие невестка и свекровь возненавидели друг друга?00:01, 8 февраля 2026Из жизни",,,ru,RU
5edc74585a01,lenta,https://lenta.ru/news/2026/02/08/tudasuda/,2026-02-08 00:00:00,"«Это подрывает все правила». Запад начал войну с «теневым флотом» России? Как ответит Москва и чем это грозит мировой экономике?00:10, 8 февраля 2026Мир",,,ru,RU
243b55c3606a,lenta,https://lenta.ru/news/2026/02/08/premier-italii-usnula-na-tseremonii-otkrytiya-olimpiady/,2026-02-08 00:00:00,"Премьер Италии уснула на церемонии открытия Олимпиады01:05, 8 февраля 2026Спорт",,,ru,RU
30c4bf978527,lenta,https://lenta.ru/news/2026/02/08/rossiyanam-nazvali-chislo-nerabochih-ponedelnikov-do-kontsa-goda/,2026-02-08 00:00:00,"Россиянам назвали число нерабочих понедельников до конца года01:18, 8 февраля 2026Россия",,,ru,RU
add8e2415af3,lenta,https://lenta.ru/news/2026/02/08/ekspert-ob-yasnil-vazhnost-osvobozhdeniya-popovki-v-sumskoy-oblasti/,2026-02-08 00:00:00,"Эксперт объяснил важность освобождения Поповки в Сумской области03:26, 8 февраля 2026Россия",,,ru,RU
a5c33910b40c,lenta,https://lenta.ru/news/2026/02/08/trummp/,2026-02-08 00:00:00,"Стало известно об участии военных США в переговорах по Ирану и Украине01:48, 8 февраля 2026Мир",,,ru,RU
c85984222ee0,lenta,https://lenta.ru/news/2026/02/07/ukrainskiy-politolog-nazval-prichiny-nedovolstva-kieva-peregovorami-v-abu-dabi/,2026-02-08 00:00:00,"Украинский политолог назвал причины недовольства Киева переговорами в Абу-Даби03:05, 8 февраля 2026Бывший СССР",,,ru,RU
d720e5a38183,lenta,https://lenta.ru/news/2026/02/08/zaharova/,2026-02-08 00:00:00,"Захарова рассказала о факторе роста антисемитизма в Европе02:20, 8 февраля 2026Мир",,,ru,RU
be91f9e7c547,lenta,https://lenta.ru/news/2026/02/08/umer-vokalist-amerikanskoy-rok-gruppy-3-doors-down/,2026-02-08 00:00:00,"Умер вокалист американской рок-группы 3 Doors Down00:15, 8 февраля 2026Культура",,,ru,RU
67723deb0cb2,lenta,https://lenta.ru/news/2026/02/08/v-kieve-rasskazali-ob-opozorivshemsya-na-blizhnem-vostoke-eks-glave-mid-ukrainy/,2026-02-08 00:00:00,"В Киеве рассказали об опозорившемся на Ближнем Востоке экс-главе МИД Украины00:40, 8 февраля 2026Бывший СССР",,,ru,RU
eac1b387b18b,lenta,https://lenta.ru/news/2026/02/08/zapad/,2026-02-08 00:00:00,"Британский офицер призвал Киев и Европу выполнить требования России01:12, 8 февраля 2026Мир",,,ru,RU
6fe059063fc2,lenta,https://lenta.ru/news/2026/02/08/vvz/,2026-02-08 00:00:00,"Воры в законе больше века правят преступным миром. Почему их слово так много значит для российских бандитов?00:01, 8 февраля 2026Силовые структуры",,,ru,RU
771d20539c4a,lenta,https://lenta.ru/news/2026/02/08/v-ssha/,2026-02-08 00:00:00,"В США засекли разговор приближенного Трампа с иностранной разведкой00:06, 8 февраля 2026Мир",,,ru,RU
ad723b4cbbf7,lenta,https://lenta.ru/news/2026/02/08/vse-atomnye-elektrostantsii-na-ukraine-ostanovili-generatsiyu-naselenie-predupredili-o-nastuplenii-tyazhelyh-dney/,2026-02-08 00:00:00,"Все атомные электростанции на Украине остановили генерацию. Население предупредили о наступлении тяжелых дней02:43, 8 февраля 2026Бывший СССР",,,ru,RU
4b9c470cee1f,lenta,https://lenta.ru/news/2026/02/08/zhurova-nazvala-prichinu-pretenziy-figurista-gumennika-k-muzyke-na-olimpiade/,2026-02-08 00:00:00,"Журова назвала причину претензий к фигуристу Гуменнику к музыке на Олимпиаде00:19, 8 февраля 2026Спорт",,,ru,RU
84e13e911b6f,lenta,https://lenta.ru/news/2026/02/08/vsu-atakovali-dva-rossiyskih-regiona-pri-pomoschi-rszo-pod-raketnyy-obstrel-popal-gubernator-belgorodskoy-oblasti/,2026-02-08 00:00:00,"ВСУ атаковали два российских региона при помощи РСЗО. Под ракетный обстрел попал губернатор Белгородской области00:47, 8 февраля 2026Россия",,,ru,RU
b8888be264fa,lenta,https://lenta.ru/tags/persons/efremov-mihail/,2026-02-08 00:00:00,Михаил Ефремов,,,ru,RU
a65a94ef70c4,lenta,https://lenta.ru/tags/persons/alekseev-aleksey/,2026-02-08 00:00:00,Алексея Алексеева,,,ru,RU
7cb442769b3c,lenta,https://lenta.ru/tags/persons/nepryaeva-natalya/,2026-02-08 00:00:00,Наталья Непряева,,,ru,RU
604c66f7c75f,lenta,https://lenta.ru/news/2026/02/08/v-rossii-ob-yasnili-svoe-znachenie-dlya-evropy/,2026-02-08 00:00:00,"В России объяснили свое значение для Европы03:19, 8 февраля 2026Мир",,,ru,RU
d87ca730f16f,lenta,https://lenta.ru/news/2026/02/08/v-ramkah-obmena-iz-plena-vernulsya-pohoronennyy-po-rezultatam-dnk-testa-soldat-vsu/,2026-02-08 00:00:00,"В рамках обмена из плена вернулся «похороненный» по результатам ДНК-теста солдат ВСУ01:10, 8 февраля 2026Бывший СССР",,,ru,RU
46a862bc92e1,lenta,https://lenta.ru/news/2026/02/07/efremov/,2026-02-08 00:00:00,"Ефремов впервые выйдет на сцену театра после освобождения из колонии00:01, 8 февраля 2026Культура",,,ru,RU
deff7f637762,lenta,https://lenta.ru/news/2026/02/08/vsu-v-tretiy-raz-atakovali-belgorodskuyu-oblast-raketami/,2026-02-08 00:00:00,"ВСУ в третий раз атаковали Белгородскую область ракетами01:48, 8 февраля 2026Россия",,,ru,RU
d2e30c7272bc,lenta,https://lenta.ru/news/2026/02/09/sbornaya-ssha-zavoevala-zoloto-olimpiady-v-komandnom-turnire-figuristov/,2026-02-09 00:00:00,"Сборная США завоевала золото Олимпиады в командном турнире фигуристов00:51, 9 февраля 2026Спорт",,,ru,RU
9214a969aea6,lenta,https://lenta.ru/news/2026/02/09/mayak/,2026-02-09 00:00:00,"«Вы намучаетесь. Говорю как отец». Почему россиянки отказываются от аборта и сохраняют детей, которые могут умереть00:01, 9 февраля 2026Россия",,,ru,RU
ce2de7f34ea7,lenta,https://lenta.ru/news/2026/02/09/moskvichi-snova-zametili-neobychnoe-yavlenie-v-nebe/,2026-02-09 00:00:00,"Москвичи снова заметили необычное явление в небе00:20, 9 февраля 2026Экономика",,,ru,RU
272c13030e08,lenta,https://lenta.ru/news/2026/02/09/muzhchina-popal-za-reshetku-za-tri-dnya-s-byvshey-vozlyublennoy/,2026-02-09 00:00:00,"Мужчина попал за решетку за три дня с бывшей возлюбленной03:01, 9 февраля 2026Из жизни",,,ru,RU
c20a4d7d10ad,lenta,https://lenta.ru/news/2026/02/09/opredeleny-samye-schastlivye-rossiyane/,2026-02-09 00:00:00,"Определены самые счастливые россияне01:17, 9 февраля 2026Россия",,,ru,RU
d00b6d9bf192,lenta,https://lenta.ru/news/2026/02/09/na-ukraine-nashli-v-prodazhe-kvartiru-s-prorossiyskoy-kuhney/,2026-02-09 00:00:00,"На Украине нашли в продаже квартиру с «пророссийской» кухней01:10, 9 февраля 2026Экономика",,,ru,RU
45b94064bab2,lenta,https://lenta.ru/news/2026/02/09/na-ukraine-sravnili-ttsk-s-natsistskoy-spetssluzhboy/,2026-02-09 00:00:00,"На Украине сравнили ТЦК с нацистской спецслужбой02:06, 9 февраля 2026Бывший СССР",,,ru,RU
8acfe8068080,lenta,https://lenta.ru/news/2026/02/09/na-zapade-ispugalis-serieznogo-udara-rossii-po-ukraine/,2026-02-09 00:00:00,"На Западе испугались «серьезного удара» России по Украине01:25, 9 февраля 2026Мир",,,ru,RU
16f4f9e494f7,lenta,https://lenta.ru/news/2026/02/09/premieru-britanii-prigrozili-otstavkoy-iz-za-epshteyna/,2026-02-09 00:00:00,"Премьеру Британии пригрозили отставкой из-за Эпштейна00:55, 9 февраля 2026Мир",,,ru,RU
183998073cab,lenta,https://lenta.ru/news/2026/02/09/pozhilaya-uchitelnitsa-stala-snimat-porno-i-lishilas-raboty/,2026-02-09 00:00:00,"Пожилая учительница стала снимать порно и лишилась работы02:01, 9 февраля 2026Из жизни",,,ru,RU
5e8c1235b14b,lenta,https://lenta.ru/news/2026/02/09/na-ukraine-predlozhili-otlozhit-peregovory-o-mire/,2026-02-09 00:00:00,"На Украине предложили отложить переговоры о мире01:14, 9 февраля 2026Бывший СССР",,,ru,RU
0df029ef7ad9,lenta,https://lenta.ru/news/2026/02/09/olimpiada-den-vtoroi/,2026-02-09 00:00:00,"Россиянина оставили без бронзы, страшное падение американки Вонн и золото США в фигурном катании. Как прошел второй день Олимпиады01:08, 9 февраля 2026Спорт",,,ru,RU
c5dbc324148e,lenta,https://lenta.ru/news/2026/02/09/naydennyy-v-peschere-podrostok-okazalsya-zhertvoy-drevnego-medvedya/,2026-02-09 00:00:00,"Найденный в пещере подросток оказался жертвой древнего медведя00:30, 9 февраля 2026Из жизни",,,ru,RU
ac7c7ee9711e,lenta,https://lenta.ru/news/2026/02/09/dmitriev-obratil-vnimanie-na-slova-premiera-chehii-o-sryve-peregovorov-po-ukraine/,2026-02-09 00:00:00,"Дмитриев оценил слова премьера Чехии о срыве переговоров по Украине02:39, 9 февраля 2026Мир",,,ru,RU
062c8e47466a,lenta,https://lenta.ru/news/2026/02/09/psiholog-nazvala-osobuyu-ne-svyazannuyu-s-seksom-intimnuyu-potrebnost-muzhchin/,2026-02-09 00:00:00,"Психолог назвала особую не связанную с сексом интимную потребность мужчин01:00, 9 февраля 2026Забота о себе",,,ru,RU
ec6d65d6d127,lenta,https://lenta.ru/news/2026/02/09/byvshiy-angel-victoria-s-secret-snyalas-v-otkrovennoy-reklame-k-dnyu-svyatogo-valentina/,2026-02-09 00:00:00,"Бывший «ангел» Victoria's Secret снялась в откровенной рекламе ко Дню святого Валентина02:00, 9 февраля 2026Ценности",,,ru,RU
91c681cd194c,lenta,https://lenta.ru/tags/geo/velikobritaniya/,2026-02-09 00:00:00,Великобритании,,,ru,RU
7170f4696eb2,lenta,https://lenta.ru/news/2026/02/08/dvukratnyy-olimpiyskiy-chempion-otsenil-chetvertoe-mesto-korosteleva-v-skiatlone/,2026-02-09 00:00:00,"Двукратный олимпийский чемпион оценил четвертое место Коростелева в скиатлоне01:39, 9 февраля 2026Спорт",,,ru,RU
7157af381155,lenta,https://lenta.ru/news/2026/02/09/burunov-rasskazal-o-svoey-mechte/,2026-02-09 00:00:00,"Бурунов рассказал о своей мечте02:58, 9 февраля 2026Культура",,,ru,RU
7c578ace3c41,lenta,https://lenta.ru/news/2026/02/09/ukrainskie-voennye-polenilis-zamaskirovatsya-i-poplatilis/,2026-02-09 00:00:00,"Украинские военные поленились замаскироваться и поплатились02:56, 9 февраля 2026Бывший СССР",,,ru,RU
081586182d12,lenta,https://lenta.ru/news/2026/02/09/v-belgii-raskryli-kontakty-rossii-i-nato/,2026-02-09 00:00:00,"В Бельгии раскрыли контакты России и НАТО02:39, 9 февраля 2026Мир",,,ru,RU
fa2da23956f0,lenta,https://lenta.ru/news/2026/02/09/v-britanii-dopustili-otstavku-starmera-v-blizhayshuyu-nedelyu/,2026-02-09 00:00:00,"В Британии допустили отставку Стармера в ближайшую неделю02:38, 9 февраля 2026Мир",,,ru,RU
e79b9630b2de,lenta,https://lenta.ru/news/2026/02/09/v-rade-obrushilis-s-kritikoy-na-vlasti-kieva/,2026-02-09 00:00:00,"В Раде обрушились с критикой на власти Киева01:19, 9 февраля 2026Бывший СССР",,,ru,RU
c8c82c59e2b3,lenta,https://lenta.ru/news/2026/02/09/v-rossiyskom-regione-progremela-seriya-vzryvov/,2026-02-09 00:00:00,"В российском регионе прогремела серия взрывов00:13, 9 февраля 2026Россия",,,ru,RU
d70ba9f29777,lenta,https://lenta.ru/news/2026/02/09/v-ssha-vyskazalis-o-rokovom-reshenii-evropy-po-rossii/,2026-02-09 00:00:00,"В США раскритиковали «роковое решение» Европы по России01:45, 9 февраля 2026Мир",,,ru,RU
83492a18ef41,lenta,https://lenta.ru/news/2026/02/09/xiaomi-iphone/,2026-02-09 00:00:00,"Перечислены преимущества смартфонов Xiaomi перед iPhone02:00, 9 февраля 2026Наука и техника",,,ru,RU
4b3a1ff6e8fa,lenta,https://lenta.ru/news/2026/02/09/zhenschina-prishla-v-otdel-politsii-s-protivotankovym-snaryadom-v-sumochke/,2026-02-09 00:00:00,"Женщина пришла в отдел полиции с противотанковым снарядом в сумочке00:10, 9 февраля 2026Из жизни",,,ru,RU
0f5bb4065952,lenta,https://lenta.ru/tags/persons/erdogan-redzhep/,2026-02-09 00:00:00,Реджеп Тайип Эрдоган,,,ru,RU
5234f365afac,lenta,https://lenta.ru/tags/persons/dzhonson-boris/,2026-02-09 00:00:00,Борис Джонсон,,,ru,RU
b0f29240f43d,lenta,https://lenta.ru/news/2026/02/09/sotsialist-vyrvalsya-vpered-na-vyborah-prezidenta-v-evropeyskoy-strane/,2026-02-09 00:00:00,"Социалист вырвался вперед на выборах президента в европейской стране00:39, 9 февраля 2026Мир",,,ru,RU
361783675a39,lenta,https://lenta.ru/news/2026/02/09/raskryta-prichina-novyh-poiskov-propavshih-v-tayge-usoltsevyh/,2026-02-09 00:00:00,"Раскрыта причина новых поисков пропавших в тайге Усольцевых01:54, 9 февраля 2026Силовые структуры",,,ru,RU
16b267762de7,lenta,https://lenta.ru/news/2026/02/09/razvenchan-populyarnyy-mif-o-polze-seksa/,2026-02-09 00:00:00,"Развенчан популярный миф о пользе секса00:15, 9 февраля 2026Наука и техника",,,ru,RU
46111096a5fa,lenta,https://lenta.ru/news/2026/02/09/v-ssha-vystupili-s-neozhidannym-prizyvom-k-ukraine/,2026-02-09 00:00:00,"В США выступили с неожиданным призывом к Украине02:09, 9 февраля 2026Мир",,,ru,RU
6d3f80bf849f,lenta,https://lenta.ru/news/2026/02/10/glavkom-vs-niderlandov-priznal-prodolzhayuschiesya-uspehi-rf-v-ukrainskom-konflikte/,2026-02-10 00:00:00,"Главком ВС Нидерландов признал успехи армии России00:52, 10 февраля 2026Мир",,,ru,RU
006b385c38c8,lenta,https://lenta.ru/news/2026/02/10/kievlyane-perekryli-ulitsy-iz-za-otsutstviya-sveta/,2026-02-10 00:00:00,"Киевляне перекрыли улицы из-за отсутствия света01:51, 10 февраля 2026Бывший СССР",,,ru,RU
4c3299086696,lenta,https://lenta.ru/news/2026/02/10/minoborony-rasskazalo-o-popytkah-vsu-atakovat-rossiyu/,2026-02-10 00:00:00,"Минобороны рассказало о попытках ВСУ атаковать Россию01:06, 10 февраля 2026Россия",,,ru,RU
ecfa6b5cd9d5,lenta,https://lenta.ru/news/2026/02/10/muzhchin-predupredili-o-serieznyh-posledstviyah-uvelicheniya-penisa/,2026-02-10 00:00:00,"Мужчин предупредили о серьезных последствиях увеличения пениса01:01, 10 февраля 2026Забота о себе",,,ru,RU
970e6c0d5c4f,lenta,https://lenta.ru/news/2026/02/10/na-ukraine-zametili-novuyu-sposobnost-rossiyskih-geraney-posle-otklyucheniya/,2026-02-10 00:00:00,"На Украине заметили новую способность российских «Гераней» после отключения Starlink01:01, 10 февраля 2026Бывший СССР",,,ru,RU
1396a3be50d9,lenta,https://lenta.ru/news/2026/02/10/muzhchina-bez-shtanov-pozvonil-v-dver-i-potreboval-u-hozyayki-seksa/,2026-02-10 00:00:00,"Мужчина без штанов позвонил в дверь и потребовал у хозяйки секса00:30, 10 февраля 2026Из жизни",,,ru,RU
e1b614bdbca9,lenta,https://lenta.ru/news/2026/02/10/rozhin-raskryl-podrobnosti-unichtozheniya-ukrainskogo-vertoleta-mi-24/,2026-02-10 00:00:00,"В России раскрыли подробности уничтожения украинского вертолета Ми-2402:26, 10 февраля 2026Бывший СССР",,,ru,RU
adfff5021be0,lenta,https://lenta.ru/news/2026/02/10/opredelen-udivitelnyy-faktor-povysheniya-riska-zabolevaniy-polosti-rta/,2026-02-10 00:00:00,"Определен удивительный фактор повышения риска заболеваний полости рта00:15, 10 февраля 2026Наука и техника",,,ru,RU
f1bb807d0d28,lenta,https://lenta.ru/news/2026/02/10/nastoyaschiy-bogatyr-rodilsya-v-rossiyskom-gorode/,2026-02-10 00:00:00,"Настоящий богатырь родился в российском городе00:24, 10 февраля 2026Из жизни",,,ru,RU
452a77526135,lenta,https://lenta.ru/news/2026/02/10/na-zapade-zayavili-o-podgotovke-voyny-es-i-rossii/,2026-02-10 00:00:00,"На Западе заявили о подготовке войны ЕС и России00:14, 10 февраля 2026Мир",,,ru,RU
6a180fbd83f7,lenta,https://lenta.ru/news/2026/02/10/odna-zapadnaya-strana-neozhidanno-zahotela-ostanovit-finansirovanie-ukrainy/,2026-02-10 00:00:00,"Одна западная страна неожиданно захотела остановить финансирование Украины02:45, 10 февраля 2026Экономика",,,ru,RU
e6e6d6f4ec16,lenta,https://lenta.ru/news/2026/02/10/britanskiy-samolet-razvedchik-zametili-nad-chernym-more/,2026-02-10 00:00:00,"Британский самолет-разведчик заметили над Черным морем00:16, 10 февраля 2026Мир",,,ru,RU
680493681888,lenta,https://lenta.ru/news/2026/02/10/popavshaya-na-oblozhku-vogue-rossiyskaya-model-pokazala-foto-v-bikini-i-vyzvala-azhiotazh/,2026-02-10 00:00:00,"Попавшая на обложку Vogue российская модель показала фото в бикини и вызвала ажиотаж01:01, 10 февраля 2026Ценности",,,ru,RU
08844276f008,lenta,https://lenta.ru/news/2026/02/10/battery-iphone/,2026-02-10 00:00:00,"Раскрыта реальная стоимость батареи iPhone02:01, 10 февраля 2026Наука и техника",,,ru,RU
c8e6f1f63c71,lenta,https://lenta.ru/news/2026/02/10/na-zapade-voshitilis-podhodom-rossii-k-konfliktu-na-ukraine/,2026-02-10 00:00:00,"На Западе восхитились подходом России к конфликту на Украине01:35, 10 февраля 2026Мир",,,ru,RU
f8feaef5bc06,lenta,https://lenta.ru/news/2026/02/10/rossiyanin-s-igrushechnym-avtomatom-napugal-zhiteley-vysotok/,2026-02-10 00:00:00,"Россиянин с игрушечным автоматом напугал жителей высоток01:23, 10 февраля 2026Силовые структуры",,,ru,RU
3cf59e85793f,lenta,https://lenta.ru/news/2026/02/10/teacher/,2026-02-10 00:00:00,"Учительницу биологии обвинили в сексе со школьницей02:01, 10 февраля 2026Из жизни",,,ru,RU
915d272579d8,lenta,https://lenta.ru/news/2026/02/10/tsentr-verbovki-naemnikov-vsu-zanyalsya-naymom-braziltsev/,2026-02-10 00:00:00,"Центр вербовки наемников ВСУ занялся наймом бразильцев02:26, 10 февраля 2026Бывший СССР",,,ru,RU
6e1a03b3e76c,lenta,https://lenta.ru/news/2026/02/10/tsifra-namnogo-menshe-veteran-vsu-upreknuli-genshtab-vo-lzhi-o-poteryah-armii-rossii/,2026-02-10 00:00:00,"«Цифра намного меньше». Бывший командир «Азова» упрекнул Генштаб ВСУ во лжи о потерях армии России00:57, 10 февраля 2026Бывший СССР",,,ru,RU
5212d6784216,lenta,https://lenta.ru/news/2026/02/10/u-dolzhnika-na-ukraine-konfiskovali-pen/,2026-02-10 00:00:00,"У должника на Украине конфисковали пень02:40, 10 февраля 2026Бывший СССР",,,ru,RU
8e18929a78bf,lenta,https://lenta.ru/news/2026/02/10/ukrainskomu-skeletonistu-zapretili-ispolzovat-na-olimpiade-rashvalennyy-zelenskim-shlem/,2026-02-10 00:00:00,"Украинскому скелетонисту запретили использовать на Олимпиаде расхваленный Зеленским шлем01:14, 10 февраля 2026Спорт",,,ru,RU
77d944a21617,lenta,https://lenta.ru/news/2026/02/10/v-niderlandah-dopustili-uchastie-svoey-armii-v-missii-na-ukraine/,2026-02-10 00:00:00,"В Нидерландах допустили участие своей армии в миссии на Украине00:47, 10 февраля 2026Мир",,,ru,RU
02b44b7c1528,lenta,https://lenta.ru/news/2026/02/10/v-rossii-vyskazalis-o-sudbe-narodov-kuby-i-venesuely/,2026-02-10 00:00:00,"В России высказались о судьбе народов Кубы и Венесуэлы01:49, 10 февраля 2026Мир",,,ru,RU
5e4fb4ff9d7f,lenta,https://lenta.ru/news/2026/02/10/v-mid-rossii-raskryli-klyuchevoy-element-sdelki-po-ukraine/,2026-02-10 00:00:00,"В МИД России раскрыли ключевой элемент сделки по Украине00:40, 10 февраля 2026Россия",,,ru,RU
f44a7e753d4a,lenta,https://lenta.ru/news/2026/02/10/samolet-vrezalsya-v-avtomobili-vo-vremya-ekstrennoy-posadki-na-dorogu/,2026-02-10 00:00:00,"Самолет врезался в автомобили во время экстренной посадки на дорогу01:33, 10 февраля 2026Мир",,,ru,RU
30179d43688c,lenta,https://lenta.ru/news/2026/02/09/devushka-raskryla-taynu-nepriyatnogo-dyadyushki-i-byla-nazvana-duroy/,2026-02-10 00:00:00,"Девушка раскрыла тайну неприятного дядюшки и была названа дурой02:30, 10 февраля 2026Интернет и СМИ",,,ru,RU
059c0ade7d19,lenta,https://lenta.ru/news/2026/02/10/sifilis/,2026-02-10 00:00:00,"Сифилис вернулся и заражает миллионы людей каждый год. Почему это ставит в тупик ученых и грозит ли России опасность?00:01, 10 февраля 2026Забота о себе",,,ru,RU
a1d3c0a5fea1,lenta,https://lenta.ru/news/2026/02/10/voenkor-opisal-otstranenie-komanduyuschego-vsu-frazoy-nedoshturmoval/,2026-02-10 00:00:00,"Военкор описал отстранение командующего ВСУ фразой «недоштурмовал»01:46, 10 февраля 2026Бывший СССР",,,ru,RU
8a64ec88670a,lenta,https://lenta.ru/news/2026/02/10/v-ssha-raskryli-prichinu-isteriki-zelenskogo-posle-peregovorov-v-abu-dabi/,2026-02-10 00:00:00,"В США раскрыли причину истерики Зеленского после переговоров в Абу-Даби01:45, 10 февраля 2026Мир",,,ru,RU
a22aeb55c8b1,lenta,https://lenta.ru/news/2026/02/11/belik/,2026-02-11 00:00:00,"Белик назвал лучшую гарантию безопасности Украины00:51, 11 февраля 2026Россия",,,ru,RU
3e75422e7647,lenta,https://lenta.ru/news/2026/02/11/glava-volgogradskoy-oblasti-raskryl-podrobnosti-ob-otrazhenii-ataki-bespilotnikov/,2026-02-11 00:00:00,"Глава Волгоградской области раскрыл подробности об отражении атаки беспилотников02:16, 11 февраля 2026Россия",,,ru,RU
e8e62c9b8efb,lenta,https://lenta.ru/news/2026/02/11/na-ukraine-priznali-perspektivy-sotrudnichestva-mezhdu-rossiey-i-ssha/,2026-02-11 00:00:00,"На Украине признали перспективы сотрудничества между Россией и США01:00, 11 февраля 2026Бывший СССР",,,ru,RU
a22767cb373c,lenta,https://lenta.ru/news/2026/02/11/na-ukraine-soobschili-ob-unichtozhenii/,2026-02-11 00:00:00,"На Украине сообщили об уничтожении ТЭС00:18, 11 февраля 2026Бывший СССР",,,ru,RU
e08859e84b01,lenta,https://lenta.ru/news/2026/02/11/dmitriev/,2026-02-11 00:00:00,"Дмитриев высказался о связи Трампа с Эпштейном00:21, 11 февраля 2026Россия",,,ru,RU
be9bf0471d5a,lenta,https://lenta.ru/news/2026/02/11/populyarnye-orehi-nazvali-pomoschnikami-v-uluchshenii-kachestva-sna/,2026-02-11 00:00:00,"Популярные орехи назвали помощниками в улучшении качества сна02:00, 11 февраля 2026Наука и техника",,,ru,RU
9a3590935f20,lenta,https://lenta.ru/news/2026/02/11/proval-rossiyskih-lyzhnikov-demarsh-ukraintsa-gumennik-vstupil-v-borbu-za-medal-kak-proshel-chetvertyy-den-olimpiady/,2026-02-11 00:00:00,"Провал российских лыжников, демарш украинца, Гуменник вступил в борьбу за медаль. Как прошел четвертый день Олимпиады02:35, 11 февраля 2026Спорт",,,ru,RU
179b59a3be53,lenta,https://lenta.ru/news/2026/02/11/rita-ora-v-kroshechnom-byustgaltere-ot-bikini-popala-v-ob-ektiv-paparatstsi/,2026-02-11 00:00:00,"Рита Ора в крошечном бюстгальтере от бикини попала в объектив папарацци01:15, 11 февраля 2026Ценности",,,ru,RU
f8a818731688,lenta,https://lenta.ru/news/2026/02/11/rossiyanam-rasskazali-o-bezopasnom-dlya-zdorovya-kolichestve-blinov/,2026-02-11 00:00:00,"Россиянам рассказали о безопасном для здоровья количестве блинов02:13, 11 февраля 2026Наука и техника",,,ru,RU
5761c50c2b67,lenta,https://lenta.ru/news/2026/02/11/rossiyskie-turisty-rasskazali-o-nehvatke-topliva-dlya-samoletov-iz-kuby/,2026-02-11 00:00:00,"Российские туристы рассказали о нехватке топлива для самолетов с Кубы01:41, 11 февраля 2026Путешествия",,,ru,RU
348acd5c200e,lenta,https://lenta.ru/news/2026/02/11/amerikanskaya-semya-zahotela-vzyskat-s-rossii-20-millionov-dollarov-za-gibel-voennogo-vsu/,2026-02-11 00:00:00,"Американская семья захотела взыскать с России 20 миллионов долларов за гибель военного ВСУ01:17, 11 февраля 2026Мир",,,ru,RU
86d399f9d08f,lenta,https://lenta.ru/news/2026/02/11/nazvany-prichiny-snizheniya-interesa-k-seksu-u-zhenschin/,2026-02-11 00:00:00,"Названы причины снижения интереса к сексу у женщин03:00, 11 февраля 2026Забота о себе",,,ru,RU
f1fefd838953,lenta,https://lenta.ru/news/2026/02/11/raskryt-zamysel-kieva-na-peregovorah-s-rossiey/,2026-02-11 00:00:00,"Раскрыт замысел Киева на переговорах с Россией01:45, 11 февраля 2026Интернет и СМИ",,,ru,RU
6749ee05b3ea,lenta,https://lenta.ru/news/2026/02/11/raskryty-plany-berlina-po-posolstvu-v-moskve/,2026-02-11 00:00:00,"Раскрыты планы Берлина по посольству в Москве02:18, 11 февраля 2026Мир",,,ru,RU
705f22e34b19,lenta,https://lenta.ru/news/2026/02/10/malinin-vyigral-korotkuyu-programmu-figuristov-odinochnikov-na-olimpiade/,2026-02-11 00:00:00,"Малинин выиграл короткую программу фигуристов-одиночников на Олимпиаде01:08, 11 февраля 2026Спорт",,,ru,RU
ad1c804a6069,lenta,https://lenta.ru/news/2026/02/11/rossiyskiy-region-podvergsya-massirovannoy-atake-vsu/,2026-02-11 00:00:00,"Российский регион подвергся массированной атаке ВСУ01:21, 11 февраля 2026Россия",,,ru,RU
4a76a44a8638,lenta,https://lenta.ru/news/2026/02/11/telegram/,2026-02-11 00:00:00,"Кремль прокомментировал замедление работы Telegram01:03, 11 февраля 2026Интернет и СМИ",,,ru,RU
6dceea01ff72,lenta,https://lenta.ru/news/2026/02/11/v-kieve-ispugalis-sleduyuschey-zimy/,2026-02-11 00:00:00,"В Киеве испугались следующей зимы00:32, 11 февраля 2026Бывший СССР",,,ru,RU
701e80e8a487,lenta,https://lenta.ru/news/2026/02/11/v-kieve-ukazali-na-bezrazlichie-zelenskogo-k-ukraintsam-i-gorodam-strany/,2026-02-11 00:00:00,"В Киеве указали на безразличие Зеленского к украинцам и городам страны02:59, 11 февраля 2026Бывший СССР",,,ru,RU
c076f9eceef4,lenta,https://lenta.ru/news/2026/02/11/v-rossii-otsenili-peregovory-po-ukraine-na-ploschadke-r/,2026-02-11 00:00:00,"В России оценили переговоры по Украине на площадке ОБСЕ02:54, 11 февраля 2026Мир",,,ru,RU
e3d74bb2846e,lenta,https://lenta.ru/news/2026/02/11/v-ssha-predrekli-es-razval-pri-odnom-uslovii/,2026-02-11 00:00:00,"В США предрекли ЕС развал при одном условии01:32, 11 февраля 2026Интернет и СМИ",,,ru,RU
543465c3f2f0,lenta,https://lenta.ru/news/2026/02/11/valuta/,2026-02-11 00:00:00,"Россиян предупредили о схемах обмана при обмене валют02:47, 11 февраля 2026Интернет и СМИ",,,ru,RU
a8c60d00163b,lenta,https://lenta.ru/news/2026/02/11/v-ssha-nazvali-uslovie-dlya-pobedy-nad-kitaem/,2026-02-11 00:00:00,"В США назвали условие для победы над Китаем00:16, 11 февраля 2026Наука и техника",,,ru,RU
e20c73a8a827,lenta,https://lenta.ru/news/2026/02/11/vsu/,2026-02-11 00:00:00,"В Запорожской области рассказали об атаке дрона ВСУ на похоронную процессию02:17, 11 февраля 2026Бывший СССР",,,ru,RU
a0925e65f317,lenta,https://lenta.ru/news/2026/02/11/zhenschinam-perechislili-sem-glavnyh-prichin-otsutstviya-orgazma/,2026-02-11 00:00:00,"Женщинам перечислили семь главных причин отсутствия оргазма01:00, 11 февраля 2026Забота о себе",,,ru,RU
8b16eda99454,lenta,https://lenta.ru/news/2026/02/11/v-drevneegipetskom-tekste-nashli-namek-na-realnost-bibleyskih-istoriy-o-velikanah/,2026-02-11 00:00:00,"В древнеегипетском тексте нашли намек на реальность библейских историй о великанах00:31, 11 февраля 2026Из жизни",,,ru,RU
1b8659c931d1,lenta,https://lenta.ru/news/2026/02/11/zhenschina-elegantno-otomstila-vysokomernoy-sosedke-za-hamstvo/,2026-02-11 00:00:00,"Женщина элегантно отомстила высокомерной соседке за хамство02:30, 11 февраля 2026Интернет и СМИ",,,ru,RU
9e0000e04672,lenta,https://lenta.ru/news/2026/02/11/uchitelnitsu-obvinili-v-sekse-s-podrostkom-spustya-20-let-posle-proizoshedshego/,2026-02-11 00:00:00,"Учительницу обвинили в сексе с подростком спустя 20 лет02:00, 11 февраля 2026Из жизни",,,ru,RU
cd713cdbfad5,lenta,https://lenta.ru/news/2026/02/11/vsu-atakovali-mnogokvartirnyy-dom-v-zaporozhskoy-oblasti/,2026-02-11 00:00:00,"ВСУ атаковали многоквартирный дом в Запорожской области01:04, 11 февраля 2026Бывший СССР",,,ru,RU
78561b8fc1e6,lenta,https://lenta.ru/news/2026/02/12/makron-zayavil-ob-okonchanii-epohi-deshevoy-rossiyskoy-energii-dlya-evropy/,2026-02-12 00:00:00,"Макрон заявил об окончании эпохи дешевой российской энергии для Европы01:44, 12 февраля 2026Экономика",,,ru,RU
3b6d3b4a3c67,lenta,https://lenta.ru/news/2026/02/12/dmitriev-nazval-prichinu-populyarnosti-imeni-muhammed-v-es/,2026-02-12 00:00:00,"Дмитриев назвал причину популярности имени Мухаммед в ЕС00:40, 12 февраля 2026Мир",,,ru,RU
9bc08ba4ff34,lenta,https://lenta.ru/news/2026/02/12/frantsuzskiy-duet-vyigral-zoloto-olimpiady-v-tantsah-na-ldu/,2026-02-12 00:00:00,"Французский дуэт выиграл золото Олимпиады в танцах на льду01:14, 12 февраля 2026Спорт",,,ru,RU
f786a4079990,lenta,https://lenta.ru/news/2026/02/12/eks-ofitser-vsu-prizval-slomat-zelenskogo-cherez-koleno-i-arestovat/,2026-02-12 00:00:00,"Экс-офицер ВСУ призвал «сломать Зеленского через колено» и арестовать01:35, 12 февраля 2026Бывший СССР",,,ru,RU
2f1bbafd392d,lenta,https://lenta.ru/news/2026/02/12/senator-rasskazal-o-zaprete-ssha-po-vyboram-prezidenta-ukrainy/,2026-02-12 00:00:00,"Сенатор рассказал о запрете США по выборам президента Украины01:21, 12 февраля 2026Бывший СССР",,,ru,RU
2b30ce960af9,lenta,https://lenta.ru/news/2026/02/12/ministr-finansov-ssha-dal-obeschanie-po-antirossiyskim-sanktsiyam/,2026-02-12 00:00:00,"Министр финансов США дал обещание по антироссийским санкциям00:37, 12 февраля 2026Экономика",,,ru,RU
1ce926d3ca53,lenta,https://lenta.ru/news/2026/02/12/arktika-i-nato/,2026-02-12 00:00:00,"«Это не останется без ответа». НАТО начнет новую военную миссию в Арктике. Чем это грозит России?00:01, 12 февраля 2026Мир",,,ru,RU
749767852ec8,lenta,https://lenta.ru/news/2026/02/12/nazvan-nabirayuschiy-populyarnost-neozhidannyy-sposob-otomstit-byvshim-vozlyublennym/,2026-02-12 00:00:00,"Назван набирающий популярность неожиданный способ отомстить бывшим возлюбленным01:00, 12 февраля 2026Забота о себе",,,ru,RU
dc029fa8d444,lenta,https://lenta.ru/news/2026/02/12/nazvany-naibolee-opasnye-shemy-moshennikov-nakanune-dnya-vseh-vlyublennyh/,2026-02-12 00:00:00,"Названы наиболее опасные схемы мошенников накануне Дня всех влюбленных00:15, 12 февраля 2026Интернет и СМИ",,,ru,RU
905794c26c36,lenta,https://lenta.ru/news/2026/02/12/nazvany-preimuschestva-goliafa-i-karakurta/,2026-02-12 00:00:00,"Названы преимущества «Голиафа» и «Каракурта»02:00, 12 февраля 2026Наука и техника",,,ru,RU
ca74d38fbcac,lenta,https://lenta.ru/news/2026/02/12/pervyy-trehkratnyy-pobeditel-igr-2026-proval-transgendera-travma-snoubordista-start-hokkeya-kak-proshel-pyatyy-den-olimpiady/,2026-02-12 00:00:00,"Третье золото швейцарского лыжника, провал шведского трансгендера и перелом шеи на склоне. Итоги пятого дня Олимпиады02:11, 12 февраля 2026Спорт",,,ru,RU
8c64425363d3,lenta,https://lenta.ru/news/2026/02/12/premier-britanii-rezko-otreagiroval-na-slova-sovladeltsa-manchester-yunayted/,2026-02-12 00:00:00,"Премьер Британии резко отреагировал на слова совладельца «Манчестер Юнайтед» о мигрантах02:09, 12 февраля 2026Мир",,,ru,RU
6951c418a4d7,lenta,https://lenta.ru/news/2026/02/12/nayden-skelet-vikinga-neveroyatnogo-rosta-s-dyroy-v-cherepe/,2026-02-12 00:00:00,"Найден скелет великана эпохи викингов с дырой в черепе00:31, 12 февраля 2026Из жизни",,,ru,RU
4c131bd9aead,lenta,https://lenta.ru/news/2026/02/12/60-letnyaya-populyarnaya-aktrisa-vyzvala-azhiotazh-u-publiki-novym-foto-v-bikini/,2026-02-12 00:00:00,"60-летняя популярная актриса вызвала ажиотаж у публики новым фото в бикини01:00, 12 февраля 2026Ценности",,,ru,RU
3988f3930f12,lenta,https://lenta.ru/news/2026/02/12/sovladelets-manchester-yunayted-pozhalovalsya-na-kolonizatsiyu-britanii-migrantami/,2026-02-12 00:00:00,"Совладелец «Манчестер Юнайтед» пожаловался на колонизацию Британии мигрантами01:35, 12 февраля 2026Спорт",,,ru,RU
84f7986de5c8,lenta,https://lenta.ru/news/2026/02/11/transfer-ukraintsa-mudrika-priznan-hudshim-v-istorii-apl/,2026-02-12 00:00:00,"Трансфер украинца Мудрика признан худшим в истории АПЛ01:03, 12 февраля 2026Спорт",,,ru,RU
cb1d7e6de98d,lenta,https://lenta.ru/news/2026/02/12/26h1/,2026-02-12 00:00:00,"Для Windows выйдет уникальное обновление00:15, 12 февраля 2026Наука и техника",,,ru,RU
373fecefbc14,lenta,https://lenta.ru/news/2026/02/12/v-britanii-zametili-izmenenie-v-otnoshenii-ukraintsev-k-zelenskomu/,2026-02-12 00:00:00,"В Британии заметили изменение в отношении украинцев к Зеленскому00:50, 12 февраля 2026Бывший СССР",,,ru,RU
fcf69ebe3697,lenta,https://lenta.ru/news/2026/02/12/v-germanii-nazvali-prichinu-davleniya-ssha-na-zelenskogo/,2026-02-12 00:00:00,"В Германии назвали причину давления США на Зеленского01:00, 12 февраля 2026Мир",,,ru,RU
0d3b038bb12f,lenta,https://lenta.ru/news/2026/02/12/v-gosdepe-pohvastalis-otkazom-indii-ot-rossiyskoy-nefti/,2026-02-12 00:00:00,"В Госдепе похвастались отказом Индии от российской нефти00:17, 12 февраля 2026Мир",,,ru,RU
3731d4703c2a,lenta,https://lenta.ru/news/2026/02/12/v-nato-predupredili-o-sokrushitelnoy-reaktsii-v-sluchae-napadeniya-na-litvu/,2026-02-12 00:00:00,"В НАТО предупредили о «сокрушительной реакции» в случае нападения на Литву01:53, 12 февраля 2026Мир",,,ru,RU
0d321d263675,lenta,https://lenta.ru/news/2026/02/12/v-rossii-mogut-chastichno-pogasit-ipoteku-semyam-s-chetyrmya-detmi-kakie-esche-porucheniya-v-demograficheskoy-politike-dal-putin/,2026-02-12 00:00:00,"В России могут частично погасить ипотеку семьям с четырьмя детьми. Какие еще поручения в демографической политике дал Путин?00:59, 12 февраля 2026Экономика",,,ru,RU
e21aa7bd5803,lenta,https://lenta.ru/news/2026/02/12/v-mid-rossii-nazvali-vazhnyy-punkt-plana-po-uregulirovaniyu-na-ukraine/,2026-02-12 00:00:00,"В МИД России назвали важный пункт плана по урегулированию на Украине01:42, 12 февраля 2026Мир",,,ru,RU
b10e5bbc31c9,lenta,https://lenta.ru/news/2026/02/12/vsu-udarili-po-rossiyskomu-regionu-reaktivnymi-dronami/,2026-02-12 00:00:00,"ВСУ ударили по российскому региону реактивными дронами01:12, 12 февраля 2026Россия",,,ru,RU
76fb3910c335,lenta,https://lenta.ru/news/2026/02/12/zaharova-prokommentirovala-slova-zelens/,2026-02-12 00:00:00,"Захарова прокомментировала слова Зеленского о выборах на Украине00:21, 12 февраля 2026Мир",,,ru,RU
57892bc567f7,lenta,https://lenta.ru/news/2026/02/12/vsu-udarili-po-skoroy-pomoschi-v-rossiyskom-regione/,2026-02-12 00:00:00,"ВСУ ударили по скорой помощи в российском регионе00:08, 12 февраля 2026Россия",,,ru,RU
cea87c023b18,lenta,https://lenta.ru/news/2026/02/12/shkolnogo-uchitelya-zametili-golym-na-ulitse/,2026-02-12 00:00:00,"Школьного учителя заметили голым на улице02:00, 12 февраля 2026Из жизни",,,ru,RU
1ab874542750,lenta,https://lenta.ru/news/2026/02/12/sbornaya-shvetsii-po-hokkeyu-oderzhala-volevuyu-pobedu-nad-italiey-na-olimpiade/,2026-02-12 00:00:00,"Сборная Швеции по хоккею одержала волевую победу над Италией на Олимпиаде01:38, 12 февраля 2026Спорт",,,ru,RU
9ddb2b26f5c5,lenta,https://lenta.ru/news/2026/02/12/v-vengrii-zhestko-raskritikovali-evropu-iz-za-ukrainy/,2026-02-12 00:00:00,"В Венгрии жестко раскритиковали Европу из-за Украины01:51, 12 февраля 2026Мир",,,ru,RU
c50f8f2e315d,lenta,https://lenta.ru/news/2026/02/13/novuyu-rossiyskuyu-zamenu-solntsepeku-otsenili/,2026-02-13 00:00:00,"Новую российскую замену «Солнцепеку» оценили02:32, 13 февраля 2026Наука и техника",,,ru,RU
c7aac3fce2f8,lenta,https://lenta.ru/news/2026/02/13/lyubitelyam-onlayn-pokupok-rasskazali-o-zaschite-ot-moshennikov/,2026-02-13 00:00:00,"Любителям онлайн-покупок рассказали о защите от мошенников02:13, 13 февраля 2026Экономика",,,ru,RU
1df8dd680526,lenta,https://lenta.ru/news/2026/02/13/na-detskoy-ploschadke-obnaruzhili-snaryad-vsu-s-detonatorom-i-taymerom/,2026-02-13 00:00:00,"На детской площадке обнаружили снаряд ВСУ с детонатором и таймером01:15, 13 февраля 2026Бывший СССР",,,ru,RU
5073830a6a9f,lenta,https://lenta.ru/news/2026/02/13/na-ukraine-obvinili-zelenskogo-v-potere-okna-vozmozhnostey-dlya-mira/,2026-02-13 00:00:00,"На Украине обвинили Зеленского в потере «окна возможностей» для мира00:06, 13 февраля 2026Мир",,,ru,RU
0c199c43b29b,lenta,https://lenta.ru/news/2026/02/13/iz-evropy-nachali-uhodit-serieznye-kompanii/,2026-02-13 00:00:00,"Из Европы начали уходить серьезные компании01:54, 13 февраля 2026Экономика",,,ru,RU
614727bde039,lenta,https://lenta.ru/news/2026/02/13/na-zapade-otsenili-evolyutsiyu-rossiyskogo-solntsepeka/,2026-02-13 00:00:00,"На Западе оценили эволюцию российского «Солнцепека»00:16, 13 февраля 2026Наука и техника",,,ru,RU
02ceeb49e993,lenta,https://lenta.ru/news/2026/02/13/otstranennyy-ot-oi-ukrainskiy-skeletonist-pozhalovalsya-na-italyantsa-s-rossiyskim-flagom/,2026-02-13 00:00:00,"Отстраненный от ОИ украинский скелетонист пожаловался на итальянца с российским флагом00:35, 13 февраля 2026Спорт",,,ru,RU
c1576e071d18,lenta,https://lenta.ru/news/2026/02/13/pevitsa-holzi-v-obnazhayuschem-telo-platie-vyshla-v-svet-s-zhenihom/,2026-02-13 00:00:00,"Певица Холзи в обнажающем тело платье вышла в свет с женихом01:30, 13 февраля 2026Ценности",,,ru,RU
bc4e33a8ab75,lenta,https://lenta.ru/news/2026/02/13/pavel-durov-vystupil-s-zayavleniem-o-blokirovke-telegram/,2026-02-13 00:00:00,"Павел Дуров выступил с заявлением о блокировке Telegram00:59, 13 февраля 2026Интернет и СМИ",,,ru,RU
763333d982d1,lenta,https://lenta.ru/news/2026/02/13/otstranenie-ukraintsa-21-e-mesto-rossiyskoy-lyzhnitsy-pervyy-match-kanadskih-hokkeistov-kak-proshel-shestoy-den-olimpiady/,2026-02-13 00:00:00,"Отстранение украинца, россиянки без медалей и взрывной дебют канадских хоккеистов. Как прошел шестой день Олимпиады02:03, 13 февраля 2026Спорт",,,ru,RU
0cbfa01d1882,lenta,https://lenta.ru/news/2026/02/13/otkryt-novyy-sposob-omolozheniya-kletok-mozga/,2026-02-13 00:00:00,"Открыт новый способ омоложения клеток мозга02:01, 13 февраля 2026Наука и техника",,,ru,RU
45fd57a2ff0e,lenta,https://lenta.ru/news/2026/02/13/falshivaya-luna/,2026-02-13 00:00:00,"Раскрыта истинная причина уничтожения оригинальной записи высадки на Луну00:41, 13 февраля 2026Из жизни",,,ru,RU
f150963bcd8a,lenta,https://lenta.ru/news/2026/02/13/popytka-postavit-rekord-obernulas-pozorom-pered-vsem-sportzalom/,2026-02-13 00:00:00,"Попытка поставить рекорд обернулась позором перед всем спортзалом02:31, 13 февраля 2026Интернет и СМИ",,,ru,RU
82a13907837c,lenta,https://lenta.ru/news/2026/02/13/dmitriev-otsenil-glavy-britanskoy-gossluzhby-strochkoy-iz-queen/,2026-02-13 00:00:00,"Дмитриев оценил отставку главы британской госслужбы строчкой из Queen02:11, 13 февраля 2026Мир",,,ru,RU
32c5c02f6336,lenta,https://lenta.ru/news/2026/02/13/prohodyaschim-lechenie-ot-raka-lyudyam-raskryli-sposoby-sohranit-intimnuyu-zhizn/,2026-02-13 00:00:00,"Проходящим лечение от рака людям раскрыли способы сохранить интимную жизнь03:00, 13 февраля 2026Забота о себе",,,ru,RU
e4b3fc84d42d,lenta,https://lenta.ru/news/2026/02/12/ministr-oborony-ukrainy-priznal-mosch-ballisticheskih-raket-vs-rossii/,2026-02-13 00:00:00,"Министр обороны Украины признал мощь баллистических ракет ВС России00:21, 13 февраля 2026Бывший СССР",,,ru,RU
45a202adfb1e,lenta,https://lenta.ru/news/2026/02/13/deputat-rady-zhestko-raskritikoval-zelenskogo-za-slova-o-voyne/,2026-02-13 00:00:00,"Депутат Рады жестко раскритиковал Зеленского за слова о войне01:04, 13 февраля 2026Бывший СССР",,,ru,RU
ac713cf03f71,lenta,https://lenta.ru/news/2026/02/13/v-rossii-izmenyatsya-pravila-zaseleniya-v-gostinitsy/,2026-02-13 00:00:00,"В России изменятся правила заселения в гостиницы01:26, 13 февраля 2026Путешествия",,,ru,RU
fcd4dfc84489,lenta,https://lenta.ru/news/2026/02/13/v-krasnoyarskom-krae-vozbudili-novye-dela-protiv-pohischavshey-zhenschin-bandy/,2026-02-13 00:00:00,"В Красноярском крае возбудили новые дела против похищавшей женщин банды02:02, 13 февраля 2026Силовые структуры",,,ru,RU
bcafbfc5db9c,lenta,https://lenta.ru/news/2026/02/13/sudi-otmenili-dva-gola-sbornoy-ssha-v-vorota-latvii-na-olimpiade/,2026-02-13 00:00:00,"Судьи отменили два гола сборной США в ворота Латвии на Олимпиаде00:04, 13 февраля 2026Спорт",,,ru,RU
eaabfe712a5a,lenta,https://lenta.ru/news/2026/02/13/udary-geraney-po-tselyam-v-odesse-popali-na-video/,2026-02-13 00:00:00,"Удары «Гераней» по целям в Одессе попали на видео01:56, 13 февраля 2026Бывший СССР",,,ru,RU
ef3899de88c4,lenta,https://lenta.ru/news/2026/02/13/vrach-nazval-prichinu-gorkogo-vkusa-spermy/,2026-02-13 00:00:00,"Врач назвал причину горького вкуса спермы01:00, 13 февраля 2026Забота о себе",,,ru,RU
1e8e3e7f41c6,lenta,https://lenta.ru/news/2026/02/13/ukraina-ne-proigraet-zelenskiy-predpochel-voynu-plohomu-miru-no-zadumalsya-ob-otkaze-ot-chasti-dnr-kakie-usloviya-stavit-kiev/,2026-02-13 00:00:00,"«Украина не проиграет». Зеленский предпочел войну «плохому миру», но задумался об отказе от части ДНР. Какие условия ставит Киев?00:54, 13 февраля 2026Бывший СССР",,,ru,RU
b04468940113,lenta,https://lenta.ru/news/2026/02/13/zamuzhnyaya-uchitelnitsa-sdelala-abort-posle-seksa-so-shkolnikom/,2026-02-13 00:00:00,"Замужняя учительница сделала аборт после секса со школьником02:01, 13 февраля 2026Из жизни",,,ru,RU
e95ef13fb9f1,lenta,https://lenta.ru/tags/persons/durov-pavel/,2026-02-13 00:00:00,Павел Дуров,,,ru,RU
bc350d5e8390,lenta,https://lenta.ru/news/2026/02/13/stalo-izvestno-o-postradavshih-pri-atake-vsu-na-volgograd/,2026-02-13 00:00:00,"Стало известно о пострадавших при массированной атаке ВСУ на Волгоград02:55, 13 февраля 2026Россия",,,ru,RU
e423320b6ed9,lenta,https://lenta.ru/news/2026/02/13/stalo-izvestno-o-posledstviyah-ataki-vsu-na-volgograd/,2026-02-13 00:00:00,"Стало известно о последствиях атаки ВСУ на Волгоград01:36, 13 февраля 2026Россия",,,ru,RU
04baeca094b6,lenta,https://lenta.ru/news/2026/02/13/sbornaya-ssha-po-hokkeyu-razgromila-latviyu-v-startovom-matche-na-olimpiade-2026/,2026-02-13 00:00:00,"Сборная США по хоккею разгромила Латвию в стартовом матче на Олимпиаде-202601:42, 13 февраля 2026Спорт",,,ru,RU
baa9f13f472e,lenta,https://lenta.ru/news/2026/02/13/raskryta-prichina-bolshogo-chisla-starikov-v-ryadah-vsu/,2026-02-13 00:00:00,"Раскрыта причина большого числа стариков в рядах ВСУ00:24, 13 февраля 2026Бывший СССР",,,ru,RU
5aa5b0950003,lenta,https://lenta.ru/news/2026/02/13/ukrainu-upomyanuli-v-faylah-epshteyna-v-uzhasnom-kontekste/,2026-02-13 00:00:00,"Украину упомянули в файлах Эпштейна в ужасном контексте00:52, 13 февраля 2026Бывший СССР",,,ru,RU
60f39bbbd16f,lenta,https://lenta.ru/news/2026/02/14/nuke/,2026-02-14 00:00:00,"В США разгорелся скандал из-за жертв ядерных взрывов00:05, 14 февраля 2026Мир",,,ru,RU
913a6923878e,lenta,https://lenta.ru/news/2026/02/14/kazahstanskiy-figurist-vyigral-zoloto-olimpiady/,2026-02-14 00:00:00,"Казахстанский фигурист выиграл золото Олимпиады01:09, 14 февраля 2026Спорт",,,ru,RU
d51cca0846d5,lenta,https://lenta.ru/news/2026/02/14/magate-zapodozrili-v-pomoschi-rossii-pri-atakah-na-energosistemu-ukrainy/,2026-02-14 00:00:00,"МАГАТЭ заподозрили в помощи России при атаках на энергосистему Украины01:52, 14 февраля 2026Бывший СССР",,,ru,RU
8add1972cc46,lenta,https://lenta.ru/news/2026/02/14/na-ukraine-soobschili-ob-atake-geraney/,2026-02-14 00:00:00,"На Украине сообщили об атаке «Гераней»00:28, 14 февраля 2026Бывший СССР",,,ru,RU
3828c9401d14,lenta,https://lenta.ru/news/2026/02/14/gumennik-zanyal-mesto-na-olimpiade/,2026-02-14 00:00:00,"Гуменник занял шестое место на Олимпиаде01:00, 14 февраля 2026Спорт",,,ru,RU
fb5db00f0c19,lenta,https://lenta.ru/news/2026/02/14/nazvano-chislo-poprosivshih-ubezhische-v-rossii-ukraintsev/,2026-02-14 00:00:00,"Названо число попросивших убежище в России украинцев01:44, 14 февраля 2026Бывший СССР",,,ru,RU
add51bed0af2,lenta,https://lenta.ru/news/2026/02/14/stalo-izvestno-o-planah-trampa-udarit-po-yadernym-ob-ektam-irana/,2026-02-14 00:00:00,"Стало известно о планах Трампа ударить по ядерным объектам Ирана00:32, 14 февраля 2026Мир",,,ru,RU
b18324a9d8f2,lenta,https://lenta.ru/news/2026/02/14/stalo-izvestno-o-posledstviyah-ssory-orbana-i-zelenskogo-dlya-ukrainy/,2026-02-14 00:00:00,"Стало известно о последствиях ссоры Орбана и Зеленского для Украины02:25, 14 февраля 2026Интернет и СМИ",,,ru,RU
1526a801dccd,lenta,https://lenta.ru/news/2026/02/14/stalo-izvestno-o-podryve/,2026-02-14 00:00:00,"Стало известно о подрыве доверия Евросоюза к США02:09, 14 февраля 2026Мир",,,ru,RU
a94cae403d8a,lenta,https://lenta.ru/news/2026/02/14/tramp-nazval-smenu-vlasti-v-irane-luchshim-ishodom-dlya-ssha/,2026-02-14 00:00:00,"Трамп назвал смену власти в Иране лучшим исходом для США02:20, 14 февраля 2026Мир",,,ru,RU
f4f1c63b9d55,lenta,https://lenta.ru/news/2026/02/14/sotrudnik-ttsk-primenil-gazovyy-ballonchik-pri-popytke-mobilizatsii/,2026-02-14 00:00:00,"Сотрудник ТЦК применил газовый баллончик при попытке мобилизации01:03, 14 февраля 2026Бывший СССР",,,ru,RU
cced22889244,lenta,https://lenta.ru/news/2026/02/14/roy/,2026-02-14 00:00:00,"Биограф Сталина и Путина. Чем известен диссидент Рой Медведев, доживший до 100 лет и писавший о вождях?00:00, 14 февраля 2026Россия",,,ru,RU
d566ed2ca1ef,lenta,https://lenta.ru/news/2026/02/14/gumennik-i-korostelev-ostalis-bez-medaley-a-italyanka-vystupit-s-polozhitelnoy-doping-proboy-kak-proshel-sedmoy-den-olimpiady/,2026-02-14 00:00:00,"Гуменник и Коростелев остались без медалей, а итальянка выступит с положительной допинг-пробой. Как прошел седьмой день Олимпиады01:39, 14 февраля 2026Спорт",,,ru,RU
dee670195a18,lenta,https://lenta.ru/news/2026/02/14/tarasova-nazvala-postavivshih-nizkie-otsenki-gumenniku/,2026-02-14 00:00:00,"Тарасова назвала безобразием низкие оценки Гуменника01:28, 14 февраля 2026Спорт",,,ru,RU
129fd161aafe,lenta,https://lenta.ru/news/2026/02/14/dmitriev/,2026-02-14 00:00:00,"Дмитриев объяснил смену подхода Европы к урегулированию на Украине00:39, 14 февраля 2026Россия",,,ru,RU
bb844a705020,lenta,https://lenta.ru/tags/persons/bayden-dzhozef/,2026-02-14 00:00:00,Джо Байден,,,ru,RU
cf63dd9677c0,lenta,https://lenta.ru/news/2026/02/14/uitaker/,2026-02-14 00:00:00,"Американский постпред заявил о победах России на Украине01:44, 14 февраля 2026Мир",,,ru,RU
6e5835476f6f,lenta,https://lenta.ru/news/2026/02/14/zelenski/,2026-02-14 00:00:00,"Зеленский рассказал о сигналах от США идти на компромиссы00:08, 14 февраля 2026Бывший СССР",,,ru,RU
29e1fc2a040d,lenta,https://lenta.ru/news/2026/02/14/ukrainskiy-ministr-obvinil-bezhentsev-i-pensionerov-v-otsutstvii-polozhennyh-im-vyplat/,2026-02-14 00:00:00,"Украинский министр обвинил беженцев и пенсионеров в отсутствии положенных им выплат02:12, 14 февраля 2026Бывший СССР",,,ru,RU
63fb704f7551,lenta,https://lenta.ru/news/2026/02/14/usa/,2026-02-14 00:00:00,"В США заявили о превосходстве российской армии над украинской02:11, 14 февраля 2026Мир",,,ru,RU
fddcb44715ec,lenta,https://lenta.ru/news/2026/02/13/ukrainskiy-voennyy-prigrozil-zahvatit-pridnestrovie-i-vengriyu-dvumya-brigadami-vsu/,2026-02-14 00:00:00,"Украинский военный пригрозил захватить Приднестровье и Венгрию двумя бригадами ВСУ01:06, 14 февраля 2026Бывший СССР",,,ru,RU
08ff1cd58aa8,lenta,https://lenta.ru/news/2026/02/14/v-rossii-otsenili/,2026-02-14 00:00:00,"В России оценили отмену Рубио встречи с главами ЕС00:27, 14 февраля 2026Россия",,,ru,RU
0e10d73fad6e,lenta,https://lenta.ru/news/2026/02/14/voenbloger-soobschil-o-prilete-v-kramatorske/,2026-02-14 00:00:00,"Военблогер сообщил о прилете в Краматорске00:05, 14 февраля 2026Бывший СССР",,,ru,RU
76baaa3d44dc,lenta,https://lenta.ru/news/2026/02/14/v-chehii-zayavili-o-neobhodimosti-vstryaski-dlya-evropy/,2026-02-14 00:00:00,"Президент Чехии заявил о необходимости встряски для Европы01:19, 14 февраля 2026Мир",,,ru,RU
a0490902541e,lenta,https://lenta.ru/news/2026/02/14/zaharova-rezko-vyskazalas-o-temah-na-myunhenskoy-konferentsii-posle-ataki-na-belgorod/,2026-02-14 00:00:00,"Захарова резко высказалась о темах на Мюнхенской конференции после атаки на Белгород01:15, 14 февраля 2026Мир",,,ru,RU
baaae7e28fa8,lenta,https://lenta.ru/news/2026/02/14/zelenskiy-nazval-glavnyy-kompromiss-ukrainy-v-uregulirovanii-konflikta/,2026-02-14 00:00:00,"Зеленский назвал главный компромисс Украины в урегулировании конфликта01:56, 14 февраля 2026Бывший СССР",,,ru,RU
b58cf8147dd9,lenta,https://lenta.ru/tags/persons/tarasova-evgeniya/,2026-02-14 00:00:00,Евгении Тарасовой,,,ru,RU
e12a3f60978f,lenta,https://lenta.ru/news/2026/02/14/ukrainets/,2026-02-14 00:00:00,"Украинец умер во время задержания полицией01:49, 14 февраля 2026Бывший СССР",,,ru,RU
49136ae7eae1,lenta,https://lenta.ru/news/2026/02/14/ukr/,2026-02-14 00:00:00,"Стало известно о достижении понимания по прекращению огня на Украине02:35, 14 февраля 2026Мир",,,ru,RU
067b9ff758b0,lenta,https://lenta.ru/news/2026/02/14/trumpp/,2026-02-14 00:00:00,"В США заявили о готовности Трампа сделать все для мира на Украине01:27, 14 февраля 2026Мир",,,ru,RU
48e017fbfd16,lenta,https://lenta.ru/news/2026/02/14/vvz/,2026-02-14 00:00:00,"Одесский бандит Мишка Япончик стал первым вором в законе. Почему он примкнул к большевикам и чем это для него закончилось?00:00, 14 февраля 2026Силовые структуры",,,ru,RU
da007748da73,lenta,https://lenta.ru/news/2026/02/15/fitso-otsenil-popytki-oslabit-rossiyu-cherez-konflikt-na-ukraine/,2026-02-15 00:00:00,"В ЕС высказались о попытках ослабить Россию03:03, 15 февраля 2026Мир",,,ru,RU
635266ccc939,lenta,https://lenta.ru/news/2026/02/15/19-letnyaya-devushka-ne-vyzhila-posle-padeniya-sosulki-v-rossiyskom-gorode/,2026-02-15 00:00:00,"19-летняя девушка не выжила после падения сосульки в российском городе03:12, 15 февраля 2026Россия",,,ru,RU
da14f4fb0db1,lenta,https://lenta.ru/news/2026/02/15/bez-sna/,2026-02-15 00:00:00,"Мужчина с загадочной бессонницей заявил, что не спал два года. Он сменил более 50 врачей, а потом исчез00:01, 15 февраля 2026Забота о себе",,,ru,RU
15784658ea20,lenta,https://lenta.ru/news/2026/02/15/eks-analitik-tsru-raskryl-otnoshenie-zapada-k-ukraine/,2026-02-15 00:00:00,"Экс-аналитик ЦРУ раскрыл отношение Запада к Украине02:33, 15 февраля 2026Мир",,,ru,RU
dcd4ee2f3bbd,lenta,https://lenta.ru/news/2026/02/15/eks-premier-ukrainy-podvel-itogi-peregovorov-rossii-i-ssha/,2026-02-15 00:00:00,"Экс-премьер Украины подвел итоги переговоров России и США00:44, 15 февраля 2026Мир",,,ru,RU
03fbbecd4afa,lenta,https://lenta.ru/news/2026/02/15/na-ukraine-priznali-udruchayuschuyu-situatsiyu-s-ukrainskoy-energetikoy/,2026-02-15 00:00:00,"Экс-министр Украины высказался об удручающей ситуации с энергетикой01:22, 15 февраля 2026Бывший СССР",,,ru,RU
06838b228f4e,lenta,https://lenta.ru/news/2026/02/15/rubio-prokommentiroval-vstrechu-s-zelenskim/,2026-02-15 00:00:00,"Рубио прокомментировал встречу с Зеленским03:14, 15 февраля 2026Мир",,,ru,RU
197756a1ee27,lenta,https://lenta.ru/news/2026/02/15/obnovlennye-su-57-sravnili-s-drugimi-istrebitelyami-pyatogo-pokoleniya/,2026-02-15 00:00:00,"Обновленные Су-57 сравнили с другими истребителями пятого поколения00:35, 15 февраля 2026Наука и техника",,,ru,RU
47cb18b29348,lenta,https://lenta.ru/news/2026/02/15/on-slovno-soobschil-reporteru-chto-raskusil-ego-ulovku-v-kitae-rasskazali-o-triumfalnom-otvete-putina-na-provokatsiyu-zhurnalista/,2026-02-15 00:00:00,"«Он словно сообщил репортеру, что раскусил его уловку». В Китае рассказали о триумфальном ответе Путина на провокацию журналиста02:15, 15 февраля 2026Интернет и СМИ",,,ru,RU
5272464de65a,lenta,https://lenta.ru/news/2026/02/15/para-iz-britanii-ustanovila-rekord-po-kolichestvu-potseluev-v-minutu/,2026-02-15 00:00:00,"Пара из Британии установила рекорд по количеству поцелуев в минуту02:17, 15 февраля 2026Из жизни",,,ru,RU
5c846e6aa003,lenta,https://lenta.ru/news/2026/02/15/po-odesse-nanesen-massirovannyy-udar/,2026-02-15 00:00:00,"По Одессе нанесен массированный удар03:33, 15 февраля 2026Бывший СССР",,,ru,RU
f9312a69d624,lenta,https://lenta.ru/news/2026/02/15/evropeytsam-nazvali-posledstviya-resheniya-brosit-vyzov-ssha/,2026-02-15 00:00:00,"Европейцам назвали последствия решения бросить вызов США00:27, 15 февраля 2026Мир",,,ru,RU
66341c75232b,lenta,https://lenta.ru/news/2026/02/15/na-ukraine-rasskazali-o-poyavivsheysya-u-rossii-alternative-starlink/,2026-02-15 00:00:00,"На Украине рассказали о появившейся у России альтернативе Starlink02:15, 15 февраля 2026Наука и техника",,,ru,RU
c6127e20fc36,lenta,https://lenta.ru/news/2026/02/14/rossiya-bez-medaley-braziliya-s-zolotom-v-gornyh-lyzhah-a-v-olimpiyskoy-derevne-konchilis-prezervativy-kak-proshel-vosmoy-den-igr/,2026-02-15 00:00:00,"Россия без медалей, Бразилия с золотом в горных лыжах, а в олимпийской деревне кончились презервативы. Как прошел восьмой день Игр00:13, 15 февраля 2026Спорт",,,ru,RU
0d09d271b532,lenta,https://lenta.ru/news/2026/02/15/dmitriev-obratilsya-k-drugim-stranam-s-prizyvom-iz-za-ugrozy-tretiey-mirovoy-voyny/,2026-02-15 00:00:00,"Дмитриев обратился к другим странам с призывом из-за угрозы третьей мировой войны01:59, 15 февраля 2026Россия",,,ru,RU
fee2a4238c61,lenta,https://lenta.ru/news/2026/02/15/poyavilis-podrobnosti-o-sostoyanii-perenesshey-strashnoe-padenie-na-olimpiade-amerikanki/,2026-02-15 00:00:00,"Появились подробности о состоянии перенесшей страшное падение на Олимпиаде американки00:30, 15 февраля 2026Спорт",,,ru,RU
3f185a173425,lenta,https://lenta.ru/news/2026/02/15/v-evrope-ispugalis-odnogo-resheniya-ssha-v-otnoshenii-rossii/,2026-02-15 00:00:00,"В Европе испугались одного решения США в отношении России01:48, 15 февраля 2026Мир",,,ru,RU
8ceca33ae2d9,lenta,https://lenta.ru/news/2026/02/15/v-evrope-nazvali-istinnuyu-tsel-rossiyskoy-ugrozy/,2026-02-15 00:00:00,"В Европе назвали истинную цель «российской угрозы»01:24, 15 февраля 2026Мир",,,ru,RU
5d69214f9231,lenta,https://lenta.ru/news/2026/02/15/v-germanii-raskryli-podrobnosti-peregovorov-s-zelenskim-v-myunhene/,2026-02-15 00:00:00,"В Германии раскрыли итог переговоров о финансировании Украины в Мюнхене02:58, 15 февраля 2026Мир",,,ru,RU
16958fda2a9d,lenta,https://lenta.ru/news/2026/02/15/v-kitae-rasskazali-o-triumfalnom-otvete-putina-na-provokatsiyu-zhurnalista/,2026-02-15 00:00:00,"В Китае рассказали о триумфальном ответе Путина на провокацию журналиста00:07, 15 февраля 2026Интернет и СМИ",,,ru,RU
02e99e8d5c22,lenta,https://lenta.ru/news/2026/02/15/v-mid-rossii-nazvali-evrobyurokratov-absolyutno-nedogovorosposobnymi/,2026-02-15 00:00:00,"В МИД России назвали евробюрократов абсолютно недоговороспособными03:00, 15 февраля 2026Мир",,,ru,RU
221d4aada749,lenta,https://lenta.ru/news/2026/02/15/v-rade-uzhasnulis-povedeniyu-zelenskogo-v-myunhene/,2026-02-15 00:00:00,"В Раде ужаснулись поведению Зеленского в Мюнхене01:28, 15 февраля 2026Бывший СССР",,,ru,RU
a7eab2705ec9,lenta,https://lenta.ru/news/2026/02/15/v-rossii-ob-yasnili-zhelanie-zelenskogo-otbit-vazhnyy-gorod/,2026-02-15 00:00:00,"В России объяснили желание Зеленского отбить важный город00:18, 15 февраля 2026Бывший СССР",,,ru,RU
d717985dc4f1,lenta,https://lenta.ru/news/2026/02/15/v-evroparlamente-nazvali-tsinichnoy-ideyu-provedeniya-vyborov-na-ukraine/,2026-02-15 00:00:00,"В Европарламенте назвали циничной идею проведения выборов на Украине03:50, 15 февраля 2026Мир",,,ru,RU
6eba21fc5f99,lenta,https://lenta.ru/news/2026/02/15/vasserman-nazval-vygodopoluchateley-ot-prodolzheniya-konflikta-na-ukraine/,2026-02-15 00:00:00,"Вассерман назвал выгодополучателей от продолжения конфликта на Украине01:02, 15 февраля 2026Россия",,,ru,RU
1a4fa885ac7b,lenta,https://lenta.ru/news/2026/02/14/opisany-dva-stsenariya-raspada-evrosoyuza/,2026-02-15 00:00:00,"Описаны два сценария распада Евросоюза00:15, 15 февраля 2026Мир",,,ru,RU
78da2bc7b89f,lenta,https://lenta.ru/news/2026/02/15/v-rossii-zayavili-ob-otsutstvii-u-evropy-dovodov-v-polzu-uchastiya-v-peregovorah-po-ukraine/,2026-02-15 00:00:00,"В России заявили об отсутствии у Европы доводов в пользу участия в переговорах по Украине02:46, 15 февраля 2026Россия",,,ru,RU
9549ff25e452,lenta,https://lenta.ru/news/2026/02/15/v-dvuh-rossiyskih-gorodah-progremeli-moschnye-vzryvy/,2026-02-15 00:00:00,"В российском городе прогремели мощные взрывы00:36, 15 февраля 2026Россия",,,ru,RU
86673bea50cb,lenta,https://lenta.ru/news/2026/02/15/v-rossii-ukazali-na-mahinatsii-zelenskogo-s-vyborami-na-ukraine/,2026-02-15 00:00:00,"В России заявили о махинациях Зеленского с выборами00:25, 15 февраля 2026Мир",,,ru,RU
cc542d630a21,lenta,https://lenta.ru/news/2026/02/16/devyatyy-den-igr/,2026-02-16 00:00:00,"Золотая серия норвежца Клебо, 10 шайб сборной Канады и новый олимпийский рекорд в конькобежном спорте. Как прошел девятый день Игр02:21, 16 февраля 2026Спорт",,,ru,RU
fd3647f22cac,lenta,https://lenta.ru/news/2026/02/16/dmitriev-ukazal-na/,2026-02-16 00:00:00,"Дмитриев уличил Запад в игнорировании коррупции на Украине00:06, 16 февраля 2026Мир",,,ru,RU
567ebb9c326f,lenta,https://lenta.ru/news/2026/02/16/dve-strany-evrosoyuza-do-rekordov-narastili-eksport-vina-v-rossiyu/,2026-02-16 00:00:00,"Две страны Евросоюза до рекордов нарастили экспорт вина в Россию02:49, 16 февраля 2026Экономика",,,ru,RU
5bd4c672d763,lenta,https://lenta.ru/news/2026/02/16/29-letnyaya-devstvennitsa-perechislila-naibolee-chasto-zadavaemye-ey-voprosy/,2026-02-16 00:00:00,"29-летняя девственница перечислила наиболее часто задаваемые ей вопросы01:02, 16 февраля 2026Забота о себе",,,ru,RU
64e1b1a6d67b,lenta,https://lenta.ru/news/2026/02/16/hidden-copy/,2026-02-16 00:00:00,"В Windows нашли скрытый инструмент02:01, 16 февраля 2026Наука и техника",,,ru,RU
ebdce2b0283f,lenta,https://lenta.ru/news/2026/02/16/guthrie/,2026-02-16 00:00:00,"«Господи, мы ждем чуда». Миллионы людей потрясло похищение 84-летней матери известной телеведущей. Что об этом известно?00:01, 16 февраля 2026Интернет и СМИ",,,ru,RU
3583c636887e,lenta,https://lenta.ru/news/2026/02/16/opublikovan-spisok-iz-300-vliyatelnyh-figur-iz-faylov-epshteyna/,2026-02-16 00:00:00,"Опубликован список из 300 влиятельных фигур из файлов Эпштейна00:33, 16 февраля 2026Мир",,,ru,RU
fca1e731fdeb,lenta,https://lenta.ru/news/2026/02/16/raskryta-neochevidnaya-polza-seksa-dlya-organizma/,2026-02-16 00:00:00,"Раскрыта неочевидная польза секса для организма00:16, 16 февраля 2026Наука и техника",,,ru,RU
6fa40e40be66,lenta,https://lenta.ru/news/2026/02/16/rossiyanam-napomnili-o-korotkoy-nedele/,2026-02-16 00:00:00,"Россиянам напомнили о короткой неделе01:59, 16 февраля 2026Россия",,,ru,RU
e9405766c92b,lenta,https://lenta.ru/news/2026/02/16/norvezhskih-lyzhnikov-nakazali-za-narushenie-pravil-na-olimpiade/,2026-02-16 00:00:00,"Норвежских лыжников наказали за нарушение правил на Олимпиаде00:34, 16 февраля 2026Спорт",,,ru,RU
bd0f147fb9fd,lenta,https://lenta.ru/news/2026/02/16/na-zapade-razoblachili-zagovor-protiv-rossii/,2026-02-16 00:00:00,"На Западе разоблачили заговор против России01:58, 16 февраля 2026Мир",,,ru,RU
2eefed5affc6,lenta,https://lenta.ru/news/2026/02/15/v-rossii-ukazali-na-manipulyatsii-evrosoyuza/,2026-02-16 00:00:00,"В России оценили роль Орбана в раскрытии манипуляций Евросоюза00:17, 16 февраля 2026Россия",,,ru,RU
ac70aa4d421f,lenta,https://lenta.ru/news/2026/02/16/raskryty-podrobnosti-o-perelete-delegatsii-rossii-na-peregovory-po-ukraine-v-zheneve/,2026-02-16 00:00:00,"Раскрыты подробности о перелете делегации России на переговоры по Украине в Женеве00:14, 16 февраля 2026Мир",,,ru,RU
c2d83f3ab917,lenta,https://lenta.ru/news/2026/02/15/ukrainets-zastrelil-svoih-detey-i-pokonchil-s-soboy/,2026-02-16 00:00:00,"Украинец застрелил своих детей и покончил с собой00:21, 16 февраля 2026Бывший СССР",,,ru,RU
986ec713d335,lenta,https://lenta.ru/news/2026/02/16/oderzhimaya-plastikoy-telezvezda-popala-v-ob-ektiv-paparatstsi-v-poluobnazhennom-vide/,2026-02-16 00:00:00,"Одержимая пластикой телезвезда попала в объектив папарацци в полуобнаженном виде01:02, 16 февраля 2026Ценности",,,ru,RU
dc134b89d24e,lenta,https://lenta.ru/news/2026/02/15/deripaska-raskryl-realnuyu-ugrozu/,2026-02-16 00:00:00,"Раскрыта реальная угроза для Европы00:25, 16 февраля 2026Россия",,,ru,RU
19413fa42863,lenta,https://lenta.ru/news/2026/02/16/strana-evrosoyuza-zayavila-o-gotovnosti-vozobnovleniya-pryamogo-aviasoobscheniya-s-rossiey/,2026-02-16 00:00:00,"Страна Евросоюза заявила о готовности возобновления прямого авиасообщения с Россией01:22, 16 февраля 2026Путешествия",,,ru,RU
727449c35d58,lenta,https://lenta.ru/news/2026/02/16/u-izvestnoy-yumoristki-nashli-rak-legkih/,2026-02-16 00:00:00,"У известной юмористки нашли рак легких02:32, 16 февраля 2026Интернет и СМИ",,,ru,RU
7ad29e4c98c0,lenta,https://lenta.ru/news/2026/02/16/ukrainets-vybezhal-na-led-i-provalilsya-v-vodu-pri-pobege-ot-sotrudnikov-ttsk/,2026-02-16 00:00:00,"Украинец выбежал на лед и провалился в воду при побеге от сотрудников ТЦК02:18, 16 февраля 2026Бывший СССР",,,ru,RU
d5a1eaeef57f,lenta,https://lenta.ru/news/2026/02/16/v-evrope-zadumalis-ob-usilenii-yadernyh-sil-velikobritanii-i-frantsii/,2026-02-16 00:00:00,"В Европе задумались об усилении ядерных сил01:30, 16 февраля 2026Мир",,,ru,RU
acd9ca7f28ca,lenta,https://lenta.ru/news/2026/02/16/v-italii-obrushilas-izvestnaya-arka-vlyublennyh-v-noch-na-den-svyatogo-valentina/,2026-02-16 00:00:00,"В Италии обрушилась известная «Арка влюбленных» в ночь на День святого Валентина01:55, 16 февраля 2026Путешествия",,,ru,RU
f0ff79e14bdf,lenta,https://lenta.ru/news/2026/02/16/v-more-obnaruzhili-fundament-odnogo-iz-uteryannyh-semi-chudes-sveta/,2026-02-16 00:00:00,"В море обнаружили фундамент одного из утерянных семи чудес света00:31, 16 февраля 2026Из жизни",,,ru,RU
f8ee5b0306c2,lenta,https://lenta.ru/news/2026/02/15/sbornaya-danii-po-hokkeyu-obygrala-latviyu-na-olimpiade/,2026-02-16 00:00:00,"Сборная Дании по хоккею обыграла Латвию на Олимпиаде00:08, 16 февраля 2026Спорт",,,ru,RU
b784db9af1ba,lenta,https://lenta.ru/news/2026/02/16/vsu-bolee-12-chasov-atakovali-bryanskuyu-oblast-170-dronami-rossiyskiy-region-chastichno-ostalsya-bez-sveta-i-tepla/,2026-02-16 00:00:00,"ВСУ более 12 часов атаковали Брянскую область 170 дронами. Российский регион частично остался без света и тепла01:00, 16 февраля 2026Россия",,,ru,RU
674d59d1325f,lenta,https://lenta.ru/news/2026/02/16/sotrudnitse-tyurmy-vynesen-prigovor-za-roman-s-zaklyuchennym-i-seksualnuyu-perepisku/,2026-02-16 00:00:00,"Сотрудницу тюрьмы отправят за решетку за роман и сексуальную переписку с убийцей02:01, 16 февраля 2026Из жизни",,,ru,RU
809fd8e1dee2,lenta,https://lenta.ru/news/2026/02/16/zelenskogo-nazvali-agressivnym-pyanitsey-posle-ego-slov-o-rossiyanah/,2026-02-16 00:00:00,"Зеленского назвали агрессивным пьяницей после его слов о россиянах00:57, 16 февраля 2026Россия",,,ru,RU
c712d689762b,lenta,https://lenta.ru/news/2026/02/16/sbornaya-ssha-po-hokkeyu-razgromila-nemtsev-na-olimpiade/,2026-02-16 00:00:00,"Сборная США по хоккею разгромила немцев на Олимпиаде01:53, 16 февраля 2026Спорт",,,ru,RU
0cf11ad1ce12,lenta,https://lenta.ru/news/2026/02/16/rossiyskaya-aviakompaniya-zaderzhala-passazhirov-reysa-saratov-moskva-na-vsyu-noch/,2026-02-16 00:00:00,"Российская авиакомпания задержала пассажиров на всю ночь02:15, 16 февраля 2026Путешествия",,,ru,RU
81cbe53610cc,lenta,https://lenta.ru/news/2026/02/16/rossiyanam-rasskazali-o-regionah-s-zarplatoy-vyshe-100-tysyach-rubley/,2026-02-16 00:00:00,"Россиянам рассказали о регионах с зарплатой выше 100 тысяч рублей02:41, 16 февраля 2026Экономика",,,ru,RU
d68bbfa3c547,lenta,https://lenta.ru/news/2026/02/16/v-ssha-zayavili-o-raspade-ukrainy/,2026-02-16 00:00:00,"В США заявили о распаде Украины01:52, 16 февраля 2026Мир",,,ru,RU
14e79a0318a5,lenta,https://lenta.ru/news/2026/02/17/genf/,2026-02-17 00:00:00,"«Конфликт входит в завершающую стадию». Переговоры по Украине впервые пройдут в Европе. Чего от них ждать и почему выбрали Женеву?00:01, 17 февраля 2026Мир",,,ru,RU
183b9e4a0a8d,lenta,https://lenta.ru/news/2026/02/17/karasin/,2026-02-17 00:00:00,"Карасин призвал на переговорах в Женеве выработать дорожную карту00:39, 17 февраля 2026Россия",,,ru,RU
5701028edd93,lenta,https://lenta.ru/news/2026/02/17/muti/,2026-02-17 00:00:00,"Пожилая женщина поехала в отпуск и загадочно исчезла. Ее могли убить и расчленить ради колдовского ритуала00:01, 17 февраля 2026Путешествия",,,ru,RU
404ab672ce73,lenta,https://lenta.ru/news/2026/02/17/na-zapade-poprosili-iskusstvennyy-intellekt-razrabotat-mirnyy-plan-po-ukraine/,2026-02-17 00:00:00,"На Западе попросили искусственный интеллект разработать мирный план по Украине00:13, 17 февраля 2026Интернет и СМИ",,,ru,RU
061821e064e6,lenta,https://lenta.ru/news/2026/02/17/hokkeista-sbornoy-frantsii-otstranili-do-kontsa-olimpiady/,2026-02-17 00:00:00,"Хоккеиста сборной Франции отстранили до конца Олимпиады00:37, 17 февраля 2026Спорт",,,ru,RU
c483f2463f99,lenta,https://lenta.ru/news/2026/02/17/param-podskazali-tri-sposoba-zanovo-razzhech-strast/,2026-02-17 00:00:00,"Парам подсказали три способа заново разжечь страсть01:00, 17 февраля 2026Забота о себе",,,ru,RU
0cab686b7428,lenta,https://lenta.ru/news/2026/02/17/rossiyskiy-shturmovik-spas-ranenyh-sosluzhivtsev-v-zone-svo/,2026-02-17 00:00:00,"Российский штурмовик спас раненых сослуживцев в зоне СВО00:48, 17 февраля 2026Россия",,,ru,RU
4a7cb2403430,lenta,https://lenta.ru/news/2026/02/17/samolet-spetsialnogo-otryada-rossiya-vyletel-v-zhenevu/,2026-02-17 00:00:00,"Самолет специального отряда «Россия» вылетел в Женеву00:10, 17 февраля 2026Путешествия",,,ru,RU
cd6af6c61200,lenta,https://lenta.ru/news/2026/02/17/tsirkon/,2026-02-17 00:00:00,"Военный блогер сообщил об ударе «Цирконами» по станции в Киевской области02:14, 17 февраля 2026Бывший СССР",,,ru,RU
9a84277eec97,lenta,https://lenta.ru/news/2026/02/17/populyarnaya-televeduschaya-poradovala-fanatov-polugolym-foto-v-chest-55-letiya/,2026-02-17 00:00:00,"Популярная телеведущая порадовала фанатов полуголым фото в честь 55-летия01:15, 17 февраля 2026Ценности",,,ru,RU
55db290c453f,lenta,https://lenta.ru/news/2026/02/17/petrosyan-nastroena-na-medal-norvezhets-ushel-s-trassy-v-les-i-dosadnoe-padenie-rossiyskoy-konkobezhki-kak-proshel-desyatyy-den-igr/,2026-02-17 00:00:00,"Петросян настроена на медаль, норвежец ушел с трассы в лес, а российская конькобежка вновь упала. Как прошел десятый день Игр01:23, 17 февраля 2026Спорт",,,ru,RU
f4ab3dba962f,lenta,https://lenta.ru/news/2026/02/17/dmitriev/,2026-02-17 00:00:00,"Дмитриев объяснил интерес Клинтон к теме Украины00:14, 17 февраля 2026Россия",,,ru,RU
f974388dc179,lenta,https://lenta.ru/news/2026/02/17/neudachnuyu-popytku-boytsa-vsu-sbit-rossiyskiy-dron-snyali-na-video/,2026-02-17 00:00:00,"Неудачную попытку бойца ВСУ сбить российский дрон сняли на видео01:21, 17 февраля 2026Бывший СССР",,,ru,RU
46b817eb1e70,lenta,https://lenta.ru/news/2026/02/17/posoll/,2026-02-17 00:00:00,"Российский посол высказался о планах Британии укрепить ядерный потенциал01:13, 17 февраля 2026Мир",,,ru,RU
2c136e4f8498,lenta,https://lenta.ru/news/2026/02/17/v-kieve-prizvali-seriezno-otnestis-k-istoricheskim-lektsiyam-rossii/,2026-02-17 00:00:00,"В Киеве призвали серьезно отнестись к «историческим лекциям» России02:00, 17 февраля 2026Бывший СССР",,,ru,RU
81070cbab0be,lenta,https://lenta.ru/news/2026/02/17/v-indii-prizvali-zapad-izmenit-otnoshenie-k-rossii/,2026-02-17 00:00:00,"В Индии призвали Запад изменить отношение к России00:31, 17 февраля 2026Мир",,,ru,RU
4059c73a8d7f,lenta,https://lenta.ru/news/2026/02/17/bespilotniki-vsu-atakovali-sevastopol/,2026-02-17 00:00:00,"Беспилотники ВСУ атаковали Севастополь00:49, 17 февраля 2026Россия",,,ru,RU
010890090c05,lenta,https://lenta.ru/news/2026/02/17/zapad/,2026-02-17 00:00:00,"В Германии высказались о шатком положении Зеленского перед переговорами01:40, 17 февраля 2026Мир",,,ru,RU
8b18d759c82f,lenta,https://lenta.ru/news/2026/02/17/v-ssha-ob-yasnili-perebrosku-rossiyskkih-su-57-na-granitsu-s-kitaem/,2026-02-17 00:00:00,"В США объяснили переброску российских Су-57 на границу с Китаем02:00, 17 февраля 2026Наука и техника",,,ru,RU
7194e7304f2e,lenta,https://lenta.ru/news/2026/02/17/v-ssha-predosteregli-strany-nato-ot-provokatsiy-protiv-rossii/,2026-02-17 00:00:00,"В США предостерегли страны НАТО от провокаций против России01:33, 17 февраля 2026Мир",,,ru,RU
602b9088d37d,lenta,https://lenta.ru/news/2026/02/17/vsu-predrekli-povtorenie-sobytiy-v-serebryanskom-lesnichestve/,2026-02-17 00:00:00,"ВСУ предрекли повторение событий в Серебрянском лесничестве01:46, 17 февраля 2026Бывший СССР",,,ru,RU
7912cf8da95b,lenta,https://lenta.ru/news/2026/02/17/yaponskie-figuristy-vyigrali-parnye-sorevnovaniya-na-olimpiade-s-mirovym-rekordom/,2026-02-17 00:00:00,"Японские фигуристы выиграли парные соревнования на Олимпиаде с мировым рекордом01:21, 17 февраля 2026Спорт",,,ru,RU
e3e3d4c78ff4,lenta,https://lenta.ru/news/2026/02/17/v-ukrainskom-gorode-chastichno-propalo-elektrichestvo-posle-udara-drona/,2026-02-17 00:00:00,"В украинском городе частично пропало электричество после удара дрона00:54, 17 февраля 2026Бывший СССР",,,ru,RU
0bc0afaeccd6,lenta,https://lenta.ru/news/2026/02/17/zelenskogo-nazvali-moralno-nizkim-chelovekom-posle-maternogo-vyskazyvaniya-o-rossiyanah/,2026-02-17 00:00:00,"Зеленского назвали морально низким человеком после матерного высказывания о россиянах00:06, 17 февраля 2026Россия",,,ru,RU
6ac85a96c112,lenta,https://lenta.ru/news/2026/02/17/v-rossii-nauchilis-obnaruzhivat-rannie-skrytye-povrezhdeniya-serdtsa/,2026-02-17 00:00:00,"В России научились обнаруживать ранние скрытые повреждения сердца00:30, 17 февраля 2026Наука и техника",,,ru,RU
8ca649360211,lenta,https://lenta.ru/tags/organizations/vooruzhennye-sily-rf/,2026-02-17 00:00:00,Российские вооруженные силы,,,ru,RU
29aac2515559,lenta,https://lenta.ru/news/2026/02/17/zhenschina-perezhila-24-minutnuyu-klinicheskuyu-smert-i-polnostyu-izmenilas/,2026-02-17 00:00:00,"Женщина пережила 24-минутную клиническую смерть и полностью изменилась00:30, 17 февраля 2026Из жизни",,,ru,RU
4720927cedb6,lenta,https://lenta.ru/news/2026/02/17/v-norvegii-prizvali-k-protestu-iz-za-mnogomilliardnoy-pomoschi-ukraine/,2026-02-17 00:00:00,"В Норвегии призвали к протесту из-за многомиллиардной помощи Украине01:24, 17 февраля 2026Мир",,,ru,RU
303f060622e3,lenta,https://lenta.ru/news/2026/02/17/zagadochnye-ogni-v-nebe-napugali-zhiteley-odnoy-strany/,2026-02-17 00:00:00,"Загадочные огни в небе напугали жителей одной страны02:00, 17 февраля 2026Из жизни",,,ru,RU
45d6ace5f87a,lenta,https://lenta.ru/news/2026/02/18/petrosyan-zanyala-pyatoe-mesto-po-itogam-korotkoy-programmy-na-olimpiade/,2026-02-18 00:00:00,"Петросян заняла пятое место по итогам короткой программы на Олимпиаде01:01, 18 февраля 2026Спорт",,,ru,RU
57f728ee4f62,lenta,https://lenta.ru/news/2026/02/18/muzhchina-sluchayno-vybrosil-v-musor-20-zolotyh-slitkov/,2026-02-18 00:00:00,"Мужчина случайно выбросил в мусор 20 золотых слитков00:35, 18 февраля 2026Из жизни",,,ru,RU
a584bd2ec2c8,lenta,https://lenta.ru/news/2026/02/18/na-ukraine-ispugalis-kapitulyatsii-iz-za-trampa/,2026-02-18 00:00:00,"На Украине испугались «капитуляции» из-за Трампа00:55, 18 февраля 2026Мир",,,ru,RU
a1b701f3c8a8,lenta,https://lenta.ru/news/2026/02/18/nazvano-uslovie-dlya-kontrnastupleniya-vsu/,2026-02-18 00:00:00,"Названо условие для контрнаступления ВСУ00:56, 18 февраля 2026Бывший СССР",,,ru,RU
820f89a7d96d,lenta,https://lenta.ru/news/2026/02/18/migrant-oskorbitelno-vyskazalsya-o-rossiyskom-pasporte-i-poplatilsya/,2026-02-18 00:00:00,"Мигрант оскорбительно высказался о российском паспорте и поплатился01:17, 18 февраля 2026Силовые структуры",,,ru,RU
109370cc1111,lenta,https://lenta.ru/news/2026/02/18/poteryavshim-interes-k-seksu-lyudyam-dali-tri-soveta/,2026-02-18 00:00:00,"Потерявшим интерес к сексу людям дали три совета01:00, 18 февраля 2026Забота о себе",,,ru,RU
35a9a2cfb627,lenta,https://lenta.ru/news/2026/02/18/izvestnogo-aktera-dostavili-v-bolnitsu-posle-pyanogo-debosha-v-bare/,2026-02-18 00:00:00,"Звезду Голливуда доставили в больницу после пьяного дебоша в баре01:10, 18 февраля 2026Культура",,,ru,RU
a206a7c145b3,lenta,https://lenta.ru/news/2026/02/18/raskryta-lichnaya-prosba-zelenskogo-nakanune-peregovorov-v-zheneve/,2026-02-18 00:00:00,"Раскрыта личная просьба Зеленского накануне переговоров в Женеве00:58, 18 февраля 2026Бывший СССР",,,ru,RU
746c4051a21b,lenta,https://lenta.ru/news/2026/02/18/rossiyanka-s-tablichkoy-ukrainy-debyut-petrosyan-i-start-pley-off-v-hokkee-kak-proshel-11-y-den-igr/,2026-02-18 00:00:00,"Олимпийский дебют Петросян, старт плей-офф в хоккее и откровения россиянки-волонтера о команде Украины. Как прошел 11-й день Игр01:04, 18 февраля 2026Спорт",,,ru,RU
886a650a5ca8,lenta,https://lenta.ru/news/2026/02/18/rossiyskiy-proizvoditel-dronov-soobschil-o-syurprize-dlya-vsu/,2026-02-18 00:00:00,"Российский производитель дронов анонсировал сюрприз для ВСУ02:30, 18 февраля 2026Наука и техника",,,ru,RU
3eab7116753d,lenta,https://lenta.ru/news/2026/02/18/tsygane-vzyali-v-otseplenie-morg-i-potrebovali-ozhivit-umershego/,2026-02-18 00:00:00,"Цыгане взяли в оцепление морг и потребовали оживить умершего00:21, 18 февраля 2026Россия",,,ru,RU
2cf12d6b43e7,lenta,https://lenta.ru/news/2026/02/18/ukraina-obratilas-k-ssha-i-evrope-posle-peregovorov-s-rossiey/,2026-02-18 00:00:00,"Украина обратилась к США и Европе после переговоров с Россией02:01, 18 февраля 2026Мир",,,ru,RU
5119f6a7fe0f,lenta,https://lenta.ru/news/2026/02/18/predskazana-sudba-zelenskogo-v-sluchae-uspeha-peregovorov-v-zheneve/,2026-02-18 00:00:00,"Предсказана судьба Зеленского при успехе переговоров в Женеве01:56, 18 февраля 2026Интернет и СМИ",,,ru,RU
396a04bf8fc3,lenta,https://lenta.ru/news/2026/02/18/eks-analitik-tsru-ukazal-na-svyaz-zelenskogo-s-vliyatelnymi-oligarhami/,2026-02-18 00:00:00,"Экс-аналитик ЦРУ указал на связь Зеленского с влиятельными олигархами02:02, 18 февраля 2026Мир",,,ru,RU
75ba2152a86b,lenta,https://lenta.ru/news/2026/02/18/obmanuvshaya-amerikantsev-russkaya-moshennitsa-vyshla-v-svet-v-prozrachnom-korsete/,2026-02-18 00:00:00,"Обманувшая американцев русская мошенница вышла в свет в прозрачном корсете01:00, 18 февраля 2026Ценности",,,ru,RU
92671b4913bf,lenta,https://lenta.ru/news/2026/02/17/zelenskiy/,2026-02-18 00:00:00,"Зеленский допустил вывод ВСУ из Донбасса. Какое условие он поставил взамен?00:17, 18 февраля 2026Бывший СССР",,,ru,RU
cfb47563d2e1,lenta,https://lenta.ru/news/2026/02/18/v-rossii-otvetili-na-rezkoe-vyskazyvanie-zelenskogo-o-medinskom/,2026-02-18 00:00:00,"В России ответили на грубое высказывание Зеленского в адрес Мединского00:46, 18 февраля 2026Россия",,,ru,RU
12b9025f2e26,lenta,https://lenta.ru/news/2026/02/18/v-shveytsarii-otvetili-na-vopros-o-roli-es-v-peregovorah-po-ukraine/,2026-02-18 00:00:00,"В Швейцарии ответили на вопрос о роли ЕС в переговорах по Украине02:37, 18 февраля 2026Мир",,,ru,RU
557182a6fe00,lenta,https://lenta.ru/news/2026/02/18/v-ssha-rasskazali-o-plavayuschih-u-baz-vmf-rossii-amerikanskih-podlodkah/,2026-02-18 00:00:00,"В США рассказали о плавающих у баз ВМФ России американских подлодках02:00, 18 февраля 2026Наука и техника",,,ru,RU
2ac7f38e5334,lenta,https://lenta.ru/news/2026/02/18/v-ssha-zayavili-o-tupike-v-peregovorah-po-ukraine-v-zheneve/,2026-02-18 00:00:00,"В США заявили о тупике в переговорах по Украине в Женеве00:29, 18 февраля 2026Мир",,,ru,RU
618e8ead97fb,lenta,https://lenta.ru/news/2026/02/18/vens-raskritikoval-evropu/,2026-02-18 00:00:00,"Вэнс раскритиковал Европу00:56, 18 февраля 2026Мир",,,ru,RU
5441f146c921,lenta,https://lenta.ru/news/2026/02/18/vosem-chelovecheskih-golov-nashli-ryadom-s-tablichkoy-vorovstvo-zaprescheno/,2026-02-18 00:00:00,"Восемь человеческих голов нашли рядом с табличкой «воровство запрещено»02:01, 18 февраля 2026Из жизни",,,ru,RU
328440bf709f,lenta,https://lenta.ru/news/2026/02/18/vsu-obstrelyali-rossiyskiy-gorod-raketami-himars/,2026-02-18 00:00:00,"ВСУ обстреляли российский город ракетами HIMARS01:30, 18 февраля 2026Россия",,,ru,RU
54d2773d158a,lenta,https://lenta.ru/news/2026/02/18/v-rossii-nazvali-vrednye-dlya-nervnoy-sistemy-produkty/,2026-02-18 00:00:00,"В России назвали вредные для нервной системы продукты00:35, 18 февраля 2026Наука и техника",,,ru,RU
1b15746337bc,lenta,https://lenta.ru/news/2026/02/18/zelenskiy-soobschil-o-soglasii-rossii-i-ukrainy-v-odnom-voprose/,2026-02-18 00:00:00,"Зеленский сообщил о согласии России и Украины в одном вопросе00:15, 18 февраля 2026Бывший СССР",,,ru,RU
d07ee38cd551,lenta,https://lenta.ru/news/2026/02/18/v-belgii-raskryli-buduschee-trebovanie-rossii-k-nato/,2026-02-18 00:00:00,"В Бельгии раскрыли будущее требование России к НАТО01:21, 18 февраля 2026Мир",,,ru,RU
d749dc1bb803,lenta,https://lenta.ru/news/2026/02/18/18-fevralya-kakoy-prazdnik-segodnya-otmechayut-v-rossii-i-mire/,2026-02-18 00:00:00,"18 февраля: какой праздник отмечают в России и мире00:15, 18 февраля 2026Россия",,,ru,RU
245062ee831b,lenta,https://lenta.ru/news/2026/02/18/v-mid-vengrii-zhestko-vyskazalis-o-zelenskom/,2026-02-18 00:00:00,"В МИД Венгрии жестко высказались о Зеленском00:24, 18 февраля 2026Мир",,,ru,RU
de98da094c43,lenta,https://lenta.ru/news/2026/02/18/zelenskiy-zayavil-o-soglasii-ssha-po-referendumu-na-ukraine/,2026-02-18 00:00:00,"Зеленский заявил о согласии США по референдуму на Украине01:37, 18 февраля 2026Мир",,,ru,RU
09d6fb02f249,lenta,https://lenta.ru/news/2026/02/18/v-gosdume-rasskazali-o-realistichnyh-trebovaniyah-k-telegram/,2026-02-18 00:00:00,"В Госдуме рассказали о «реалистичных» требованиях к Telegram02:01, 18 февраля 2026Интернет и СМИ",,,ru,RU
b14887e6a3d4,lenta,https://lenta.ru/news/2026/02/19/eto-bylo-stranno-takera-karlsona-zaderzhali-v-izraile-gde-on-bral-intervyu-u-posla-ssha-chto-ob-etom-izvestno/,2026-02-19 00:00:00,"«Это было странно». Такера Карлсона задержали в Израиле, где он брал интервью у посла США. Что об этом известно?00:55, 19 февраля 2026Интернет и СМИ",,,ru,RU
f491e5b534c1,lenta,https://lenta.ru/news/2026/02/19/gumennika-ne-priglasili-na-gala-vecher-klebo-pobil-rekord-latyninoy-polufinaly-v-hokkee-kak-proshel-12-y-den-olimpiady/,2026-02-19 00:00:00,"Гуменника не пригласили на показательные, Клебо побил рекорд Латыниной, россиян оставили без сувениров. Как прошел 12-й день Игр00:08, 19 февраля 2026Спорт",,,ru,RU
a6c2b885ce8a,lenta,https://lenta.ru/news/2026/02/19/kofe/,2026-02-19 00:00:00,"«Сложный биохимический коктейль». Весь мир спорит о пользе и вреде кофе. Как понять, опасно ли его пить?00:01, 19 февраля 2026Забота о себе",,,ru,RU
1d4312303083,lenta,https://lenta.ru/news/2026/02/19/lavrov-sdelal-derzkoe-zayavlenie-o-evrope/,2026-02-19 00:00:00,"Лавров сделал дерзкое заявление о Европе00:53, 19 февраля 2026Мир",,,ru,RU
d4e230bfc442,lenta,https://lenta.ru/news/2026/02/19/na-zapade-raskryli-novuyu-detal-peregovorov-po-ukraine-v-zheneve/,2026-02-19 00:00:00,"На Западе раскрыли новую деталь переговоров по Украине в Женеве00:43, 19 февраля 2026Интернет и СМИ",,,ru,RU
875b81e6578d,lenta,https://lenta.ru/news/2026/02/19/nazvan-ukrainskiy-gorod-s-samoy-slozhnoy-situatsiey-so-svetom/,2026-02-19 00:00:00,"Назван украинский город с самой сложной ситуацией со светом02:50, 19 февраля 2026Бывший СССР",,,ru,RU
7c38753e8e6a,lenta,https://lenta.ru/news/2026/02/19/nazvany-vyzyvayuschie-impotentsiyu-skrytye-problemy-so-zdoroviem/,2026-02-19 00:00:00,"Названы вызывающие импотенцию скрытые проблемы со здоровьем03:00, 19 февраля 2026Забота о себе",,,ru,RU
08f16a7a1614,lenta,https://lenta.ru/news/2026/02/19/raskryto-neobychnoe-oruzhie-kieva-protiv-rossii/,2026-02-19 00:00:00,"Раскрыто необычное оружие Киева против России02:57, 19 февраля 2026Бывший СССР",,,ru,RU
19514d0dd4ee,lenta,https://lenta.ru/news/2026/02/19/raskryty-novye-detali-v-dele-dolinoy/,2026-02-19 00:00:00,"Появились новые подробности о деле Долиной00:16, 19 февраля 2026Силовые структуры",,,ru,RU
f04775da83c3,lenta,https://lenta.ru/news/2026/02/19/lavrov/,2026-02-19 00:00:00,"Лавров предсказал будущее России00:02, 19 февраля 2026Россия",,,ru,RU
f223fde35565,lenta,https://lenta.ru/news/2026/02/19/dmitriev-zayavil-ob-interese-ssha-v-otmene-sanktsiy/,2026-02-19 00:00:00,"Дмитриев заявил об интересе США в отмене санкций против России02:51, 19 февраля 2026Экономика",,,ru,RU
c5dcd4c4e258,lenta,https://lenta.ru/news/2026/02/19/rezervuar-s-nefteproduktami-zagorelsya-v-rossiyskom-regione-iz-za-ataki-vsu/,2026-02-19 00:00:00,"Резервуар с нефтепродуктами загорелся в российском регионе из-за атаки ВСУ01:31, 19 февраля 2026Россия",,,ru,RU
1a1a2151ce5d,lenta,https://lenta.ru/news/2026/02/19/populyarnaya-televeduschaya-proshlas-po-ulitse-v-prozrachnom-naryade/,2026-02-19 00:00:00,"Популярная актриса прошлась по улице в прозрачном наряде01:00, 19 февраля 2026Ценности",,,ru,RU
c40a6c49274c,lenta,https://lenta.ru/news/2026/02/19/raskryt-neochevidnyy-faktor-uluchsheniya-pamyati/,2026-02-19 00:00:00,"Раскрыт неочевидный фактор улучшения памяти00:33, 19 февраля 2026Наука и техника",,,ru,RU
332ee009d39d,lenta,https://lenta.ru/news/2026/02/19/devushka-vystavila-rodnuyu-tetyu-na-ulitsu-iz-za-odnogo-postupka-ee-malenkogo-rebenka/,2026-02-19 00:00:00,"Девушка выставила родную тетю на улицу из-за одного поступка ее маленького ребенка02:30, 19 февраля 2026Интернет и СМИ",,,ru,RU
766b3c80f8cb,lenta,https://lenta.ru/news/2026/02/19/semya-eks-generala-vsu-nashla-neobychnyy-sposob-zarabotat-na-rossiyanah/,2026-02-19 00:00:00,"Семья экс-генерала ВСУ нашла необычный способ заработать на россиянах01:15, 19 февраля 2026Бывший СССР",,,ru,RU
c4fd151b1432,lenta,https://lenta.ru/news/2026/02/18/belyy-dom-predskazal-katastrofu-v-vashingtone-iz-za-fekaliy/,2026-02-19 00:00:00,"Белый дом предсказал катастрофу в Вашингтоне из-за фекалий00:14, 19 февраля 2026Мир",,,ru,RU
357099c0de12,lenta,https://lenta.ru/news/2026/02/19/vrach-podskazala-sposob-opredelit-optimalnoe-kolichestvo-chasov-sna/,2026-02-19 00:00:00,"Врач подсказала способ определить оптимальное количество часов сна01:00, 19 февраля 2026Забота о себе",,,ru,RU
62b5dc9fc1fc,lenta,https://lenta.ru/news/2026/02/19/vlasti-polshi-vpervye-prokommentirovali-sluhi-o-trebovanii-reparatsiy-ot-rossii/,2026-02-19 00:00:00,"Власти Польши впервые прокомментировали слухи о требовании репараций от России00:57, 19 февраля 2026Мир",,,ru,RU
1211b7e09e03,lenta,https://lenta.ru/news/2026/02/19/v-ssha-zayavili-o-gotovnosti-ukrainy-dopustit-uchastie-rossii-v-upravlenii-donetskoy-oblastyu/,2026-02-19 00:00:00,"В США заявили о готовности Украины допустить участие России в управлении Донецкой областью01:51, 19 февраля 2026Мир",,,ru,RU
930a93403b8d,lenta,https://lenta.ru/news/2026/02/19/v-ssha-rasskazali-o-trudnom-vyzhivanii-rossiyskih-tu-22m3/,2026-02-19 00:00:00,"В США рассказали о «трудном выживании» российских Ту-22М302:00, 19 февраля 2026Наука и техника",,,ru,RU
a31da165b127,lenta,https://lenta.ru/news/2026/02/19/vsu-atakovali-grazhdanskuyu-infrastrukturu-v-pskovskoy-oblasti/,2026-02-19 00:00:00,"ВСУ атаковали гражданскую инфраструктуру в Псковской области01:16, 19 февраля 2026Россия",,,ru,RU
dbf7ae65c918,lenta,https://lenta.ru/news/2026/02/19/v-izraile-oprovergli-slova-takera-karlsona-o-zaderzhanii/,2026-02-19 00:00:00,"В Израиле опровергли слова Такера Карлсона о задержании02:14, 19 февраля 2026Мир",,,ru,RU
814aaeee3817,lenta,https://lenta.ru/news/2026/02/19/zaklyuchennyy-raspravilsya-s-sokamernikom-i-s-el-ego-glaz-i-uho-ot-otchayaniya/,2026-02-19 00:00:00,"Заключенный съел сокамерника02:01, 19 февраля 2026Из жизни",,,ru,RU
fbd8d450d768,lenta,https://lenta.ru/tags/persons/lukashenko-aleksandr/,2026-02-19 00:00:00,Александр Лукашенко,,,ru,RU
e90a5341922d,lenta,https://lenta.ru/news/2026/02/19/uitkoff-i-kushner-dolozhili-trampu-o-diskussiyah-po-ukraine/,2026-02-19 00:00:00,"Уиткофф и Кушнер доложили Трампу о дискуссиях по Украине01:29, 19 февраля 2026Мир",,,ru,RU
c140807474ba,lenta,https://lenta.ru/news/2026/02/19/so-dna-ledyanoy-peschery-podnyali-drevnyuyu-neizlechimuyu-infektsiyu/,2026-02-19 00:00:00,"Со дна ледяной пещеры подняли древнюю неизлечимую инфекцию00:32, 19 февраля 2026Из жизни",,,ru,RU
311f8f56315a,lenta,https://lenta.ru/news/2026/02/19/rossiyanam-perechislili-neochevidnye-simptomy-raka/,2026-02-19 00:00:00,"Россиянам перечислили симптомы рака02:14, 19 февраля 2026Наука и техника",,,ru,RU
a4c842b2de5d,lenta,https://lenta.ru/news/2026/02/19/v-ssha-rezko-otvetili-zelenskomu-posle-ego-zhaloby-na-trampa/,2026-02-19 00:00:00,"В США резко ответили Зеленскому после его жалобы на Трампа00:44, 19 февраля 2026Мир",,,ru,RU
f81da180dfb9,lenta,https://lenta.ru/news/2026/02/20/doch-dzhuda-lou-razdelas-dogola-dlya-modnogo-brenda/,2026-02-20 00:00:00,"Дочь Джуда Лоу разделась догола для модного бренда01:00, 20 февраля 2026Ценности",,,ru,RU
b8de0cd68181,lenta,https://lenta.ru/news/2026/02/20/usa/,2026-02-20 00:00:00,"США возобновили закупку редкоземельных металлов у России01:13, 20 февраля 2026Экономика",,,ru,RU
f8eb8ca1ced1,lenta,https://lenta.ru/news/2026/02/20/iran/,2026-02-20 00:00:00,"В Иране заявили о риске военной агрессии США01:54, 20 февраля 2026Мир",,,ru,RU
2d22eb651c7d,lenta,https://lenta.ru/news/2026/02/20/nad-rossiyskim-gorodom-progremelo-neskolko-vzryvov/,2026-02-20 00:00:00,"Над российским городом прогремело несколько взрывов00:04, 20 февраля 2026Россия",,,ru,RU
df5f6ad6df36,lenta,https://lenta.ru/news/2026/02/20/naemniki-vsu-iz-litvy-ispugalis-imitatsii-realnogo-boya-i-sbezhali-s-trenirovki/,2026-02-20 00:00:00,"Наемники ВСУ из Литвы испугались имитации реального боя и сбежали с тренировки00:11, 20 февраля 2026Бывший СССР",,,ru,RU
846bc7e8c12c,lenta,https://lenta.ru/news/2026/02/20/nevestka-trampa-podtverdila-ego-namerenie-rasskazat-pravdu-ob-inoplanetyanah/,2026-02-20 00:00:00,"Невестка Трампа подтвердила его намерение рассказать правду об инопланетянах00:30, 20 февраля 2026Из жизни",,,ru,RU
422c23549966,lenta,https://lenta.ru/news/2026/02/20/stalo-izvestno-o-planah-trampa-udarit-po-odnoy-strane/,2026-02-20 00:00:00,"Стало известно о планах Трампа ударить по одной стране01:31, 20 февраля 2026Мир",,,ru,RU
d3747e9c1b6f,lenta,https://lenta.ru/news/2026/02/20/petrosyan-ostalas-bez-medali-na-olipiade-2026/,2026-02-20 00:00:00,"Петросян осталась без медали на Олимпиаде-202601:03, 20 февраля 2026Спорт",,,ru,RU
9e99c005b8eb,lenta,https://lenta.ru/news/2026/02/20/petrosyan-s-padeniem-otkatatala-proizvolnuyu-programmu-na-olimpiade/,2026-02-20 00:00:00,"Петросян с падением откататала произвольную программу на Олимпиаде00:27, 20 февраля 2026Спорт",,,ru,RU
30542d4d036a,lenta,https://lenta.ru/news/2026/02/20/raskryty-poteri-vsu-s-nachala-spetsoperatsii/,2026-02-20 00:00:00,"Раскрыты потери ВСУ с начала спецоперации00:20, 20 февраля 2026Россия",,,ru,RU
e44fe291a635,lenta,https://lenta.ru/news/2026/02/20/rossiya-vpervye-s-1960-goda-ostalas-bez-medaley-v-figurnom-katanii-na-olimpiade/,2026-02-20 00:00:00,"Россия впервые с 1960 года осталась без медалей в фигурном катании на Олимпиаде02:08, 20 февраля 2026Спорт",,,ru,RU
1ca09bbf2e48,lenta,https://lenta.ru/news/2026/02/20/ski-alpinist-filippov-prines-rossii-pervuyu-medal-petrosyan-s-serebrom-kak-proshel-13-y-den-olimpiady/,2026-02-20 00:00:00,"Первая медаль России, роковое падение Петросян и секс-марафон за победу в лыжной гонке. Как прошел 13-й день Олимпиады01:30, 20 февраля 2026Спорт",,,ru,RU
88e5692ccce8,lenta,https://lenta.ru/news/2026/02/20/nazvan-prostoy-sposob-zaschitit-mozg-ot-stareniya/,2026-02-20 00:00:00,"Назван простой способ защитить мозг от старения00:30, 20 февраля 2026Наука и техника",,,ru,RU
ded0fec7a827,lenta,https://lenta.ru/news/2026/02/20/orban/,2026-02-20 00:00:00,"Орбан обвинил Киев в финансировании оппозиции в Венгрии00:13, 20 февраля 2026Мир",,,ru,RU
921f56fda6ab,lenta,https://lenta.ru/news/2026/02/20/diego-garcia/,2026-02-20 00:00:00,"«Это станет позором». Трамп резко потребовал отменить одобренную им сделку. Почему ее связывают с Китаем и началом новой войны?00:26, 20 февраля 2026Мир",,,ru,RU
e4b4b1d34ac2,lenta,https://lenta.ru/news/2026/02/20/ukrainets-brosil-granatu-v-politseyskih/,2026-02-20 00:00:00,"Украинец бросил гранату в полицейских01:22, 20 февраля 2026Бывший СССР",,,ru,RU
e9800e8b6045,lenta,https://lenta.ru/news/2026/02/20/posol/,2026-02-20 00:00:00,"Стало известно о планах стран ЕС ужесточить порядок передвижения дипломатов из России02:25, 20 февраля 2026Мир",,,ru,RU
016878536ef8,lenta,https://lenta.ru/news/2026/02/20/v-sevastopole-pri-atake-bpla-pogib-mirnyy-zhitel/,2026-02-20 00:00:00,"В Севастополе при атаке БПЛА погиб мирный житель00:47, 20 февраля 2026Россия",,,ru,RU
3cea933a74e3,lenta,https://lenta.ru/news/2026/02/20/v-polshe-ukrainskih-bezhentsev-lishili-lgot-v-chehii-nedovolny-obiliem-ukrainskoy-rechi-kak-menyaetsya-otnoshenie-evropy-k-ukraintsam/,2026-02-20 00:00:00,"В Польше украинских беженцев лишили льгот, в Чехии недовольны обилием украинской речи. Как меняется отношение Европы к украинцам?01:07, 20 февраля 2026Мир",,,ru,RU
f63c65b96c20,lenta,https://lenta.ru/news/2026/02/20/v-rossii-nazvali-vinovnyh-v-otsutstvii-mirnogo-soglasheniya-po-ukraine/,2026-02-20 00:00:00,"В России назвали виновных в отсутствии мирного соглашения по Украине01:23, 20 февраля 2026Россия",,,ru,RU
60a8fb04642b,lenta,https://lenta.ru/news/2026/02/20/vrach-otsenil-utverzhdenie-o-vliyanii-kazhdogo-polovogo-partnera-zhenschiny-na-buduschih-detey/,2026-02-20 00:00:00,"Врач оценил утверждение о влиянии каждого полового партнера женщины на будущих детей01:00, 20 февраля 2026Забота о себе",,,ru,RU
15204a027f7c,lenta,https://lenta.ru/news/2026/02/20/v-kieve-i-ryade-oblastey-ukrainy-ob-yavili-vozdushnuyu-trevogu/,2026-02-20 00:00:00,"В Киеве и ряде областей Украины объявили воздушную тревогу00:09, 20 февраля 2026Бывший СССР",,,ru,RU
770d23034c6b,lenta,https://lenta.ru/news/2026/02/20/v-ssha-ispugalis-rossiyskogo-barrazha-1-nad-zonoy-svo/,2026-02-20 00:00:00,"В США испугались российского «Барража-1» над зоной СВО02:00, 20 февраля 2026Наука и техника",,,ru,RU
3d3469f81190,lenta,https://lenta.ru/news/2026/02/20/vsu/,2026-02-20 00:00:00,"В Генштабе ВС России заявили о переходе ВСУ к тактике «медийных побед»00:42, 20 февраля 2026Бывший СССР",,,ru,RU
2e714a7ba126,lenta,https://lenta.ru/news/2026/02/20/v-rossii-zayavili-ob-ogromnyh-poteryah-es-ot-antirossiyskih-sanktsiy/,2026-02-20 00:00:00,"В МИД заявили об огромных потерях ЕС от антироссийских санкций02:00, 20 февраля 2026Мир",,,ru,RU
edaf958cba4c,lenta,https://lenta.ru/news/2026/02/20/v-genshtabe-soobschili-o-snizhenii-osnascheniya-vsu/,2026-02-20 00:00:00,"В Генштабе сообщили о снижении оснащения ВСУ00:29, 20 февраля 2026Россия",,,ru,RU
6a4f9e97824c,lenta,https://lenta.ru/news/2026/02/19/v-vashingtone-ob-yavili-chs-iz-za-fekaliy/,2026-02-20 00:00:00,"В Вашингтоне объявили ЧС из-за фекалий00:49, 20 февраля 2026Мир",,,ru,RU
391b1e6e4472,lenta,https://lenta.ru/tags/persons/angela-merkel/,2026-02-20 00:00:00,Ангела Меркель,,,ru,RU
2a3d9dc99311,lenta,https://lenta.ru/news/2026/02/20/v-genshtabe-zayavili-o-perehode-initsiativy-v-zone-svo-k-vs-rossii/,2026-02-20 00:00:00,"В Генштабе заявили о переходе инициативы в зоне СВО к ВС России01:17, 20 февраля 2026Россия",,,ru,RU
5455d5ab04ff,lenta,https://lenta.ru/news/2026/02/20/zhurnalistka-posetila-trezvuyu-seks-vecherinku-i-podelilas-vpechatleniyami/,2026-02-20 00:00:00,"Журналистка посетила трезвую секс-вечеринку и поделилась впечатлениями02:00, 20 февраля 2026Из жизни",,,ru,RU
b3262927c00d,lenta,https://lenta.ru/news/2026/02/21/amerikanskaya-figuristka-po-russki-poblagodarila-poklonnikov-posle-pobedy-na-olimpiade/,2026-02-21 00:00:00,"Американская фигуристка по-русски поблагодарила поклонников после победы на Олимпиаде00:10, 21 февраля 2026Спорт",,,ru,RU
31282f46be69,lenta,https://lenta.ru/news/2026/02/21/iran/,2026-02-21 00:00:00,"«Это дает США повод для атаки». Почему Трамп готов развязать новый конфликт и может ли в него вмешаться Россия?00:11, 21 февраля 2026Мир",,,ru,RU
c2ebf8b25f2e,lenta,https://lenta.ru/news/2026/02/21/rossiyskiy-gubernator-soobschil-ob-udare-vsu-po-kriticheskoy-infrastrukture/,2026-02-21 00:00:00,"Российский губернатор сообщил об ударе ВСУ по критической инфраструктуре02:23, 21 февраля 2026Россия",,,ru,RU
2a1bdb1c1c12,lenta,https://lenta.ru/news/2026/02/21/raskryta-oderzhimost-zelenskogo/,2026-02-21 00:00:00,"Раскрыта «одержимость» Зеленского00:39, 21 февраля 2026Мир",,,ru,RU
333540f88999,lenta,https://lenta.ru/news/2026/02/21/na-zapade-zayavili-o-riske-dlya-ukrainy-iz-za-deystviy-zelenskogo/,2026-02-21 00:00:00,"На Западе заявили о риске для Украины из-за действий Зеленского01:54, 21 февраля 2026Бывший СССР",,,ru,RU
2ec36cd5f1b9,lenta,https://lenta.ru/news/2026/02/21/ministr-finansov-ssha-obratilsya-s-prizyvom-k-stranam-na-fone-resheniya-ob-otmene-poshlin/,2026-02-21 00:00:00,"Министр финансов США обратился с призывом к странам на фоне решения об отмене пошлин01:52, 21 февраля 2026Мир",,,ru,RU
24d15f3c4fca,lenta,https://lenta.ru/news/2026/02/21/lider-strany-es-sdelal-rezkiy-vypad-v-adres-kieva/,2026-02-21 00:00:00,"Лидер страны ЕС сделал резкий выпад в адрес Киева02:12, 21 февраля 2026Мир",,,ru,RU
6c57e847cfc5,lenta,https://lenta.ru/news/2026/02/21/kallas-potrebovala-ot-rossii-poyti-na-ustupki/,2026-02-21 00:00:00,"Каллас потребовала от России пойти на уступки01:12, 21 февраля 2026Мир",,,ru,RU
4dfdc3b0edd4,lenta,https://lenta.ru/news/2026/02/21/ispolzovanie-antidronovoy-elki-pokazali-na-video/,2026-02-21 00:00:00,"Боевую работу «Елки» показали на видео02:09, 21 февраля 2026Наука и техника",,,ru,RU
e91005ee91b4,lenta,https://lenta.ru/news/2026/02/21/glava-udmurtii-raskryl-podrobnosti-ataki-na-region/,2026-02-21 00:00:00,"Глава Удмуртии раскрыл подробности атаки на регион01:21, 21 февраля 2026Россия",,,ru,RU
946a11e3363f,lenta,https://lenta.ru/news/2026/02/21/dmitriev-ulichil-ukrainu-vo-vmeshatelstve-v-vybory-strany-es/,2026-02-21 00:00:00,"Дмитриев уличил Украину во вмешательстве в выборы страны ЕС01:00, 21 февраля 2026Мир",,,ru,RU
7a050963b5ee,lenta,https://lenta.ru/news/2026/02/21/nazvany-populyarnye-shemy-obmana-rossiyan-k-23-fevralya/,2026-02-21 00:00:00,"Названы популярные схемы обмана россиян к 23 февраля03:09, 21 февраля 2026Интернет и СМИ",,,ru,RU
67c889f0a7d6,lenta,https://lenta.ru/news/2026/02/20/zaharova-rezko-vyskazalas-o-raspade-lichnosti-zelenskogo/,2026-02-21 00:00:00,"Захарова высказалась о распаде личности Зеленского00:22, 21 февраля 2026Мир",,,ru,RU
b81e674dfd09,lenta,https://lenta.ru/news/2026/02/20/petrosyan-priglasili-na-pokazatelnye-vystupleniya-a-kanadskie-hokkeisty-vyshli-v-final-kak-proshel-14-y-den-olimpiady/,2026-02-21 00:00:00,"Петросян пригласили на показательные выступления, а канадские хоккеисты вырвали путевку в финал. Как прошел 14-й день Олимпиады01:18, 21 февраля 2026Спорт",,,ru,RU
7b42e13b9867,lenta,https://lenta.ru/news/2026/02/20/tramp-obvinil-evropu-v-slabosti-i-nazval-dve-ee-problemy/,2026-02-21 00:00:00,"Трамп назвал две убивающие Европу проблемы00:24, 21 февраля 2026Мир",,,ru,RU
db36f264405e,lenta,https://lenta.ru/news/2026/02/21/zhiteli-votkinska-soobschili-o-serii-vzryvov/,2026-02-21 00:00:00,"Жители Удмуртии сообщили о серии взрывов01:06, 21 февраля 2026Россия",,,ru,RU
fb76b5de246b,lenta,https://lenta.ru/news/2026/02/21/zhenschine-amputirovali-vse-konechnosti-posle-igry-s-sobakoy/,2026-02-21 00:00:00,"Женщине ампутировали все конечности после игры с собакой02:24, 21 февраля 2026Из жизни",,,ru,RU
1585de7efad6,lenta,https://lenta.ru/news/2026/02/21/v-vengrii-zayavili-o-sposobnosti-unichtozhit-ukrainu-za-tri-nedeli/,2026-02-21 00:00:00,"В Венгрии заявили о способности уничтожить Украину за три недели02:18, 21 февраля 2026Мир",,,ru,RU
a9833c538524,lenta,https://lenta.ru/news/2026/02/21/v-ssha-uvideli-trevozhnye-signaly-iz-za-planov-trampa/,2026-02-21 00:00:00,"В США увидели тревожные сигналы из-за планов Трампа01:40, 21 февраля 2026Мир",,,ru,RU
b8e039f00306,lenta,https://lenta.ru/news/2026/02/21/zaharova-raskryla-polozhenie-evropy-v-peregovorah-po-ukraine/,2026-02-21 00:00:00,"Захарова раскрыла положение Европы в переговорах по Украине00:49, 21 февраля 2026Мир",,,ru,RU
ca71843ebe5e,lenta,https://lenta.ru/news/2026/02/21/v-rossii-nazvali-uslovie-provedeniya-vyborov-na-ukraine/,2026-02-21 00:00:00,"В России назвали условие проведения выборов на Украине01:16, 21 февраля 2026Россия",,,ru,RU
566d4d6610be,lenta,https://lenta.ru/news/2026/02/21/ukrainskie-politiki-uznali-o-plane-vyborov-v-usloviyah-voennogo-polozheniya/,2026-02-21 00:00:00,"Украинские политики узнали о плане выборов в условиях военного положения00:40, 21 февраля 2026Бывший СССР",,,ru,RU
154d14f89ea8,lenta,https://lenta.ru/news/2026/02/21/tramp-zayavil-o-zhelanii-ssha-po-ukraine/,2026-02-21 00:00:00,"Трамп заявил о желании США по Украине00:09, 21 февраля 2026Мир",,,ru,RU
b1a08aff51e9,lenta,https://lenta.ru/news/2026/02/21/srazu-pyat-rossiyskih-gorodov-ekstrenno-zakryli-nebo/,2026-02-21 00:00:00,"Сразу пять российских городов экстренно закрыли небо00:26, 21 февраля 2026Путешествия",,,ru,RU
092fc8d413ff,lenta,https://lenta.ru/news/2026/02/20/na-ukraine-zadumalis-o-plane-b-v-konflikte-s-rossiey/,2026-02-21 00:00:00,"На Украине задумались о «плане Б» в конфликте с Россией00:11, 21 февраля 2026Бывший СССР",,,ru,RU
6de3fdbabfe4,lenta,https://lenta.ru/news/2026/02/21/v-vsu-nazvali-svoego-istinnogo-vraga/,2026-02-21 00:00:00,"В ВСУ назвали своего истинного врага02:44, 21 февраля 2026Бывший СССР",,,ru,RU
e3aa3e39f6bd,lenta,https://lenta.ru/news/2026/02/22/fat/,2026-02-22 00:00:00,"«Это, можно считать, переработка вторсырья». Зачем богатые американки закачивают в грудь и ягодицы жир покойников00:01, 22 февраля 2026Из жизни",,,ru,RU
17a63a1e5de8,lenta,https://lenta.ru/news/2026/02/21/zelenskiy-obvinil-rossiyu-v-blokirovanii-peregovorov-chem-nedovolen-glava-ukrainy-i-kakie-izmeneniya-on-hochet-vnesti-na-vstrechah/,2026-02-22 00:00:00,"«Русские блокируют переговоры». Чем недоволен Зеленский и чего ждет от следующей встречи?00:51, 22 февраля 2026Бывший СССР",,,ru,RU
a8f456b1525a,lenta,https://lenta.ru/news/2026/02/22/boets-vsu-podbodril-sosluzhivtsa-na-russkom-yazyke/,2026-02-22 00:00:00,"Боец ВСУ подбодрил сослуживца на русском языке05:06, 22 февраля 2026Бывший СССР",,,ru,RU
0e432b9853aa,lenta,https://lenta.ru/news/2026/02/22/drony-vsu-atakovali-rossiyskie-goroda/,2026-02-22 00:00:00,"Дроны ВСУ атаковали российские города03:12, 22 февраля 2026Россия",,,ru,RU
585c4a1428e8,lenta,https://lenta.ru/news/2026/02/22/proschenoe-voskresenie/,2026-02-22 00:00:00,"Прощеное воскресенье в 2026 году: история и традиции праздника00:05, 22 февраля 2026Россия",,,ru,RU
9d636f81156f,lenta,https://lenta.ru/news/2026/02/22/gruzovik-pereehal-izvestnuyu-rossiyskuyu-fudblogershu-iz-anapy/,2026-02-22 00:00:00,"Грузовик переехал известную фудблогершу из Анапы01:05, 22 февраля 2026Россия",,,ru,RU
2a204ed42caa,lenta,https://lenta.ru/news/2026/02/22/evrosoyuz-prokololsya-iz-za-odnogo-oboronnogo-proekta/,2026-02-22 00:00:00,"Евросоюз «прокололся» из-за одного оборонного проекта01:25, 22 февраля 2026Мир",,,ru,RU
6dc1714268d9,lenta,https://lenta.ru/news/2026/02/22/miroshnik-nazval-tochku-otscheta-samolikvidatsii-ukrainy/,2026-02-22 00:00:00,"Мирошник назвал точку отсчета самоликвидации Украины02:53, 22 февраля 2026Бывший СССР",,,ru,RU
326d93cda7c8,lenta,https://lenta.ru/news/2026/02/22/na-ukraine-prizvali-ob-yavit-zelenskomu-impichment/,2026-02-22 00:00:00,"На Украине призвали объявить Зеленскому импичмент04:10, 22 февраля 2026Бывший СССР",,,ru,RU
6abbb778506d,lenta,https://lenta.ru/news/2026/02/22/nedaleko-ot-v-ezda-v-mahachkalu-nashli-tela-dvuh-muzhchin/,2026-02-22 00:00:00,"Недалеко от въезда в Махачкалу нашли тела двух мужчин03:57, 22 февраля 2026Россия",,,ru,RU
be37aa2ee0a5,lenta,https://lenta.ru/news/2026/02/22/poyavilis-novye-podrobnosti-o-pohischenii-synovey-ukrainskih-vorov-v-zakone/,2026-02-22 00:00:00,"Появились новые подробности о похищении сыновей украинских криминальных авторитетов01:39, 22 февраля 2026Мир",,,ru,RU
b76d2ef1af55,lenta,https://lenta.ru/news/2026/02/22/premiery-dvuh-evropeyskih-stran-razrugalis-iz-za-ukrainy/,2026-02-22 00:00:00,"Премьеры двух европейских стран разругались из-за Украины03:27, 22 февраля 2026Мир",,,ru,RU
b9b4fc4be3de,lenta,https://lenta.ru/news/2026/02/21/ukraina-pokazala-hudshiy-rezultat-v-istorii-na-zimnih-olimpiadah/,2026-02-22 00:00:00,"Украина показала худший результат в истории на зимних Играх00:10, 22 февраля 2026Спорт",,,ru,RU
770ee1e47673,lenta,https://lenta.ru/news/2026/02/22/marochko-ukazal-na-oshibku-vsu-u-harkovki/,2026-02-22 00:00:00,"ВСУ не выдержали натиска армии России у Харьковки03:00, 22 февраля 2026Бывший СССР",,,ru,RU
ea0e0c30b2fc,lenta,https://lenta.ru/news/2026/02/21/korostelev-ostalsya-bez-medali-klebo-vyigral-vse-zoloto-finny-vzyali-bronzu-v-hokkee-kak-proshel-15-y-den-olimpiady/,2026-02-22 00:00:00,"Коростелев остался без медали, Клебо выиграл все золото, финны взяли бронзу в хоккее. Как прошел 15-й день Олимпиады02:52, 22 февраля 2026Спорт",,,ru,RU
b555c99a5f84,lenta,https://lenta.ru/news/2026/02/22/syrskiy-oboznachil-svoyu-glavnuyu-zadachu-do-kontsa-peregovorov-s-rossiey/,2026-02-22 00:00:00,"Сырский обозначил свою главную задачу до конца переговоров с Россией03:42, 22 февраля 2026Бывший СССР",,,ru,RU
ec413ac37314,lenta,https://lenta.ru/news/2026/02/21/britanskiy-zhurnalist-voshitilsya-derzkim-zayavleniem-medvedeva-o-kallas/,2026-02-22 00:00:00,"Британский журналист восхитился дерзким заявлением Медведева о Каллас00:25, 22 февраля 2026Мир",,,ru,RU
7b7d550c7c91,lenta,https://lenta.ru/news/2026/02/22/syrskiy-priznal-odno-preimuschestvo-vs-rossii/,2026-02-22 00:00:00,"Сырский признал одно преимущество ВС России03:44, 22 февраля 2026Бывший СССР",,,ru,RU
ed255a5066be,lenta,https://lenta.ru/news/2026/02/22/sbornaya-finlyandii-stala-bronzovym-prizerom-olimpiyskogo-hokkeynogo-turnira/,2026-02-22 00:00:00,"Сборная Финляндии стала бронзовым призером олимпийского хоккейного турнира01:06, 22 февраля 2026Спорт",,,ru,RU
5fc8eaac8bcf,lenta,https://lenta.ru/news/2026/02/22/spetssluzhby-ssha-soobschili-o-novyh-yadernyh-razrabotkah-kitaya/,2026-02-22 00:00:00,"Спецслужбы США сообщили о новых ядерных разработках Китая01:58, 22 февраля 2026Мир",,,ru,RU
a563c8da51c1,lenta,https://lenta.ru/news/2026/02/22/solntse-pogruzitsya-v-zatyazhnuyu-depressiyu/,2026-02-22 00:00:00,"Солнце погрузится в затяжную депрессию03:20, 22 февраля 2026Наука и техника",,,ru,RU
9a4d50306bc3,lenta,https://lenta.ru/news/2026/02/22/tramp-reshil-pomoch-boleyuschim-lyudyam-grenlandii/,2026-02-22 00:00:00,"Трамп решил помочь болеющим людям Гренландии04:58, 22 февраля 2026Мир",,,ru,RU
393010426c55,lenta,https://lenta.ru/news/2026/02/22/summitnato/,2026-02-22 00:00:00,"«НАТО возвращается к истокам». Почему США не пригласили Украину на саммит Альянса и чего Вашингтон добивается от союзников?00:18, 22 февраля 2026Мир",,,ru,RU
36297396da88,lenta,https://lenta.ru/news/2026/02/21/klebo-otsenil-progress-korosteleva/,2026-02-22 00:00:00,"Клебо оценил прогресс Коростелева00:43, 22 февраля 2026Спорт",,,ru,RU
9790c49d31ec,lenta,https://lenta.ru/news/2026/02/22/v-ukrainskom-gorode-proizoshel-terakt/,2026-02-22 00:00:00,"В украинском городе произошел теракт03:53, 22 февраля 2026Бывший СССР",,,ru,RU
95e108d260eb,lenta,https://lenta.ru/news/2026/02/22/rossiyskiy-boets-v-odinochku-vzyal-v-plen-vosem-soldat-vsu/,2026-02-22 00:00:00,"Российский боец в одиночку взял в плен восемь солдат ВСУ01:28, 22 февраля 2026Россия",,,ru,RU
14849fe762aa,lenta,https://lenta.ru/news/2026/02/22/v-irane-razrazilis-novye-antipravitelstvennye-protesty/,2026-02-22 00:00:00,"В Иране разразились новые антиправительственные протесты04:30, 22 февраля 2026Мир",,,ru,RU
cf73708eebe0,lenta,https://lenta.ru/news/2026/02/22/raskryty-plany-zapada-protiv-rossii/,2026-02-22 00:00:00,"Раскрыты планы Запада против России02:50, 22 февраля 2026Мир",,,ru,RU
de0e9d7492c3,lenta,https://lenta.ru/tags/persons/hamenei-ali/,2026-02-22 00:00:00,Али Хаменеи,,,ru,RU
cd3e647e11e8,lenta,https://lenta.ru/news/2026/02/22/v-dele-arestovannogo-brata-korolya-karla-iii-poyavilis-novye-podrobnosti/,2026-02-22 00:00:00,"В деле арестованного брата короля Карла III появились новые подробности03:01, 22 февраля 2026Из жизни",,,ru,RU
7d0552e754f6,lenta,https://lenta.ru/news/2026/02/22/prohozhaya-stolknulas-s-polubosym-okrovavlennym-malchikom-na-ulitsah-peterburga/,2026-02-22 00:00:00,"Прохожая столкнулась с полубосым окровавленным мальчиком на улицах Петербурга00:58, 22 февраля 2026Силовые структуры",,,ru,RU
6d8d05726ff4,lenta,https://lenta.ru/news/2026/02/23/dmitriev-nazval-postradavshih-ot-novyh-poshlin-ssha/,2026-02-23 00:00:00,"Дмитриев назвал пострадавших от новых пошлин США01:27, 23 февраля 2026Экономика",,,ru,RU
a1f22141447b,lenta,https://lenta.ru/news/2026/02/23/esche-v-odnom-ukrainskom-gorode-zhiteli-prishli-k-zdaniyu-ttsk/,2026-02-23 00:00:00,"Еще в одном украинском городе жители пришли к зданию ТЦК00:18, 23 февраля 2026Бывший СССР",,,ru,RU
b69632da6743,lenta,https://lenta.ru/news/2026/02/23/fitso-zayavil-o-roste-nedoveriya-v-es-iz-za-ukrainy/,2026-02-23 00:00:00,"Фицо заявил о росте недоверия в ЕС из-за Украины00:45, 23 февраля 2026Мир",,,ru,RU
42e2d6336ac4,lenta,https://lenta.ru/news/2026/02/23/masshtabnye-besporyadki-karteley-dobralis-do-kurortov-meksiki/,2026-02-23 00:00:00,"Масштабные беспорядки картелей добрались до курортов Мексики02:11, 23 февраля 2026Путешествия",,,ru,RU
abdec00060c7,lenta,https://lenta.ru/news/2026/02/23/dmitriev-zayavil-o/,2026-02-23 00:00:00,"Дмитриев констатировал конец британской короны02:57, 23 февраля 2026Мир",,,ru,RU
674109baaa7b,lenta,https://lenta.ru/news/2026/02/23/na-zapade-ob-yasnili-stremlenie-zelenskogo-prodolzhat-konflikt/,2026-02-23 00:00:00,"На Западе объяснили стремление Зеленского продолжать конфликт01:42, 23 февраля 2026Интернет и СМИ",,,ru,RU
55ae9322c502,lenta,https://lenta.ru/news/2026/02/23/posledniy-den-igr/,2026-02-23 00:00:00,"Россиянка взяла чужие лыжи и поплатилась, а хоккеисты США завоевали золото впервые за 46 лет. Как прошел последний день Олимпиады01:14, 23 февраля 2026Спорт",,,ru,RU
225332991cdc,lenta,https://lenta.ru/news/2026/02/23/nazvano-chislo-sbityh-za-nedelyu-ukrainskih-bpla/,2026-02-23 00:00:00,"Названо число сбитых за неделю украинских БПЛА01:57, 23 февраля 2026Россия",,,ru,RU
3b7024d7d96d,lenta,https://lenta.ru/news/2026/02/22/moguschestvennyy-narkobaron-ubit-v-meksike-v-strane-nachalas-boynya-mezhdu-armiey-i-kartelem-chi-boeviki-uchilis-voevat-na-ukraine/,2026-02-23 00:00:00,"Могущественный наркобарон убит в Мексике. В стране началась бойня между армией и картелем, чьи боевики учились воевать на Украине02:33, 23 февраля 2026Мир",,,ru,RU
90052ff74c94,lenta,https://lenta.ru/news/2026/02/23/putin-nazval-bezuslovnyy-prioritet-rossii/,2026-02-23 00:00:00,"Путин назвал безусловный приоритет России00:16, 23 февраля 2026Россия",,,ru,RU
666f6986edff,lenta,https://lenta.ru/news/2026/02/23/putin-pozdravil-rossiyan-s-dnem-zaschitnika-otechestva/,2026-02-23 00:00:00,"Путин поздравил россиян с Днем защитника Отечества00:18, 23 февраля 2026Россия",,,ru,RU
cc2981e0ab68,lenta,https://lenta.ru/news/2026/02/23/raskryty-detali-operatsii-po-likvidatsii-glavarya-krupneyshego-narkokartelya-meksiki/,2026-02-23 00:00:00,"Раскрыты детали операции по ликвидации главаря крупнейшего наркокартеля Мексики00:40, 23 февраля 2026Мир",,,ru,RU
99fade371c80,lenta,https://lenta.ru/news/2026/02/23/na-zapade-vyskazalis-ob-ustranenii/,2026-02-23 00:00:00,"На Западе высказались об устранении Зеленского03:11, 23 февраля 2026Мир",,,ru,RU
182bad2434f5,lenta,https://lenta.ru/news/2026/02/23/raskryty-podrobnosti-raketnoy-ataki-vsu-na-belgorod/,2026-02-23 00:00:00,"Раскрыты подробности ракетной атаки ВСУ на Белгород00:50, 23 февраля 2026Россия",,,ru,RU
a526dd39236a,lenta,https://lenta.ru/news/2026/02/23/milonov-nazval-krivlyaniem-provedenie-gender-pati-v-rossii/,2026-02-23 00:00:00,"Милонов назвал кривлянием проведение гендер-пати в России02:38, 23 февраля 2026Россия",,,ru,RU
671636c117c5,lenta,https://lenta.ru/news/2026/02/23/rossiyanam-v-meksike-dali-sovet-iz-za-massovyh-besporyadkov/,2026-02-23 00:00:00,"Россиянам в Мексике дали совет из-за массовых беспорядков01:01, 23 февраля 2026Мир",,,ru,RU
3bec4bd18982,lenta,https://lenta.ru/news/2026/02/23/v-nato-nachali-gotovitsya-k-podvodnoy-voyne/,2026-02-23 00:00:00,"В НАТО начали готовиться к подводной войне03:09, 23 февраля 2026Наука и техника",,,ru,RU
f940624f7ce7,lenta,https://lenta.ru/news/2026/02/23/v-italii-ofitsialno-zakryli-olimpiyskie-igry/,2026-02-23 00:00:00,"В Италии официально закрыли Олимпийские игры00:34, 23 февраля 2026Спорт",,,ru,RU
aff23d0424f4,lenta,https://lenta.ru/news/2026/02/23/sozdatel-amerikanskoy-chvk/,2026-02-23 00:00:00,"Создатель американской ЧВК присоединился к разработчику дронов на Украине02:21, 23 февраля 2026Мир",,,ru,RU
807289a4b115,lenta,https://lenta.ru/news/2026/02/23/stalo-izvestno-ob-uchastii-ssha-v/,2026-02-23 00:00:00,"Стало известно об участии США в захвате главы наркокартеля в Мексике01:54, 23 февраля 2026Мир",,,ru,RU
c5d3ce0cae6e,lenta,https://lenta.ru/news/2026/02/23/srazu-nad-dvumya-rossiyskimi-gorodami-progremeli-vzryvy/,2026-02-23 00:00:00,"Сразу над двумя российскими городами прогремели взрывы03:02, 23 февраля 2026Россия",,,ru,RU
ecd62c2517e0,lenta,https://lenta.ru/news/2026/02/23/v-psihbolnitse-nashli-shtab-vsu/,2026-02-23 00:00:00,"В психбольнице нашли штаб ВСУ03:28, 23 февраля 2026Бывший СССР",,,ru,RU
c16942884d9a,lenta,https://lenta.ru/news/2026/02/23/raskryty-katastroficheskie-posledstviya-iz-za-resheniya-trampa/,2026-02-23 00:00:00,"Раскрыты катастрофические последствия из-за решения Трампа01:31, 23 февраля 2026Экономика",,,ru,RU
6659fdeed603,lenta,https://lenta.ru/news/2026/02/23/v-ssha-zayavili-o-gibeli-tysyach-soldat-nato-na-ukraine/,2026-02-23 00:00:00,"В США заявили о гибели тысяч солдат НАТО на Украине01:07, 23 февраля 2026Мир",,,ru,RU
4a6792183778,lenta,https://lenta.ru/news/2026/02/23/zaharova-vyskazalas-o-russkoyazychnyh-ukraintsah/,2026-02-23 00:00:00,"Захарова высказалась о русскоязычных украинцах01:30, 23 февраля 2026Мир",,,ru,RU
42033030520c,lenta,https://lenta.ru/news/2026/02/23/zelenskogo-ulichili-v-beschelovechnom-otnoshenii-k-svoemu-narodu/,2026-02-23 00:00:00,"Зеленского уличили в бесчеловечном отношении к своему народу02:23, 23 февраля 2026Мир",,,ru,RU
d41ab42ef25b,lenta,https://lenta.ru/news/2026/02/23/slutskiy-predlozhil-ne-uvolnyat-zhen-i-muzhey-uchastnikov-svo/,2026-02-23 00:00:00,"Слуцкий предложил не увольнять жен и мужей участников СВО02:36, 23 февраля 2026Россия",,,ru,RU
f733dfa4bfcc,lenta,https://lenta.ru/news/2026/02/23/vsu-udarili-po-rossiyskomu-gorodu-raketami-himars/,2026-02-23 00:00:00,"ВСУ ударили по российскому городу ракетами HIMARS00:17, 23 февраля 2026Россия",,,ru,RU
66993190b847,lenta,https://lenta.ru/news/2026/02/23/u-rezidentsii-trampa-proizoshlo-ubiystvo/,2026-02-23 00:00:00,"У резиденции Трампа произошло убийство00:20, 23 февраля 2026Мир",,,ru,RU
352354dd773d,lenta,https://lenta.ru/news/2026/02/23/memorialnuyu-dosku-politkovskoy-sorvali-v-23-raz/,2026-02-24 00:00:00,"Мемориальную доску Политковской сорвали в 23-й раз00:00, 24 февраля 2026Россия",,,ru,RU
6da85b17a76d,lenta,https://lenta.ru/news/2026/02/23/zelenskomu-napomnili-ob-upuschennoy-vozmozhnosti-v-2022-godu/,2026-02-24 00:00:00,"Зеленскому напомнили об упущенной возможности в 2022 году00:04, 24 февраля 2026Мир",,,ru,RU
ab869f985eeb,lenta,https://lenta.ru/news/2026/02/24/foto/,2026-02-24 00:00:00,"Появилось фото с места взрыва полицейской машины в Москве01:24, 24 февраля 2026Силовые структуры",,,ru,RU
1301d46941dc,lenta,https://lenta.ru/news/2026/02/24/kanadka-prosnulas-posle-operatsii-i-vnezapno-zagovorila-s-russkim-aktsentom/,2026-02-24 00:00:00,"Канадка проснулась после операции и внезапно заговорила с русским акцентом00:51, 24 февраля 2026Из жизни",,,ru,RU
6957188cf7a3,lenta,https://lenta.ru/news/2026/02/24/40-letnyaya-pevitsa-lili-allen-v-bluze-s-glubokim-dekolte-prishla-na-vecherinku/,2026-02-24 00:00:00,"40-летняя певица Лили Аллен в блузе с глубоким декольте пришла на вечеринку01:46, 24 февраля 2026Ценности",,,ru,RU
eb6010c58684,lenta,https://lenta.ru/news/2026/02/24/na-ukraine-nashli-neozhidannuyu-prichinu-ne-provodit-vybory/,2026-02-24 00:00:00,"На Украине нашли неожиданную причину не проводить выборы00:19, 24 февраля 2026Бывший СССР",,,ru,RU
1d5937a861ab,lenta,https://lenta.ru/news/2026/02/24/po-faktu-vzryva-v-moskve-vozbudili-ugolovnoe-delo/,2026-02-24 00:00:00,"По факту взрыва в Москве возбудили уголовное дело01:52, 24 февраля 2026Силовые структуры",,,ru,RU
7c2277f0353f,lenta,https://lenta.ru/news/2026/02/24/nazvan-svyazannyy-s-uhudsheniem-pamyati-ratsion-pitaniya/,2026-02-24 00:00:00,"Назван связанный с ухудшением памяти рацион питания00:50, 24 февраля 2026Наука и техника",,,ru,RU
adbdc10e62aa,lenta,https://lenta.ru/news/2026/02/24/poyavilis-podrobnosti-o-vzryve-v-moskve/,2026-02-24 00:00:00,"Появились подробности о взрыве в Москве00:59, 24 февраля 2026Силовые структуры",,,ru,RU
0c2ab90ee1fd,lenta,https://lenta.ru/news/2026/02/24/prostitutka-okazalas-seriynoy-ubiytsey/,2026-02-24 00:00:00,"Проститутка оказалась серийной убийцей02:21, 24 февраля 2026Из жизни",,,ru,RU
24dcd7d1b96f,lenta,https://lenta.ru/news/2026/02/24/raskryty-primety-podozrevaemogo-vo-vzryve-mashiny-dps-v-moskve/,2026-02-24 00:00:00,"Раскрыты приметы подозреваемого во взрыве машины ДПС в Москве01:46, 24 февраля 2026Силовые структуры",,,ru,RU
d84fa15b39cd,lenta,https://lenta.ru/news/2026/02/23/glavnyy-trener-zenita-pozhalovalsya-na-brazilskogo-futbolista-komandy/,2026-02-24 00:00:00,"Главный тренер «Зенита» пожаловался на бразильского футболиста команды01:00, 24 февраля 2026Спорт",,,ru,RU
db9391ae35c3,lenta,https://lenta.ru/news/2026/02/24/na-zapade-ukazali-na-vazhnuyu-detal-v-zayavlenii-medinskogo/,2026-02-24 00:00:00,"На Западе указали на важную деталь в заявлении Мединского01:27, 24 февраля 2026Интернет и СМИ",,,ru,RU
84c83a534ae0,lenta,https://lenta.ru/news/2026/02/24/mvd-soobschilo-o-gibeli-ispolnitelya-vzryva-v-moskve/,2026-02-24 00:00:00,"СК сообщил о гибели исполнителя взрыва в Москве01:52, 24 февраля 2026Россия",,,ru,RU
4166f4eff1cc,lenta,https://lenta.ru/news/2026/02/24/rossiya-i-ssha-obsudili-novyy-dogovor-po-yadernym-vooruzheniyam/,2026-02-24 00:00:00,"Россия и США захотели пригласить еще одну страну в ядерное соглашение00:34, 24 февраля 2026Мир",,,ru,RU
650348971fbb,lenta,https://lenta.ru/news/2026/02/24/poyavilis-novye-dannye-o-postradavshih-pri-vzryve-v-moskve/,2026-02-24 00:00:00,"Появились данные о пострадавших при взрыве в Москве01:41, 24 февраля 2026Россия",,,ru,RU
f7f337b6b504,lenta,https://lenta.ru/news/2026/02/24/raskryty-vozmozhnye-versii-vzryva-v-moskve/,2026-02-24 00:00:00,"Раскрыты возможные версии взрыва в Москве01:32, 24 февраля 2026Россия",,,ru,RU
2a02872ca59e,lenta,https://lenta.ru/news/2026/02/24/vsu-udarili-po-sevastopolyu/,2026-02-24 00:00:00,"ВСУ ударили по Севастополю01:06, 24 февраля 2026Россия",,,ru,RU
d6fc5b5e8a5d,lenta,https://lenta.ru/news/2026/02/24/tramp-prigrozil-iranu-plohim-dnem/,2026-02-24 00:00:00,"Трамп пригрозил Ирану «плохим днем»00:55, 24 февраля 2026Мир",,,ru,RU
7d3abc64f0fa,lenta,https://lenta.ru/news/2026/02/24/v-moskve-proizoshel-vzryv/,2026-02-24 00:00:00,"В Москве произошел взрыв00:38, 24 февраля 2026Россия",,,ru,RU
41d1c9f6dafe,lenta,https://lenta.ru/news/2026/02/24/v-slovah-zelenskogo-o-rossiyskih-voennyh-uvideli-priznanie-odnogo-fakta/,2026-02-24 00:00:00,"В словах Зеленского о российских военных увидели признание одного факта01:33, 24 февраля 2026Интернет и СМИ",,,ru,RU
bcb2798bd47f,lenta,https://lenta.ru/news/2026/02/24/v-ssha-t-95-sochli-luchshim-rossiyskim-tankom-kotorogo-nikogda-ne-bylo/,2026-02-24 00:00:00,"В США Т-95 сочли «лучшим российским танком, которого никогда не было»02:21, 24 февраля 2026Наука и техника",,,ru,RU
ee55da92637e,lenta,https://lenta.ru/news/2026/02/24/v-mvd-prokommentirovali-vzryv-v-moskve/,2026-02-24 00:00:00,"В МВД прокомментировали взрыв в Москве01:27, 24 февраля 2026Силовые структуры",,,ru,RU
34361b05c9c1,lenta,https://lenta.ru/news/2026/02/24/zaharova-nazvala-reshenie-o-nachale-svo-svoevremennym-i-obosnovannym/,2026-02-24 00:00:00,"Захарова назвала решение о начале СВО своевременным и обоснованным00:48, 24 февраля 2026Мир",,,ru,RU
374ee7613817,lenta,https://lenta.ru/news/2026/02/24/zaharova-zayavila-o-vskryvshihsya-iz-za-svo-planah-zapada/,2026-02-24 00:00:00,"Захарова заявила о вскрывшихся из-за СВО планах Запада00:28, 24 февраля 2026Мир",,,ru,RU
f849dab261dd,lenta,https://lenta.ru/news/2026/02/24/stalo-izvestno-o-smerti-vtorogo-sotrudnika-dps-pri-vzryve-v-moskve/,2026-02-24 00:00:00,"Стало известно о смерти второго полицейского при взрыве в Москве01:22, 24 февраля 2026Россия",,,ru,RU
953c8c3155d9,lenta,https://lenta.ru/news/2026/02/24/zaharova-oboznachila-uslovie-dlya-resheniya-konflikta-na-ukraine/,2026-02-24 00:00:00,"Захарова обозначила условие для решения конфликта на Украине01:11, 24 февраля 2026Мир",,,ru,RU
25a77f8cd2cd,lenta,https://lenta.ru/news/2026/02/24/sbu-nachala-proverku-iz-za-russkogo-yazyka-v-sumah/,2026-02-24 00:00:00,"СБУ начала проверку из-за русского языка в Сумах00:39, 24 февраля 2026Бывший СССР",,,ru,RU
f8ce92e0210d,lenta,https://lenta.ru/news/2026/02/24/vliyanie-nedosypa-na-zdorovie/,2026-02-24 00:00:00,"Россиян предупредили о серьезных последствиях хронического недосыпа01:46, 24 февраля 2026Забота о себе",,,ru,RU
da2731110d25,lenta,https://lenta.ru/news/2026/02/25/glava-mid-danii-propustil-vstrechu-es-iz-za-odnoy-nepriyatnosti/,2026-02-25 00:00:00,"Глава МИД Дании пропустил встречу ЕС из-за одной неприятности01:04, 25 февраля 2026Мир",,,ru,RU
2c3f4053e315,lenta,https://lenta.ru/news/2026/02/25/krupneyshiy-arhiv-dokumentov-ob-nlo-unichtozhen-posle-rasporyazheniya-trampa/,2026-02-25 00:00:00,"Крупнейший архив документов об НЛО уничтожен после распоряжения Трампа00:34, 25 февраля 2026Из жизни",,,ru,RU
230236add51b,lenta,https://lenta.ru/news/2026/02/25/laniado/,2026-02-25 00:00:00,"Операция на пенисе сгубила самого успешного в мире торговца бриллиантами. Что привело к нелепой смерти миллиардера?00:02, 25 февраля 2026Из жизни",,,ru,RU
be2d60f02b1e,lenta,https://lenta.ru/news/2026/02/25/muzh-zastal-sekretarshu-shkoly-v-posteli-so-shkolnikom-v-den-svyatogo-valentina/,2026-02-25 00:00:00,"Муж застал секретаршу школы в постели со школьником в День святого Валентина02:01, 25 февраля 2026Из жизни",,,ru,RU
2eda430977a5,lenta,https://lenta.ru/news/2026/02/25/korol-norvegii-gospitalizirovan/,2026-02-25 00:00:00,"Король Норвегии госпитализирован02:42, 25 февраля 2026Из жизни",,,ru,RU
37d9ed4296f8,lenta,https://lenta.ru/news/2026/02/25/na-ukraine-nachalas-panika-iz-za-referenduma/,2026-02-25 00:00:00,"На Украине началась паника из-за референдума02:35, 25 февраля 2026Бывший СССР",,,ru,RU
d463f0ae2839,lenta,https://lenta.ru/news/2026/02/25/paren-popytalsya-byt-zagadochnym-na-pervom-svidanii-i-stolknulsya-s-politseyskimi/,2026-02-25 00:00:00,"Парень попытался быть загадочным на первом свидании и столкнулся с полицейскими02:31, 25 февраля 2026Интернет и СМИ",,,ru,RU
6efeae90fcc0,lenta,https://lenta.ru/news/2026/02/25/opredeleno-neochevidnoe-vliyanie-nebolshoy-dozy-alkogolya-na-mozg/,2026-02-25 00:00:00,"Определено неочевидное влияние небольшой дозы алкоголя на мозг02:00, 25 февраля 2026Наука и техника",,,ru,RU
7ab0ea083a03,lenta,https://lenta.ru/news/2026/02/25/poka-nevozmozhno-ursula-fon-der-lyayen-vyskazalas-o-date-vstupleniya-ukrainy-v-evropeyskiy-soyuz/,2026-02-25 00:00:00,"«Пока невозможно». Урсула фон дер Ляйен высказалась о дате вступления Украины в Европейский союз00:50, 25 февраля 2026Мир",,,ru,RU
cfa4ec1badb5,lenta,https://lenta.ru/news/2026/02/25/polyhayuschiy-na-ukraine-ob-ekt-gazovoy-infrastruktury-posle-prileta-snyali-na-video/,2026-02-25 00:00:00,"Полыхающий на Украине объект газовой инфраструктуры после прилета сняли на видео00:33, 25 февраля 2026Бывший СССР",,,ru,RU
436363386042,lenta,https://lenta.ru/news/2026/02/25/poroshenko-peredal-vsu-100-fpv-dronov/,2026-02-25 00:00:00,"Порошенко передал ВСУ 100 FPV-дронов03:11, 25 февраля 2026Бывший СССР",,,ru,RU
36e05b5b2c91,lenta,https://lenta.ru/news/2026/02/25/ekspert-po-snu-nazval-prichinu-probuzhdeniya-v-tri-chasa-nochi/,2026-02-25 00:00:00,"Эксперт по сну назвал причину пробуждения в три часа ночи03:00, 25 февраля 2026Забота о себе",,,ru,RU
684fa2d832b8,lenta,https://lenta.ru/news/2026/02/25/rayon-rossiyskogo-goroda-millionnika-pogruzilsya-vo-tmu/,2026-02-25 00:00:00,"Район российского города-миллионника погрузился во тьму00:07, 25 февраля 2026Россия",,,ru,RU
568a12d38037,lenta,https://lenta.ru/news/2026/02/25/nebenzya-vyskazalsya-o-vozmozhnoy-peredache-ukraine-yadernoy-bomby/,2026-02-25 00:00:00,"Небензя высказался о возможной передаче Украине ядерного оружия01:38, 25 февраля 2026Мир",,,ru,RU
1e9e8da49873,lenta,https://lenta.ru/news/2026/02/25/muzhchina-nashel-zagadochnye-ostanki-trehletney-devochki-bez-ruki-i-bezlyudnoy-mestnosti/,2026-02-25 00:00:00,"Мужчина нашел загадочные останки трехлетней девочки без руки в безлюдной местности03:00, 25 февраля 2026Из жизни",,,ru,RU
ce150220e6e8,lenta,https://lenta.ru/news/2026/02/25/sever/,2026-02-25 00:00:00,"10 лет назад при взрыве на шахте «Северная» погибли 36 человек. Как виновнику аварии удалось бежать в Великобританию с миллионами?00:01, 25 февраля 2026Силовые структуры",,,ru,RU
383ac79cfb16,lenta,https://lenta.ru/news/2026/02/25/rossiyanka-pobyvala-v-shvetsii-i-opisala-osobennosti-zhizni-tam-frazoy-u-nas-vyzyvaet-styd/,2026-02-25 00:00:00,"Россиянка побывала в Швеции и описала особенности жизни там фразой «у нас вызывает стыд»03:30, 25 февраля 2026Путешествия",,,ru,RU
205fcdfbb2f6,lenta,https://lenta.ru/news/2026/02/25/v-polshe-otsenili-eksportnyy-potentsial-rossiyskoy-himars/,2026-02-25 00:00:00,"В Польше оценили экспортный потенциал «российской HIMARS»00:15, 25 февраля 2026Наука и техника",,,ru,RU
ae26ff3dba1a,lenta,https://lenta.ru/news/2026/02/25/stala-izvestna-prichina-moschnogo-vzryva-na-levom-beregu-kieva/,2026-02-25 00:00:00,"Названа предварительная причина взрыва на левом берегу Киева01:07, 25 февраля 2026Бывший СССР",,,ru,RU
fc8277b64666,lenta,https://lenta.ru/news/2026/02/25/sudmedekspert-vyskazalas-o-samoy-optimalnoy-smerti/,2026-02-25 00:00:00,"Судмедэксперт высказалась о самой оптимальной смерти01:00, 25 февраля 2026Забота о себе",,,ru,RU
cc8ac0fcac9e,lenta,https://lenta.ru/news/2026/02/25/uchenyy-lankov-prokommentiroval-svoe-zaderzhanie-v-latvii/,2026-02-25 00:00:00,"Ученый Ланьков прокомментировал свое задержание в Латвии03:46, 25 февраля 2026Бывший СССР",,,ru,RU
fe5da4cca49f,lenta,https://lenta.ru/news/2026/02/25/uitkoff-nazval-obyazatelnoe-uslovie-ukraine-dlya-podpisaniya-mirnogo-dogovora/,2026-02-25 00:00:00,"Уиткофф назвал обязательное условие для подписания мирного договора00:36, 25 февраля 2026Мир",,,ru,RU
2240c6cc1b84,lenta,https://lenta.ru/news/2026/02/25/v-belorussii-prodayut-derevnyu-s-pozitivnym-nazvaniem/,2026-02-25 00:00:00,"В Белоруссии выставили на продажу деревню с позитивным названием02:10, 25 февраля 2026Бывший СССР",,,ru,RU
66c7e9cfac00,lenta,https://lenta.ru/news/2026/02/25/67-letnyaya-madonna-v-otkrovennom-vide-pomyla-poly-dlya-reklamy-dolce-gabbana/,2026-02-25 00:00:00,"67-летняя Мадонна в откровенном виде помыла полы для рекламы Dolce & Gabbana01:00, 25 февраля 2026Ценности",,,ru,RU
a73e73add463,lenta,https://lenta.ru/news/2026/02/25/v-vashingtone-pered-obrascheniem-trampa-sel-samolet-sudnogo-dnya/,2026-02-25 00:00:00,"В Вашингтоне перед обращением Трампа сел «самолет Судного дня»03:15, 25 февраля 2026Мир",,,ru,RU
b0aa0b3cfb6c,lenta,https://lenta.ru/news/2026/02/25/zelenskiy-raskryl-mechty-rossii-o-prezidente-v-ukraine/,2026-02-25 00:00:00,"Зеленский раскрыл мечты России о президенте Украины03:09, 25 февраля 2026Бывший СССР",,,ru,RU
e28879116d9d,lenta,https://lenta.ru/news/2026/02/25/ssha-obvinili-rossiyu-v-zatyagivanii-konflikta-na-ukraine/,2026-02-25 00:00:00,"США обвинили Россию в затягивании конфликта на Украине03:54, 25 февраля 2026Мир",,,ru,RU
4bc8644ba909,lenta,https://lenta.ru/tags/organizations/nefteprovod-druzhba/,2026-02-25 00:00:00,"нефтепровода ""Дружба",,,ru,RU
e5d13f41cecd,lenta,https://lenta.ru/news/2026/02/25/vs-rossii-udarili-po-ukrainskoy-gazovoy-infrastrukture/,2026-02-25 00:00:00,"ВС России ударили по украинской газовой инфраструктуре01:47, 25 февраля 2026Россия",,,ru,RU
08fd0d7d4d21,lenta,https://lenta.ru/news/2026/02/25/ssha-ne-stali-podderzhivat-antirossiyskuyu-rezolyutsiyu-kieva/,2026-02-25 00:00:00,"США не стали поддерживать антироссийскую резолюцию Киева00:40, 25 февраля 2026Мир",,,ru,RU
2364690d1f94,lenta,https://lenta.ru/news/2026/02/25/v-latvii-vo-vremya-lektsii-zaderzhali-rossiyskogo-uchenogo/,2026-02-25 00:00:00,"В Латвии во время лекции задержали корееведа Андрея Ланькова01:37, 25 февраля 2026Бывший СССР",,,ru,RU
104758c465a9,lenta,https://lenta.ru/news/2026/02/26/raskryty-podrobnosti-o-devushkah-v-bikini-na-foto-s-hokingom/,2026-02-26 00:00:00,"Раскрыты подробности о девушках в бикини на фото с Хокингом00:55, 26 февраля 2026Мир",,,ru,RU
9d1adfecca5c,lenta,https://lenta.ru/news/2026/02/26/beregovaya-ohrana-ssha-otkazalas-kommentirovat-intsident-s-katerom-u-beregov-kuby/,2026-02-26 00:00:00,"Береговая охрана США отказалась комментировать инцидент с катером у берегов Кубы00:25, 26 февраля 2026Мир",,,ru,RU
e03d798be3a2,lenta,https://lenta.ru/news/2026/02/26/bolshaya-chast-mirnyh-zhiteley-pokinula-sumy/,2026-02-26 00:00:00,"Большая часть мирных жителей покинула Сумы02:03, 26 февраля 2026Бывший СССР",,,ru,RU
e2b8878578d1,lenta,https://lenta.ru/news/2026/02/26/call-center/,2026-02-26 00:00:00,"На Бали похитили и пытают сына украинского криминального авторитета. Как в этом замешаны мошеннические кол-центры, чеченцы и СБУ?00:01, 26 февраля 2026Бывший СССР",,,ru,RU
ce3a1946a7e4,lenta,https://lenta.ru/news/2026/02/26/administratsiya-ssha-otkazalas-rassmatrivat-intsident-v-vodah-kuby-kak-nechto-serieznoe/,2026-02-26 00:00:00,"Администрация США отказалась рассматривать инцидент в водах Кубы как нечто серьезное01:26, 26 февраля 2026Мир",,,ru,RU
2c0c7bd6eadf,lenta,https://lenta.ru/news/2026/02/26/desantniki-ssha-zahoteli-bolshe-tehniki-dlya-arktiki/,2026-02-26 00:00:00,"Десантники США захотели больше техники для Арктики00:15, 26 февраля 2026Наука и техника",,,ru,RU
b2963f522a0a,lenta,https://lenta.ru/news/2026/02/26/kongressmen-ssha-prizval-rassledovat-intsident-s-katerom-u-beregov-kuby/,2026-02-26 00:00:00,"Конгрессмен США призвал расследовать инцидент с катером у берегов Кубы01:34, 26 февраля 2026Мир",,,ru,RU
0df3e2689f74,lenta,https://lenta.ru/news/2026/02/26/kendall-dzhenner-obnazhila-yagoditsy-dlya-zhurnala/,2026-02-26 00:00:00,"Кендалл Дженнер обнажила ягодицы для журнала01:15, 26 февраля 2026Ценности",,,ru,RU
387fa77edcc7,lenta,https://lenta.ru/news/2026/02/26/nayden-sposob-predskazat-prodolzhitelnost-zhizni-po-analizu-krovi/,2026-02-26 00:00:00,"Найден способ предсказать продолжительность жизни по анализу крови02:00, 26 февраля 2026Наука и техника",,,ru,RU
75dba682c9d7,lenta,https://lenta.ru/news/2026/02/26/podpolie-rasskazala-ob-oboronyayuschih-odessu-boytsah/,2026-02-26 00:00:00,"Подполье рассказало об обороняющих Одессу бойцах01:47, 26 февраля 2026Бывший СССР",,,ru,RU
68b0223e48dc,lenta,https://lenta.ru/news/2026/02/26/pszh-s-safonovym-vyshel-v-1-8-finala-ligi-chempionov/,2026-02-26 00:00:00,"ПСЖ с Сафоновым вышел в 1/8 финала Лиги чемпионов01:37, 26 февраля 2026Спорт",,,ru,RU
1e0e7d00aec9,lenta,https://lenta.ru/news/2026/02/25/vs-rossii-unichtozhili-sklad-boepripasov-vsu-v-dnr/,2026-02-26 00:00:00,"ВС России уничтожили склад боеприпасов ВСУ в ДНР00:01, 26 февраля 2026Бывший СССР",,,ru,RU
eb2d60efaad3,lenta,https://lenta.ru/news/2026/02/26/glavu-mvd-serbii-gospitalizirovali-v-tyazhelom-sostoyanii/,2026-02-26 00:00:00,"Главу МВД Сербии госпитализировали в тяжелом состоянии01:00, 26 февраля 2026Мир",,,ru,RU
2112ea85ca9b,lenta,https://lenta.ru/news/2026/02/25/proukrainskit-grazhdane-atakovali-sovetskiy-memorial-v-slovakii/,2026-02-26 00:00:00,"Проукраинские граждане атаковали советский мемориал в Словакии00:58, 26 февраля 2026Мир",,,ru,RU
fe4ae0abdff1,lenta,https://lenta.ru/news/2026/02/26/davshiy-obet-bezbrachiya-nastoyatel-krupnogo-hrama-zavel-shest-lyubovnits-i-lishilsya-sana/,2026-02-26 00:00:00,"Давший обет безбрачия настоятель крупного храма завел шесть любовниц и лишился сана02:00, 26 февраля 2026Из жизни",,,ru,RU
99fd002f3534,lenta,https://lenta.ru/news/2026/02/26/mid-obvinil-vsu-v-ispolzovanii-otravlyayuschih-veschestv-protiv-rossiyskoy-armii-i-grazhdan/,2026-02-26 00:00:00,"МИД обвинил ВСУ в использовании отравляющих веществ против Российской армии и граждан02:08, 26 февраля 2026Мир",,,ru,RU
6c44196960d1,lenta,https://lenta.ru/news/2026/02/26/v-rossii-prizvali-razobratsya-s-frazoy-o-chetyreh-millionah-donosov/,2026-02-26 00:00:00,"В России призвали разобраться с фразой о «четырех миллионах доносов»00:09, 26 февраля 2026Россия",,,ru,RU
95d46615d7be,lenta,https://lenta.ru/news/2026/02/26/v-poltave-prozvuchali-vzryvy/,2026-02-26 00:00:00,"В Полтаве прозвучали взрывы01:12, 26 февраля 2026Бывший СССР",,,ru,RU
c59abc1c0537,lenta,https://lenta.ru/news/2026/02/26/uri-geller-rasskazal-o-taynom-puteshestvii-k-gigantskomu-korablyu-prisheltsev/,2026-02-26 00:00:00,"Ури Геллер рассказал о тайном путешествии к гигантскому кораблю пришельцев00:30, 26 февраля 2026Из жизни",,,ru,RU
0c7ef31ee1fa,lenta,https://lenta.ru/news/2026/02/26/tramp-zayavil-zelenskomu-o-zhelanii-zakonchit-konflikt-cherez-mesyats/,2026-02-26 00:00:00,"Трамп заявил Зеленскому о желании закончить конфликт через месяц01:55, 26 февраля 2026Мир",,,ru,RU
58b14b6e560b,lenta,https://lenta.ru/news/2026/02/26/u-rossii-voznikli-voprosy-k-ustavu-soveta-mira/,2026-02-26 00:00:00,"У России возникли вопросы к уставу Совета мира00:53, 26 февраля 2026Мир",,,ru,RU
48d969816431,lenta,https://lenta.ru/news/2026/02/26/v-rossii-ukazali-na-serieznoe-davlenie-na-evrosoyuz-so-storony-ssha/,2026-02-26 00:00:00,"В России указали на серьезное давление на Евросоюз со стороны США01:20, 26 февраля 2026Россия",,,ru,RU
781ca1ee3200,lenta,https://lenta.ru/news/2026/02/26/raskryty-neochevidnye-prichiny-trudnostey-s-zasypaniem/,2026-02-26 00:00:00,"Раскрыты наиболее распространенные причины трудностей с засыпанием01:00, 26 февраля 2026Забота о себе",,,ru,RU
c9401bec667e,lenta,https://lenta.ru/news/2026/02/26/v-ssha-predupredili-zapadnye-strany-o-posledstviyah-provokatsiy-protiv-rossii/,2026-02-26 00:00:00,"В США предупредили западные страны о последствиях провокаций против России01:49, 26 февраля 2026Мир",,,ru,RU
bd41509699ec,lenta,https://lenta.ru/tags/organizations/roskomnadzor/,2026-02-26 00:00:00,Роскомнадзор,,,ru,RU
05e621eef563,lenta,https://lenta.ru/news/2026/02/26/stalo-izvestno-ob-otsutstvii-svyazi-voshedshego-v-territorialnye-vody-kuby-katera-s-vms-ssha/,2026-02-26 00:00:00,"Стало известно об отсутствии связи вошедшего в территориальные воды Кубы катера с ВМС США00:59, 26 февраля 2026Мир",,,ru,RU
b52f54dd4e98,lenta,https://lenta.ru/news/2026/02/26/voenkomy-otobrali-u-ukraintsa-velosiped/,2026-02-26 00:00:00,"Военкомы отобрали у украинца велосипед00:23, 26 февраля 2026Бывший СССР",,,ru,RU
c5c8f86a1eea,lenta,https://lenta.ru/news/2026/02/26/rodstvenniki-plennyh-soldat-vsu-poprosiili-ih-ne-vozvraschatsya-domoy/,2026-02-26 00:00:00,"Родственники пленных солдат ВСУ попросили их не возвращаться домой00:22, 26 февраля 2026Бывший СССР",,,ru,RU
10813a03e3d1,lenta,https://lenta.ru/news/2026/02/26/umer-akter-iz-seriala-brigada/,2026-02-26 00:00:00,"Умер актер из сериала «Бригада»00:43, 26 февраля 2026Культура",,,ru,RU
ad83f131a711,lenta,https://lenta.ru/news/2026/02/27/changes/,2026-02-27 00:00:00,"Новые требования к такси, правила брони отелей и штрафы для дачников. Что изменится в России с 1 марта?00:01, 27 февраля 2026Россия",,,ru,RU
c32fe0861aa8,lenta,https://lenta.ru/news/2026/02/27/eks-premier-rossii-odnoy-frazoy-otsenil-buduschee-otnosheniy-s-ukrainoy/,2026-02-27 00:00:00,"Экс-премьер России одной фразой оценил будущее отношений с Украиной01:18, 27 февраля 2026Россия",,,ru,RU
6c487aa21966,lenta,https://lenta.ru/news/2026/02/27/glava-pentagona-rasskazal-o-rassekrechivanii-inoplanetyan/,2026-02-27 00:00:00,"Глава Пентагона рассказал о рассекречивании инопланетян00:35, 27 февраля 2026Из жизни",,,ru,RU
97ea5b13744c,lenta,https://lenta.ru/news/2026/02/27/izvestnyy-ekonomist-rezko-vyskazalsya-o-evropeyskih-liderah-i-rossii/,2026-02-27 00:00:00,"Известный экономист резко высказался о европейских лидерах и России00:46, 27 февраля 2026Мир",,,ru,RU
c64c35b7cc25,lenta,https://lenta.ru/news/2026/02/27/cheap-macbook/,2026-02-27 00:00:00,"Перечислены недостатки самого дешевого компьютера Apple02:00, 27 февраля 2026Наука и техника",,,ru,RU
13c7068d96fd,lenta,https://lenta.ru/news/2026/02/27/muzhchina-razbil-molotkom-stenu-kremlya-i-poluchil-srok/,2026-02-27 00:00:00,"Мужчина разбил молотком стену Кремля и получил срок02:05, 27 февраля 2026Силовые структуры",,,ru,RU
c70bce0af9a0,lenta,https://lenta.ru/news/2026/02/27/moschnye-vzryvy-progremeli-v-stolitse-afganistana/,2026-02-27 00:00:00,"Мощные взрывы прогремели в столице Афганистана01:25, 27 февраля 2026Мир",,,ru,RU
505b6717cdb8,lenta,https://lenta.ru/news/2026/02/27/muzhchinam-perechislili-uhudshayuschie-kachestvo-spermy-privychki/,2026-02-27 00:00:00,"Мужчинам перечислили ухудшающие качество спермы привычки01:00, 27 февраля 2026Забота о себе",,,ru,RU
1312f2d0bcc8,lenta,https://lenta.ru/news/2026/02/27/nazvany-uliki-v-dele-pohititelya-devyatiletney-shkolnitsy/,2026-02-27 00:00:00,"Названы улики в деле похитителя девятилетней школьницы00:11, 27 февраля 2026Силовые структуры",,,ru,RU
ac26d2ad45de,lenta,https://lenta.ru/news/2026/02/27/niderlandskiy-ministr-opublikoval-provokatsionnyy-post/,2026-02-27 00:00:00,"Нидерландский министр опубликовал провокационный пост00:58, 27 февраля 2026Мир",,,ru,RU
2bf96fd2f184,lenta,https://lenta.ru/news/2026/02/27/42-letnyaya-supermodel-snyalas-obnazhennoy/,2026-02-27 00:00:00,"42-летняя супермодель снялась обнаженной01:00, 27 февраля 2026Ценности",,,ru,RU
dbdf1ae99834,lenta,https://lenta.ru/news/2026/02/27/moment-spaseniya-pohischennoy-shkolnitsy-v-smolenske-snyali-na-video/,2026-02-27 00:00:00,"Момент спасения похищенной школьницы в Смоленске сняли на видео00:54, 27 февраля 2026Силовые структуры",,,ru,RU
8a5720bdb284,lenta,https://lenta.ru/news/2026/02/27/maduro-vyskazalsya-o-svoem-ugolovnom-dele/,2026-02-27 00:00:00,"Мадуро высказался о своем уголовном деле02:32, 27 февраля 2026Мир",,,ru,RU
cdbcfe0583de,lenta,https://lenta.ru/news/2026/02/26/v-vengrii-vnov-prigrozili-ukraine/,2026-02-27 00:00:00,"В Венгрии вновь пригрозили Украине00:15, 27 февраля 2026Мир",,,ru,RU
fc2bf05c3e96,lenta,https://lenta.ru/news/2026/02/27/pohititel-devochki-v-smolenske-derzhal-ee-v-300-metrah-ot-roditeley/,2026-02-27 00:00:00,"Похититель девочки в Смоленске держал ее в 300 метрах от родителей00:31, 27 февраля 2026Силовые структуры",,,ru,RU
0a2aa1a87892,lenta,https://lenta.ru/news/2026/02/26/pozner-predlozhil-sportsmenam-vseh-stran-vystupat-bez-flagov-na-olimpiade/,2026-02-27 00:00:00,"Познер предложил спортсменам всех стран выступать без флагов на Олимпиаде00:25, 27 февраля 2026Спорт",,,ru,RU
e25a43fd132a,lenta,https://lenta.ru/news/2026/02/27/v-turtsii-razrabotali-avtomat-na-baze-sovetskogo-ak/,2026-02-27 00:00:00,"В Турции разработали автомат на базе советского АК00:15, 27 февраля 2026Наука и техника",,,ru,RU
dc58bb9049fe,lenta,https://lenta.ru/news/2026/02/27/v-rossii-otreagirovali-na-prisoedinenie-shveytsarii-k-antirossiyskim-sanktsiyam/,2026-02-27 00:00:00,"В России отреагировали на присоединение Швейцарии к антироссийским санкциям02:16, 27 февраля 2026Мир",,,ru,RU
0d8d166381e9,lenta,https://lenta.ru/news/2026/02/27/uk-ca/,2026-02-27 00:00:00,"Страны Запада хотят получить доступ к редкоземельным металлам Казахстана. Может ли это повредить интересам России в Средней Азии?00:58, 27 февраля 2026Бывший СССР",,,ru,RU
7e7cdccf3e1b,lenta,https://lenta.ru/news/2026/02/27/stalo-izvestno-o-meditsinskih-opytah-vsu-nad-plennymi/,2026-02-27 00:00:00,"Стало известно о медицинских опытах ВСУ над пленными01:51, 27 февраля 2026Россия",,,ru,RU
0e1cd4974c93,lenta,https://lenta.ru/news/2026/02/27/raskryty-dannye-o-pytkah-vsu-v-sekretnyh-tyurmah-na-ukraine/,2026-02-27 00:00:00,"Раскрыты данные о пытках ВСУ в секретных тюрьмах на Украине02:36, 27 февраля 2026Бывший СССР",,,ru,RU
f0144b5966d4,lenta,https://lenta.ru/news/2026/02/27/voennye-zayavili-o-letevshem-k-atomnomu-avianostsu-frantsii-bespilotnike/,2026-02-27 00:00:00,"Военные заявили о летевшем к атомному авианосцу Франции беспилотнике01:19, 27 февраля 2026Мир",,,ru,RU
bf20f757bbc5,lenta,https://lenta.ru/news/2026/02/27/vs-britanii-i-frantsii-zavershili-podgotovku-k-otpravke-na-ukrainu/,2026-02-27 00:00:00,"ВС Британии и Франции завершили подготовку к отправке на Украину01:30, 27 февраля 2026Мир",,,ru,RU
6c260a6e5f77,lenta,https://lenta.ru/news/2026/02/27/raskryta-sudba-zastryavshih-na-ldine-v-lenoblasti-rybakov/,2026-02-27 00:00:00,"Раскрыта судьба застрявших на льдине в Ленобласти рыбаков00:24, 27 февраля 2026Россия",,,ru,RU
556569d069fe,lenta,https://lenta.ru/news/2026/02/27/vsu-atakovali-energeticheskuyu-infrastrukturu-rossiyskogo-goroda/,2026-02-27 00:00:00,"ВСУ атаковали энергетическую инфраструктуру российского города01:07, 27 февраля 2026Россия",,,ru,RU
6d6df2be4bae,lenta,https://lenta.ru/news/2026/02/27/popytka-byt-romantichnym-s-devushkoy-obernulas-katastrofoy-dlya-ee-boyfrenda/,2026-02-27 00:00:00,"Попытка быть романтичным с девушкой обернулась катастрофой для ее бойфренда02:32, 27 февраля 2026Интернет и СМИ",,,ru,RU
069e3329d750,lenta,https://lenta.ru/news/2026/02/27/podrostok-sdal-v-politsiyu-iznasilovavshuyu-ego-29-letnyuyu-uchitelnitsu/,2026-02-27 00:00:00,"Подросток сдал в полицию изнасиловавшую его 29-летнюю учительницу02:00, 27 февраля 2026Из жизни",,,ru,RU
f29ae8be4bfe,lenta,https://lenta.ru/news/2026/02/27/strana-es-usilila-voennuyu-aktivnost-dlya-zaschity-ot-ukrainy/,2026-02-27 00:00:00,"Страна ЕС усилила военную активность для защиты от Украины02:04, 27 февраля 2026Бывший СССР",,,ru,RU
512ab5774c27,lenta,https://lenta.ru/news/2026/02/28/poiskoviku-google-predrekli-smertelnyy-udar/,2026-02-28 00:00:00,"Поисковику Google предрекли «смертельный удар»02:54, 28 февраля 2026Интернет и СМИ",,,ru,RU
665e5120e1b8,lenta,https://lenta.ru/news/2026/02/28/britanskiy-biznesmen-ukrasil-gorod-gosudarstvennymi-flagami-i-poluchil-ogromnyy-shtraf/,2026-02-28 00:00:00,"В европейской стране бизнесмен украсил город флагами и получил огромный штраф02:42, 28 февраля 2026Мир",,,ru,RU
4240f63524f6,lenta,https://lenta.ru/news/2026/02/28/coolcation/,2026-02-28 00:00:00,"Отпуск в холодных странах стал новой роскошью. Почему пляжные курорты теряют популярность?00:01, 28 февраля 2026Путешествия",,,ru,RU
d8001ef8f072,lenta,https://lenta.ru/news/2026/02/28/intervyuer-prerval-zelenskogo-v-moment-obsuzhdeniya-yadernogo-oruzhiya-chto-rasskazal-glava-ukrainy-o-vyborah-i-vstreche-s-putinym/,2026-02-28 00:00:00,"Интервьюер прервал Зеленского в момент обсуждения ядерного оружия. Что рассказал глава Украины о выборах и встрече с Путиным?01:08, 28 февраля 2026Мир",,,ru,RU
b97185002df9,lenta,https://lenta.ru/news/2026/02/28/moshenniki-nachali-mstit-neudavshimsya-zhertvam/,2026-02-28 00:00:00,"Мошенники начали филигранно мстить неудавшимся жертвам04:21, 28 февраля 2026Экономика",,,ru,RU
4d355b683cac,lenta,https://lenta.ru/news/2026/02/28/poyavilis-novye-podrobnosti-o-yakoby-rossiyskom-drone-v-portu-shvetsii/,2026-02-28 00:00:00,"Появились новые подробности о якобы российском дроне в порту Швеции01:07, 28 февраля 2026Мир",,,ru,RU
61a65582a8fb,lenta,https://lenta.ru/news/2026/02/28/neskolko-rossiyan-umerli-na-populyarnom-kurorte-iz-za-razlichnyh-infektsiy/,2026-02-28 00:00:00,"Несколько россиян умерли на популярном курорте из-за различных инфекций04:23, 28 февраля 2026Путешествия",,,ru,RU
2ce1adcdee66,lenta,https://lenta.ru/news/2026/02/28/raskryta-sudba-rublya-v-nachale-vesny/,2026-02-28 00:00:00,"Раскрыта судьба рубля в начале весны04:07, 28 февраля 2026Экономика",,,ru,RU
fa7e9bb4bbb1,lenta,https://lenta.ru/news/2026/02/28/rubio-zapretil-diplomatam-meshat-peregovoram-s-odnoy-stranoy/,2026-02-28 00:00:00,"Рубио запретил дипломатам мешать переговорам с одной страной03:46, 28 февраля 2026Мир",,,ru,RU
5886bb77be57,lenta,https://lenta.ru/news/2026/02/28/stali-izvestny-novye-podrobnosti-o-mirnyh-peregovorah/,2026-02-28 00:00:00,"Стали известны новые подробности о переговорах по Украине04:27, 28 февраля 2026Мир",,,ru,RU
60bf48bedb41,lenta,https://lenta.ru/news/2026/02/28/stalo-izvestno-o-planah-zapada-usilit-eskalatsiyu-s-rossiey/,2026-02-28 00:00:00,"Эксперт предупредил о последствиях передачи ядерного оружия Украине00:22, 28 февраля 2026Мир",,,ru,RU
e3d18476e51f,lenta,https://lenta.ru/news/2026/02/28/tramp-sdelal-novoe-gromkoe-zayavlenie-ob-ukraine/,2026-02-28 00:00:00,"Трамп сделал новое громкое заявление об Украине00:28, 28 февраля 2026Мир",,,ru,RU
9b29ecf30481,lenta,https://lenta.ru/news/2026/02/28/britanskiy-analitik-ukazal-na-trevogu-vsu-iz-za-odessy/,2026-02-28 00:00:00,"Британский аналитик указал на тревогу ВСУ из-за Одессы04:43, 28 февраля 2026Мир",,,ru,RU
b6b7f9ca2dac,lenta,https://lenta.ru/news/2026/02/28/poyavilis-podrobnosti-o-pozhare-na-npz-v-krasnodarskom-krae/,2026-02-28 00:00:00,"Появились подробности о пожаре на НПЗ в Краснодарском крае01:35, 28 февраля 2026Россия",,,ru,RU
08c6fe7be610,lenta,https://lenta.ru/news/2026/02/28/antirossiyskuyu-perepevku-pesni-sigma-boy-priznali-ekstremistskoy/,2026-02-28 00:00:00,"Антироссийскую перепевку песни «Сигма-бой» признали экстремистской04:43, 28 февраля 2026Силовые структуры",,,ru,RU
d59dea4e860d,lenta,https://lenta.ru/news/2026/02/28/zapad-lishil-ukrainu-sposobnosti-zaschischatsya/,2026-02-28 00:00:00,"Запад лишил Украину способности защищаться04:25, 28 февраля 2026Интернет и СМИ",,,ru,RU
509cc07462c2,lenta,https://lenta.ru/news/2026/02/27/moment-vzryva-v-moskve-popal-na-video/,2026-02-28 00:00:00,"Момент взрыва в Москве попал на видео00:01, 28 февраля 2026Россия",,,ru,RU
818ea30a85ea,lenta,https://lenta.ru/news/2026/02/28/v-rossiyskom-gorode-geroe-proizoshlo-zemletryasenie/,2026-02-28 00:00:00,"В российском городе-герое произошло землетрясение02:58, 28 февраля 2026Экономика",,,ru,RU
07209ad720e6,lenta,https://lenta.ru/news/2026/02/28/v-shveytsarii-likvidiruyut-bank-na-fone-podozreniy-v-svyazyah-s-rossiey/,2026-02-28 00:00:00,"В Швейцарии ликвидируют банк на фоне подозрений в связях с Россией04:07, 28 февраля 2026Экономика",,,ru,RU
0d5def3e649b,lenta,https://lenta.ru/news/2026/02/28/voennyy-samolet-s-gruzom-deneg-ruhnul-na-shosse-v-bolivii/,2026-02-28 00:00:00,"Военный самолет с грузом денег рухнул на шоссе в Боливии04:22, 28 февраля 2026Мир",,,ru,RU
eb6ffd53d4a8,lenta,https://lenta.ru/news/2026/02/28/vsu-udarili-po-rossiyskomu-neftepererabatyvayuschemu-zavodu/,2026-02-28 00:00:00,"ВСУ ударили по российскому нефтеперерабатывающему заводу00:30, 28 февраля 2026Россия",,,ru,RU
4b92368bd838,lenta,https://lenta.ru/news/2026/02/28/vvz1/,2026-02-28 00:00:00,"Вора в законе Васю Бриллианта называли легендой преступного мира. Как он стал главной проблемой для надзирателей советских тюрем?00:01, 28 февраля 2026Силовые структуры",,,ru,RU
88b05713a47f,lenta,https://lenta.ru/news/2026/02/28/vzryvy-i-vspyshki-iz-dvigatelya-uvideli-passazhiry-v-samolete-rossiyskoy-aviakompanii/,2026-02-28 00:00:00,"Взрывы и вспышки из двигателя увидели пассажиры в самолете российской авиакомпании02:00, 28 февраля 2026Путешествия",,,ru,RU
edc83abcfe3f,lenta,https://lenta.ru/news/2026/02/27/ushel-iz-zhizni-izvestnyy-pisatel-fantast/,2026-02-28 00:00:00,"Ушел из жизни известный писатель-фантаст00:14, 28 февраля 2026Культура",,,ru,RU
521d2378a637,lenta,https://lenta.ru/tags/organizations/sovbez-oon/,2026-02-28 00:00:00,Совета Безопасности ООН,,,ru,RU
c74dc8137220,lenta,https://lenta.ru/news/2026/02/28/v-kaspiyskom-more-naydeno-telo-rekordsmena-ginnesa/,2026-02-28 00:00:00,"В Каспийском море найдено тело рекордсмена Гиннесса03:52, 28 февраля 2026Россия",,,ru,RU
954720ed5b94,lenta,https://lenta.ru/news/2026/02/28/zelenskiy-sdelal-derzkoe-zayavlenie-o-vyborah-na-ukraine/,2026-02-28 00:00:00,"Зеленский сделал дерзкое заявление о выборах на Украине00:48, 28 февраля 2026Бывший СССР",,,ru,RU
f564ed6cfcd7,lenta,https://lenta.ru/news/2026/02/28/v-baltike-otreagirovali-na-otmenu-gola-v-vorota-zenita/,2026-02-28 00:00:00,"В «Балтике» отреагировали на отмену гола в ворота «Зенита»01:01, 28 февраля 2026Спорт",,,ru,RU
20b347b2f211,lenta,https://lenta.ru/news/2026/02/28/umer-legenda-rok-n-rolla-nil-sedaka/,2026-02-28 00:00:00,"Умер легенда американского рок-н-ролла02:47, 28 февраля 2026Культура",,,ru,RU
4045813be94c,lenta,https://lenta.ru/news/2026/02/28/tramp-vyskazalsya-ob-otnosheniyah-s-lukashenko/,2026-02-28 00:00:00,"Трамп высказался об отношениях с Лукашенко02:14, 28 февраля 2026Мир",,,ru,RU
bb6215c527aa,lenta,https://lenta.ru/news/2026/02/28/zelenskiy-pytalsya-podnyat-v-intervyu-ostruyu-temu-i-byl-prervan/,2026-02-28 00:00:00,"Зеленский пытался поднять в интервью острую тему и был прерван00:21, 28 февраля 2026Мир",,,ru,RU
f7e07e0863c0,lenta,https://lenta.ru/news/2026/03/01/evakuatsiyu-iz-mezhdunarodnogo-aeroporta-dubaya-snyali-na-video/,2026-03-01 00:00:00,"Эвакуацию из международного аэропорта Дубая сняли на видео00:23, 1 марта 2026Путешествия",,,ru,RU
bb6e1fe61fba,lenta,https://lenta.ru/news/2026/03/01/gensek-oon-vnov-osudil-ataku-ssha-i-izrailya-na-iran/,2026-03-01 00:00:00,"Генсек ООН вновь осудил атаку США и Израиля на Иран00:20, 1 марта 2026Мир",,,ru,RU
020e6cbb6204,lenta,https://lenta.ru/news/2026/03/01/iran-atakoval-bazu-vms-ssha/,2026-03-01 00:00:00,"Иран атаковал базу ВМС США00:34, 1 марта 2026Мир",,,ru,RU
d26bf56f9781,lenta,https://lenta.ru/news/2026/03/01/iranskiy-bpla-atakoval-pyatizvezdochnyy-otel-v-dubae/,2026-03-01 00:00:00,"Иранский БПЛА атаковал пятизвездочный отель в Дубае01:03, 1 марта 2026Путешествия",,,ru,RU
d64bddc2fb61,lenta,https://lenta.ru/news/2026/03/01/chetyre-cheloveka-postradali-v-rezultate-obstrela/,2026-03-01 00:00:00,"Четыре человека пострадали в результате обстрела аэропорта Дубая01:26, 1 марта 2026Путешествия",,,ru,RU
886e97237caf,lenta,https://lenta.ru/news/2026/03/01/izrailskie-voennye-zavershili-ocherednuyu-volnu-udarov-po-iranu/,2026-03-01 00:00:00,"Израильские военные завершили очередную волну ударов по Ирану02:18, 1 марта 2026Мир",,,ru,RU
e8f99194994a,lenta,https://lenta.ru/news/2026/03/01/postpred-irana-poblagodaril-rossiyu-i-kitay/,2026-03-01 00:00:00,"Постпред Ирана поблагодарил Россию и Китай02:08, 1 марта 2026Мир",,,ru,RU
18f0e7738158,lenta,https://lenta.ru/news/2026/03/01/pervye-v-istorii-rossii-pravila-perevozok-dlya-turisticheskih-poezdov-vstupili-v-silu/,2026-03-01 00:00:00,"Первые в истории России правила перевозок для туристических поездов вступили в силу00:08, 1 марта 2026Путешествия",,,ru,RU
8e638db26f0a,lenta,https://lenta.ru/news/2026/03/01/nebenzya-rasskazal-o-vozmozhnyh-posledstviyah-agressii-protiv-irana/,2026-03-01 00:00:00,"Небензя рассказал о возможных последствиях агрессии против Ирана00:45, 1 марта 2026Мир",,,ru,RU
c311d835d2c4,lenta,https://lenta.ru/news/2026/03/01/na-stranitse-hamenei-v-x-poyavilsya-post-na-fone-soobscheniy-o-ego-smerti/,2026-03-01 00:00:00,"На странице Хаменеи в X появился пост на фоне сообщений о его смерти00:57, 1 марта 2026Мир",,,ru,RU
f51054c522dd,lenta,https://lenta.ru/news/2026/03/01/minoborony-oae-zayavilo-ob-unichtozhenii-bolee-sta-raket-i-bpla/,2026-03-01 00:00:00,"Минобороны ОАЭ заявило об уничтожении более ста ракет и БПЛА01:34, 1 марта 2026Мир",,,ru,RU
1d0e1977d26d,lenta,https://lenta.ru/news/2026/03/01/nazvany-posledstviya-udara-bpla-po-aeroportu-v-abu-dabi/,2026-03-01 00:00:00,"Названы последствия удара БПЛА по аэропорту в Абу-Даби02:17, 1 марта 2026Мир",,,ru,RU
433431408438,lenta,https://lenta.ru/news/2026/03/01/aviaperevozki-v-rossii-izmenilis-s-1-marta/,2026-03-01 00:00:00,"Авиаперевозки в России изменились с 1 марта00:10, 1 марта 2026Путешествия",,,ru,RU
bcab898053a9,lenta,https://lenta.ru/news/2026/03/01/izrailskie-voennye-soobschili-o-novyh-puskah-raket-so-storony-irana/,2026-03-01 00:00:00,"Израильские военные сообщили о новых пусках ракет со стороны Ирана02:40, 1 марта 2026Мир",,,ru,RU
fde8c2d93a49,lenta,https://lenta.ru/news/2026/03/01/1-marta-kakoy-prazdnik-segodnya-otmechayut-v-rossii-i-mire/,2026-03-01 00:00:00,"1 марта: какой праздник отмечают в России и мире00:05, 1 марта 2026Россия",,,ru,RU
548b1e33cf73,lenta,https://lenta.ru/news/2026/02/28/ubit-verhovnyy-lider-irana-ali-hamenei-utverzhdayut-v-izraile-chto-ob-etom-zayavili-tramp-netanyahu-i-ofitsialnyy-tegeran/,2026-03-01 00:00:00,"Убит верховный лидер Ирана Али Хаменеи. Что об этом заявили Трамп, Нетаньяху и официальный Тегеран?00:04, 1 марта 2026Мир",,,ru,RU
f1186f5ce296,lenta,https://lenta.ru/news/2026/03/01/postpred-rossii-nazval-operatsiyu-protiv-irana-predatelstvom-diplomatii/,2026-03-01 00:00:00,"Постпред России назвал операцию против Ирана предательством дипломатии01:10, 1 марта 2026Мир",,,ru,RU
a0326967c62f,lenta,https://lenta.ru/news/2026/03/01/v-odnom-iz-krupneyshih-portov-dubaya-nachalsya-pozhar/,2026-03-01 00:00:00,"В одном из крупнейших портов Дубая начался пожар02:11, 1 марта 2026Мир",,,ru,RU
a4dc4ce7f7f2,lenta,https://lenta.ru/news/2026/03/01/v-izraile-podtverdili-gibel-cheloveka-v-rezultate-ataki-irana/,2026-03-01 00:00:00,"В Израиле подтвердили гибель человека в результате атаки Ирана01:25, 1 марта 2026Мир",,,ru,RU
0318af586f1a,lenta,https://lenta.ru/news/2026/03/01/rossiyskiy-komandir-otvlek-ogon-vsu-pri-shturme/,2026-03-01 00:00:00,"Российский командир отвлек огонь ВСУ при штурме00:47, 1 марта 2026Россия",,,ru,RU
a72f5a892962,lenta,https://lenta.ru/news/2026/03/01/tramp-vyrazil-uverennost-v-smerti-ayatolly-hamenei/,2026-03-01 00:00:00,"Трамп выразил уверенность в смерти аятоллы Хаменеи00:01, 1 марта 2026Мир",,,ru,RU
0349f2510700,lenta,https://lenta.ru/news/2026/03/01/v-rossii-ogranichili-ispolzovanie-inostrannyh-slov-na-vyveskah/,2026-03-01 00:00:00,"В России ограничили использование иностранных слов на вывесках01:38, 1 марта 2026Россия",,,ru,RU
46e77ab9a434,lenta,https://lenta.ru/news/2026/03/01/v-irane-oprovergli-gibel-hamenei/,2026-03-01 00:00:00,"В Иране опровергли гибель Хаменеи00:06, 1 марта 2026Мир",,,ru,RU
fd7305562b7f,lenta,https://lenta.ru/news/2026/03/01/tramp-soobschil-o-gibeli-verhovnogo-lidera-irana/,2026-03-01 00:00:00,"Трамп сообщил о гибели верховного лидера Ирана00:43, 1 марта 2026Мир",,,ru,RU
1503e2d9b105,lenta,https://lenta.ru/news/2026/03/01/v-rossiyskom-regione-dva-cheloveka-postradali-pri-atakah-vsu/,2026-03-01 00:00:00,"В российском регионе два человека пострадали при атаках ВСУ01:34, 1 марта 2026Россия",,,ru,RU
b97150377d9b,lenta,https://lenta.ru/news/2026/03/01/rossiyskaya-aktrisa-opisala-obstanovku-v-dubae-vo-vremya-iranskih-atak/,2026-03-01 00:00:00,"Российская актриса описала обстановку в Дубае во время иранских атак02:26, 1 марта 2026Культура",,,ru,RU
8a9871b5ec7d,lenta,https://lenta.ru/news/2026/03/01/v-rossii-s-1-marta-izmenyatsya-pravila-bronirovaniya-nomerov-v-gostinitsah/,2026-03-01 00:00:00,"В России с 1 марта изменятся правила бронирования номеров в гостиницах00:00, 1 марта 2026Путешествия",,,ru,RU
aaa83843f181,lenta,https://lenta.ru/news/2026/03/01/rossiyanam-stalo-slozhnee-brat-v-dolg-do-zarplaty/,2026-03-01 00:00:00,"Россиянам стало сложнее брать «в долг до зарплаты»00:08, 1 марта 2026Экономика",,,ru,RU
81eaa90ec336,lenta,https://lenta.ru/news/2026/03/01/postpred-irana-zayavil-o-gibeli-100-detey-iz-za-udarov-ssha-i-izrailya/,2026-03-01 00:00:00,"Постпред Ирана заявил о гибели 100 детей из-за ударов США и Израиля01:56, 1 марта 2026Мир",,,ru,RU
9522c6c5b69b,lenta,https://lenta.ru/news/2026/03/01/v-rossii-otkryli-pamyatnik-zhertvam-koronavirusa/,2026-03-01 00:00:00,"В России открыли памятник жертвам коронавируса00:46, 1 марта 2026Экономика",,,ru,RU
29d66f5fa505,lenta,https://lenta.ru/news/2026/03/02/istrebiteli-britanii-vyleteli-posle-soobscheniy-o-vzryve-na-kipre/,2026-03-02 00:00:00,"Истребители Британии вылетели после сообщений о взрыве на Кипре02:25, 2 марта 2026Мир",,,ru,RU
81887da9f8f6,lenta,https://lenta.ru/news/2026/03/01/rost-populyarnosti-magazinov-dlya-bednyh-v-rossii-ob-yasnili/,2026-03-02 00:00:00,"Рост популярности «магазинов для бедных» в России объяснили00:10, 2 марта 2026Экономика",,,ru,RU
6f76dbed3692,lenta,https://lenta.ru/news/2026/03/01/spasennye-ukraintsy-zahoteli-ostatsya-v-rossii/,2026-03-02 00:00:00,"Спасенные украинцы из зоны СВО захотели остаться в России00:12, 2 марта 2026Россия",,,ru,RU
7cf66f38b278,lenta,https://lenta.ru/news/2026/03/02/britaniya-odobrila-prosbu-ssha-ob-udarah-v-irane/,2026-03-02 00:00:00,"Британия одобрила просьбу США об ударах в Иране00:57, 2 марта 2026Мир",,,ru,RU
ed73808ec235,lenta,https://lenta.ru/news/2026/03/02/evrotroyka-prigrozila-iranu/,2026-03-02 00:00:00,"«Евротройка» пригрозила Ирану01:17, 2 марта 2026Мир",,,ru,RU
6aa8d5669059,lenta,https://lenta.ru/news/2026/03/02/iz-irana-v-azerbaydzhan-evakuirovali-svyshe-30-rossiyan/,2026-03-02 00:00:00,"Из Ирана в Азербайджан эвакуировали свыше 30 россиян01:41, 2 марта 2026Бывший СССР",,,ru,RU
edd321f49681,lenta,https://lenta.ru/news/2026/03/02/izvraschenets-podglyadyval-za-zhenschinami-v-tualete-po-neozhidannoy-prichine/,2026-03-02 00:00:00,"Извращенец подглядывал за женщинами в туалете по неожиданной причине02:00, 2 марта 2026Из жизни",,,ru,RU
5cbb93241eee,lenta,https://lenta.ru/news/2026/03/02/posol-rasskazal-o-plane-stran-nato-protiv-rossii/,2026-03-02 00:00:00,"Посол рассказал о планах стран НАТО против России01:06, 2 марта 2026Мир",,,ru,RU
c247ec25ac62,lenta,https://lenta.ru/news/2026/03/02/oblomki-bespilotnika-popali-v-mnogoetazhku-iz-za-ataki-vsu-na-rossiyskiy-gorod/,2026-03-02 00:00:00,"Обломки дрона попали в многоэтажку из-за атаки ВСУ на российский город01:29, 2 марта 2026Россия",,,ru,RU
a7e90d09ec85,lenta,https://lenta.ru/news/2026/03/02/posolstvo-soobschilo-o-popytkah-diversiy-na-turetskom-potoke/,2026-03-02 00:00:00,"Посольство сообщило о попытках диверсий на «Турецком потоке»01:10, 2 марта 2026Мир",,,ru,RU
f7affdfb40a0,lenta,https://lenta.ru/news/2026/03/02/moschnyy-vzryv-proizoshel-v-dubae/,2026-03-02 00:00:00,"Мощный взрыв произошел в Дубае00:01, 2 марта 2026Мир",,,ru,RU
b0ab930a7bd8,lenta,https://lenta.ru/news/2026/03/02/kallas-ulichili-vo-lzhi-o-gibeli-hamenei/,2026-03-02 00:00:00,"Каллас уличили во лжи о гибели Хаменеи02:18, 2 марта 2026Мир",,,ru,RU
f7ed4756a61d,lenta,https://lenta.ru/news/2026/03/01/durov-nazval-obstrelivaemyy-dubay-bezopasnee-evropy/,2026-03-02 00:00:00,"Дуров назвал обстреливаемый Дубай безопаснее Европы00:07, 2 марта 2026Интернет и СМИ",,,ru,RU
e0031fc1cc0c,lenta,https://lenta.ru/news/2026/03/02/italiya-peredast-kievu-sidam-25/,2026-03-02 00:00:00,"Италия передаст Киеву SIDAM-2500:15, 2 марта 2026Наука и техника",,,ru,RU
ae9bc31ef208,lenta,https://lenta.ru/news/2026/02/27/tv-spy/,2026-03-02 00:00:00,"Телевизоры Samsung уличили в слежке02:00, 2 марта 2026Наука и техника",,,ru,RU
fa6dbab8ccc9,lenta,https://lenta.ru/news/2026/03/02/zamuzhnyaya-zhenschina-stolknulas-s-problemoy-iz-za-oralnogo-seksa/,2026-03-02 00:00:00,"Замужняя женщина столкнулась с проблемой из-за орального секса01:05, 2 марта 2026Забота о себе",,,ru,RU
b0364fab3bb3,lenta,https://lenta.ru/news/2026/03/02/ssha-atakovali-iran-kopiyami-geraney/,2026-03-02 00:00:00,"США атаковали Иран копиями «Гераней»01:40, 2 марта 2026Наука и техника",,,ru,RU
c8f44b9288f6,lenta,https://lenta.ru/news/2026/03/02/stalo-izvestno-o-massirovannoy-atake-dronov-vsu-na-rossiyskiy-gorod/,2026-03-02 00:00:00,"Стало известно о массированной атаке дронов ВСУ на российский город00:35, 2 марта 2026Россия",,,ru,RU
4215bd3d7881,lenta,https://lenta.ru/news/2026/03/02/tramp-obratilsya-k-iranskim-voennym-s-ultimatumom/,2026-03-02 00:00:00,"Трамп обратился к иранским военным с ультиматумом00:42, 2 марта 2026Мир",,,ru,RU
de0e041aced0,lenta,https://lenta.ru/news/2026/03/02/tramp-poobeschal-dostich-vseh-tseley-voennoy-operatsii-protiv-irana/,2026-03-02 00:00:00,"Трамп пообещал достичь всех целей военной операции против Ирана00:28, 2 марта 2026Мир",,,ru,RU
b4bf9f3ece95,lenta,https://lenta.ru/news/2026/03/02/ukrainu-poprosili-pomoch-v-otrazhenii-atak-irana/,2026-03-02 00:00:00,"Украину попросили помочь в отражении атак Ирана00:58, 2 марта 2026Мир",,,ru,RU
b3d30ba849f9,lenta,https://lenta.ru/news/2026/03/02/v-irane-raskryli-posledstviya-ataki-na-bazu-ssha-v-irakskom-kurdistane/,2026-03-02 00:00:00,"В Иране раскрыли последствия атаки на базу США в Иракском Курдистане00:34, 2 марта 2026Мир",,,ru,RU
6e7a8db6621d,lenta,https://lenta.ru/news/2026/03/02/v-rossii-sprognozirovali-hod-voyny-ssha-s-iranom/,2026-03-02 00:00:00,"В России спрогнозировали ход войны США с Ираном01:43, 2 марта 2026Мир",,,ru,RU
11b520c34f00,lenta,https://lenta.ru/news/2026/03/02/v-evrope-rezko-vyskazalis-o-zelenskom-posle-ego-slov-ob-irane/,2026-03-02 00:00:00,"В Европе резко высказались о Зеленском после его слов об Иране02:30, 2 марта 2026Интернет и СМИ",,,ru,RU
9c41a61785a5,lenta,https://lenta.ru/news/2026/03/02/zvezda-nominirovannogo-na-oskar-filma-vyshla-v-svet-v-prozrachnom-naryade/,2026-03-02 00:00:00,"Звезда номинированного на «Оскар» фильма вышла в свет в прозрачном наряде01:05, 2 марта 2026Ценности",,,ru,RU
1e448a9c1216,lenta,https://lenta.ru/tags/persons/kolyada-nikolay/,2026-03-02 00:00:00,Николай Коляда,,,ru,RU
532d4bb0bff7,lenta,https://lenta.ru/tags/organizations/minfin-rossii/,2026-03-02 00:00:00,Министерство финансов РФ,,,ru,RU
12df80143e6c,lenta,https://lenta.ru/news/2026/03/02/strany-persidskogo-zaliva-sdelali-preduprezhdenie-iranu/,2026-03-02 00:00:00,"Страны Персидского залива сделали предупреждение Ирану00:28, 2 марта 2026Мир",,,ru,RU
afec7a78a83e,lenta,https://lenta.ru/news/2026/03/02/ssha-otsenili-ataku-na-shtab-kvartiru-ksir-odnoy-frazoy/,2026-03-02 00:00:00,"США оценили атаку на штаб-квартиру КСИР одной фразой00:22, 2 марта 2026Мир",,,ru,RU
da795896c789,lenta,https://lenta.ru/news/2026/03/02/moschnyy-vzryv-razdalsya-na-baze-britanii-na-kipre/,2026-03-02 00:00:00,"Мощный взрыв раздался на базе Британии на Кипре02:02, 2 марта 2026Мир",,,ru,RU
5b9a64ad879d,lenta,https://lenta.ru/news/2026/03/02/veteran-nasa-rasskazal-ob-inoplanetyanah/,2026-03-02 00:00:00,"Ветеран НАСА рассказал об инопланетянах00:30, 2 марта 2026Из жизни",,,ru,RU
a3c385f3a346,lenta,https://lenta.ru/news/2026/03/03/iran-vystupil-s-ugrozoy-zablokirovat-neft/,2026-03-03 00:00:00,"Иран выступил с угрозой заблокировать нефть00:29, 3 марта 2026Мир",,,ru,RU
083d61d7cf23,lenta,https://lenta.ru/news/2026/03/03/poluzaschitnik-zenita-erohin-zayavil-o-gotovnosti-smenit-igrovuyu-pozitsiyu/,2026-03-03 00:00:00,"Полузащитник «Зенита» Ерохин заявил о готовности сменить игровую позицию00:53, 3 марта 2026Спорт",,,ru,RU
057bd864e84e,lenta,https://lenta.ru/news/2026/03/03/iranskiy-bred-pitt-poluchil-pulyu-v-glaz-cherez-dva-chasa-posle-uspeshnyh-sorevnovaniy/,2026-03-03 00:00:00,"«Иранский Брэд Питт» получил пулю в глаз через два часа после успешных соревнований03:03, 3 марта 2026Из жизни",,,ru,RU
dac582696f92,lenta,https://lenta.ru/news/2026/03/03/izrail-pod-chuzhim-flagom-atakoval-krupneyshiy-npz-v-saudovskoy-aravii/,2026-03-03 00:00:00,"Израиль «под чужим флагом» атаковал крупнейший НПЗ в Саудовской Аравии00:24, 3 марта 2026Мир",,,ru,RU
6f72ffef6efe,lenta,https://lenta.ru/news/2026/03/03/izvestnyy-preparat-neozhidanno-svyazali-s-zaschitoy-sustavov-pri-osteoartrite/,2026-03-03 00:00:00,"Известный препарат неожиданно связали с защитой суставов при остеоартрите00:30, 3 марта 2026Наука и техника",,,ru,RU
57a97c3edb64,lenta,https://lenta.ru/news/2026/03/03/likvidirovan-komandir-livanskogo-otdeleniya-islamskogo-dzhihada/,2026-03-03 00:00:00,"Ликвидирован командир ливанского отделения «Исламского джихада»01:12, 3 марта 2026Мир",,,ru,RU
8c5e3622478f,lenta,https://lenta.ru/news/2026/03/03/iran-1/,2026-03-03 00:00:00,"Описана стратегия Ирана по ведению войны00:15, 3 марта 2026Мир",,,ru,RU
56a152a8c777,lenta,https://lenta.ru/news/2026/03/03/mer-goroda-zanyalas-seksom-s-16-letnim-podrostkom-na-glazah-u-svoih-detey/,2026-03-03 00:00:00,"Мэр города занялась сексом с 16-летним подростком на глазах у своих детей02:00, 3 марта 2026Из жизни",,,ru,RU
66d2b8945e0d,lenta,https://lenta.ru/news/2026/03/03/minoborony-oae-soobschili-ob-otrazhenii-raketnoy-ataki-so-storony-irana/,2026-03-03 00:00:00,"Минобороны ОАЭ сообщило об отражении ракетной атаки со стороны Ирана02:20, 3 марта 2026Мир",,,ru,RU
abeeb92542ad,lenta,https://lenta.ru/news/2026/03/03/muzhchina-proletel-polmira-i-uslyshal-shokiruyuschie-slova-ot-svoey-devushki/,2026-03-03 00:00:00,"Мужчина пролетел полмира и был шокирован признанием своей девушки02:30, 3 марта 2026Интернет и СМИ",,,ru,RU
b69320468cd3,lenta,https://lenta.ru/news/2026/03/03/nazvana-novaya-tsel-izrailya-dlya-ataki-pod-chuzhim-flagom/,2026-03-03 00:00:00,"Названа новая цель Израиля для атаки «под чужим флагом»00:37, 3 марта 2026Мир",,,ru,RU
dc4648384d2e,lenta,https://lenta.ru/news/2026/03/03/norvezhskie-f-35a-vstretilis-s-russkimi-vityazyami/,2026-03-03 00:00:00,"Норвежские F-35A встретились с «Русскими витязями»02:00, 3 марта 2026Наука и техника",,,ru,RU
8f4f945fdf69,lenta,https://lenta.ru/news/2026/03/03/kipr-snova-podvergsya-bombardirovkam/,2026-03-03 00:00:00,"Кипр снова подвергся бомбардировкам02:22, 3 марта 2026Мир",,,ru,RU
b24a3e3777ff,lenta,https://lenta.ru/news/2026/03/03/melaniya-tramp-poblagodarila-rossiyu/,2026-03-03 00:00:00,"Мелания Трамп поблагодарила Россию02:10, 3 марта 2026Мир",,,ru,RU
2b936c95fb38,lenta,https://lenta.ru/news/2026/03/03/frazu-na-russkom-yazyke-uslyshali-v-novom-treke-gruppy-gorillaz/,2026-03-03 00:00:00,"Фразу на русском языке услышали в новом треке Gorillaz00:47, 3 марта 2026Культура",,,ru,RU
50cd24e62969,lenta,https://lenta.ru/news/2026/03/03/prizer-chempionatov-rossii-po-tyazheloy-atletike-pogib-v-hode-svo/,2026-03-03 00:00:00,"Призер чемпионатов России по тяжелой атлетике погиб в ходе СВО01:32, 3 марта 2026Спорт",,,ru,RU
f23ae94fd345,lenta,https://lenta.ru/news/2026/03/03/seksolog-podskazala-suprugam-sposob-podderzhivat-interes-k-seksu-v-brake/,2026-03-03 00:00:00,"Сексолог подсказала супругам способ поддерживать интерес к сексу в браке01:30, 3 марта 2026Забота о себе",,,ru,RU
3ec925a03f62,lenta,https://lenta.ru/news/2026/03/03/stesnyayuschayasya-razdevatsya-devstvennitsa-obratilas-za-sovetom/,2026-03-03 00:00:00,"Стесняющаяся раздеваться девственница обратилась за советом03:03, 3 марта 2026Забота о себе",,,ru,RU
1c215fa0d3f5,lenta,https://lenta.ru/news/2026/03/03/ukrainu-nazvali-myasnoy-lavkoy-na-rynke-mirovogo-nasiliya/,2026-03-03 00:00:00,"Украину назвали «мясной лавкой» на рынке мирового насилия00:56, 3 марта 2026Бывший СССР",,,ru,RU
915c4de72277,lenta,https://lenta.ru/news/2026/03/03/v-irane-nazvali-pozornyy-postupok-ssha-i-izrailya/,2026-03-03 00:00:00,"В Иране назвали позорный поступок США и Израиля02:02, 3 марта 2026Мир",,,ru,RU
fe4a4ba258bc,lenta,https://lenta.ru/news/2026/03/03/v-rossii-vpervye-s-1986-goda-vvedut-novyy-gost-na-hleb/,2026-03-03 00:00:00,"В России впервые с 1986 года введут новый ГОСТ на белый хлеб02:05, 3 марта 2026Россия",,,ru,RU
8a1a1a4b7e76,lenta,https://lenta.ru/news/2026/03/03/v-rossii-vspomnili-ob-esche-odnom-prorocheskom-predskazanii-zhirinovskogo/,2026-03-03 00:00:00,"В России вспомнили еще об одном пророческом предсказании Жириновского00:36, 3 марта 2026Россия",,,ru,RU
d74c16a7d381,lenta,https://lenta.ru/news/2026/03/03/v-ssha-oprovergli-blokirovku-ormuzskogo-proliva/,2026-03-03 00:00:00,"В США опровергли блокировку Ормузского пролива03:10, 3 марта 2026Мир",,,ru,RU
cc76381115eb,lenta,https://lenta.ru/news/2026/03/03/banki-odnoy-evropeyskoy-strany-nachali-ekstrenno-zakryvat-scheta-rossiyan/,2026-03-03 00:00:00,"Банки одной европейской страны начали экстренно закрывать счета россиян03:17, 3 марта 2026Экономика",,,ru,RU
8081970b79e8,lenta,https://lenta.ru/news/2026/03/03/zagadochnyy-ubiytsa-raspravilsya-s-11-letnim-malchikom-na-risovom-pole/,2026-03-03 00:00:00,"Загадочный убийца расправился с 11-летним мальчиком на рисовом поле00:30, 3 марта 2026Из жизни",,,ru,RU
059ca67c3fdf,lenta,https://lenta.ru/news/2026/03/03/zelenskiy-anonsiroval-provedenie-novogo-raunda-peregovorov-po-ukraine/,2026-03-03 00:00:00,"Зеленский анонсировал проведение нового раунда переговоров по Украине00:49, 3 марта 2026Бывший СССР",,,ru,RU
f4b311a05a0a,lenta,https://lenta.ru/news/2026/03/03/zelenskiy-rasskazal-o-svoem-strahe-na-fone-situatsii-na-blizhnem-vostoke/,2026-03-03 00:00:00,"Зеленский рассказал о своем страхе на фоне ситуации на Ближнем Востоке01:24, 3 марта 2026Бывший СССР",,,ru,RU
e5d1ed369db6,lenta,https://lenta.ru/news/2026/03/03/smchstv/,2026-03-03 00:00:00,"Миллионы россиян чувствуют себя больными, хотя их анализы в порядке. Что с ними происходит?00:01, 3 марта 2026Забота о себе",,,ru,RU
eda6da254ec2,lenta,https://lenta.ru/news/2026/03/03/sidni-suini-snyalas-toples-v-novoy-reklame-nizhnego-belya/,2026-03-03 00:00:00,"Сидни Суини снялась топлес в новой рекламе нижнего белья01:02, 3 марта 2026Ценности",,,ru,RU
af9c05e335e6,lenta,https://lenta.ru/news/2026/03/03/vrach-trampa-ob-yasnil-strannoe-pyatno-na-ego-shee-vo-vremya-vystupleniya-v-belom-dome/,2026-03-03 00:00:00,"Врач Трампа объяснил странное пятно на его шее во время выступления в Белом доме00:49, 3 марта 2026Мир",,,ru,RU
54cbca0c3ff6,lenta,https://lenta.ru/news/2026/03/04/rossiyskih-turistov-vynudili-pokinut-zastryavshiy-v-katare-kruiznyy-layner/,2026-03-04 00:00:00,"Российских туристов захотели выгнать с круизного лайнера в арабской стране00:23, 4 марта 2026Путешествия",,,ru,RU
f044c70cd460,lenta,https://lenta.ru/news/2026/03/04/byvshiy-posol-v-irane-prokommentiroval-sudbu-strany-posle-gibeli-hamenei/,2026-03-04 00:00:00,"Бывший посол в Иране прокомментировал судьбу страны после гибели Хаменеи01:01, 4 марта 2026Мир",,,ru,RU
f42823231ca9,lenta,https://lenta.ru/news/2026/03/04/iran-sbil-amerikanskiy-istrebitel-f-15/,2026-03-04 00:00:00,"Иран сбил американский истребитель F-1501:34, 4 марта 2026Мир",,,ru,RU
9731ca73e6c7,lenta,https://lenta.ru/news/2026/03/04/iran-zayavil-ob-ustanovlenii-polnogo-kontrolya-nad-ormuzskim-prolivom/,2026-03-04 00:00:00,"Иран заявил об установлении полного контроля над Ормузским проливом01:09, 4 марта 2026Мир",,,ru,RU
60bc1de002c1,lenta,https://lenta.ru/news/2026/03/04/bpla-atakovali-sumskuyu-oblast/,2026-03-04 00:00:00,"БПЛА атаковали Сумскую область00:24, 4 марта 2026Бывший СССР",,,ru,RU
395e62ef9be2,lenta,https://lenta.ru/news/2026/03/04/ksir-nazval-poteri-ssha-i-izrailya-s-nachala-konflikta/,2026-03-04 00:00:00,"КСИР назвал потери США и Израиля с начала конфликта01:42, 4 марта 2026Мир",,,ru,RU
6392421171c6,lenta,https://lenta.ru/news/2026/03/04/merts-vyskazalsya-ob-otpravke-nemetskih-voennyh-na-ukrainu/,2026-03-04 00:00:00,"Мерц высказался об отправке немецких военных на Украину00:13, 4 марта 2026Мир",,,ru,RU
8fd0fc9e1002,lenta,https://lenta.ru/news/2026/03/04/manekenschitsa-s-parikom-na-lobke-vyshla-na-podium-na-nedele-mody/,2026-03-04 00:00:00,"Манекенщица с париком на лобке вышла на подиум на Неделе моды01:15, 4 марта 2026Ценности",,,ru,RU
1c32ea7187f8,lenta,https://lenta.ru/news/2026/03/04/muzhchinam-podskazali-prostoy-sposob-menshe-volnovatsya-vo-vremya-seksa/,2026-03-04 00:00:00,"Мужчинам подсказали простой способ меньше волноваться во время секса01:00, 4 марта 2026Забота о себе",,,ru,RU
b2e271bbd9be,lenta,https://lenta.ru/news/2026/03/04/posol-irana-poobeschal-nakazanie-vinovnym-v-ubiystve-shkolnits/,2026-03-04 00:00:00,"Посол Ирана пообещал наказание виновным в убийстве школьниц00:41, 4 марта 2026Мир",,,ru,RU
fc73ce31cf60,lenta,https://lenta.ru/news/2026/03/04/raskryt-neozhidannyy-mehanizm-zaschity-ot-gipertonii/,2026-03-04 00:00:00,"Раскрыт неожиданный механизм защиты от гипертонии00:30, 4 марта 2026Наука и техника",,,ru,RU
8326514d6c1d,lenta,https://lenta.ru/news/2026/03/04/42-letnyaya-sotrudnitsa-shkoly-sovratila-15-letnego-podrostka-i-nasilovala-ego-vse-leto/,2026-03-04 00:00:00,"42-летняя сотрудница школы совратила 15-летнего подростка и насиловала его все лето02:00, 4 марта 2026Из жизни",,,ru,RU
303344526339,lenta,https://lenta.ru/news/2026/03/04/makron-zayavil-zaschite-frantsiey-vozdushnogo-prostranstva-soyuznikov-na-blizhnem-vostoke/,2026-03-04 00:00:00,"Макрон заявил о защите Францией воздушного пространства союзников на Ближнем Востоке00:07, 4 марта 2026Мир",,,ru,RU
27f0f38ba180,lenta,https://lenta.ru/news/2026/03/03/rubio-prokommentiroval-ataku-konsulstva-ssha-v-dubae/,2026-03-04 00:00:00,"Рубио прокомментировал атаку консульства США в Дубае00:02, 4 марта 2026Мир",,,ru,RU
670ba716125e,lenta,https://lenta.ru/news/2026/03/04/ispaniya-prizvala-ssha-uvazhat-mezhdunarodnoe-pravo/,2026-03-04 00:00:00,"Испания призвала США уважать международное право00:44, 4 марта 2026Мир",,,ru,RU
5c44666ac060,lenta,https://lenta.ru/news/2026/03/04/merts-zayavil-ob-otkaze-evropeytsev-prinyat-zaklyuchennoe-bez-ih-uchastiya-soglashenie-po-ukraine/,2026-03-04 00:00:00,"Мерц заявил об отказе европейцев принять заключенное без их участия соглашение по Украине00:14, 4 марта 2026Мир",,,ru,RU
80dc08b34a1f,lenta,https://lenta.ru/news/2026/03/04/v-rossii-zayavili-o-zatyazhnom-haraktere-konflikta-na-blizhnem-vostoke/,2026-03-04 00:00:00,"В России заявили о затяжном характере конфликта на Ближнем Востоке01:23, 4 марта 2026Россия",,,ru,RU
86eb8d3ab205,lenta,https://lenta.ru/news/2026/03/04/v-rossii-rekomendovali-priostanovit-prodazhu/,2026-03-04 00:00:00,"В России рекомендовали приостановить продажу туров в Катар и ОАЭ01:08, 4 марта 2026Путешествия",,,ru,RU
83f4e1f836a4,lenta,https://lenta.ru/news/2026/03/04/v-livane-nazvali-chislo-postradavshih-iz-za-atak-izrailya/,2026-03-04 00:00:00,"В Ливане назвали число пострадавших из-за атак Израиля01:24, 4 марта 2026Мир",,,ru,RU
c46b10281d29,lenta,https://lenta.ru/news/2026/03/04/svyazannyy-s-teoriyami-ob-inoplanetyanah-general-vvs-ssha-bessledno-ischez/,2026-03-04 00:00:00,"Связанный с теориями об инопланетянах генерал ВВС США бесследно исчез00:30, 4 марта 2026Из жизни",,,ru,RU
c0a0990d9d71,lenta,https://lenta.ru/news/2026/03/04/tramp-stal-rekordsmenom-po-chislu-voennyh-atak/,2026-03-04 00:00:00,"Трамп стал рекордсменом по числу военных атак по другим государствам01:27, 4 марта 2026Мир",,,ru,RU
daffeb7fb1d8,lenta,https://lenta.ru/news/2026/03/04/v-ssha-ispugalis-stolknoveniya-tsivilizatsiy-i-zahoteli-vlast-nad-vsem-mirovym-okeanom/,2026-03-04 00:00:00,"В США испугались «столкновения цивилизаций» и захотели власть над всем Мировым океаном02:00, 4 марта 2026Наука и техника",,,ru,RU
8c3a5f1f3f58,lenta,https://lenta.ru/news/2026/03/04/raskryty-posledstviya-konflikta/,2026-03-04 00:00:00,"Раскрыты последствия конфликта США и Израиля с Ираном для переговоров по Украине00:57, 4 марта 2026Мир",,,ru,RU
ab35fbe011f9,lenta,https://lenta.ru/news/2026/03/04/v-ssha-rasskazali-o-proryve-iranom-amerikanskih-sistem-pvo-v-oae/,2026-03-04 00:00:00,"В США рассказали о прорыве Ираном американских систем ПВО в ОАЭ01:09, 4 марта 2026Мир",,,ru,RU
7dfa25a2c4f3,lenta,https://lenta.ru/news/2026/03/04/zelenskomu-predrekli-porazhenie-na-vyborah-pri-odnom-uslovii/,2026-03-04 00:00:00,"Зеленскому предрекли поражение на выборах при одном условии00:26, 4 марта 2026Мир",,,ru,RU
e938eed485e4,lenta,https://lenta.ru/news/2026/03/04/ssha-nanesli-udar-po/,2026-03-04 00:00:00,"США нанесли удар по пунктам управления и контроля КСИР01:51, 4 марта 2026Мир",,,ru,RU
c2e7c8e522e3,lenta,https://lenta.ru/news/2026/03/04/zaharova-prokommentirovala-plany-germanii-i-polshi-po-razvitiyu-yadernyh-vozmozhnostey/,2026-03-04 00:00:00,"Захарова прокомментировала планы Германии и Польши по развитию ядерных возможностей01:48, 4 марта 2026Мир",,,ru,RU
ddd8262484d2,lenta,https://lenta.ru/news/2026/03/04/spetsbort-mchs-rossii-s-pokinuvshimi-iran-rossiyanami-vyletel-iz-azerbaydzhana/,2026-03-04 00:00:00,"Спецборт МЧС России с покинувшими Иран россиянами вылетел из Азербайджана02:10, 4 марта 2026Россия",,,ru,RU
5191fe84b545,lenta,https://lenta.ru/news/2026/03/04/tramp-vyskazalsya-ob-uchastii-sbornoy-irana-v-chm-2026/,2026-03-04 00:00:00,"Трамп высказался об участии сборной Ирана в ЧМ-202600:35, 4 марта 2026Спорт",,,ru,RU
a0c45b460adf,lenta,https://lenta.ru/news/2026/03/05/40-letnyaya-uchitelnitsa-22-raza-iznasilovala-shkolnika-v-svoey-mashine/,2026-03-05 00:00:00,"40-летняя учительница 22 раза изнасиловала школьника в своей машине02:00, 5 марта 2026Из жизни",,,ru,RU
2730346707b0,lenta,https://lenta.ru/news/2026/03/05/gensek-nato-rasskazal-o-podderzhke-udarov-ssha-v-irane/,2026-03-05 00:00:00,"Генсек НАТО рассказал о поддержке ударов США в Иране02:37, 5 марта 2026Мир",,,ru,RU
6357ab007dde,lenta,https://lenta.ru/news/2026/03/05/indiya-zaplanirovala-kupit-u-rossii-pyat-divizionov-s-400/,2026-03-05 00:00:00,"Индия запланировала купить у России пять дивизионов С-40002:00, 5 марта 2026Наука и техника",,,ru,RU
4d8c2fecd8a5,lenta,https://lenta.ru/news/2026/03/05/iran-udaril-po-zdaniyu-minoborony-izrailya-i-aeroportu-ben-gurion/,2026-03-05 00:00:00,"Иран ударил по зданию Минобороны Израиля и аэропорту Бен-Гурион02:19, 5 марта 2026Мир",,,ru,RU
61c9ad25bc66,lenta,https://lenta.ru/news/2026/03/05/belyy-dom-nazval-prichinu-resheniya-trampa-udarit-po-iranu/,2026-03-05 00:00:00,"Белый дом назвал причину решения Трампа ударить по Ирану02:40, 5 марта 2026Мир",,,ru,RU
91d753f35387,lenta,https://lenta.ru/news/2026/03/05/model-prikryla-goluyu-grud-posudoy-na-pokaze/,2026-03-05 00:00:00,"Модель прикрыла голую грудь посудой на показе01:16, 5 марта 2026Ценности",,,ru,RU
c9bf4332ef1f,lenta,https://lenta.ru/news/2026/03/05/nato-podgotovilas-k-zadeystvovaniyu-stati-o-kollektivnoy-oborone/,2026-03-05 00:00:00,"НАТО подготовилась к задействованию статьи о коллективной обороне00:54, 5 марта 2026Мир",,,ru,RU
f9cc6a654d89,lenta,https://lenta.ru/news/2026/03/05/putin-ob-yasnil-vzlet-tsen-na-gaz-dlya-evropy/,2026-03-05 00:00:00,"Путин объяснил взлет цен на газ для Европы03:14, 5 марта 2026Экономика",,,ru,RU
e1f2fcc724c2,lenta,https://lenta.ru/news/2026/03/05/pentagon-soobschil-o-rabote-nad-ustanovleniem-kontrolya-ssha-v-grenlandii/,2026-03-05 00:00:00,"Пентагон сообщил о работе над установлением контроля США в Гренландии00:25, 5 марта 2026Мир",,,ru,RU
4922a381b3e8,lenta,https://lenta.ru/news/2026/03/05/pochti-50-bespilotnikov-unichtozhili-v-nebe-nad-rossiey/,2026-03-05 00:00:00,"Почти 50 беспилотников уничтожили в небе над Россией00:56, 5 марта 2026Россия",,,ru,RU
5f3e4d2edad2,lenta,https://lenta.ru/news/2026/03/05/polsha-sozdast-usloviya-dlya-voennyh-sil-ssha-na-svoey-territorii/,2026-03-05 00:00:00,"Польша решила привлечь американских военных бытовыми условиями01:19, 5 марта 2026Мир",,,ru,RU
64027e3d1115,lenta,https://lenta.ru/news/2026/03/04/dmitriev-dal-evropeytsam-sovet-pri-ostanovke-postavok-gaza-rossiey/,2026-03-05 00:00:00,"Дмитриев дал совет при остановке поставок газа Россией в Европу00:10, 5 марта 2026Мир",,,ru,RU
e11cef99df94,lenta,https://lenta.ru/news/2026/03/05/muzhchinam-nazvali-veskuyu-prichinu-nadevat-prezervativ-pri-oralnom-sekse/,2026-03-05 00:00:00,"Мужчинам назвали вескую причину надевать презерватив при оральном сексе03:01, 5 марта 2026Забота о себе",,,ru,RU
71b0abba5572,lenta,https://lenta.ru/news/2026/03/05/iz-vsu-nachala-massovo-sbegat-elita/,2026-03-05 00:00:00,"Из ВСУ начала массово сбегать «элита»02:22, 5 марта 2026Бывший СССР",,,ru,RU
5b3c44a393b7,lenta,https://lenta.ru/news/2026/03/05/polsha-vystupila-protiv-sil-nato-na-ukraine/,2026-03-05 00:00:00,"Польша выступила против сил НАТО на Украине01:48, 5 марта 2026Мир",,,ru,RU
97fabb0912db,lenta,https://lenta.ru/news/2026/03/05/rossiyanam-nazvali-sposoby-zaschity-svoih-akkauntov-pri-utrate-nomera/,2026-03-05 00:00:00,"Россиянам назвали способы защиты своих аккаунтов при утрате номера00:16, 5 марта 2026Интернет и СМИ",,,ru,RU
a334bf269512,lenta,https://lenta.ru/news/2026/03/05/na-zapade-nazvali-glavnuyu-oshibku-ssha-v-irane/,2026-03-05 00:00:00,"На Западе назвали главную ошибку США в Иране01:16, 5 марта 2026Мир",,,ru,RU
d033e81ce247,lenta,https://lenta.ru/news/2026/03/05/v-finlyandii-zahoteli-poyti-na-opasnyy-shag-protiv-rossii/,2026-03-05 00:00:00,"В Финляндии захотели пойти на опасный шаг против России02:50, 5 марта 2026Мир",,,ru,RU
5cc3939dfb8b,lenta,https://lenta.ru/news/2026/03/05/sovetniki-trampa-prizvali-ego-srochno-ob-yavit-pobedu-v-voyne-s-iranom/,2026-03-05 00:00:00,"Советники Трампа призвали его срочно «объявить победу» в войне с Ираном00:24, 5 марта 2026Мир",,,ru,RU
13b092a8cfee,lenta,https://lenta.ru/news/2026/03/05/stali-izvestny-podrobnosti-smerti-v-okeane-zvezdy-smertelnogo-ulova/,2026-03-05 00:00:00,"Стали известны подробности смерти в океане звезды «Смертельного улова»03:02, 5 марта 2026Из жизни",,,ru,RU
c439f57fc23a,lenta,https://lenta.ru/news/2026/03/05/tramp-obozval-evropeytsev/,2026-03-05 00:00:00,"Трамп обозвал европейцев00:33, 5 марта 2026Мир",,,ru,RU
4fc6c648c846,lenta,https://lenta.ru/news/2026/03/05/stali-izvestny-motivy-slishkom-krasivoy-22-letney-seriynoy-ubiytsy/,2026-03-05 00:00:00,"Стали известны мотивы «слишком красивой» 22-летней серийной убийцы00:31, 5 марта 2026Из жизни",,,ru,RU
3936974990db,lenta,https://lenta.ru/news/2026/03/05/v-evrope-rasskazali-o-strahe-iz-za-konflikta-vokrug-irana/,2026-03-05 00:00:00,"В Европе рассказали о страхе из-за конфликта вокруг Ирана02:40, 5 марта 2026Интернет и СМИ",,,ru,RU
a03b3a88dda8,lenta,https://lenta.ru/news/2026/03/05/v-irane-rasskazali-o-riske-yadernoy-katastrofy-dlya-izrailya/,2026-03-05 00:00:00,"В Иране рассказали о риске ядерной катастрофы для Израиля01:00, 5 марта 2026Мир",,,ru,RU
12b7fb9481fb,lenta,https://lenta.ru/news/2026/03/05/putin-dopustil-prekraschenie-postavok-gaza-iz-rf-v-evropu-v-blizhayshee-vremya/,2026-03-05 00:00:00,"«Здесь никакой политики, только бизнес». Путин предложил досрочно прекратить поставки российского газа в Европу01:26, 5 марта 2026Мир",,,ru,RU
652ddc07d9cb,lenta,https://lenta.ru/news/2026/03/05/xiaomi-slow/,2026-03-05 00:00:00,"Найдена вредная функция смартфонов Xiaomi00:31, 5 марта 2026Наука и техника",,,ru,RU
3195961aa549,lenta,https://lenta.ru/news/2026/03/05/vrach-predupredila-ob-opasnosti-privychki-lozhitsya-spat-posle-23-chasov/,2026-03-05 00:00:00,"Врач предупредила об опасности привычки ложиться спать после 23 часов01:02, 5 марта 2026Забота о себе",,,ru,RU
9cf8f26e7434,lenta,https://lenta.ru/news/2026/03/05/tri-cheloveka-postradali-iz-za-udara-vsu-v-rossiyskom-regione/,2026-03-05 00:00:00,"Три человека пострадали из-за удара ВСУ в российском регионе01:23, 5 марта 2026Россия",,,ru,RU
808a3bfa9db6,lenta,https://lenta.ru/news/2026/03/06/moschnyy-vzryv-i-yarkoe-plamya-napugalo-zhiteley-podmoskovya/,2026-03-06 00:00:00,"Мощный взрыв и яркое пламя напугали жителей Подмосковья00:52, 6 марта 2026Россия",,,ru,RU
5dadf942a6e7,lenta,https://lenta.ru/news/2026/03/06/deystviya-zelenskogo-vyzvali-serieznye-voprosy-u-germanii/,2026-03-06 00:00:00,"Действия Зеленского вызвали серьезные вопросы у Германии00:16, 6 марта 2026Мир",,,ru,RU
0753d6f98b2b,lenta,https://lenta.ru/news/2026/03/06/gubernator-sevastopolya-pokazal-strashnye-kadry-posledstviy-ataki-vsu/,2026-03-06 00:00:00,"Губернатор Севастополя показал страшные кадры последствий атаки ВСУ02:16, 6 марта 2026Россия",,,ru,RU
ce708e3c4525,lenta,https://lenta.ru/news/2026/03/06/infarkt/,2026-03-06 00:00:00,"Миллионы людей не знают, что пережили «тихий» инфаркт. Он в разы увеличивает риск смерти. Как распознать опасность?00:01, 6 марта 2026Забота о себе",,,ru,RU
7fc161348597,lenta,https://lenta.ru/news/2026/03/06/devushka-predala-luchshuyu-podrugu-radi-dolzhnosti-i-momentalno-pozhalela-ob-etom/,2026-03-06 00:00:00,"Девушка предала лучшую подругу ради должности и моментально пожалела об этом02:33, 6 марта 2026Интернет и СМИ",,,ru,RU
d07e19b613ef,lenta,https://lenta.ru/news/2026/03/06/izvestnyy-hudozhnik-i-avtor-skulptury-ruka-stul-ushel-iz-zhizni/,2026-03-06 00:00:00,"Известный художник и автор скульптуры «Рука-стул» ушел из жизни02:45, 6 марта 2026Культура",,,ru,RU
a54447d7b640,lenta,https://lenta.ru/news/2026/03/06/na-zapade-vyskazalis-o-neozhidannom-shage-irana-v-otnoshenii-ssha-i-izrailya/,2026-03-06 00:00:00,"На Западе высказались о неожиданном шаге Ирана в отношении США и Израиля00:44, 6 марта 2026Мир",,,ru,RU
c2778444d8c0,lenta,https://lenta.ru/news/2026/03/06/politicheski-i-inache-mid-irana-rasskazal-o-pomoschi-rossii-i-kitaya-na-fone-udarov-zapada/,2026-03-06 00:00:00,"«Политически и иначе». МИД Ирана рассказал о помощи России и Китая на фоне ударов Запада02:24, 6 марта 2026Мир",,,ru,RU
bad355ae99fc,lenta,https://lenta.ru/news/2026/03/06/pilot-istrebitelya-katapultirovalsya-i-brosilsya-bezhat-ot-sil-bezopasnosti-iraka/,2026-03-06 00:00:00,"Пилот истребителя катапультировался и бросился бежать от сил безопасности Ирака00:27, 6 марта 2026Мир",,,ru,RU
c19a1b113e82,lenta,https://lenta.ru/news/2026/03/06/premier-strany-es-zhestko-vyskazalsya-o-prodelkah-zelenskogo/,2026-03-06 00:00:00,"Премьер страны ЕС жестко высказался о проделках Зеленского02:00, 6 марта 2026Мир",,,ru,RU
a8af2cd91f5d,lenta,https://lenta.ru/news/2026/03/06/ob-yavlennyy-mertvym-rebenok-ozhil-v-morge/,2026-03-06 00:00:00,"Объявленный мертвым ребенок «ожил» в морге00:32, 6 марта 2026Из жизни",,,ru,RU
4870270011b8,lenta,https://lenta.ru/news/2026/03/06/pastory-sovershayut-kollektivnuyu-molitvu-za-trampa/,2026-03-06 00:00:00,"Пасторы совершили коллективную молитву за Трампа01:33, 6 марта 2026Мир",,,ru,RU
b1cac90ac5db,lenta,https://lenta.ru/news/2026/03/06/populyarnye-lekarstva-svyazali-s-povyshennym-riskom-serdechnyh-zabolevaniy/,2026-03-06 00:00:00,"Популярные лекарства связали с повышенным риском сердечных заболеваний00:32, 6 марта 2026Наука и техника",,,ru,RU
090e474fc387,lenta,https://lenta.ru/news/2026/03/06/devushka-poluchila-ognestrelnoe-ranenie-v-zad-na-pohoronah-materi/,2026-03-06 00:00:00,"Девушка получила огнестрельное ранение в зад на похоронах матери03:00, 6 марта 2026Из жизни",,,ru,RU
37097e75afbd,lenta,https://lenta.ru/news/2026/03/06/pushkov-zayavil-o-fatalnoy-oshibke-ssha-v-sanktsionnoy-voyne-s-rossiey/,2026-03-06 00:00:00,"Пушков заявил о фатальной ошибке США в санкционной войне с Россией02:40, 6 марта 2026Мир",,,ru,RU
6a866c3053a5,lenta,https://lenta.ru/news/2026/03/05/ssha-vydvinuli-kitayu-serieznoe-trebovanie/,2026-03-06 00:00:00,"США выдвинули Китаю серьезное требование00:13, 6 марта 2026Мир",,,ru,RU
f725ff68f7c6,lenta,https://lenta.ru/news/2026/03/06/v-pentagone-vyskazalis-o-planah-na-operatsiyu-v-irane/,2026-03-06 00:00:00,"В Пентагоне высказались о планах на операцию в Иране01:51, 6 марта 2026Мир",,,ru,RU
16d1a756b055,lenta,https://lenta.ru/news/2026/03/06/tramp-soglasilsya-na-uchastie-ukrainy-v-operatsii-v-irane/,2026-03-06 00:00:00,"Трамп согласился на участие Украины в операции в Иране00:27, 6 марта 2026Мир",,,ru,RU
135ff6930768,lenta,https://lenta.ru/news/2026/03/06/trizhdy-izbezhavshego-gibeli-iranskogo-generala-zapodozrili-v-shpionazhe-na-izrail/,2026-03-06 00:00:00,"Трижды избежавшего гибели иранского генерала заподозрили в шпионаже на Израиль01:20, 6 марта 2026Мир",,,ru,RU
11a35967f67f,lenta,https://lenta.ru/news/2026/03/06/turistka-opisala-reaktsiyu-zhiteley-dubaya-na-rabotu-pvo-slovami-sheyhi-gulyayut/,2026-03-06 00:00:00,"Туристка описала реакцию жителей Дубая на работу ПВО словами «шейхи гуляют»03:07, 6 марта 2026Мир",,,ru,RU
e8d82037004b,lenta,https://lenta.ru/news/2026/03/06/urolog-razveyal-mif-o-sekse-i-rake-prostaty/,2026-03-06 00:00:00,"Уролог развеял миф о сексе и раке простаты01:11, 6 марта 2026Забота о себе",,,ru,RU
206177108ffa,lenta,https://lenta.ru/news/2026/03/06/ustraivavshuyu-seks-vecherinki-dlya-14-letnih-shkolnikov-zhenschinu-priznali-vinovnoy/,2026-03-06 00:00:00,"Устраивавшую секс-вечеринки для 14-летних школьников женщину признали виновной02:03, 6 марта 2026Из жизни",,,ru,RU
ebadd6defc9c,lenta,https://lenta.ru/news/2026/03/06/52-letnyaya-keyt-moss-s-goloy-grudyu-poyavilas-na-modnom-pokaze-v-parizhe/,2026-03-06 00:00:00,"52-летняя Кейт Мосс с голой грудью появилась на модном показе в Париже01:15, 6 марта 2026Ценности",,,ru,RU
40363938df95,lenta,https://lenta.ru/news/2026/03/06/v-ssha-ob-yasnili-proval-leopardov-na-ukraine/,2026-03-06 00:00:00,"В США объяснили провал «Леопардов» на Украине02:03, 6 марта 2026Наука и техника",,,ru,RU
279dd5a41b3c,lenta,https://lenta.ru/news/2026/03/06/tramp-nazval-nemyslimoe-prepyatstvie-miru-na-ukraine/,2026-03-06 00:00:00,"Трамп назвал «немыслимое» препятствие миру на Украине02:25, 6 марта 2026Мир",,,ru,RU
e5c82b18a624,lenta,https://lenta.ru/news/2026/03/06/vlasti-irana-otvetili-na-vopros-o-pomoschi-rossii-v-borbe-s-ssha/,2026-03-06 00:00:00,"Власти Ирана ответили на вопрос о помощи России в борьбе с США00:53, 6 марта 2026Мир",,,ru,RU
55a48f7f1a8e,lenta,https://lenta.ru/news/2026/03/06/seks-kouch-ob-yasnila-populyarnost-novogo-neobychnogo-fetisha/,2026-03-06 00:00:00,"Секс-коуч объяснила популярность нового необычного фетиша03:00, 6 марта 2026Забота о себе",,,ru,RU
6b07b9acfacd,lenta,https://lenta.ru/news/2026/03/06/rossiyskiy-gubernator-rasskazal-o-postradavshih-v-rezultate-ataki-vsu-na-gorod/,2026-03-06 00:00:00,"Российский губернатор рассказал о пострадавших в результате атаки ВСУ на город01:22, 6 марта 2026Россия",,,ru,RU
bb12f54ddcf8,lenta,https://lenta.ru/news/2026/03/06/v-es-priznali-proval-odnoy-idei-v-otnoshenii-ukrainy/,2026-03-06 00:00:00,"В ЕС признали провал одной идеи в отношении Украины01:52, 6 марта 2026Мир",,,ru,RU
edfc559fe0be,lenta,https://lenta.ru/news/2026/03/07/eks-sotrudnik-tsru-zayavil-o-gotovnosti-ssha-pozhertvovat-vsem-radi-svoih-interesov/,2026-03-07 00:00:00,"Экс-сотрудник ЦРУ заявил о готовности США пожертвовать всем ради своих интересов01:33, 7 марта 2026Мир",,,ru,RU
3d9323d5d375,lenta,https://lenta.ru/news/2026/03/07/golovin-zabil-safonovu/,2026-03-07 00:00:00,"Головин забил Сафонову00:21, 7 марта 2026Спорт",,,ru,RU
65085151fd1a,lenta,https://lenta.ru/news/2026/03/07/iran-ispolzoval-rossiyskiy-opyt-svo-v-borbe-s-ssha/,2026-03-07 00:00:00,"Иран использовал российский опыт СВО в борьбе с США01:47, 7 марта 2026Мир",,,ru,RU
e3e69073f02a,lenta,https://lenta.ru/news/2026/03/07/iran-nazval-chislo-pogibshih/,2026-03-07 00:00:00,"Иран назвал число погибших в ходе атак США и Израиля мирных жителей00:25, 7 марта 2026Мир",,,ru,RU
45f30f0c942f,lenta,https://lenta.ru/news/2026/03/07/glava-minfina-ssha-bessent-zayavil-o-gryaduschey-krupneyshey-bombardirovke-irana/,2026-03-07 00:00:00,"США анонсировали крупнейшую бомбардировку Ирана01:55, 7 марта 2026Мир",,,ru,RU
e806915f5cfa,lenta,https://lenta.ru/news/2026/03/07/iran-vnov-atakoval-voennuyu-bazu-amerikantsev-v-irake/,2026-03-07 00:00:00,"Иран вновь ударил по военной базе американцев в Ираке00:56, 7 марта 2026Мир",,,ru,RU
38f0ea773986,lenta,https://lenta.ru/news/2026/03/07/na-himicheskom-sklade-amerikanskoy-kompanii-v-irake-nachalsya-pozhar-posle-ataki-bpla/,2026-03-07 00:00:00,"На химическом складе американской компании в Ираке начался пожар после атаки БПЛА01:42, 7 марта 2026Мир",,,ru,RU
576116f45878,lenta,https://lenta.ru/news/2026/03/07/mnogodetnaya-mat-iz-finlyandii-nazvala-plyusy-zhizni-v-rossii/,2026-03-07 00:00:00,"Многодетная мать из Финляндии назвала плюсы жизни в России01:33, 7 марта 2026Россия",,,ru,RU
7dddc85dddeb,lenta,https://lenta.ru/news/2026/03/07/diplomat-ob-yasnil-ugrozy-kube-so-storony-trampa/,2026-03-07 00:00:00,"Дипломат объяснил угрозы Кубе со стороны Трампа02:32, 7 марта 2026Мир",,,ru,RU
17c5f139080a,lenta,https://lenta.ru/news/2026/03/07/na-ukraine-dopustili-priznanie-trampom-nelegitimnosti-zelenskogo-pri-odnom-uslovii/,2026-03-07 00:00:00,"На Украине допустили признание Трампом нелегитимности Зеленского при одном условии01:38, 7 марта 2026Бывший СССР",,,ru,RU
b3516414974a,lenta,https://lenta.ru/news/2026/03/07/na-ukraine-obespokoilis-posledstviyami-resheniy-slovakii-i-vengrii/,2026-03-07 00:00:00,"На Украине обеспокоились последствиями решений Словакии и Венгрии01:10, 7 марта 2026Бывший СССР",,,ru,RU
ddbfb7ca6a02,lenta,https://lenta.ru/news/2026/03/07/na-ukraine-raskritikovali-politiku-zelenskogo-slovami-vedem-sebya-kak-budto-my-ssha/,2026-03-07 00:00:00,"На Украине раскритиковали политику Зеленского словами «ведем себя, как будто мы США»02:28, 7 марта 2026Бывший СССР",,,ru,RU
5edcf081e2fe,lenta,https://lenta.ru/news/2026/03/07/izrailskie-voennye-nachali-ocherednuyu-volnu-udarov-po-infrastrukture-irana/,2026-03-07 00:00:00,"Израильские военные начали очередную волну ударов по инфраструктуре Ирана01:47, 7 марта 2026Мир",,,ru,RU
61dc81b53c5b,lenta,https://lenta.ru/news/2026/03/07/bayden-pohvastalsya-svoey-zabyvchivostyu/,2026-03-07 00:00:00,"Байден похвастался своей забывчивостью00:23, 7 марта 2026Мир",,,ru,RU
45a80422a099,lenta,https://lenta.ru/news/2026/03/07/iran-obvinil-ssha-v-udarah-po-shkolam-i-bolnitsam/,2026-03-07 00:00:00,"Иран обвинил США в ударах по школам и больницам00:39, 7 марта 2026Мир",,,ru,RU
7ef6f34cf2ab,lenta,https://lenta.ru/news/2026/03/07/na-ukraine-sotrudniki-ttsk/,2026-03-07 00:00:00,"На Украине сотрудники ТЦК забрали мужчину с эпилепсией на пути в больницу00:13, 7 марта 2026Бывший СССР",,,ru,RU
34a75e2aff2f,lenta,https://lenta.ru/news/2026/03/07/v-rossiyskom-regione-dvuh-chelovek-rasstrelyali-vo-dvore-zhilogo-doma/,2026-03-07 00:00:00,"В российском регионе двух человек расстреляли во дворе жилого дома02:14, 7 марта 2026Россия",,,ru,RU
f3d06b4f753a,lenta,https://lenta.ru/news/2026/03/07/stalo-izvestno-o-zhelanii-trampa-razmestit-voennyh-na-territorii-irana/,2026-03-07 00:00:00,"Стало известно о желании Трампа разместить военных на территории Ирана03:01, 7 марта 2026Мир",,,ru,RU
81f80b2a6b04,lenta,https://lenta.ru/news/2026/03/07/tramp-nazval-glupym-vopros-o-yakoby-peredache-rossiey-razveddannyh-iranu/,2026-03-07 00:00:00,"Трамп назвал глупым вопрос о якобы передаче Россией разведданных Ирану02:32, 7 марта 2026Мир",,,ru,RU
bb058b5db9d5,lenta,https://lenta.ru/news/2026/03/07/ushedshaya-iz-rossii-set-fastfuda-zaregistrirovala-v-strane-tovarnyy-znak/,2026-03-07 00:00:00,"Ушедшая из России сеть фастфуда зарегистрировала в стране товарный знак03:16, 7 марта 2026Экономика",,,ru,RU
425df611bff5,lenta,https://lenta.ru/news/2026/03/07/v-kitae-rasskazali-o-pomogayuschih-rossii-deystviyah-trampa-na-blizhnem-vostoke/,2026-03-07 00:00:00,"В Китае рассказали о помогающих России действиях Трампа на Ближнем Востоке00:39, 7 марта 2026Интернет и СМИ",,,ru,RU
f0f7552f8488,lenta,https://lenta.ru/news/2026/03/07/v-ormuzskom-prolive-v-rezultate/,2026-03-07 00:00:00,"В Ормузском проливе при обстреле буксира погибли моряки03:18, 7 марта 2026Мир",,,ru,RU
cc7a1b7a2cf0,lenta,https://lenta.ru/news/2026/03/07/seysmolog-dopustila-silnoe-zemletryasenie-v-sochi-v-obozrimom-buduschem/,2026-03-07 00:00:00,"Сейсмолог допустила сильное землетрясение в Сочи в обозримом будущем00:56, 7 марта 2026Экономика",,,ru,RU
a9d3ccee9909,lenta,https://lenta.ru/news/2026/03/07/v-shvetsii-vzyali-pod-kontrol-sudno-s-neustanovlennym-flagom/,2026-03-07 00:00:00,"В Швеции взяли под контроль судно с неустановленным флагом01:52, 7 марта 2026Мир",,,ru,RU
d626d108932e,lenta,https://lenta.ru/news/2026/03/07/ssha-podelilis-rezultatami/,2026-03-07 00:00:00,"США поделились результатами атаки на Иран00:58, 7 марта 2026Мир",,,ru,RU
1b3c3c80c1a0,lenta,https://lenta.ru/news/2026/03/07/zaharova-zayavila-o-energeticheskom-kollapse-v-evrope/,2026-03-07 00:00:00,"Захарова заявила об энергетическом коллапсе в Европе02:46, 7 марта 2026Мир",,,ru,RU
355dc06a5c1d,lenta,https://lenta.ru/news/2026/03/07/v-ssha-dopustili-dalneyshee-oslablenie-antirossiyskih-sanktsiy/,2026-03-07 00:00:00,"В США допустили дальнейшее ослабление антироссийских санкций01:03, 7 марта 2026Мир",,,ru,RU
becc1638ed3c,lenta,https://lenta.ru/news/2026/03/07/sotrudnikov-posolstva-azerbaydzhana-evakuirovali-iz-tegerana/,2026-03-07 00:00:00,"Сотрудников посольства Азербайджана эвакуировали из Ирана00:33, 7 марта 2026Мир",,,ru,RU
f98c11ba0ccd,lenta,https://lenta.ru/news/2026/03/07/v-rossii-nazvali-nepriemlemymi-vypady-zelenskogo/,2026-03-07 00:00:00,"В России назвали неприемлемыми выпады Зеленского03:07, 7 марта 2026Мир",,,ru,RU
be3d53226f07,lenta,https://lenta.ru/news/2026/03/08/dmitriev-rasskazal-o-shokovyh-posledstviyah-voyny-ssha-s-iranom/,2026-03-08 00:00:00,"Дмитриев рассказал о «шоковых» последствиях войны США с Ираном02:20, 8 марта 2026Экономика",,,ru,RU
cb27e9e5af57,lenta,https://lenta.ru/news/2026/03/08/madman/,2026-03-08 00:00:00,"Иран начал операцию «Безумец»04:19, 8 марта 2026Мир",,,ru,RU
31cbe734aac5,lenta,https://lenta.ru/news/2026/03/08/na-102-m-godu-zhizni-umerla-balerina-ninel-petrova/,2026-03-08 00:00:00,"На 102-м году жизни умерла балерина Нинель Петрова03:38, 8 марта 2026Культура",,,ru,RU
7259580ef711,lenta,https://lenta.ru/news/2026/03/08/nanesen-udar-po-portovomu-terminalu-odessy-s-raketami-i-inostrannymi-voennymi/,2026-03-08 00:00:00,"Нанесен удар по портовому терминалу Одессы с ракетами и иностранными военными02:51, 8 марта 2026Бывший СССР",,,ru,RU
fc1185450681,lenta,https://lenta.ru/news/2026/03/08/iran-poobeschal-prinyat-mery-v-sluchae-ataki-iz-azerbaydzhana/,2026-03-08 00:00:00,"Иран пообещал принять меры в случае атаки из Азербайджана00:10, 8 марта 2026Мир",,,ru,RU
5aee80fbf1c1,lenta,https://lenta.ru/news/2026/03/08/nazvany-hozyaeva-konfiskovannyh-u-ukrainskih-inkassatorov-v-vengrii-deneg/,2026-03-08 00:00:00,"Названы хозяева конфискованных у украинских инкассаторов в Венгрии денег00:47, 8 марта 2026Бывший СССР",,,ru,RU
95b439264fa5,lenta,https://lenta.ru/news/2026/03/08/rossiyskiy-gubernator-soobschil-o-pogibshih-iz-za-udara-vsu-po-zhilomu-domu/,2026-03-08 00:00:00,"Российский губернатор сообщил о погибших из-за удара ВСУ по жилому дому01:54, 8 марта 2026Россия",,,ru,RU
c7d302a3a4b4,lenta,https://lenta.ru/news/2026/03/08/putin-pozdravil-rossiyskih-zhenschin-s-8-marta/,2026-03-08 00:00:00,"Путин поздравил российских женщин с 8 Марта00:25, 8 марта 2026Россия",,,ru,RU
b836d7e21ad4,lenta,https://lenta.ru/news/2026/03/08/tramp-obvinil-iran-v-obstrele-iranskoy-shkoly-dlya-devochek/,2026-03-08 00:00:00,"Трамп обвинил Иран в обстреле иранской школы для девочек00:37, 8 марта 2026Мир",,,ru,RU
aa5da11baa16,lenta,https://lenta.ru/news/2026/03/08/tramp-sdelal-derzkoe-zayavlenie-o-kapitulyatsii-irana/,2026-03-08 00:00:00,"Трамп сделал дерзкое заявление о капитуляции Ирана01:27, 8 марта 2026Мир",,,ru,RU
c13ceab65d1f,lenta,https://lenta.ru/news/2026/03/08/tramp-vyskazalsya-o-podderzhke-irana-rossiey/,2026-03-08 00:00:00,"Трамп высказался о поддержке Ирана Россией00:51, 8 марта 2026Мир",,,ru,RU
d3e89ff5b8f3,lenta,https://lenta.ru/news/2026/03/08/8-marta/,2026-03-08 00:00:00,"8 Марта: история и традиции. Как Международный женский день отмечают в разных странах00:05, 8 марта 2026Россия",,,ru,RU
64bf4e2b7ea8,lenta,https://lenta.ru/news/2026/03/08/pozhar-vspyhnul-na-territorii-neftebazy-v-rossiyskom-gorode-iz-za-ataki-bpla/,2026-03-08 00:00:00,"Пожар вспыхнул на территории нефтебазы в российском городе из-за атаки БПЛА02:39, 8 марта 2026Россия",,,ru,RU
c8eecd111eb0,lenta,https://lenta.ru/news/2026/03/08/nazvan-srok-vyborov-novogo-verhovnogo-lidera-irana/,2026-03-08 00:00:00,"Назван срок выборов нового верховного лидера Ирана03:25, 8 марта 2026Мир",,,ru,RU
ffe27c712f2c,lenta,https://lenta.ru/news/2026/03/08/tramp-vysmeyal-vlasti-velichayshego-soyuznika-ssha/,2026-03-08 00:00:00,"Трамп высмеял власти «величайшего» союзника США00:27, 8 марта 2026Мир",,,ru,RU
7f785496a139,lenta,https://lenta.ru/news/2026/03/08/tramp-otsenil-vozmozhnost-otpravki-amerikanskih-voennyh-v-iran/,2026-03-08 00:00:00,"Трамп оценил возможность отправки американских военных в Иран00:51, 8 марта 2026Мир",,,ru,RU
3682e76a136e,lenta,https://lenta.ru/news/2026/03/08/tramp-vyskazalsya-o-srokah-voyny-s-iranom/,2026-03-08 00:00:00,"Трамп высказался о сроках войны с Ираном01:42, 8 марта 2026Мир",,,ru,RU
7506250d6d4c,lenta,https://lenta.ru/news/2026/03/08/v-ssha-ukazali-na-oshibku-trampa-v-irane/,2026-03-08 00:00:00,"В США указали на ошибку Трампа в Иране03:14, 8 марта 2026Интернет и СМИ",,,ru,RU
f67d308a84b7,lenta,https://lenta.ru/news/2026/03/08/v-finlyandii-zayavili-o-taynoy-podgotovke-zakona-o-tranzite-yadernogo-oruzhiya/,2026-03-08 00:00:00,"В Финляндии заявили о тайной подготовке закона о транзите ядерного оружия01:27, 8 марта 2026Мир",,,ru,RU
3ffe631ae96b,lenta,https://lenta.ru/news/2026/03/08/v-kieve-sdelali-nepriyatnyy-vyvod-posle-ataki-ssha-na-iran/,2026-03-08 00:00:00,"В Киеве сделали неприятный вывод после атаки США на Иран04:08, 8 марта 2026Бывший СССР",,,ru,RU
56918d42658e,lenta,https://lenta.ru/news/2026/03/08/v-rossiyskom-regione-nachali-izymat-domashniy-skot-iz-za-smertelnoy-bolezni/,2026-03-08 00:00:00,"В российском регионе начали изымать домашний скот из-за смертельной болезни03:51, 8 марта 2026Россия",,,ru,RU
50fc9622bf12,lenta,https://lenta.ru/news/2026/03/08/v-ssha-otreagirovali-na-informatsiyu-o-plennyh-amerikantsah-v-irane/,2026-03-08 00:00:00,"В США отреагировали на информацию о пленных американцах в Иране02:11, 8 марта 2026Мир",,,ru,RU
73691d727896,lenta,https://lenta.ru/news/2026/03/08/v-nigerii-terroristy-raspravilis-s-prihozhanami-rpts/,2026-03-08 00:00:00,"В Нигерии террористы расправились с прихожанами РПЦ01:28, 8 марта 2026Мир",,,ru,RU
c0c84e529b58,lenta,https://lenta.ru/news/2026/03/08/voennyy-korabl-irana-zashel-v-indiyu/,2026-03-08 00:00:00,"Индия экстренно предоставила убежище военному кораблю Ирана03:16, 8 марта 2026Мир",,,ru,RU
cc07ea11ce65,lenta,https://lenta.ru/news/2026/03/08/zhiteli-kuby-vyshli-na-nochnye-protesty-s-kastryulyami/,2026-03-08 00:00:00,"Жители Кубы вышли на ночные протесты с кастрюлями01:06, 8 марта 2026Мир",,,ru,RU
01849374444d,lenta,https://lenta.ru/news/2026/03/08/v-britanii-ispugalis-udarov-rossii-posle-sverhsekretnogo-video-s-ukrainy/,2026-03-08 00:00:00,"В Британии испугались ударов России после «сверхсекретного» видео с Украины04:36, 8 марта 2026Мир",,,ru,RU
a3556df683d0,lenta,https://lenta.ru/news/2026/03/08/v-ssha-zhestko-proshlis-po-ministru-voyny-posle-slov-ob-irane/,2026-03-08 00:00:00,"В США жестко прошлись по министру войны после слов об Иране04:06, 8 марта 2026Мир",,,ru,RU
e9378cd2da77,lenta,https://lenta.ru/news/2026/03/08/u-posolstva-ssha-v-oslo-razdalsya-vzryv/,2026-03-08 00:00:00,"У посольства США в Осло раздался взрыв03:55, 8 марта 2026Мир",,,ru,RU
4eb60986ea0d,lenta,https://lenta.ru/news/2026/03/08/v-ssha-zabespokoilis-posle-udarov-irana/,2026-03-08 00:00:00,"В США забеспокоились после ударов Ирана00:19, 8 марта 2026Мир",,,ru,RU
5eddf231a271,lenta,https://lenta.ru/news/2026/03/08/zelenskiy-nashel-sposob-unizit-zaluzhnogo/,2026-03-09 00:00:00,"Зеленский нашел способ унизить Залужного00:45, 9 марта 2026Бывший СССР",,,ru,RU
d7c65c722c73,lenta,https://lenta.ru/news/2026/03/09/amerikanskaya-raketa-dala-sboy-i-ruhnula-v-zhilom-rayone/,2026-03-09 00:00:00,"Американская ракета дала сбой и рухнула в жилом районе02:31, 9 марта 2026Мир",,,ru,RU
dc8cc61a01a2,lenta,https://lenta.ru/news/2026/03/09/dmitriev-zayavil-ob-ukreplenii-ekonomiki-rossii-na-fone-silnogo-podorozhaniya-nefti/,2026-03-09 00:00:00,"Дмитриев высказался о преимуществе России на фоне сильного подорожания нефти02:58, 9 марта 2026Мир",,,ru,RU
da44f20b84a2,lenta,https://lenta.ru/news/2026/03/09/iz-za-pozhara-v-magazine-veypov-obrushilos-zdanie-tsentralnogo-zheleznodorozhnogo-vokzala/,2026-03-09 00:00:00,"Из-за пожара в магазине вейпов обрушилось здание Центрального железнодорожного вокзала03:23, 9 марта 2026Мир",,,ru,RU
86cf05c7aa06,lenta,https://lenta.ru/news/2026/03/09/mezhdu-ssha-i-evropoy-proizoshel-razryv-iz-za-voyny-v-irane/,2026-03-09 00:00:00,"Между США и Европой укрепился разрыв из-за войны в Иране01:55, 9 марта 2026Мир",,,ru,RU
5bd722f18e7e,lenta,https://lenta.ru/news/2026/03/09/moschnye-vzryvy-na-baze-pyatogo-flota-vms-ssha-popali-na-video/,2026-03-09 00:00:00,"Мощные взрывы на базе пятого флота ВМС США попали на видео00:49, 9 марта 2026Мир",,,ru,RU
825072fd98de,lenta,https://lenta.ru/news/2026/03/09/na-zapade-nazvali-glavnyy-strah-soyuznikov-ssha/,2026-03-09 00:00:00,"На Западе назвали главный страх союзников США00:52, 9 марта 2026Мир",,,ru,RU
6a1aebb6dbe7,lenta,https://lenta.ru/news/2026/03/09/na-ukraine-ukazali-na-nezhelanie-blizhnego-vostoka-imet-delo-s-zelenskim/,2026-03-09 00:00:00,"На Украине указали на нежелание Ближнего Востока иметь дело с Зеленским03:03, 9 марта 2026Бывший СССР",,,ru,RU
e9238138802f,lenta,https://lenta.ru/news/2026/03/09/nato-provedut-ucheniya-ryadom-s-rossiyskoy-granitsey/,2026-03-09 00:00:00,"НАТО проведут учения рядом с российской границей02:50, 9 марта 2026Мир",,,ru,RU
d439cc6bbed2,lenta,https://lenta.ru/news/2026/03/09/nazvano-chislo-osvobozhdennyh-za-nedelyu-armiey-rossii-naselennyh-punktov-v-zone-svo/,2026-03-09 00:00:00,"Названо число освобожденных за неделю армией России населенных пунктов в зоне СВО01:26, 9 марта 2026Россия",,,ru,RU
7c03e60df82b,lenta,https://lenta.ru/news/2026/03/09/konflikt-na-blizhnem-vostoke-vynudit-es-izmenit-svoyu-pozitsiyu/,2026-03-09 00:00:00,"Одна ситуация вынудит ЕС изменить свое отношение к России00:46, 9 марта 2026Мир",,,ru,RU
545a599f6e91,lenta,https://lenta.ru/news/2026/03/09/opublikovano-video-raketnyh-zalpov-po-izrailskim-gorodam/,2026-03-09 00:00:00,"Опубликовано видео ракетных залпов по израильским городам01:42, 9 марта 2026Мир",,,ru,RU
61d9e929744c,lenta,https://lenta.ru/news/2026/03/09/na-doma-v-germanii-upal-meteorit/,2026-03-09 00:00:00,"На дома в Германии упал метеорит03:49, 9 марта 2026Наука и техника",,,ru,RU
e0da162e04c3,lenta,https://lenta.ru/news/2026/03/08/yarkie-vspyshki-v-nebe-nad-odessoy-popali-na-video/,2026-03-09 00:00:00,"Яркие вспышки в небе над Одессой попали на видео00:17, 9 марта 2026Бывший СССР",,,ru,RU
7038a0e4445a,lenta,https://lenta.ru/news/2026/03/08/lider-shiitov-iraka-prizval-k-kollektivnomu-dzhihadu/,2026-03-09 00:00:00,"Лидер шиитов Ирака призвал к коллективному джихаду00:03, 9 марта 2026Мир",,,ru,RU
f0497f93166e,lenta,https://lenta.ru/news/2026/03/09/posol-ssha-vystupil-s-ugrozami-k-lideru-polskoy-partii/,2026-03-09 00:00:00,"Посол США выступил с угрозами к лидеру польской партии02:04, 9 марта 2026Мир",,,ru,RU
3e91f5fcebbb,lenta,https://lenta.ru/news/2026/03/09/v-rade-nazvali-ochen-plohuyu-novost-dlya-ukrainy/,2026-03-09 00:00:00,"Мировую ситуацию с нефтью назвали «очень плохой новостью» для Украины00:55, 9 марта 2026Бывший СССР",,,ru,RU
4b7ae0b2dce4,lenta,https://lenta.ru/news/2026/03/09/tsena-na-neft-pochti-prevysila-100-dollarov-za-barrel-1/,2026-03-09 00:00:00,"Цена на нефть Brent превысила 108 долларов за баррель01:52, 9 марта 2026Экономика",,,ru,RU
6fa2112c36b2,lenta,https://lenta.ru/news/2026/03/09/tsena-na-neft-pochti-prevysila-100-dollarov-za-barrel/,2026-03-09 00:00:00,"Цена на нефть почти превысила 100 долларов за баррель00:16, 9 марта 2026Экономика",,,ru,RU
a70fedd03780,lenta,https://lenta.ru/news/2026/03/09/v-britanii-malo-zapasov-gaza-v-evrope-nazrevaet-energokrizis-kak-situatsiya-na-blizhnem-vostoke-otrazilas-na-rynke-energoresursov/,2026-03-09 00:00:00,"«Запасов газа осталось на два дня». Европа становится уязвимой из-за конфликта на Ближнем Востоке. Почему?00:54, 9 марта 2026Экономика",,,ru,RU
6c4154b9f130,lenta,https://lenta.ru/news/2026/03/09/v-irane-nazvali-imya-novogo-verhovnogo-lidera/,2026-03-09 00:00:00,"В Иране назвали имя нового верховного лидера01:16, 9 марта 2026Мир",,,ru,RU
b1ffc0f288da,lenta,https://lenta.ru/news/2026/03/09/v-irane-poobeschali-zastavit-ssha-pozhalet-o-svoey-agressii-protiv-respubliki/,2026-03-09 00:00:00,"В Иране пообещали заставить США пожалеть о своей агрессии против республики02:08, 9 марта 2026Мир",,,ru,RU
811f81d039ea,lenta,https://lenta.ru/news/2026/03/09/rossiya-podgotovila-proekt-rezolyutsii-sb-oon/,2026-03-09 00:00:00,"Россия подготовила проект резолюции СБ ООН03:46, 9 марта 2026Мир",,,ru,RU
fe95bbeb0a2e,lenta,https://lenta.ru/news/2026/03/09/v-shveytsarii-otvetili-na-vopros-o-vstuplenii-v-evrosoyuz/,2026-03-09 00:00:00,"В Швейцарии ответили на вопрос о вступлении в Евросоюз02:47, 9 марта 2026Мир",,,ru,RU
acde7796a209,lenta,https://lenta.ru/news/2026/03/09/voenkor-predrek-ssha-ogromnye-poteri-pri-provedenii-nazemnoy-operatsii-v-irane/,2026-03-09 00:00:00,"Военкор предрек США огромные потери при проведении наземной операции в Иране03:10, 9 марта 2026Россия",,,ru,RU
0745031c8b77,lenta,https://lenta.ru/news/2026/03/09/tramp-prizval-ne-boyatsya-rosta-tsen-na-neft/,2026-03-09 00:00:00,"Трамп призвал не бояться роста цен на нефть02:56, 9 марта 2026Мир",,,ru,RU
922de6abf3de,lenta,https://lenta.ru/news/2026/03/09/v-ssha-sozdali-petitsiyu-dlya-otpravki-mladshego-syna-trampa-v-iran/,2026-03-09 00:00:00,"В США создали петицию для отправки младшего сына Трампа в Иран02:53, 9 марта 2026Мир",,,ru,RU
296aaf43ec19,lenta,https://lenta.ru/news/2026/03/09/rossiyanam-napomnili-o-gryaduschih-dlinnyh-vyhodnyh/,2026-03-09 00:00:00,"Россиянам напомнили о грядущих длинных выходных01:53, 9 марта 2026Россия",,,ru,RU
da71ce1ebf4f,lenta,https://lenta.ru/news/2026/03/09/v-populyarnom-emirate-oae-nachalsya-pozhar-iz-za-padeniya-oblomkov-bpla/,2026-03-09 00:00:00,"В популярном эмирате ОАЭ начался пожар из-за падения обломков БПЛА02:01, 9 марта 2026Путешествия",,,ru,RU
2c285876118a,lenta,https://lenta.ru/news/2026/03/10/tramp-obosnoval-nachalo-voennoy-operatsii-protiv-irana/,2026-03-10 00:00:00,"Трамп обосновал начало военной операции против Ирана00:26, 10 марта 2026Мир",,,ru,RU
e8880acd5a79,lenta,https://lenta.ru/news/2026/03/10/evropeyskoy-ekonomike-predrekli-razrushenie-i-golod-k-oseni-iz-za-deystviy-ssha/,2026-03-10 00:00:00,"Европейской экономике предрекли разрушение и голод к осени из-за действий США01:15, 10 марта 2026Мир",,,ru,RU
f7adf5b79a75,lenta,https://lenta.ru/news/2026/03/10/ipoteka/,2026-03-10 00:00:00,"В Госдуме рассказали о сроках расширения семейной ипотеки на вторичное жилье02:11, 10 марта 2026Россия",,,ru,RU
356be8b02029,lenta,https://lenta.ru/news/2026/03/10/iranskie-voennye-predlozhili-stranam-sdelku-dlya-prohoda-ormuzskogo-proliva/,2026-03-10 00:00:00,"Иранские военные предложили странам сделку для прохода Ормузского пролива00:22, 10 марта 2026Мир",,,ru,RU
d8fdc53dc9f9,lenta,https://lenta.ru/news/2026/03/10/devushka-elegantno-otomstila-sosedke-za-s-edennyy-bez-sprosa-tort/,2026-03-10 00:00:00,"Девушка элегантно отомстила соседке за съеденный без спроса торт02:31, 10 марта 2026Интернет и СМИ",,,ru,RU
895aa0b83cb7,lenta,https://lenta.ru/news/2026/03/10/minimalizm/,2026-03-10 00:00:00,"Пиарщица Calvin Klein и жена Кеннеди-младшего стала иконой стиля 1990-х. Почему в 2026-м ей вдруг начали подражать?00:01, 10 марта 2026Ценности",,,ru,RU
4b08272a053b,lenta,https://lenta.ru/news/2026/03/10/obnaruzhen-effektivnyy-sposob-borby-s-trudnoizlechimym-vidom-raka/,2026-03-10 00:00:00,"Обнаружен эффективный способ борьбы с трудноизлечимым видом рака00:32, 10 марта 2026Наука и техника",,,ru,RU
16b1dc32c622,lenta,https://lenta.ru/news/2026/03/10/nazvany-slozhnosti-pri-poiske-propavshih-v-podmoskovie-detey/,2026-03-10 00:00:00,"Названы сложности при поиске пропавших в Подмосковье детей00:30, 10 марта 2026Россия",,,ru,RU
a3b3d8d2474b,lenta,https://lenta.ru/news/2026/03/10/prodyryavivshuyu-prezervativy-podrugi-zhenschinu-priznali-nevinovnoy/,2026-03-10 00:00:00,"Продырявившую презервативы подруги женщину признали невиновной00:32, 10 марта 2026Из жизни",,,ru,RU
26c912ce4a72,lenta,https://lenta.ru/news/2026/03/10/rossiyanam-napomnili-daty-sleduyuschih-trehdnevnyh-vyhodnyh/,2026-03-10 00:00:00,"Россиянам напомнили даты следующих трехдневных выходных01:55, 10 марта 2026Россия",,,ru,RU
7f8f17cfbcfd,lenta,https://lenta.ru/news/2026/03/10/stalo-izvestno-o-planah-es-zapretit-v-ezd-v-evropu-semyam-uchastnikov-svo/,2026-03-10 00:00:00,"Стало известно о планах ЕС запретить въезд в Европу семьям участников СВО02:28, 10 марта 2026Мир",,,ru,RU
9b748a432191,lenta,https://lenta.ru/news/2026/03/10/55-letnyaya-televeduschaya-sdelala-intimnoe-priznanie-o-svoih-ukrasheniyah/,2026-03-10 00:00:00,"55-летняя телеведущая сделала интимное признание о своих украшениях01:00, 10 марта 2026Ценности",,,ru,RU
df5ff35725f9,lenta,https://lenta.ru/news/2026/03/10/nato-zahotelo-razmestit-yadernoe-oruzhie-v-finlyandii-dlya-voyny-s-rossiey/,2026-03-10 00:00:00,"НАТО захотело разместить ядерное оружие в Финляндии для войны с Россией01:37, 10 марта 2026Мир",,,ru,RU
93d00d664819,lenta,https://lenta.ru/news/2026/03/09/basketbolist-demin-mozhet-propustit-ostatok-sezona-v-nba/,2026-03-10 00:00:00,"Баскетболист Демин может пропустить остаток сезона в НБА00:11, 10 марта 2026Спорт",,,ru,RU
c2b9ce57d48d,lenta,https://lenta.ru/news/2026/03/10/massovaya-draka-s-uchastiem-okolo-100-vooruzhennyh-chelovek-proizoshla-v-rossiyskom-gorode/,2026-03-10 00:00:00,"Массовая драка с участием около 100 вооруженных человек произошла в российском городе01:32, 10 марта 2026Россия",,,ru,RU
af8ece26b55f,lenta,https://lenta.ru/news/2026/03/10/pobeda/,2026-03-10 00:00:00,"Трамп заявил о победах США00:46, 10 марта 2026Мир",,,ru,RU
a86c40a95c7c,lenta,https://lenta.ru/news/2026/03/10/umer-odin-iz-osnovateley/,2026-03-10 00:00:00,"Умер один из основателей «Эха Москвы»00:51, 10 марта 2026Интернет и СМИ",,,ru,RU
ca8a2a2fe230,lenta,https://lenta.ru/news/2026/03/10/uchitelnitsa-podarila-shkolniku-ipad-so-svoimi-intimnymi-fotografiyami-i-video/,2026-03-10 00:00:00,"Учительница подарила школьнику iPad со своими интимными фотографиями и видео02:00, 10 марта 2026Из жизни",,,ru,RU
32d7f2544317,lenta,https://lenta.ru/news/2026/03/10/trumppp/,2026-03-10 00:00:00,"Трамп высказался об уничтожении иранских кораблей00:23, 10 марта 2026Мир",,,ru,RU
46079aca654b,lenta,https://lenta.ru/news/2026/03/10/tramp-rasskazal-o-reaktsii-putina-na-operatsiyu-ssha-protiv-irana/,2026-03-10 00:00:00,"Трамп рассказал о реакции Путина на операцию США против Ирана01:41, 10 марта 2026Мир",,,ru,RU
24ef3c142ff5,lenta,https://lenta.ru/news/2026/03/10/tramp/,2026-03-10 00:00:00,"Трамп анонсировал планы отменить часть санкций против нефтяной отрасли других стран01:22, 10 марта 2026Мир",,,ru,RU
0a344188b2d9,lenta,https://lenta.ru/news/2026/03/10/v-vengrii-otsenili-soobscheniya-o/,2026-03-10 00:00:00,"В Венгрии оценили сообщения о вмешательстве России в выборы00:34, 10 марта 2026Мир",,,ru,RU
c365236d8b2b,lenta,https://lenta.ru/news/2026/03/10/tramp-nazval-stranu-s-samymi/,2026-03-10 00:00:00,"Трамп назвал страну с самыми коррумпированными выборами01:01, 10 марта 2026Мир",,,ru,RU
84243300101c,lenta,https://lenta.ru/news/2026/03/10/vrach-ob-yasnil-chuvstvo-padeniya-pri-zasypanii/,2026-03-10 00:00:00,"Врач объяснил чувство падения при засыпании01:01, 10 марта 2026Забота о себе",,,ru,RU
1122e6b314b8,lenta,https://lenta.ru/news/2026/03/10/zapadd/,2026-03-10 00:00:00,"На Западе заявили о возвращении России на мировой рынок нефти01:35, 10 марта 2026Мир",,,ru,RU
2ad104ad2fad,lenta,https://lenta.ru/news/2026/03/10/tramp-prigrozil-odnoy-strane-nedruzhestvennym-perevorotom/,2026-03-10 00:00:00,"Трамп пригрозил одной стране «недружественным переворотом»02:18, 10 марта 2026Мир",,,ru,RU
981547cba543,lenta,https://lenta.ru/news/2026/03/10/vvs-ssha-kupyat-broneviki-dlya-yadernyh-minitmenov/,2026-03-10 00:00:00,"ВВС США купят броневики для ядерных «Минитменов»02:00, 10 марта 2026Наука и техника",,,ru,RU
d244025046b8,lenta,https://lenta.ru/news/2026/03/10/tramp-otsenil-telefonnyy-razgovor-s-putinym/,2026-03-10 00:00:00,"Трамп оценил телефонный разговор с Путиным01:22, 10 марта 2026Мир",,,ru,RU
51dd68c22d75,lenta,https://lenta.ru/news/2026/03/10/travmi/,2026-03-10 00:00:00,"Страсть к унижениям и повышенный риск проституции. Правда ли, что детские травмы влияют на взрослую сексуальность?00:01, 10 марта 2026Забота о себе",,,ru,RU
241b75adeecb,lenta,https://lenta.ru/news/2026/03/11/bavariya-so-schetom-6-1-razgromila-atalantu-v-pervom-matche-1-8-finala-ligi-chempionov/,2026-03-11 00:00:00,"«Бавария» со счетом 6:1 разгромила «Аталанту» в первом матче 1/8 финала Лиги чемпионов00:54, 11 марта 2026Спорт",,,ru,RU
512e265f488c,lenta,https://lenta.ru/news/2026/03/11/belyy-dom-otreagiroval-na-dannye-o-150-ranenyh-soldatah-ssha/,2026-03-11 00:00:00,"Белый дом отреагировал на данные о 150 раненых солдатах США00:28, 11 марта 2026Мир",,,ru,RU
40de96063851,lenta,https://lenta.ru/news/2026/03/11/bratiev-millionerov-priznali-vinovnymi-v-iznasilovanii-11-zhenschin/,2026-03-11 00:00:00,"Братьев-миллионеров признали виновными в изнасиловании 11 женщин00:30, 11 марта 2026Из жизни",,,ru,RU
18cff576206e,lenta,https://lenta.ru/news/2026/03/11/iran-nazval-povrezhdenie-atomnogo-avianostsa-signalom-ssha/,2026-03-11 00:00:00,"Иран назвал повреждение атомного авианосца сигналом США01:26, 11 марта 2026Мир",,,ru,RU
b97f4a1838bb,lenta,https://lenta.ru/news/2026/03/11/slovakiya-prigrozila-ukraine-iz-za-druzhby/,2026-03-11 00:00:00,"Словакия пригрозила Украине из-за «Дружбы»01:28, 11 марта 2026Мир",,,ru,RU
555c6ad2ab6e,lenta,https://lenta.ru/news/2026/03/11/iran-vypustil-rakety-po-oae/,2026-03-11 00:00:00,"Иран выпустил ракеты по ОАЭ00:19, 11 марта 2026Мир",,,ru,RU
f9082d40c3bc,lenta,https://lenta.ru/news/2026/03/11/na-zapade-rasskazali-o-nepopravimom-uscherbe-ot-operatsii-v-irane/,2026-03-11 00:00:00,"На Западе рассказали о непоправимом ущербе от операции в Иране02:09, 11 марта 2026Мир",,,ru,RU
31e8d9784a76,lenta,https://lenta.ru/news/2026/03/11/muzhchina-rasskazal-o-neozhidannom-vliyanii-raka-na-seksualnuyu-zhizn/,2026-03-11 00:00:00,"Мужчина рассказал о неожиданном влиянии рака на сексуальную жизнь03:04, 11 марта 2026Забота о себе",,,ru,RU
1e3f2a809ce6,lenta,https://lenta.ru/news/2026/03/11/paren-proiznes-odnu-frazu-na-vecherinke-i-vyigral-samyy-glupyy-nauchnyy-spor-v-istorii/,2026-03-11 00:00:00,"Парень произнес одну фразу на вечеринке и выиграл «самый глупый научный спор в истории»02:47, 11 марта 2026Интернет и СМИ",,,ru,RU
a6d5be45ce60,lenta,https://lenta.ru/news/2026/03/11/predskazany-posledstviya-voyny-v-irane-dlya-rossii-i-ukrainy/,2026-03-11 00:00:00,"Предсказаны последствия конфликта вокруг Ирана для России и Украины01:22, 11 марта 2026Интернет и СМИ",,,ru,RU
83386f9adcc6,lenta,https://lenta.ru/news/2026/03/11/raskryt-neozhidannyy-sposob-snizit-risk-razvitiya-diabeta/,2026-03-11 00:00:00,"Раскрыт неожиданный способ снизить риск развития диабета00:19, 11 марта 2026Наука и техника",,,ru,RU
a72628a6f64c,lenta,https://lenta.ru/news/2026/03/11/amerikanskiy-senator-soobschil-o-podgotovke-vtorzheniya-v-iran/,2026-03-11 00:00:00,"Американский сенатор сообщил о подготовке вторжения в Иран01:04, 11 марта 2026Мир",,,ru,RU
3edcde321f75,lenta,https://lenta.ru/news/2026/03/11/medsestra-zanyalas-seksom-s-patsientom-i-obvinila-ego-v-iznasilovanii/,2026-03-11 00:00:00,"Медсестра занялась сексом с пациентом и обвинила его в изнасиловании02:03, 11 марта 2026Из жизни",,,ru,RU
254d36d705de,lenta,https://lenta.ru/news/2026/03/11/iran-vydvinul-ssha-novye-usloviya-dlya-peregovorov/,2026-03-11 00:00:00,"Иран выдвинул США новые условия для переговоров01:58, 11 марта 2026Мир",,,ru,RU
a89048e5ac43,lenta,https://lenta.ru/news/2026/03/11/15-letnie-podrostki-nashli-v-prudu-chelovecheskuyu-nogu/,2026-03-11 00:00:00,"15-летние подростки нашли в пруду человеческую ногу03:04, 11 марта 2026Из жизни",,,ru,RU
cfc3847ff790,lenta,https://lenta.ru/news/2026/03/11/nazvany-ne-podhodyaschie-dlya-seksualnyh-igr-produkty/,2026-03-11 00:00:00,"Названы не подходящие для сексуальных игр продукты01:01, 11 марта 2026Забота о себе",,,ru,RU
65a2e050f0b9,lenta,https://lenta.ru/news/2026/03/11/raskryto-vliyanie-razgovora-s-putinym-na-trampa/,2026-03-11 00:00:00,"Раскрыто влияние разговора с Путиным на Трампа02:24, 11 марта 2026Мир",,,ru,RU
acf517a44401,lenta,https://lenta.ru/news/2026/03/11/v-ssha-otvetili-na-vopros-o-vyhode-iz-konflikta-s-iranom/,2026-03-11 00:00:00,"В США ответили на вопрос о выходе из конфликта с Ираном02:47, 11 марта 2026Мир",,,ru,RU
88a35739cd82,lenta,https://lenta.ru/news/2026/03/11/v-belom-dome-otvetili-na-vopros-o-snyatii-sanktsiy-s-rossii/,2026-03-11 00:00:00,"В Белом доме ответили на вопрос о снятии санкций с России00:46, 11 марта 2026Мир",,,ru,RU
2c214c769350,lenta,https://lenta.ru/news/2026/03/11/v-gosdume-predlozhili-nakazyvat-za-dostavku-veypov-detyam/,2026-03-11 00:00:00,"В Госдуме предложили наказывать за доставку вейпов детям02:41, 11 марта 2026Россия",,,ru,RU
f58e64af09cd,lenta,https://lenta.ru/news/2026/03/11/v-mid-prokommentirovali-udar-vsu-po-bryansku/,2026-03-11 00:00:00,"В МИД прокомментировали удар ВСУ по Брянску00:25, 11 марта 2026Мир",,,ru,RU
d0b86f12b51a,lenta,https://lenta.ru/news/2026/03/11/v-rossii-nazvali-minuvshuyu-nedelyu-samoy-krovavoy-s-nachala-goda/,2026-03-11 00:00:00,"В России назвали минувшую неделю «самой кровавой с начала года»00:53, 11 марта 2026Бывший СССР",,,ru,RU
4f04589a9364,lenta,https://lenta.ru/news/2026/03/11/v-kremle-vyskazalis-o-novoy-vstreche-trampa-i-putina/,2026-03-11 00:00:00,"В Кремле высказались о новой встрече Трампа и Путина03:04, 11 марта 2026Россия",,,ru,RU
c178cd1a28e7,lenta,https://lenta.ru/news/2026/03/11/umer-vokalist-legendarnoy-rok-gruppy/,2026-03-11 00:00:00,"Умер вокалист легендарной рок-группы01:51, 11 марта 2026Культура",,,ru,RU
e84734450966,lenta,https://lenta.ru/news/2026/03/11/xiaomi-troubles/,2026-03-11 00:00:00,"В смартфонах Xiaomi нашли новые проблемы02:03, 11 марта 2026Наука и техника",,,ru,RU
1499b4b4164a,lenta,https://lenta.ru/news/2026/03/11/zelenskiy-otsenil-effektivnost-azova/,2026-03-11 00:00:00,"Зеленский оценил эффективность «Азова»00:35, 11 марта 2026Бывший СССР",,,ru,RU
3ff5b0eb6f11,lenta,https://lenta.ru/news/2026/03/11/vozlyublennaya-di-kaprio-s-obnazhennoy-grudyu-popala-na-oblozhku-zhurnala/,2026-03-11 00:00:00,"Возлюбленная Ди Каприо с обнаженной грудью попала на обложку журнала01:15, 11 марта 2026Ценности",,,ru,RU
b107079c53a5,lenta,https://lenta.ru/news/2026/03/11/tsygane-s-palkami-napali-na-ukrainskih-voenkomov/,2026-03-11 00:00:00,"Цыгане с палками напали на украинских военкомов00:18, 11 марта 2026Бывший СССР",,,ru,RU
aa08aeb230c0,lenta,https://lenta.ru/news/2026/03/11/v-vengrii-ukazali-na-strannost-v-iz-yatii-ukrainskih-deneg/,2026-03-11 00:00:00,"В Венгрии указали на странности в деле с изъятием украинских денег02:11, 11 марта 2026Мир",,,ru,RU
baf708ea4f21,lenta,https://lenta.ru/news/2026/03/12/ministerstvo-voyny-ssha-zakupilo-krabov-i-govyadinu-na-milliony-dollarov/,2026-03-12 00:00:00,"Министерство войны США закупило крабов и говядину на миллионы долларов01:13, 12 марта 2026Мир",,,ru,RU
0f7eb31c2440,lenta,https://lenta.ru/news/2026/03/12/bude-glimt-razgromil-sporting-v-1-8-finala-ligi-chempionov-haykin-oformil-suhar/,2026-03-12 00:00:00,"«Буде-Глимт» разгромил «Спортинг» в 1/8 финала Лиги чемпионов01:13, 12 марта 2026Спорт",,,ru,RU
8d1a1aa01443,lenta,https://lenta.ru/news/2026/03/12/cuba/,2026-03-12 00:00:00,"«Это дружественный захват». Трамп выбрал Кубу своей следующей целью. Как на это реагирует Россия?00:10, 12 марта 2026Мир",,,ru,RU
58e610eee2f2,lenta,https://lenta.ru/news/2026/03/12/dmitriev-zhestko-raskritikoval-deystviya-fon-der-lyayen/,2026-03-12 00:00:00,"Дмитриев жестко раскритиковал действия фон дер Ляйен00:34, 12 марта 2026Мир",,,ru,RU
cf861c143b7a,lenta,https://lenta.ru/news/2026/03/12/gubernator-kalifornii-otreagiroval-na-ugrozu-so-storony-irana/,2026-03-12 00:00:00,"Губернатор Калифорнии отреагировал на угрозу со стороны Ирана01:07, 12 марта 2026Мир",,,ru,RU
a99a1fea04ae,lenta,https://lenta.ru/news/2026/03/12/muzhchina-raspravilsya-s-zhenoy-i-13-let-hranil-ee-v-bochke-na-sklade/,2026-03-12 00:00:00,"Мужчина расправился с женой и 13 лет хранил ее в бочке на складе00:30, 12 марта 2026Из жизни",,,ru,RU
d6d5cc01e7f8,lenta,https://lenta.ru/news/2026/03/11/v-irane-prigrozili-primenit-dlya-otvetnyh-udarov-novyy-vid-raket/,2026-03-12 00:00:00,"В Иране пригрозили применить для ответных ударов новый вид ракет00:57, 12 марта 2026Мир",,,ru,RU
74d79ed1b67e,lenta,https://lenta.ru/news/2026/03/12/novogo-pomoschnika-uragana-zametili-v-zone-svo/,2026-03-12 00:00:00,"Нового помощника «Урагана» заметили в зоне СВО00:30, 12 марта 2026Наука и техника",,,ru,RU
6ec1894b7981,lenta,https://lenta.ru/news/2026/03/12/dofaminschici/,2026-03-12 00:00:00,"«Дофаминщицы, нарциссихи и красный флаг». Почему в России мужчины осуждают женщин за частые путешествия и что за этим стоит?00:01, 12 марта 2026Путешествия",,,ru,RU
dda9f1fb6e82,lenta,https://lenta.ru/news/2026/03/12/otets-ilona-maska-priletit-v-moskvu-s-novoy-tselyu/,2026-03-12 00:00:00,"Отец Илона Маска прилетит в Москву с одной целью00:12, 12 марта 2026Мир",,,ru,RU
431535f5fccd,lenta,https://lenta.ru/news/2026/03/12/pentagon-zakryl-brifingi-dlya-fotografov-iz-za-hegseta/,2026-03-12 00:00:00,"Пентагон закрыл брифинги для фотографов из-за Хегсета01:29, 12 марта 2026Мир",,,ru,RU
6028af69cc4b,lenta,https://lenta.ru/news/2026/03/12/proryv-iranskih-raket-skvoz-zalp-zrk-patriot-v-oae-snyali-na-video/,2026-03-12 00:00:00,"Прорыв иранских ракет сквозь залп ЗРК Patriot в ОАЭ сняли на видео01:38, 12 марта 2026Мир",,,ru,RU
9d6197f9354d,lenta,https://lenta.ru/news/2026/03/12/nazvana-hudshaya-dlya-osanki-poza-vo-sne/,2026-03-12 00:00:00,"Названа худшая для осанки поза во сне01:30, 12 марта 2026Забота о себе",,,ru,RU
7a675e05849b,lenta,https://lenta.ru/news/2026/03/11/ukrainskiy-borets-povernulsya-spinoy-k-flagam-vo-vremya-gimna-rf/,2026-03-12 00:00:00,"Украинский борец повернулся спиной к флагам во время гимна РФ00:01, 12 марта 2026Спорт",,,ru,RU
435a9dd4df57,lenta,https://lenta.ru/news/2026/03/12/tramp-oskorbil-svoego-vozmozhnogo-preemnika-na-postu-prezidenta/,2026-03-12 00:00:00,"Трамп оскорбил возможного претендента на пост президента01:34, 12 марта 2026Мир",,,ru,RU
e0fa24879b34,lenta,https://lenta.ru/news/2026/03/11/bank-anglii-predpochel-cherchillyu-zhivotnyh-na-banknotah/,2026-03-12 00:00:00,"Банк Англии предпочел Черчиллю животных на банкнотах00:12, 12 марта 2026Экономика",,,ru,RU
a8396f6ac866,lenta,https://lenta.ru/news/2026/03/12/stalo-izvestno-o-krayne-opasnyh-posledstviyah-proshedshih-v-irane-chernyh-dozhdey/,2026-03-12 00:00:00,"Описаны крайне опасные последствия прошедших в Иране «черных дождей»00:26, 12 марта 2026Мир",,,ru,RU
93cdac3e043c,lenta,https://lenta.ru/news/2026/03/12/tramp-derzko-obozval-svoih-predshestvennikov/,2026-03-12 00:00:00,"Трамп дерзко обозвал своих предшественников01:52, 12 марта 2026Мир",,,ru,RU
38d60ee6ff3f,lenta,https://lenta.ru/news/2026/03/12/tramp-ob-yasnil-vybor-nazvaniya-operatsii-v-irane/,2026-03-12 00:00:00,"Трамп объяснил выбор названия операции в Иране01:56, 12 марта 2026Мир",,,ru,RU
ed12aa85f697,lenta,https://lenta.ru/news/2026/03/12/tramp-vyskazalsya-ob-irane-frazoy-prekrasnaya-rabota-vzryvat-korabli/,2026-03-12 00:00:00,"Трамп высказался об Иране фразой «Прекрасная работа, взрывать корабли»01:51, 12 марта 2026Мир",,,ru,RU
b7c078535f76,lenta,https://lenta.ru/news/2026/03/12/tramp-zayavil-o-pobede-v-voyne-s-iranom/,2026-03-12 00:00:00,"Трамп заявил о победе в войне с Ираном00:44, 12 марта 2026Мир",,,ru,RU
61d9b6a76df2,lenta,https://lenta.ru/news/2026/03/12/ukrainu-predupredili-o-sokraschenii-zapadnoy-podderzhki/,2026-03-12 00:00:00,"Украину предупредили о сокращении западной поддержки01:33, 12 марта 2026Интернет и СМИ",,,ru,RU
aca8f70b1aaf,lenta,https://lenta.ru/news/2026/03/11/harvi-vaynshteyn-raskryl-detali-svoey-zhizni-v-tyurme-na-ostrove-raykers/,2026-03-12 00:00:00,"Харви Вайнштейн раскрыл детали своей жизни в тюрьме на острове Райкерс00:10, 12 марта 2026Культура",,,ru,RU
033239b837fa,lenta,https://lenta.ru/news/2026/03/12/sovbez-oon-prinyal-rezolyutsiyu-s-prizyvom-k-iranu-prekratit-ataki-na-treti-strany/,2026-03-12 00:00:00,"Совбез ООН принял резолюцию с призывом к Ирану прекратить атаки на третьи страны01:03, 12 марта 2026Мир",,,ru,RU
edb29b622478,lenta,https://lenta.ru/news/2026/03/12/vzryvy-progremeli-nad-rossiyskim-gorodom/,2026-03-12 00:00:00,"Около десяти взрывов прогремело над российским городом00:31, 12 марта 2026Россия",,,ru,RU
574ee0069fcf,lenta,https://lenta.ru/news/2026/03/12/siyyarto-nazval-prichinu-isteriki-v-kieve/,2026-03-12 00:00:00,"Сийярто назвал причину истерики в Киеве01:21, 12 марта 2026Мир",,,ru,RU
e12fbcc383eb,lenta,https://lenta.ru/news/2026/03/12/samaya-krasivaya-zhenschina-v-mire-v-prozrachnom-byustgaltere-posetila-nedelyu-mody-v-parizhe/,2026-03-12 00:00:00,"Самая красивая женщина в мире в прозрачном бюстгальтере посетила Неделю моды в Париже01:02, 12 марта 2026Ценности",,,ru,RU
f4d3a78a0d39,lenta,https://lenta.ru/news/2026/03/12/pszh-safonova-odolel-chelsi-v-matche-1-8-finala-ligi-chempionov/,2026-03-12 00:00:00,"ПСЖ Сафонова одолел «Челси» в матче 1/8 финала Лиги чемпионов01:13, 12 марта 2026Спорт",,,ru,RU
b303f13c5222,lenta,https://lenta.ru/news/2026/03/12/v-irane-vystupili-s-zayavleniem-o-pokushenii-na-trampa/,2026-03-12 00:00:00,"В Иране выступили с заявлением о покушении на Трампа01:10, 12 марта 2026Мир",,,ru,RU
866e77a5db6e,lenta,https://lenta.ru/news/2026/03/13/dva-bespilotnika-popytalis-atakovat-odno-iz-krupneyshih-neftyanyh-mestorozhdeniy/,2026-03-13 00:00:00,"Два беспилотника попытались атаковать одно из крупнейших нефтяных месторождений01:37, 13 марта 2026Мир",,,ru,RU
81ccb16c39fc,lenta,https://lenta.ru/news/2026/03/13/es/,2026-03-13 00:00:00,"Фицо заявил о потере влияния ЕС на международной арене01:00, 13 марта 2026Мир",,,ru,RU
e9c867d042b2,lenta,https://lenta.ru/news/2026/03/13/iran-nazval-vinovnyh-v-nyneshnem-polozhenii-del-s-sudohodstvom-v-ormuzskom-prolive/,2026-03-13 00:00:00,"Иран назвал виновных в нынешнем положении дел с судоходством в Ормузском проливе00:06, 13 марта 2026Мир",,,ru,RU
327622840a64,lenta,https://lenta.ru/news/2026/03/13/na-zapade-rasskazali-ob-effektivnosti-taktiki-irana-v-konflikte-s-izrailem/,2026-03-13 00:00:00,"На Западе рассказали об эффективности тактики Ирана в конфликте с Израилем01:22, 13 марта 2026Мир",,,ru,RU
5338f911c68d,lenta,https://lenta.ru/news/2026/03/13/kolumbiyskiy-naemnik/,2026-03-13 00:00:00,"Колумбийский наемник завербовался в ВСУ01:35, 13 марта 2026Бывший СССР",,,ru,RU
f8fa74f63441,lenta,https://lenta.ru/news/2026/03/13/raskryty-podrobnosti-o-novom-raunde-peregovorov-po-ukrainskomu-voprosu/,2026-03-13 00:00:00,"Раскрыты подробности о новом раунде переговоров по украинскому вопросу00:58, 13 марта 2026Мир",,,ru,RU
59173c8283df,lenta,https://lenta.ru/news/2026/03/13/netanyahu-rasskazal-o-kontaktah-s-trampom/,2026-03-13 00:00:00,"Нетаньяху рассказал о контактах с Трампом00:51, 13 марта 2026Мир",,,ru,RU
5d20b74742b5,lenta,https://lenta.ru/news/2026/03/13/raskryty-traty-ssha-na-operatsiyu-v-irane/,2026-03-13 00:00:00,"Раскрыты траты США на операцию в Иране01:32, 13 марта 2026Экономика",,,ru,RU
8aae64c08050,lenta,https://lenta.ru/news/2026/03/13/amerikanskiy-klon-shaheda-vpervye-popal-na-video-pri-atake-v-irake/,2026-03-13 00:00:00,"Американский клон «Шахеда» впервые попал на видео при атаке в Ираке00:16, 13 марта 2026Мир",,,ru,RU
590a8bbbcb3f,lenta,https://lenta.ru/news/2026/03/13/ne-menee-shesti-frantsuzskih-voennyh-postradali-pri-atake-drona-po-baze-v-irake/,2026-03-13 00:00:00,"Не менее шести французских военных пострадали при атаке дрона по базе в Ираке00:22, 13 марта 2026Мир",,,ru,RU
0378b2864ac2,lenta,https://lenta.ru/news/2026/03/13/nazvan-samyy-effektivnyy-sposob-zaschity-ot-moshennikov/,2026-03-13 00:00:00,"Назван самый эффективный способ защиты от мошенников00:15, 13 марта 2026Интернет и СМИ",,,ru,RU
a7f9bfa2b0f9,lenta,https://lenta.ru/news/2026/03/13/orban/,2026-03-13 00:00:00,"В Германии заявили о планах Орбана использовать венгров на Украине01:51, 13 марта 2026Мир",,,ru,RU
793052665457,lenta,https://lenta.ru/news/2026/03/13/prygun-s-shestom-dyuplantis-v-15-y-raz-obnovil-mirovoy-rekord/,2026-03-13 00:00:00,"Прыгун с шестом Дюплантис в 15-й раз обновил мировой рекорд00:30, 13 марта 2026Спорт",,,ru,RU
5ec23b9df42a,lenta,https://lenta.ru/news/2026/03/13/60-letnyaya-supermodel-vyzvala-azhiotazh-v-seti-video-v-prozrachnom-nizhnem-belie-bez-filtrov/,2026-03-13 00:00:00,"60-летняя супермодель вызвала ажиотаж в сети видео в прозрачном нижнем белье без фильтров01:00, 13 марта 2026Ценности",,,ru,RU
bf43099865d7,lenta,https://lenta.ru/news/2026/03/13/effektivnost-udarnogo-provoda-otsenili/,2026-03-13 00:00:00,"Эффективность ударного «Провода» оценили00:31, 13 марта 2026Наука и техника",,,ru,RU
16c7df2b0642,lenta,https://lenta.ru/news/2026/03/13/rossiya-peredala-iranu-13-tonn-medikamentov/,2026-03-13 00:00:00,"Россия передала Ирану 13 тонн медикаментов00:08, 13 марта 2026Россия",,,ru,RU
8815853a4139,lenta,https://lenta.ru/news/2026/03/13/rossiyskaya-aviakompaniya-prodolzhit-polety-nesmotrya-na-ogranichenie-sroka-sertifikata-ekspluatanta/,2026-03-13 00:00:00,"Российская авиакомпания продолжит полеты несмотря на ограничения01:09, 13 марта 2026Путешествия",,,ru,RU
4100ea328eeb,lenta,https://lenta.ru/news/2026/03/13/vozmozhnost-snyatiya-sanktsiy-s-rossiyskoy-nefti-iz-za-voyny-izrailya-i-irana-otsenili/,2026-03-13 00:00:00,"Возможность снятия санкций с российской нефти из-за войны Израиля и Ирана оценили00:10, 13 марта 2026Экономика",,,ru,RU
7a0856f5c8f9,lenta,https://lenta.ru/news/2026/03/13/v-ssha-raskryli-podrobnosti-o-razbivshimsya-na-blizhnem-vostoke-voennom-samolete/,2026-03-13 00:00:00,"В США раскрыли подробности о разбившемся на Ближнем Востоке военном самолете01:46, 13 марта 2026Мир",,,ru,RU
d4445f0f9d66,lenta,https://lenta.ru/news/2026/03/13/serbia/,2026-03-13 00:00:00,"Вучич заявил о нежелании Сербии вступать в НАТО00:27, 13 марта 2026Мир",,,ru,RU
ccdf0225a574,lenta,https://lenta.ru/news/2026/03/13/ssha-poteryali-samolet-zapravschik-vo-vremya-operatsii-protiv-irana/,2026-03-13 00:00:00,"США потеряли самолет-заправщик во время операции против Ирана00:59, 13 марта 2026Мир",,,ru,RU
53392f34b272,lenta,https://lenta.ru/news/2026/03/13/smenivshaya-pol-na-muzhskoy-ukrainka-dobrovolno-prishla-za-povestkoy-v-ttsk/,2026-03-13 00:00:00,"Сменившая пол на мужской украинка добровольно пришла за повесткой в ТЦК00:11, 13 марта 2026Бывший СССР",,,ru,RU
38902d828ff4,lenta,https://lenta.ru/news/2026/03/13/vrach-predupredil-o-riske-zarazheniya-pyatyu-zabolevaniyami-dazhe-pri-ispolzovanii-prezervativa/,2026-03-13 00:00:00,"Врач предупредил о риске заражения пятью заболеваниями даже при использовании презерватива01:00, 13 марта 2026Забота о себе",,,ru,RU
8be2431865b8,lenta,https://lenta.ru/news/2026/03/13/vo-frantsii-raskryli-tsel-vizita-zelenskogo-v-parizh/,2026-03-13 00:00:00,"Во Франции раскрыли цель визита Зеленского в Париж00:36, 13 марта 2026Мир",,,ru,RU
a283aa00e8b0,lenta,https://lenta.ru/news/2026/03/13/zapad/,2026-03-13 00:00:00,"В Италии рассказали о неонацизме в Киеве01:17, 13 марта 2026Мир",,,ru,RU
61facaa89b7c,lenta,https://lenta.ru/tags/persons/skromnyy-vasiliy/,2026-03-13 00:00:00,Василий Скромный,,,ru,RU
daaf1d067bdf,lenta,https://lenta.ru/tags/geo/belorussiya/,2026-03-13 00:00:00,Белоруссия,,,ru,RU
3f05d2b0b0ce,lenta,https://lenta.ru/news/2026/03/13/rossiyskiy-tanker-zametili-u-italyanskogo-ostrova/,2026-03-13 00:00:00,"Российский танкер заметили у итальянского острова00:56, 13 марта 2026Мир",,,ru,RU
bc8c0bda2857,lenta,https://lenta.ru/news/2026/03/12/ormuz/,2026-03-13 00:00:00,"«Это станет катастрофой». Как США хотят взять под контроль Ормузский пролив и может ли Иран этому помешать?00:10, 13 марта 2026Мир",,,ru,RU
279a62c54550,lenta,https://lenta.ru/news/2026/03/13/uri-geller-zayavil-o-peredache-sverhsposobnostey-trampu-i-netanyahu/,2026-03-13 00:00:00,"Ури Геллер заявил о передаче сверхспособностей Трампу и Нетаньяху00:31, 13 марта 2026Из жизни",,,ru,RU
8d6d952469f7,lenta,https://lenta.ru/news/2026/03/14/lukashenko-prigrozil-ministru-otpravkoy-v-shturmoviki/,2026-03-14 00:00:00,"Лукашенко пригрозил министру отправкой в штурмовики00:43, 14 марта 2026Бывший СССР",,,ru,RU
2d0506de0a4c,lenta,https://lenta.ru/news/2026/03/14/na-zapade-ispugalis-ada-iz-za-voyny-s-iranom/,2026-03-14 00:00:00,"На Западе испугались «ада» из-за войны с Ираном02:29, 14 марта 2026Мир",,,ru,RU
4b2160ceb6c1,lenta,https://lenta.ru/news/2026/03/14/na-zapade-zadalis-voprosom-ob-ukraine-posle-slov-fon-der-lyayen/,2026-03-14 00:00:00,"На Западе задались вопросом об Украине после слов фон дер Ляйен01:47, 14 марта 2026Мир",,,ru,RU
6cff4f129f45,lenta,https://lenta.ru/news/2026/03/14/legendarnyy-muzykant-otsenil-vklad-kgb-v-russkiy-rok/,2026-03-14 00:00:00,"Легендарный музыкант оценил вклад КГБ в русский рок00:05, 14 марта 2026Культура",,,ru,RU
a28414e58fba,lenta,https://lenta.ru/news/2026/03/14/polsha-potrebovala-reparatsiy-ot-esche-odnoy-strany/,2026-03-14 00:00:00,"Польша потребовала репараций от еще одной страны01:16, 14 марта 2026Мир",,,ru,RU
71eb5a4ef975,lenta,https://lenta.ru/news/2026/03/14/poyavilis-podrobnosti-ob-udare-vsu-po-rossiyskomu-regionu/,2026-03-14 00:00:00,"Появились подробности об ударе ВСУ по российскому региону02:51, 14 марта 2026Россия",,,ru,RU
0441504f1896,lenta,https://lenta.ru/news/2026/03/14/ssha-otpravili-10-tysyach-dronov-s-ukrainy-na-blizhniy-vostok/,2026-03-14 00:00:00,"США отправили 10 тысяч дронов с Украины на Ближний Восток01:36, 14 марта 2026Мир",,,ru,RU
a54d1ead1837,lenta,https://lenta.ru/news/2026/03/14/raskryty-podrobnosti-obnaruzheniya-detskih-tel-v-reke-pod-moskvoy/,2026-03-14 00:00:00,"Раскрыты подробности обнаружения детских тел в реке под Москвой00:06, 14 марта 2026Россия",,,ru,RU
8bd6d55ff0af,lenta,https://lenta.ru/news/2026/03/14/stalo-izvestno-o-predlozhenii-putina-k-trampu-po-iranskomu-uranu/,2026-03-14 00:00:00,"Стало известно о предложении Путина к Трампу по иранскому урану01:13, 14 марта 2026Мир",,,ru,RU
d59f6bf1328a,lenta,https://lenta.ru/news/2026/03/14/tactic/,2026-03-14 00:00:00,"«Иран будет использовать опыт России». Почему удары иранских дронов стали шоком для США и Израиля и как на это повлиял опыт СВО?00:10, 14 марта 2026Мир",,,ru,RU
00390e3e2cec,lenta,https://lenta.ru/news/2026/03/14/naemnik-vsu-rasskazal-o-verbovke-cherez-tiktok/,2026-03-14 00:00:00,"Наемник ВСУ рассказал о вербовке через TikTok00:44, 14 марта 2026Бывший СССР",,,ru,RU
c7f564c0ed3e,lenta,https://lenta.ru/news/2026/03/14/kvadrobery-migrirovali-v-polshu/,2026-03-14 00:00:00,"Квадроберы мигрировали в Польшу01:07, 14 марта 2026Из жизни",,,ru,RU
2df0317416be,lenta,https://lenta.ru/news/2026/03/14/pyatero-muzhchin-iznasilovali-desyatiklassnitsu-i-sbrosili-ee-v-kolodets/,2026-03-14 00:00:00,"Пятеро мужчин изнасиловали десятиклассницу и сбросили ее в колодец00:18, 14 марта 2026Из жизни",,,ru,RU
7028a17f7eae,lenta,https://lenta.ru/news/2026/03/14/iran-oboznachil-usloviya-dlya-otkrytiya-ormuzskogo-proliva/,2026-03-14 00:00:00,"Иран обозначил условия для открытия Ормузского пролива02:40, 14 марта 2026Мир",,,ru,RU
2bd08088dbff,lenta,https://lenta.ru/news/2026/03/14/v-rossiyskom-regione-zagorelsya-neftezavod-posle-ataki-vsu/,2026-03-14 00:00:00,"В российском регионе загорелся нефтезавод после атаки ВСУ02:58, 14 марта 2026Россия",,,ru,RU
0e272c1aa9b6,lenta,https://lenta.ru/news/2026/03/14/tramp-otvetil-na-vopros-o-srokah-zaversheniya-konflikta-s-iranom/,2026-03-14 00:00:00,"Трамп ответил на вопрос о сроках завершения конфликта с Ираном02:13, 14 марта 2026Мир",,,ru,RU
dd10d30f6677,lenta,https://lenta.ru/news/2026/03/13/raskryto-nastoyaschee-imya-benksi/,2026-03-14 00:00:00,"Раскрыто настоящее имя Бэнкси00:27, 14 марта 2026Культура",,,ru,RU
2fa424154ad4,lenta,https://lenta.ru/news/2026/03/14/vvz/,2026-03-14 00:00:00,"Первый советский рэкетир Монгол держал в страхе Москву. Как он стал вором в законе и правил под себя понятия преступного мира?00:01, 14 марта 2026Силовые структуры",,,ru,RU
b16b3209bd89,lenta,https://lenta.ru/news/2026/03/14/v-rossii-prokommentirovali-otkaz-trampa-ot-predlozheniya-putina-po-iranu/,2026-03-14 00:00:00,"В России прокомментировали отказ Трампа от предложения Путина по Ирану01:39, 14 марта 2026Интернет и СМИ",,,ru,RU
155c1cef763a,lenta,https://lenta.ru/news/2026/03/14/v-ssha-sdelali-priznanie-posle-otvetnyh-udarov-irana/,2026-03-14 00:00:00,"В США сделали признание после ответных ударов Ирана03:12, 14 марта 2026Мир",,,ru,RU
2a93ab938797,lenta,https://lenta.ru/news/2026/03/14/v-ssha-ukazali-na-povorotnyy-moment-v-davlenii-na-rossiyu/,2026-03-14 00:00:00,"В США указали на «поворотный момент» в давлении на Россию01:37, 14 марта 2026Мир",,,ru,RU
d97ffbb8ed1d,lenta,https://lenta.ru/news/2026/03/14/vsu-atakovali-krasnodarskiy-kray/,2026-03-14 00:00:00,"ВСУ атаковали Краснодарский край01:56, 14 марта 2026Россия",,,ru,RU
e43759e32dd4,lenta,https://lenta.ru/news/2026/03/14/v-krushenii-samoleta-tankera-ssha-v-irake-uvideli-katastroficheskuyu-detal/,2026-03-14 00:00:00,"В крушении самолета-танкера США в Ираке увидели катастрофическую деталь01:32, 14 марта 2026Мир",,,ru,RU
0584eeb54cd7,lenta,https://lenta.ru/news/2026/03/14/zhurnalist-rasskazal-o-demonicheskih-natsistah-na-ukraine/,2026-03-14 00:00:00,"Журналист рассказал о «демонических нацистах» на Украине00:53, 14 марта 2026Интернет и СМИ",,,ru,RU
e6dc314b9c98,lenta,https://lenta.ru/news/2026/03/14/v-kongresse-ssha-obratilis-k-glave-pentagona-s-trebovaniem-po-iranu/,2026-03-14 00:00:00,"В Конгрессе США обратились к главе Пентагона с требованием по Ирану00:43, 14 марта 2026Мир",,,ru,RU
1f6c2d788380,lenta,https://lenta.ru/news/2026/03/14/zhenschina-otravila-svoyu-doch-radi-semeynoy-reputatsii/,2026-03-14 00:00:00,"Женщина отравила свою дочь ради семейной репутации02:04, 14 марта 2026Из жизни",,,ru,RU
07c7a59b68ba,lenta,https://lenta.ru/news/2026/03/14/v-britanii-rasskazali-ob-obide-karla-iii-na-trampa/,2026-03-14 00:00:00,"В Британии рассказали об обиде Карла III на Трампа00:17, 14 марта 2026Мир",,,ru,RU
6dcb6c1ded74,lenta,https://lenta.ru/news/2026/03/14/tramp-prigrozil-udarit-po-neftyanoy-infrastrukture-iranskogo-ostrova/,2026-03-14 00:00:00,"Трамп заявил о проведении одной из самых мощных бомбардировок02:37, 14 марта 2026Мир",,,ru,RU
a9f268818ffd,lenta,https://lenta.ru/news/2026/03/14/zelenskiy-sdelal-zayavlenie-o-pobede-ukrainy-v-konflikte-s-rossiey/,2026-03-14 00:00:00,"Зеленский сделал заявление о победе Украины в конфликте с Россией00:10, 14 марта 2026Бывший СССР",,,ru,RU
2696f4f7df16,lenta,https://lenta.ru/news/2026/03/15/britaniya-nashla-sposob-pomoch-soyuznikam-na-blizhnem-vostoke/,2026-03-15 00:00:00,"Британия нашла способ помочь союзникам на Ближнем Востоке02:40, 15 марта 2026Мир",,,ru,RU
7978c6fdcae1,lenta,https://lenta.ru/news/2026/03/15/formula-1-otmenila-etapy-na-blizhnem-vostoke/,2026-03-15 00:00:00,"Формула-1 отменила этапы на Ближнем Востоке01:45, 15 марта 2026Спорт",,,ru,RU
c163273c9ccc,lenta,https://lenta.ru/news/2026/03/15/rossiyskiy-turist-potratil-v-dubae-sotni-tysyach-rubley-iz-za-konflikta-v-irane/,2026-03-15 00:00:00,"Российский турист потратил в Дубае сотни тысяч рублей из-за конфликта в Иране02:19, 15 марта 2026Путешествия",,,ru,RU
59a8e93fb2e0,lenta,https://lenta.ru/news/2026/03/15/na-ukraine-likvidirovan-luchshiy-operator-himars/,2026-03-15 00:00:00,"На Украине ликвидирован «лучший оператор HIMARS»01:51, 15 марта 2026Бывший СССР",,,ru,RU
4fdf22f7e5e4,lenta,https://lenta.ru/news/2026/03/15/na-ukraine-otsenili-deystviya-zelenskogo-statiey-sovetskogo-ugolovnogo-kodeksa/,2026-03-15 00:00:00,"На Украине оценили действия Зеленского статьей советского Уголовного кодекса00:17, 15 марта 2026Бывший СССР",,,ru,RU
9daab360ca20,lenta,https://lenta.ru/news/2026/03/15/natsbank-ukrainy-prodal-milliard-dollarov-dlya-uderzhaniya-kursa-grivny/,2026-03-15 00:00:00,"Нацбанк Украины продал миллиард долларов для удержания курса гривны00:53, 15 марта 2026Экономика",,,ru,RU
7d7269eab962,lenta,https://lenta.ru/news/2026/03/15/odna-partiya-predlozhila-otkryt-v-selskih-rayonah-politicheskie-pivnushki/,2026-03-15 00:00:00,"Одна партия предложила открыть «политические пивнушки» в сельских районах00:57, 15 марта 2026Мир",,,ru,RU
3db73d38656a,lenta,https://lenta.ru/news/2026/03/15/nazvany-isklyuchennye-iz-spiska-antirossiyskih-sanktsiy-es-litsa/,2026-03-15 00:00:00,"Названы исключенные из списка антироссийских санкций ЕС лица00:47, 15 марта 2026Мир",,,ru,RU
3ebf5e7545e6,lenta,https://lenta.ru/news/2026/03/15/poyavilis-kadry-moschnogo-pozhara-na-baze-ssha-v-bagdade-posle-prileta/,2026-03-15 00:00:00,"Появились кадры мощного пожара на американской базе в Багдаде после прилета00:51, 15 марта 2026Мир",,,ru,RU
54e8ea6c0120,lenta,https://lenta.ru/news/2026/03/15/raskryta-sudba-pohischennyh-polkom-vsu-boytsov-teroborony/,2026-03-15 00:00:00,"Раскрыта судьба похищенных полком ВСУ бойцов теробороны02:13, 15 марта 2026Бывший СССР",,,ru,RU
9c8830d52866,lenta,https://lenta.ru/news/2026/03/15/izvestnuyu-model-nashli-mertvoy-v-sobstvennom-dome/,2026-03-15 00:00:00,"Известную модель нашли мертвой в собственном доме03:13, 15 марта 2026Из жизни",,,ru,RU
b132843a44a9,lenta,https://lenta.ru/news/2026/03/15/alexander/,2026-03-15 00:00:00,"Братья-миллиардеры годами насиловали женщин, при этом заключая миллионные сделки со знаменитостями. Как их удалось раскрыть?00:15, 15 марта 2026Из жизни",,,ru,RU
cf7439e431ca,lenta,https://lenta.ru/news/2026/03/15/nazvan-sredniy-vozrast-zabolevaniya-rakom-v-rossii/,2026-03-15 00:00:00,"Назван средний возраст заболевания раком в России03:37, 15 марта 2026Наука и техника",,,ru,RU
b59f64cd18b6,lenta,https://lenta.ru/news/2026/03/14/vs-rossii-unichtozhili-datskiy-bespilotnik-vsu-taranom/,2026-03-15 00:00:00,"ВС России уничтожили датский беспилотник ВСУ тараном00:32, 15 марта 2026Бывший СССР",,,ru,RU
a479c43b3fe3,lenta,https://lenta.ru/news/2026/03/15/fitso-pozhalovalsya-na-nedostatochnoe-davlenie-evropy-na-zelenskogo/,2026-03-15 00:00:00,"Фицо пожаловался на недостаточное давление ЕС на Зеленского00:37, 15 марта 2026Мир",,,ru,RU
fe35b45ed242,lenta,https://lenta.ru/news/2026/03/15/rossiyan-predupredili-ob-opasnosti-vysokogo-keshbeka/,2026-03-15 00:00:00,"Россиян предупредили об опасности высокого кэшбека01:39, 15 марта 2026Интернет и СМИ",,,ru,RU
4a7751a9c0fc,lenta,https://lenta.ru/news/2026/03/15/stalo-izvestno-o-istoschenii-zapasov-izrailya-raket-perehvatchikov/,2026-03-15 00:00:00,"Стало известно об истощении запасов ракет-перехватчиков у Израиля02:20, 15 марта 2026Мир",,,ru,RU
63337ce8bc13,lenta,https://lenta.ru/news/2026/03/15/tramp-nazval-zelenskogo-poslednim-chelovekom-v-odnom-voprose/,2026-03-15 00:00:00,"Трамп назвал Зеленского «последним человеком» в одном вопросе03:35, 15 марта 2026Мир",,,ru,RU
dfbe7e1d2fc1,lenta,https://lenta.ru/news/2026/03/15/tramp-poobeschal-vernut-sanktsii-protiv-rossii/,2026-03-15 00:00:00,"Трамп пообещал вернуть санкции против России02:46, 15 марта 2026Мир",,,ru,RU
ea646d97e642,lenta,https://lenta.ru/news/2026/03/15/tramp-sravnil-putina-i-zelenskogo/,2026-03-15 00:00:00,"Трамп сравнил Путина и Зеленского03:38, 15 марта 2026Мир",,,ru,RU
0675cc2acaf6,lenta,https://lenta.ru/news/2026/03/15/ukrainskiy-plennyy-rasskazal-o-dezertirstve-iz-vsu/,2026-03-15 00:00:00,"Украинский пленный рассказал о дезертирстве из ВСУ03:00, 15 марта 2026Бывший СССР",,,ru,RU
cfa5075ee876,lenta,https://lenta.ru/news/2026/03/15/v-rossii-sdelali-podarok-vypolnivshemu-pryzhok-kobry-bortsu/,2026-03-15 00:00:00,"В России сделали подарок выполнившему «прыжок кобры» борцу00:03, 15 марта 2026Спорт",,,ru,RU
b05b5a022863,lenta,https://lenta.ru/news/2026/03/15/v-ssha-zayavili-o-nedootsenke-irana/,2026-03-15 00:00:00,"В США заявили о недооценке Ирана01:26, 15 марта 2026Мир",,,ru,RU
ead7ebb19d26,lenta,https://lenta.ru/news/2026/03/15/zelenskiy-udivil-trampa/,2026-03-15 00:00:00,"Зеленский удивил Трампа02:26, 15 марта 2026Мир",,,ru,RU
8d181d86f7ed,lenta,https://lenta.ru/news/2026/03/15/seriya-moschnyh-vzryvov-prozvuchala-v-tegerane/,2026-03-15 00:00:00,"Серия мощных взрывов прозвучала в Тегеране02:35, 15 марта 2026Мир",,,ru,RU
18dfbe254380,lenta,https://lenta.ru/news/2026/03/15/zaharova-sravnila-zapadnuyu-evropu-s-personazhem-iz-skazki-andersena/,2026-03-15 00:00:00,"Захарова сравнила Западную Европу с персонажем из сказки Андерсена03:30, 15 марта 2026Мир",,,ru,RU
dba772516b59,lenta,https://lenta.ru/news/2026/03/14/v-irane-derzko-vyskazalis-o-hvalenom-zontike-bezopasnosti-ssha/,2026-03-15 00:00:00,"В Иране дерзко высказались о хваленом зонтике безопасности США00:14, 15 марта 2026Мир",,,ru,RU
07bce38c2b63,lenta,https://lenta.ru/news/2026/03/15/ryadom-s-moskvoy-sbili-bolee-60-bespilotnikov-za-den-eto-stalo-samoy-masshtabnoy-atakoy-vsu-na-stolitsu-s-nachala-goda/,2026-03-15 00:00:00,"Рядом с Москвой сбили более 60 беспилотников за день. Это стало самой масштабной атакой ВСУ на столицу с начала года01:05, 15 марта 2026Россия",,,ru,RU
016435ff2edc,lenta,https://lenta.ru/tags/persons/orban-viktor/,2026-03-15 00:00:00,Виктор Орбан,,,ru,RU
fca608681650,lenta,https://lenta.ru/news/2026/03/15/zaharova-raskryla-nyuansy-kontaktov-rossii-s-ssha/,2026-03-15 00:00:00,"Захарова раскрыла нюансы контактов России с США00:46, 15 марта 2026Мир",,,ru,RU
290a744686d0,lenta,https://lenta.ru/news/2026/03/16/ataka/,2026-03-16 00:00:00,"В Белом доме назвали стоимость атаки на Иран для США02:24, 16 марта 2026Мир",,,ru,RU
82cd03b7d778,lenta,https://lenta.ru/news/2026/03/16/byvshiy-angel-victoria-s-secret-snyalas-v-otkrovennyh-kupalnikah-dlya-modnogo-brenda/,2026-03-16 00:00:00,"Бывший «ангел» Victoria's Secret снялась в откровенных купальниках для модного бренда01:00, 16 марта 2026Ценности",,,ru,RU
5c674b87eb90,lenta,https://lenta.ru/news/2026/03/16/gibel-poslednego-i-stareyshego-v-mire-samoleta-boeing-kc-747-snyali-na-video/,2026-03-16 00:00:00,"Гибель последнего и старейшего в мире самолета Boeing KC-747 сняли на видео01:00, 16 марта 2026Мир",,,ru,RU
735193e39d5f,lenta,https://lenta.ru/news/2026/03/16/glava-nemetskih-demokratov-obrila-golovu-nalyso/,2026-03-16 00:00:00,"Глава немецких демократов обрила голову налысо после провала на выборах01:20, 16 марта 2026Мир",,,ru,RU
62948c7e946f,lenta,https://lenta.ru/news/2026/03/16/bpla/,2026-03-16 00:00:00,"Российский военный уничтожил украинский дрон из стрелкового оружия02:12, 16 марта 2026Бывший СССР",,,ru,RU
0ca1a3923554,lenta,https://lenta.ru/news/2026/03/16/iran/,2026-03-16 00:00:00,"В Британии заявили о переходе инициативы в войне от США к Ирану01:37, 16 марта 2026Мир",,,ru,RU
0eca487532bc,lenta,https://lenta.ru/news/2026/03/16/nad-rossiey-za-nedelyu-sbili-pochti-tri-tysyachi-bespilotnikov/,2026-03-16 00:00:00,"Над Россией за неделю сбили почти три тысячи беспилотников00:47, 16 марта 2026Россия",,,ru,RU
2a6533cce42d,lenta,https://lenta.ru/news/2026/03/16/izrail/,2026-03-16 00:00:00,"Политолог объяснил цель фейков о смерти Нетаньяху01:20, 16 марта 2026Мир",,,ru,RU
caa55deb9910,lenta,https://lenta.ru/news/2026/03/16/nazvana-osobennost-izrailskih-f-35/,2026-03-16 00:00:00,"Названа особенность израильских F-3500:31, 16 марта 2026Наука и техника",,,ru,RU
1c84d90e6861,lenta,https://lenta.ru/news/2026/03/16/nazvana-udivitelno-poleznaya-dlya-mozga-i-kishechnika-yagoda/,2026-03-16 00:00:00,"Названа удивительно полезная для мозга и кишечника ягода02:15, 16 марта 2026Наука и техника",,,ru,RU
2c74e3bd136e,lenta,https://lenta.ru/news/2026/03/16/nazvany-tri-neeffektivnye-dobavki-dlya-borby-s-bessonnitsey/,2026-03-16 00:00:00,"Названы три неэффективные добавки для борьбы с бессонницей01:00, 16 марта 2026Забота о себе",,,ru,RU
6d050fea12d6,lenta,https://lenta.ru/news/2026/03/16/astrofizik-rasskazal-o-padenii-inoplanetnogo-korablya-v-ssha/,2026-03-16 00:00:00,"Астрофизик рассказал о падении инопланетного корабля в США00:31, 16 марта 2026Из жизни",,,ru,RU
e76d7146bf53,lenta,https://lenta.ru/news/2026/03/16/irran/,2026-03-16 00:00:00,"В США признали способность Ирана влиять на мировую экономику01:52, 16 марта 2026Мир",,,ru,RU
91cae49f91b8,lenta,https://lenta.ru/news/2026/03/16/peskov-otsenil-situatsiyu-v-zone-provedeniya-spetsoperatsii/,2026-03-16 00:00:00,"Песков оценил ситуацию в зоне проведения спецоперации01:18, 16 марта 2026Россия",,,ru,RU
7b7563e76b00,lenta,https://lenta.ru/news/2026/03/16/iran-zayavil-o-neispolzovanii-bolshey-chasti-raket/,2026-03-16 00:00:00,"Иран заявил о неиспользовании большей части ракет00:41, 16 марта 2026Мир",,,ru,RU
70c7b49d7bf2,lenta,https://lenta.ru/news/2026/03/16/postpred-rossii-ob-yasnil-prichinu-neuchastiya-oon-v-peregovorah-po-ukraine/,2026-03-16 00:00:00,"Постпред России объяснил причину неучастия ООН в переговорах по Украине02:05, 16 марта 2026Мир",,,ru,RU
f3c3a050584c,lenta,https://lenta.ru/news/2026/03/16/ukrainskiy-voennyy-obvinil-zelenskogo-zaluzhnogo-i-syrskogo-v-provale-kontrnastupleniya-vsu/,2026-03-16 00:00:00,"Украинский военный обвинил Зеленского, Залужного и Сырского в провале контрнаступления ВСУ01:56, 16 марта 2026Бывший СССР",,,ru,RU
d28d9462f209,lenta,https://lenta.ru/news/2026/03/16/stalo-izvestno-o-planah-ssha-sozdat-koalitsiyu-po-soprovozhdeniyu-sudov-cherez-ormuzskiy-proliv/,2026-03-16 00:00:00,"Стало известно о планах США создать коалицию по сопровождению судов через Ормузский пролив00:16, 16 марта 2026Мир",,,ru,RU
20db0e2ec0f5,lenta,https://lenta.ru/news/2026/03/16/proliv/,2026-03-16 00:00:00,"В ФРГ высказались об участии Германии в операции в Ормузском проливе00:58, 16 марта 2026Мир",,,ru,RU
a65c59210d06,lenta,https://lenta.ru/news/2026/03/16/sbu/,2026-03-16 00:00:00,"СБУ подтвердила задержание детектива НАБУ00:31, 16 марта 2026Бывший СССР",,,ru,RU
d5f3ab4d3321,lenta,https://lenta.ru/news/2026/03/16/raskryty-podrobnosti-gibeli-syna-izvestnogo-rossiyskogo-boytsa-v-zone-svo/,2026-03-16 00:00:00,"Раскрыты подробности гибели сына известного российского бойца в зоне СВО00:34, 16 марта 2026Спорт",,,ru,RU
2c8ebd0176fa,lenta,https://lenta.ru/news/2026/03/16/v-italii-nazvali-krym-primerom-dlya-ostalnogo-mira/,2026-03-16 00:00:00,"В Италии назвали Крым примером для остального мира01:36, 16 марта 2026Мир",,,ru,RU
6299b5329e52,lenta,https://lenta.ru/news/2026/03/16/nebenzya-obvinil-ssha-i-izrail-vo-vspleske-nasiliya-na-blizhnem-vostoke/,2026-03-16 00:00:00,"Небензя обвинил США и Израиль во всплеске насилия на Ближнем Востоке01:00, 16 марта 2026Мир",,,ru,RU
d4fc3a679474,lenta,https://lenta.ru/news/2026/03/16/v-kitae-otsenili-neozhidannuyu-reaktsiyu-rossii-na-ultimatumy-ssha-naschet-irana/,2026-03-16 00:00:00,"В Китае оценили неожиданную реакцию России на ультиматумы США насчет Ирана00:41, 16 марта 2026Интернет и СМИ",,,ru,RU
51226d511cac,lenta,https://lenta.ru/news/2026/03/16/v-rossii-napomnili-zapadu-ob-otvetstvennosti-za-atomnuyu-bombu/,2026-03-16 00:00:00,"В России напомнили Западу об ответственности за атомную бомбу00:47, 16 марта 2026Мир",,,ru,RU
0eb2f1304d45,lenta,https://lenta.ru/news/2026/03/16/yarkiy/,2026-03-16 00:00:00,"Яркий зеленый свет в небе вызвал панику в Турции01:40, 16 марта 2026Экономика",,,ru,RU
13020c59a9d3,lenta,https://lenta.ru/news/2026/03/16/premiera-belgii-osudili-za-prizyv-k-dialogu-s-rossiey/,2026-03-16 00:00:00,"Премьера Бельгии осудили за призыв к диалогу с Россией00:33, 16 марта 2026Мир",,,ru,RU
35b94c3aa784,lenta,https://lenta.ru/news/2026/03/16/v-polshe-zayavili-o-realnoy-ugroze-vyhoda-strany-iz-evrosoyuza/,2026-03-16 00:00:00,"В Польше заявили о реальной угрозе выхода страны из Евросоюза00:15, 16 марта 2026Мир",,,ru,RU
da472324e5ae,lenta,https://lenta.ru/news/2026/03/16/shkolnyy-uchitel-dva-goda-tayno-snimal-video-pod-yubkami-u-kolleg/,2026-03-16 00:00:00,"Школьный учитель два года тайно снимал видео под юбками у коллег02:00, 16 марта 2026Из жизни",,,ru,RU
d48d86341ba5,lenta,https://lenta.ru/news/2026/03/17/iran-atakoval-aviabazu-ssha-v-katare/,2026-03-17 00:00:00,"Иран атаковал авиабазу США в Катаре01:53, 17 марта 2026Мир",,,ru,RU
a50ca037a844,lenta,https://lenta.ru/news/2026/03/17/iran-udaril-po-shtabu-missii-evrosoyuza/,2026-03-17 00:00:00,"Иран ударил по штабу миссии Евросоюза01:05, 17 марта 2026Мир",,,ru,RU
7458dcf5df5b,lenta,https://lenta.ru/news/2026/03/17/iran-vydvinul-ssha-trebovanie/,2026-03-17 00:00:00,"Иран выдвинул США требование00:34, 17 марта 2026Мир",,,ru,RU
595ff91fafc4,lenta,https://lenta.ru/news/2026/03/17/missbrics/,2026-03-17 00:00:00,"«До 15 лет я была гадким утенком». Одна из самых красивых девушек мира — об «отмене» на «Мисс Вселенная» и цене победы00:01, 17 марта 2026Из жизни",,,ru,RU
9ac44730afb9,lenta,https://lenta.ru/news/2026/03/17/ssha-potrebovali-ot-prezidenta-kuby-uyti-v-otstavku/,2026-03-17 00:00:00,"США потребовали от президента одной страны уйти в отставку02:15, 17 марта 2026Мир",,,ru,RU
d268050b4c52,lenta,https://lenta.ru/news/2026/03/17/muzhchina-nashel-sbezhavshuyu-vozlyublennuyu-bez-priznakov-zhizni-v-neozhidannom-meste/,2026-03-17 00:00:00,"Мужчина нашел сбежавшую возлюбленную без признаков жизни в неожиданном месте00:31, 17 марта 2026Из жизни",,,ru,RU
6f3bf3e23e76,lenta,https://lenta.ru/news/2026/03/17/orban-predupredil-o-podgotovke-evropy-k-voyne-s-rossiey-gde-premier-vengrii-uvidel-buduschie-polya-srazheniy/,2026-03-17 00:00:00,"Орбан предупредил о подготовке Европы к войне с Россией. Где премьер Венгрии увидел будущие поля сражений?01:40, 17 марта 2026Мир",,,ru,RU
652767878943,lenta,https://lenta.ru/news/2026/03/17/obychnyy-vitamin-okazalsya-faktorom-usileniya-rakovoy-opuholi/,2026-03-17 00:00:00,"Обычный витамин оказался фактором усиления раковой опухоли00:31, 17 марта 2026Наука и техника",,,ru,RU
4b3fe13ce80e,lenta,https://lenta.ru/news/2026/03/17/populyarnaya-tantsovschitsa-prishla-na-aftepati-oskara-bez-shtanov/,2026-03-17 00:00:00,"Популярная танцовщица пришла на афтепати «Оскара» без штанов01:31, 17 марта 2026Ценности",,,ru,RU
e5e340ce2772,lenta,https://lenta.ru/news/2026/03/17/premier-italii-prokommentirovala-prizyv-trampa/,2026-03-17 00:00:00,"Премьер Италии прокомментировала призыв Трампа01:35, 17 марта 2026Мир",,,ru,RU
687f16c01d4e,lenta,https://lenta.ru/news/2026/03/17/protivominnye-korabli-vms-ssha-sbezhali-iz-persidskogo-zaliva/,2026-03-17 00:00:00,"Противоминные корабли ВМС США сбежали из Персидского залива01:01, 17 марта 2026Наука и техника",,,ru,RU
694e8c3f88fc,lenta,https://lenta.ru/news/2026/03/17/general-ssha-okonfuzilsya-v-kieve-i-poteryal-sekretnye-materialy/,2026-03-17 00:00:00,"Генерал США оконфузился в Киеве и потерял секретные материалы02:10, 17 марта 2026Мир",,,ru,RU
c76169a0e2cb,lenta,https://lenta.ru/news/2026/03/17/na-ukraine-nazvali-kandidata-na-post-glavkoma-vsu/,2026-03-17 00:00:00,"На Украине назвали кандидата на пост главкома ВСУ00:14, 17 марта 2026Бывший СССР",,,ru,RU
2301f96a631b,lenta,https://lenta.ru/news/2026/03/17/muzhchina-do-smerti-izbil-brata-iz-za-telefona/,2026-03-17 00:00:00,"Мужчина до смерти избил брата из-за телефона01:19, 17 марта 2026Из жизни",,,ru,RU
3e13196eb617,lenta,https://lenta.ru/news/2026/03/17/energosistema-kuby-ruhnula/,2026-03-17 00:00:00,"Энергосистема Кубы рухнула01:42, 17 марта 2026Мир",,,ru,RU
f77414ddd22f,lenta,https://lenta.ru/news/2026/03/17/shveytsariya-podderzhala-predlozhenie-premiera-belgii-po-rossii/,2026-03-17 00:00:00,"В Швейцарии оценили предложение премьера Бельгии по России00:26, 17 марта 2026Мир",,,ru,RU
f2a37228d2b1,lenta,https://lenta.ru/news/2026/03/16/vens-vyskazalsya-ob-operatsii-protiv-irana/,2026-03-17 00:00:00,"Вэнс высказался об операции против Ирана00:03, 17 марта 2026Мир",,,ru,RU
6cf38d7f82d1,lenta,https://lenta.ru/news/2026/03/17/whoknows/,2026-03-17 00:00:00,"Трамп признал отсутствие информации о переговорщиках в Иране00:36, 17 марта 2026Мир",,,ru,RU
6bc527a9ed28,lenta,https://lenta.ru/news/2026/03/17/tramp-pomechtal-o-zahvate-kuby/,2026-03-17 00:00:00,"Трамп понадеялся захватить Кубу00:19, 17 марта 2026Мир",,,ru,RU
8df3a5d0c616,lenta,https://lenta.ru/news/2026/03/17/tramp-voshitilsya-ubitym-iranskim-generalom/,2026-03-17 00:00:00,"Трамп восхитился убитым иранским генералом02:10, 17 марта 2026Мир",,,ru,RU
848fb1ab177d,lenta,https://lenta.ru/news/2026/03/17/uchitel-domogalsya-uchenikov-i-ob-yasnil-svoi-deystviya-italyanskim-proishozhdeniem/,2026-03-17 00:00:00,"Учитель домогался учеников и объяснил свои действия итальянским происхождением02:07, 17 марта 2026Из жизни",,,ru,RU
72513f169212,lenta,https://lenta.ru/news/2026/03/17/umer-akter-iz-filma-nazad-v-buduschee/,2026-03-17 00:00:00,"Умер актер из фильма «Назад в будущее»01:42, 17 марта 2026Культура",,,ru,RU
08390242c668,lenta,https://lenta.ru/news/2026/03/17/tramp-zayavil-o-skorom-zavershenii-konflikta-v-irane/,2026-03-17 00:00:00,"Трамп заявил о скором завершении конфликта в Иране00:08, 17 марта 2026Мир",,,ru,RU
c18f761119be,lenta,https://lenta.ru/news/2026/03/17/zelenskiy-otreagiroval-na-preduprezhdenie-irana/,2026-03-17 00:00:00,"Зеленский отреагировал на предупреждение Ирана01:05, 17 марта 2026Бывший СССР",,,ru,RU
fd31b5a859fa,lenta,https://lenta.ru/news/2026/03/17/tramp-izmenil-reshenie-o-poezdke-v-kitay/,2026-03-17 00:00:00,"Трамп изменил решение о поездке в Китай01:15, 17 марта 2026Мир",,,ru,RU
d4b2268e3f0e,lenta,https://lenta.ru/news/2026/03/17/zhenschina-uznala-ob-izmene-muzha-i-predlozhila-lyubovnitse-neobychnoe-reshenie/,2026-03-17 00:00:00,"Женщина узнала об измене мужа и предложила любовнице необычное решение00:56, 17 марта 2026Из жизни",,,ru,RU
098af63668dc,lenta,https://lenta.ru/news/2026/03/17/stalo-izvestno-o-vozobnovlenii-pryamyh-kontaktov-ssha-i-irana/,2026-03-17 00:00:00,"Стало известно о возобновлении прямых контактов США и Ирана00:25, 17 марта 2026Мир",,,ru,RU
a8ee719aef59,lenta,https://lenta.ru/news/2026/03/17/suprugi-raskryli-sposoby-chasche-zanimatsya-seksom-posle-neskolkih-let-braka/,2026-03-17 00:00:00,"Супруги раскрыли способы чаще заниматься сексом после нескольких лет брака01:01, 17 марта 2026Забота о себе",,,ru,RU
30b28f1ae7ec,lenta,https://lenta.ru/news/2026/03/17/v-khl-pobit-rekord-poseschaemosti-matchey-regulyarnogo-chempionata/,2026-03-17 00:00:00,"В КХЛ побит рекорд посещаемости матчей регулярного чемпионата01:03, 17 марта 2026Спорт",,,ru,RU
094857994575,lenta,https://lenta.ru/news/2026/03/18/iran-podtverdil-informatsiyu-o-gibeli-sekretarya-sovbeza/,2026-03-18 00:00:00,"Иран подтвердил информацию о гибели секретаря Совбеза00:01, 18 марта 2026Мир",,,ru,RU
bde8c584c702,lenta,https://lenta.ru/news/2026/03/18/dmitriev-obratilsya-k-ssha-s-odnim-prizyvom/,2026-03-18 00:00:00,"Дмитриев обратился к США с одним призывом00:57, 18 марта 2026Экономика",,,ru,RU
cfa3f03b1078,lenta,https://lenta.ru/news/2026/03/18/euiran/,2026-03-18 00:00:00,"«Тупые ублюдки, зачем вы это сделали?». Почему европейские союзники США не хотят влезать в войну с Ираном и чего они добиваются?00:11, 18 марта 2026Мир",,,ru,RU
ee08a6b0d630,lenta,https://lenta.ru/news/2026/03/18/finlyandiya-poobeschala-pomoch-trampu-v-irane-pri-odnom-uslovii/,2026-03-18 00:00:00,"Финляндия пообещала помочь Трампу в Иране при одном условии01:04, 18 марта 2026Мир",,,ru,RU
2b2723d288aa,lenta,https://lenta.ru/news/2026/03/18/iran-atakoval-raketami-dubay/,2026-03-18 00:00:00,"Иран атаковал ракетами Дубай01:55, 18 марта 2026Мир",,,ru,RU
e2a45ebe72bf,lenta,https://lenta.ru/news/2026/03/18/moschnye-udary-aviatsii-pakistana-snyali-na-video/,2026-03-18 00:00:00,"Мощные удары авиации Пакистана сняли на видео00:59, 18 марта 2026Мир",,,ru,RU
924a4d809f99,lenta,https://lenta.ru/news/2026/03/17/v-mid-germanii-otsenili-vozmozhnost-oslabit-sanktsii-protiv-rossii/,2026-03-18 00:00:00,"В МИД Германии оценили возможность ослабить санкции против России00:08, 18 марта 2026Мир",,,ru,RU
5841e6073a63,lenta,https://lenta.ru/news/2026/03/18/nazvan-ukazyvayuschiy-na-ugasanie-chuvstv-priznak-v-spalne/,2026-03-18 00:00:00,"Назван указывающий на угасание чувств признак в спальне01:00, 18 марта 2026Забота о себе",,,ru,RU
13e2938ea8ad,lenta,https://lenta.ru/news/2026/03/18/nazvana-stoimost-lecheniya-raka-v-rossii/,2026-03-18 00:00:00,"Названа стоимость лечения рака в России01:57, 18 марта 2026Наука и техника",,,ru,RU
95bade99a6fc,lenta,https://lenta.ru/news/2026/03/18/nazvany-imena-pogibshih-vmeste-s-sekretarem-natsbezopasnosti-irana/,2026-03-18 00:00:00,"Названы имена погибших вместе с секретарем нацбезопасности Ирана00:35, 18 марта 2026Мир",,,ru,RU
faace7f5c5da,lenta,https://lenta.ru/news/2026/03/18/neskolko-vzryvov-uslyshali-zhiteli-rossiyskogo-regiona/,2026-03-18 00:00:00,"Несколько взрывов услышали жители российского региона01:33, 18 марта 2026Россия",,,ru,RU
83bc3bd4aaab,lenta,https://lenta.ru/news/2026/03/18/orban-nazval-pobediteley-v-konflikte-na-ukraine/,2026-03-18 00:00:00,"Орбан назвал победителей в конфликте на Украине01:41, 18 марта 2026Мир",,,ru,RU
5f4748ee7008,lenta,https://lenta.ru/news/2026/03/18/muzhchina-opublikoval-pornovideo-bez-soglasiya-partnershi-i-popal-v-tyurmu/,2026-03-18 00:00:00,"Мужчина опубликовал порновидео без согласия партнерши и попал в тюрьму00:31, 18 марта 2026Из жизни",,,ru,RU
f37d7a5e0ba5,lenta,https://lenta.ru/news/2026/03/17/nazvano-uslovie-dlya-otkrytiya-ormuzskogo-proliva/,2026-03-18 00:00:00,"Названо условие для открытия Ормузского пролива00:23, 18 марта 2026Мир",,,ru,RU
684eb3398e26,lenta,https://lenta.ru/news/2026/03/18/prezident-irana-poobeschal-surovuyu-mest-za-gibel-sekretarya-sovbeza/,2026-03-18 00:00:00,"Президент Ирана пообещал суровую месть за гибель секретаря Совбеза00:28, 18 марта 2026Мир",,,ru,RU
9f5a283cc71e,lenta,https://lenta.ru/tags/persons/kucherov-nikita/,2026-03-18 00:00:00,Никита Кучеров,,,ru,RU
cc8b9dc3208e,lenta,https://lenta.ru/news/2026/03/18/otseneny-rashody-ssha-na-voynu-s-iranom/,2026-03-18 00:00:00,"Оценены расходы США на войну с Ираном00:19, 18 марта 2026Мир",,,ru,RU
5e2dbf9eff83,lenta,https://lenta.ru/news/2026/03/18/rossiyskie-voennye-pokazali-vskrytie-i-unichtozhenie-punkta-upravleniya-bpla-vsu/,2026-03-18 00:00:00,"Российские военные показали вскрытие и уничтожение пункта управления БПЛА ВСУ01:18, 18 марта 2026Бывший СССР",,,ru,RU
1931b0e6959c,lenta,https://lenta.ru/news/2026/03/18/silnyy-obstrel-izrailya-popal-na-video/,2026-03-18 00:00:00,"Сильный обстрел Израиля попал на видео02:20, 18 марта 2026Мир",,,ru,RU
8f35ddce153e,lenta,https://lenta.ru/news/2026/03/18/skachok/,2026-03-18 00:00:00,"Скачок курса доллара объяснили00:17, 18 марта 2026Экономика",,,ru,RU
cbbdcd291b46,lenta,https://lenta.ru/news/2026/03/18/tsahal-soobschila-o-puske-raket-iz-irana/,2026-03-18 00:00:00,"ЦАХАЛ сообщила о пуске ракет из Ирана01:36, 18 марта 2026Мир",,,ru,RU
8794ea363cdf,lenta,https://lenta.ru/news/2026/03/18/v-ssha-nazvali-sposobnuyu-predotvratit-globalnyy-pozhar-iranskogo-konflikta-silu/,2026-03-18 00:00:00,"В США назвали способную предотвратить «глобальный пожар» иранского конфликта силу00:51, 18 марта 2026Интернет и СМИ",,,ru,RU
403703366383,lenta,https://lenta.ru/news/2026/03/18/v-ssha-zayavili-o-naraschivanii-voennoy-pomoschi-rossii-iranu/,2026-03-18 00:00:00,"В США заявили о наращивании военной помощи России Ирану01:19, 18 марта 2026Мир",,,ru,RU
5839e445cd31,lenta,https://lenta.ru/news/2026/03/18/66-letniy-uchitel-chetyre-goda-ustraival-doma-vecherinki-s-prostitutkami-dlya-vseh-zhelayuschih/,2026-03-18 00:00:00,"66-летний учитель четыре года устраивал дома вечеринки с проститутками для всех желающих02:00, 18 марта 2026Из жизни",,,ru,RU
622730f5114a,lenta,https://lenta.ru/news/2026/03/18/virginity/,2026-03-18 00:00:00,"Никогда не занимавшаяся сексом 39-летняя женщина объяснила воздержание01:20, 18 марта 2026Интернет и СМИ",,,ru,RU
dace2c2be871,lenta,https://lenta.ru/news/2026/03/18/zendeya-ocharovala-fanatov-poyavleniem-na-shou-v-poluprozrachnom-platie/,2026-03-18 00:00:00,"Зендея очаровала фанатов появлением на шоу в полупрозрачном платье01:00, 18 марта 2026Ценности",,,ru,RU
519b1e6493ac,lenta,https://lenta.ru/news/2026/03/18/razveyan-populyarnyy-mif-o-prichinah-problem-s-pamyatyu/,2026-03-18 00:00:00,"Развеян популярный миф о причинах проблем с памятью00:31, 18 марта 2026Наука и техника",,,ru,RU
706e189c3dea,lenta,https://lenta.ru/news/2026/03/18/vms-polshi-otkazalis-puskat-vpered-batki-v-peklo/,2026-03-18 00:00:00,"ВМС Польши отказались пускать «вперед батьки в пекло»02:00, 18 марта 2026Наука и техника",,,ru,RU
1f4cae219699,lenta,https://lenta.ru/news/2026/03/18/pszh-safonova-vsuhuyu-obygral-chelsi-v-lige-chempionov/,2026-03-18 00:00:00,"ПСЖ Сафонова «всухую» обыграл «Челси» в Лиге чемпионов01:04, 18 марта 2026Спорт",,,ru,RU
71c040025cf5,lenta,https://lenta.ru/news/2026/03/18/v-vengrii-oprovergli-suschestvovanie-plakatov-s-zelenskim/,2026-03-18 00:00:00,"В Венгрии опровергли существование плакатов с Зеленским00:52, 18 марта 2026Мир",,,ru,RU
3468f19f52c0,lenta,https://lenta.ru/news/2026/03/18/zaharova/,2026-03-19 00:00:00,"Захарова высказалась о краже «скифского золота»00:11, 19 марта 2026Мир",,,ru,RU
621b376b2240,lenta,https://lenta.ru/news/2026/03/19/aktrisa-okonfuzilas-na-s-emkah-remeyka-spasateli-malibu-iz-za-kupalnika/,2026-03-19 00:00:00,"Актриса оконфузилась на съемках ремейка «Спасатели Малибу» из-за купальника01:00, 19 марта 2026Ценности",,,ru,RU
3bc858534dab,lenta,https://lenta.ru/news/2026/03/19/dezertiry-ob-yavili-ohotu-na-zagradotryady-vsu/,2026-03-19 00:00:00,"Дезертиры объявили охоту на заградотряды ВСУ01:41, 19 марта 2026Бывший СССР",,,ru,RU
14053e9b08ff,lenta,https://lenta.ru/news/2026/03/19/glavu-mid-ukrainy-obvinili-v-rasprostranenii-feykov/,2026-03-19 00:00:00,"Главу МИД Украины обвинили в распространении фейков01:07, 19 марта 2026Мир",,,ru,RU
d7dd5da1b718,lenta,https://lenta.ru/news/2026/03/19/dmitriev/,2026-03-19 00:00:00,"Дмитриев призвал Европу к стратегическим решениям по газу00:50, 19 марта 2026Мир",,,ru,RU
608860ef02db,lenta,https://lenta.ru/news/2026/03/19/rada/,2026-03-19 00:00:00,"«Рада сломалась». Почему фракция Зеленского оказалась на грани распада и как это скажется на будущем Украины?00:01, 19 марта 2026Бывший СССР",,,ru,RU
ef0417aea890,lenta,https://lenta.ru/news/2026/03/19/raskryty-podrobnosti-ataki-vsu-na-rossiyskiy-gorod/,2026-03-19 00:00:00,"Раскрыты подробности атаки ВСУ на российский город01:47, 19 марта 2026Россия",,,ru,RU
cc7dafd441a5,lenta,https://lenta.ru/news/2026/03/19/opredelilis-vse-chetvertfinalisty-ligi-chempionov/,2026-03-19 00:00:00,"Определились все четвертьфиналисты Лиги чемпионов01:40, 19 марта 2026Спорт",,,ru,RU
920fe259b438,lenta,https://lenta.ru/news/2026/03/18/stalo-izvestno-o-massovom-ischeznovenii-soldat-vsu-na-harkovschine/,2026-03-19 00:00:00,"Стало известно о массовом исчезновении солдат ВСУ на Харьковщине00:14, 19 марта 2026Бывший СССР",,,ru,RU
faaa3722a823,lenta,https://lenta.ru/news/2026/03/19/na-zapade-rasskazali-o-sposobnom-povergnut-zelenskogo-v-yarost-vozmozhnom-reshenii-es/,2026-03-19 00:00:00,"На Западе рассказали о способном повергнуть Зеленского в ярость возможном решении ЕС00:57, 19 марта 2026Мир",,,ru,RU
ed13472dedaf,lenta,https://lenta.ru/news/2026/03/19/na-ukraine-udarili-po-glavnomu-oblastnomu-upravleniyu-sbu/,2026-03-19 00:00:00,"На Украине ударили по главному областному управлению СБУ00:31, 19 марта 2026Бывший СССР",,,ru,RU
e67d80eccec5,lenta,https://lenta.ru/news/2026/03/19/naydeno-neozhidannoe-sredstvo-dlya-snizheniya-riska-dementsii/,2026-03-19 00:00:00,"Найдено неожиданное средство для снижения риска развития деменции00:30, 19 марта 2026Наука и техника",,,ru,RU
322083a0806c,lenta,https://lenta.ru/news/2026/03/19/pritaivshiesya-v-ormuzskom-prolive-strashnye-kity-irana-otsenili/,2026-03-19 00:00:00,"Притаившиеся в Ормузском проливе страшные «Киты» Ирана оценили02:00, 19 марта 2026Наука и техника",,,ru,RU
1408bd9cce94,lenta,https://lenta.ru/news/2026/03/18/na-ukraine-vysmeyali-davnee-obeschanie-sovetnika-zelenskogo-pit-kofe-v-yalte/,2026-03-19 00:00:00,"На Украине высмеяли давнее обещание советника Зеленского пить кофе в Ялте00:53, 19 марта 2026Бывший СССР",,,ru,RU
3d9f0feeddbc,lenta,https://lenta.ru/news/2026/03/19/60-letnyaya-zhenschina-uznala-o-seks-sekrete-muzha-i-prishla-v-uzhas/,2026-03-19 00:00:00,"60-летняя женщина узнала о секс-секрете мужа и пришла в ужас01:00, 19 марта 2026Забота о себе",,,ru,RU
670fee2c1726,lenta,https://lenta.ru/news/2026/03/19/raskryty-podrobnosti-o-rabote-po-obmenu-plennymi-mezhdu-rossiey-i-ukrainoy/,2026-03-19 00:00:00,"Раскрыты подробности о работе по обмену пленными между Россией и Украиной00:38, 19 марта 2026Россия",,,ru,RU
7874a0a23c07,lenta,https://lenta.ru/news/2026/03/19/spetspredstavitel-putina-zayavil-o-strahe-genseka-nato-pered-trampom/,2026-03-19 00:00:00,"Спецпредставитель Путина заявил о страхе генсека НАТО перед Трампом02:09, 19 марта 2026Россия",,,ru,RU
0707ad4baa7c,lenta,https://lenta.ru/news/2026/03/19/v-rossii-nazvali-postradavshih/,2026-03-19 00:00:00,"В России назвали пострадавшую от санкций Запада экономику00:46, 19 марта 2026Россия",,,ru,RU
c962e290f355,lenta,https://lenta.ru/news/2026/03/19/uchitelnitsa-sovratila-10-letnego-uchenika-i-bolshe-mesyatsa-nasilovala-ego-v-shkole/,2026-03-19 00:00:00,"Учительница совратила 10-летнего ученика и больше месяца насиловала его в школе02:00, 19 марта 2026Из жизни",,,ru,RU
adaa25ef9adb,lenta,https://lenta.ru/news/2026/03/19/v-kitae-rasskazali-o-rasplate-ssha-za-shutki-nad-rossiey/,2026-03-19 00:00:00,"В Китае рассказали о расплате США за шутки над Россией00:20, 19 марта 2026Интернет и СМИ",,,ru,RU
29cb7d86ff6e,lenta,https://lenta.ru/news/2026/03/19/ukrain/,2026-03-19 00:00:00,"В Ирландии напали с ножом на выходца с Украины00:39, 19 марта 2026Мир",,,ru,RU
3e34514098a9,lenta,https://lenta.ru/news/2026/03/19/v-ssha-zayavili-ob-uvelichenii-boesposobnosti-vs-rossii/,2026-03-19 00:00:00,"В США заявили об увеличении боеспособности ВС России00:58, 19 марта 2026Мир",,,ru,RU
f85bdd9127b3,lenta,https://lenta.ru/news/2026/03/19/v-kremle-rasskazali-o-trehstoronnih-peregovorah-s-uchastiem-ssha-i-ukrainy/,2026-03-19 00:00:00,"В Кремле рассказали о трехсторонних переговорах с участием США и Украины00:19, 19 марта 2026Россия",,,ru,RU
843adaa23ab4,lenta,https://lenta.ru/news/2026/03/19/v-rossii-rasskazali-o-vazhnosti-moskvy-dlya-razvitiya-evropy/,2026-03-19 00:00:00,"В России рассказали о важности Москвы для развития Европы01:20, 19 марта 2026Россия",,,ru,RU
9f9af09dcb16,lenta,https://lenta.ru/news/2026/03/19/zhenschina-otkazalas-pokidat-bolnitsu-posle-vypiski-i-ostalas-tam-esche-na-pyat-mesyatsev/,2026-03-19 00:00:00,"Женщина отказалась покидать больницу после выписки и осталась там еще на пять месяцев00:30, 19 марта 2026Из жизни",,,ru,RU
2af7e07ab9bd,lenta,https://lenta.ru/news/2026/03/19/stalo-izvestno-o-nezhelanii-trampa-nanosit-novye-udary-po-energetike-irana/,2026-03-19 00:00:00,"Стало известно о нежелании Трампа наносить новые удары по энергетике Ирана01:11, 19 марта 2026Мир",,,ru,RU
00fb8a2a1cb0,lenta,https://lenta.ru/news/2026/03/19/zapad/,2026-03-19 00:00:00,"Стало известно о желании Европы вновь привлечь США к участию в конфликте на Украине01:22, 19 марта 2026Мир",,,ru,RU
8f26f83e1242,lenta,https://lenta.ru/tags/persons/seryabkina-olga/,2026-03-19 00:00:00,Ольга Серябкина,,,ru,RU
4c99890c464b,lenta,https://lenta.ru/news/2026/03/19/rossiyskie-korabli-s-neftyu-i-gazom-otpravilis-na-kubu-vopreki-sanktsiyam-ssha/,2026-03-19 00:00:00,"Российские корабли с нефтью и газом отправились на Кубу вопреки санкциям США02:08, 19 марта 2026Экономика",,,ru,RU
1537c84194be,lenta,https://lenta.ru/news/2026/03/19/vsu-atakovali-rossiyskiy-gorod/,2026-03-19 00:00:00,"ВСУ атаковали российский город00:32, 19 марта 2026Россия",,,ru,RU
ce230d9e12ae,lenta,https://lenta.ru/news/2026/03/20/es-otkazalsya-pomogat-ssha-v-voyne-s-iranom/,2026-03-20 00:00:00,"ЕС отказался помогать США в войне с Ираном01:03, 20 марта 2026Мир",,,ru,RU
9e8e827ccf1f,lenta,https://lenta.ru/news/2026/03/20/fifa-vyskazalas-ob-otstranenii-izrailya-ot-turnirov/,2026-03-20 00:00:00,"ФИФА высказалась об отстранении Израиля от турниров00:39, 20 марта 2026Спорт",,,ru,RU
edb3a36d3fb0,lenta,https://lenta.ru/news/2026/03/20/pozhilym-rossiyanam-posovetovali-rabotayuschie-sposoby-zaschititsya-ot-moshennikov/,2026-03-20 00:00:00,"Пожилым россиянам посоветовали работающие способы защититься от мошенников00:15, 20 марта 2026Интернет и СМИ",,,ru,RU
a924ca8b3d00,lenta,https://lenta.ru/news/2026/03/20/izrail-atakoval-livan/,2026-03-20 00:00:00,"Израиль атаковал Ливан01:11, 20 марта 2026Мир",,,ru,RU
07e2d70ba684,lenta,https://lenta.ru/news/2026/03/20/izrail-vyskazalsya-o-vtyagivanii-ssha-v-voynu-s-iranom/,2026-03-20 00:00:00,"Израиль высказался о втягивании США в войну с Ираном00:54, 20 марта 2026Мир",,,ru,RU
179eb108628e,lenta,https://lenta.ru/news/2026/03/20/kisa/,2026-03-20 00:00:00,"Захарова назвала уехавшего журналиста «киевскорежимным нюхачом» за один жест00:52, 20 марта 2026Бывший СССР",,,ru,RU
93227bd7294a,lenta,https://lenta.ru/news/2026/03/20/na-zapade-rasskazali-o-vstrevozhivshih-premiera-yaponii-slovah-trampa/,2026-03-20 00:00:00,"На Западе рассказали о встревоживших премьера Японии словах Трампа01:09, 20 марта 2026Интернет и СМИ",,,ru,RU
4e1b1d4f0436,lenta,https://lenta.ru/news/2026/03/20/na-zapade-podveli-neuteshitelnye-itogi-voyny-s-iranom/,2026-03-20 00:00:00,"На Западе подвели неутешительные итоги войны с Ираном01:28, 20 марта 2026Мир",,,ru,RU
7dc95a9402b1,lenta,https://lenta.ru/news/2026/03/20/nazvana-veskaya-prichina-otkazatsya-ot-alkogolya-pered-seksom/,2026-03-20 00:00:00,"Названа веская причина отказаться от алкоголя перед сексом01:00, 20 марта 2026Забота о себе",,,ru,RU
8b3a001c1f83,lenta,https://lenta.ru/news/2026/03/20/otvet/,2026-03-20 00:00:00,"«Некоторые страны заигрались». Москва представила ответ на угрозы Запада «теневому флоту» России. В чем он заключается?00:10, 20 марта 2026Мир",,,ru,RU
20f23b2e381a,lenta,https://lenta.ru/news/2026/03/20/foto-69-letney-zvezdy-seksa-v-bolshom-gorode-v-prozrachnom-plasche-vyzvalo-azhiotazh-v-seti/,2026-03-20 00:00:00,"Фото 69-летней звезды «Секса в большом городе» в прозрачном плаще вызвало ажиотаж в сети01:00, 20 марта 2026Ценности",,,ru,RU
86f82cb5f15a,lenta,https://lenta.ru/news/2026/03/20/amerikanskuyu-nezavisimost-priznali-bespoleznoy-protiv-irana/,2026-03-20 00:00:00,"Американскую «Независимость» признали бесполезной против Ирана02:00, 20 марта 2026Наука и техника",,,ru,RU
760e2f057949,lenta,https://lenta.ru/news/2026/03/20/na-bereg-chernogo-morya-vyneslo-boegolovku/,2026-03-20 00:00:00,"На берег Черного моря вынесло загадочную боеголовку01:51, 20 марта 2026Мир",,,ru,RU
b1c6b7b38df7,lenta,https://lenta.ru/news/2026/03/19/v-rossii-nazvali-souchastnikov-ukrainy/,2026-03-20 00:00:00,"В России назвали соучастников Украины00:09, 20 марта 2026Мир",,,ru,RU
f2f3a8c2d5cb,lenta,https://lenta.ru/news/2026/03/20/tai/,2026-03-20 00:00:00,"«Думают, что наша страна красива и безопасна». Как райский уголок в популярной у россиян стране обрел репутацию Острова смерти00:02, 20 марта 2026Путешествия",,,ru,RU
e40dc986de80,lenta,https://lenta.ru/news/2026/03/19/letchitsa-vsu-vmesto-sluzhby-uehala-snimatsya-v-kulinarnom-shou/,2026-03-20 00:00:00,"Летчица ВСУ вместо службы уехала сниматься в кулинарном шоу00:01, 20 марта 2026Бывший СССР",,,ru,RU
80b10b2b52b9,lenta,https://lenta.ru/news/2026/03/19/stali-izvestny-prizovye-lyzhnikov-korosteleva-i-nepryaevoy-za-uchastie-v-kubke-mira/,2026-03-20 00:00:00,"Стали известны призовые лыжников Коростелева и Непряевой за участие в Кубке мира00:04, 20 марта 2026Спорт",,,ru,RU
c717dcc64ced,lenta,https://lenta.ru/news/2026/03/20/v-evrope-ukazali-na-serieznuyu-problemu-dlya-ukrainy/,2026-03-20 00:00:00,"В Европе указали на серьезную проблему для Украины01:29, 20 марта 2026Мир",,,ru,RU
3d64bd008c0f,lenta,https://lenta.ru/news/2026/03/20/stalo-izvestno-o-planah-trampa-otpravit-voyska-v-iran/,2026-03-20 00:00:00,"Стало известно о планах Трампа отправить войска в Иран00:39, 20 марта 2026Мир",,,ru,RU
e69377088582,lenta,https://lenta.ru/news/2026/03/20/tramp-sdelal-strannoe-zayavlenie-o-konflikte-s-iranom/,2026-03-20 00:00:00,"Трамп сделал странное заявление о конфликте с Ираном00:36, 20 марта 2026Мир",,,ru,RU
3de819df2dfc,lenta,https://lenta.ru/news/2026/03/20/uchitelnitsa-neskolko-mesyatsev-nasilovala-podrostka-i-pustilas-v-bega/,2026-03-20 00:00:00,"Учительница несколько месяцев насиловала подростка и пустилась в бега02:00, 20 марта 2026Из жизни",,,ru,RU
d85b6118874e,lenta,https://lenta.ru/news/2026/03/20/v-bolgarii-osvobodili-obvinyaemogo-v-prichastnosti-k-vzryvu-v-beyrute-rossiyanina/,2026-03-20 00:00:00,"В Болгарии освободили обвиняемого в причастности к взрыву в Бейруте россиянина01:56, 20 марта 2026Мир",,,ru,RU
ff9af9aeb163,lenta,https://lenta.ru/news/2026/03/20/sluh-o-verhovnom-lidere-irana-oprovergli/,2026-03-20 00:00:00,"Слух о верховном лидере Ирана опровергли00:21, 20 марта 2026Мир",,,ru,RU
b404f1eb4c7d,lenta,https://lenta.ru/news/2026/03/20/zagadochnaya-piramida-na-marse-sprovotsirovala-novuyu-diskussiyu-o-vnezemnyh-tsivilizatsiyah/,2026-03-20 00:00:00,"Загадочная пирамида на Марсе спровоцировала новую дискуссию о внеземных цивилизациях00:30, 20 марта 2026Из жизни",,,ru,RU
6d3108522da3,lenta,https://lenta.ru/news/2026/03/20/v-turtsii-zayavili-ob-ugroze-dlya-stany-iz-za-atak-ukrainy/,2026-03-20 00:00:00,"В Турции заявили об угрозе для страны из-за атак Украины01:13, 20 марта 2026Мир",,,ru,RU
2d32287d203f,lenta,https://lenta.ru/news/2026/03/20/prezident-irana-prigrozil-miru-ognem/,2026-03-20 00:00:00,"Президент Ирана пригрозил миру «огнем»02:11, 20 марта 2026Мир",,,ru,RU
529fad09275a,lenta,https://lenta.ru/news/2026/03/20/premier-shvetsii-rasskazal-o-zhestkoy-kritike-liderov-es-v-adres-orbana-iz-za-ukrainy/,2026-03-20 00:00:00,"Премьер Швеции рассказал о жесткой критике лидеров ЕС в адрес Орбана из-за Украины01:05, 20 марта 2026Мир",,,ru,RU
8aad8cdb2d05,lenta,https://lenta.ru/news/2026/03/20/populyarnye-preparaty-neozhidanno-svyazali-so-snizheniem-trevogi-i-depressii/,2026-03-20 00:00:00,"Популярные препараты неожиданно связали со снижением тревоги и депрессии00:30, 20 марта 2026Наука и техника",,,ru,RU
916b95426cdd,lenta,https://lenta.ru/news/2026/03/20/v-germanii-vyskazalis-ob-uchastii-v-missii-protiv-irana/,2026-03-20 00:00:00,"В Германии высказались об участии в миссии против Ирана00:31, 20 марта 2026Мир",,,ru,RU
af4bd1712fbb,lenta,https://lenta.ru/news/2026/03/21/frantsiya-vpervye-s-nachala-voyny-s-iranom-propustila-bombardirovschiki-ssha/,2026-03-21 00:00:00,"Франция впервые с начала войны с Ираном пропустила бомбардировщики США02:58, 21 марта 2026Мир",,,ru,RU
ace0de95ec29,lenta,https://lenta.ru/news/2026/03/21/glava-fbr-obvinil-rossiyu-vo-vzlome-messendzherov-chinovnikov-i-voennyh-ssha/,2026-03-21 00:00:00,"Глава ФБР обвинил Россию во взломе мессенджеров чиновников и военных США02:34, 21 марта 2026Интернет и СМИ",,,ru,RU
091550842705,lenta,https://lenta.ru/news/2026/03/21/na-zapade-rasskazali-ob-ozhidanii-ukrainy-kredita-ot-es/,2026-03-21 00:00:00,"На Западе рассказали об ожидании Украины кредита от ЕС00:35, 21 марта 2026Бывший СССР",,,ru,RU
e983fb010571,lenta,https://lenta.ru/news/2026/03/21/evrodeputat-nazval-oshibku-liderov-es-po-iranu/,2026-03-21 00:00:00,"Евродепутат назвал ошибку лидеров ЕС по Ирану02:39, 21 марта 2026Мир",,,ru,RU
21d8c0b85656,lenta,https://lenta.ru/news/2026/03/21/kantsler-germanii-zayavil-o-plohih-otnosheniyah-s-trampom/,2026-03-21 00:00:00,"Канцлер Германии заявил о плохих отношениях с Трампом00:08, 21 марта 2026Мир",,,ru,RU
25af25279bd0,lenta,https://lenta.ru/news/2026/03/21/iran-trump/,2026-03-21 00:00:00,"«Он воодушевлен как Гитлер». Рискнет ли Трамп начать наземную операцию в Иране и почему она может провалиться?00:11, 21 марта 2026Мир",,,ru,RU
e75d7bf43844,lenta,https://lenta.ru/news/2026/03/21/nad-rossiyskimi-gorodami-progremeli-moschnye-vzryvy/,2026-03-21 00:00:00,"Над российскими городами прогремели мощные взрывы03:29, 21 марта 2026Россия",,,ru,RU
e1409ea85f84,lenta,https://lenta.ru/news/2026/03/21/nazvano-mesto-vstrechi-delegatsiy-ssha-i-ukrainy/,2026-03-21 00:00:00,"Названо место встречи делегаций США и Украины03:12, 21 марта 2026Мир",,,ru,RU
be5da7020374,lenta,https://lenta.ru/news/2026/03/21/pri-udare-po-tegeranu-pogibli-deti/,2026-03-21 00:00:00,"При ударе по Тегерану погибли дети02:19, 21 марта 2026Мир",,,ru,RU
036c066f046b,lenta,https://lenta.ru/news/2026/03/21/na-zapade-nazvali-serieznye-posledstviya-novoy-vyhodki-zelenskogo/,2026-03-21 00:00:00,"На Западе назвали серьезные последствия новой выходки Зеленского00:46, 21 марта 2026Мир",,,ru,RU
50175aeb60a4,lenta,https://lenta.ru/news/2026/03/21/moschnoe-unichtozhenie-punkta-bpla-vsu-rossiyskimi-voennymi-popalo-na-video/,2026-03-21 00:00:00,"Уничтожение важного для ВСУ пункта управления БПЛА попало на видео00:18, 21 марта 2026Бывший СССР",,,ru,RU
99ed32f373cf,lenta,https://lenta.ru/news/2026/03/21/draku-u-moskovskoy-sinagogi-svyazali-s-voynoy-v-irane/,2026-03-21 00:00:00,"Драку у московской синагоги связали с войной в Иране01:02, 21 марта 2026Россия",,,ru,RU
8d7cce916d3b,lenta,https://lenta.ru/news/2026/03/21/podzhog-zavoda-po-proizvodstvu-bpla-v-chehii-mogut-priznat-teraktom/,2026-03-21 00:00:00,"Поджог завода по производству БПЛА в Чехии могут признать терактом01:58, 21 марта 2026Мир",,,ru,RU
9165c0c6fd8f,lenta,https://lenta.ru/news/2026/03/20/v-kitae-operatsiyu-trampa-epicheskaya-yarost-protiv-irana-nazvali-demonstratsiey-nemoschnosti/,2026-03-21 00:00:00,"В Китае операцию Трампа «Эпическая ярость» назвали демонстрацией немощности00:36, 21 марта 2026Интернет и СМИ",,,ru,RU
48b2eba62a39,lenta,https://lenta.ru/news/2026/03/21/iran-atakoval-bazu-ssha-v-irake/,2026-03-21 00:00:00,"Иран атаковал базу США в Ираке01:30, 21 марта 2026Мир",,,ru,RU
01cf8b52f75c,lenta,https://lenta.ru/news/2026/03/21/dachnikam-nazvali-priznaki-feykovyh-rasteniy-na-marketpleysah/,2026-03-21 00:00:00,"Дачникам назвали признаки фейковых растений на маркетплейсах00:16, 21 марта 2026Экономика",,,ru,RU
0d500f4e1be1,lenta,https://lenta.ru/news/2026/03/21/pribavku-k-pensii-v-aprele-poluchat-ne-vse-rossiyane/,2026-03-21 00:00:00,"Прибавку к пенсии в апреле получат не все россияне03:15, 21 марта 2026Экономика",,,ru,RU
a3304b555d96,lenta,https://lenta.ru/news/2026/03/21/vsemu-miru-porekomendovali-snova-pereyti-na-udalennuyu-rabotu-po-odnoy-prichine/,2026-03-21 00:00:00,"Всему миру порекомендовали снова перейти на удаленную работу по одной причине01:33, 21 марта 2026Мир",,,ru,RU
4965f29eabb7,lenta,https://lenta.ru/news/2026/03/21/v-voyne-v-irane-uvideli-ugrozu-mirovomu-internetu/,2026-03-21 00:00:00,"В войне США и Ирана увидели угрозу мировому интернету01:24, 21 марта 2026Мир",,,ru,RU
c6741829b4fc,lenta,https://lenta.ru/news/2026/03/21/tolpa-napala-na-vyshedshih-iz-moskovskoy-sinagogi-lyudey-draku-svyazali-s-voynoy-v-irane/,2026-03-21 00:00:00,"«Что происходит с русским миром?» Толпа напала на прихожан синагоги в центре Москвы. Драку связали с войной в Иране02:54, 21 марта 2026Россия",,,ru,RU
1c5bde1fcdf5,lenta,https://lenta.ru/news/2026/03/21/tolpa-neizvestnyh-napala-na-vyshedshih-iz-moskovskoy-horalnoy-sinagogi-veruyuschih/,2026-03-21 00:00:00,"Толпа неизвестных напала на вышедших из Московской хоральной синагоги верующих00:42, 21 марта 2026Россия",,,ru,RU
13eb864a9715,lenta,https://lenta.ru/news/2026/03/21/vsya-podkontrolnaya-ukraine-chast-donetskoy-oblasti-obestochena/,2026-03-21 00:00:00,"Вся подконтрольная Украине часть ДНР обесточена00:48, 21 марта 2026Бывший СССР",,,ru,RU
25ed634a039c,lenta,https://lenta.ru/news/2026/03/21/v-germanii-obratilis-s-trevozhnym-soobscheniem-k-evrosoyuzu/,2026-03-21 00:00:00,"В Германии обратились с тревожным сообщением к Евросоюзу01:45, 21 марта 2026Мир",,,ru,RU
ad872dc40294,lenta,https://lenta.ru/news/2026/03/21/vuchich-ukazal-na-vazhnoe-izmenenie-v-evrope-v-otnoshenii-rossii/,2026-03-21 00:00:00,"Вучич сделал важное заявление о взаимодействии России и Европы00:31, 21 марта 2026Мир",,,ru,RU
09c9db0fa58c,lenta,https://lenta.ru/tags/persons/medvedeva-evgeniya/,2026-03-21 00:00:00,Евгения Медведева,,,ru,RU
9f69cfc933df,lenta,https://lenta.ru/news/2026/03/21/ssha-otmenili-sanktsii-protiv-dvuh-rossiyan/,2026-03-21 00:00:00,"США отменили санкции против двух россиян02:36, 21 марта 2026Мир",,,ru,RU
c18f2b96dbdd,lenta,https://lenta.ru/news/2026/03/21/ya-dumayu-my-pobedili-tramp-zayavil-ob-unichtozhenii-irana-i-otkazalsya-ob-yavlyat-peremirie/,2026-03-21 00:00:00,"«Я думаю, мы победили». Трамп заявил об уничтожении Ирана и отказался объявлять перемирие00:55, 21 марта 2026Мир",,,ru,RU
fa96a0f50820,lenta,https://lenta.ru/news/2026/03/21/serbiya-zayavila-o-nachale-tretiey-mirovoy-voyny/,2026-03-21 00:00:00,"Сербия заявила о начале третьей мировой войны01:37, 21 марта 2026Мир",,,ru,RU
506369b069da,lenta,https://lenta.ru/news/2026/03/21/rossiyan-predupredili-o-priblizhenii-esche-odnoy-epidemii/,2026-03-21 00:00:00,"Россиян предупредили о приближении еще одной эпидемии02:54, 21 марта 2026Наука и техника",,,ru,RU
6de3fd497ad1,lenta,https://lenta.ru/news/2026/03/21/v-vengrii-zayavili-o-voennom-fanatizme-v-evrokomissii/,2026-03-21 00:00:00,"В Венгрии заявили о военном фанатизме в Еврокомиссии02:03, 21 марта 2026Мир",,,ru,RU
76b43058e6d0,lenta,https://lenta.ru/news/2026/03/22/glava-argentiny-sdelal-neozhidannoe-zayavlenie-ob-energobezopasnosti-evropy/,2026-03-22 00:00:00,"Глава Аргентины сделал неожиданное заявление об энергобезопасности Европы01:19, 22 марта 2026Мир",,,ru,RU
184552d36121,lenta,https://lenta.ru/news/2026/03/22/ekspert-nazval-myasorubkoy-taktiku-vsu/,2026-03-22 00:00:00,"Эксперт назвал мясорубкой тактику ВСУ под Константиновкой01:19, 22 марта 2026Бывший СССР",,,ru,RU
1809b17d6dec,lenta,https://lenta.ru/news/2026/03/22/iran-atakoval-ballisticheskoy-raketoy-esche-odin-gorod-v-yuzhnoy-chasti-izrailya/,2026-03-22 00:00:00,"Иран атаковал баллистической ракетой еще один город в южной части Израиля00:21, 22 марта 2026Мир",,,ru,RU
55c1babb515f,lenta,https://lenta.ru/news/2026/03/22/iran-udaril-po-gorodu-na-yuge-izrailya-gde-nahoditsya-yadernyy-tsentr-tegeran-otvetil-na-ataki-po-kompleksu-obogascheniya-urana-i-aes/,2026-03-22 00:00:00,"Иран ударил по городу на юге Израиля, где находится ядерный центр. Тегеран ответил на атаки по комплексу обогащения урана и АЭС02:28, 22 марта 2026Мир",,,ru,RU
2e6386cff6e4,lenta,https://lenta.ru/news/2026/03/22/lavrov-ukazal-na-gotovnost-ssha-poyti-na-vse-radi-resursov/,2026-03-22 00:00:00,"Лавров указал на готовность США пойти на все ради ресурсов02:49, 22 марта 2026Мир",,,ru,RU
7c22fd8da7ad,lenta,https://lenta.ru/news/2026/03/22/moldova-vse/,2026-03-22 00:00:00,"«Большинство крутит пальцем у виска». Президент Молдавии предложила объединить страну с Румынией. Как на это реагируют молдаване?00:15, 22 марта 2026Бывший СССР",,,ru,RU
2c15c66fda77,lenta,https://lenta.ru/news/2026/03/22/nazvana-otrasl-s-samym-bolshim-prirostom-zarplaty-za-god/,2026-03-22 00:00:00,"Названа отрасль с самым большим приростом зарплаты за год01:32, 22 марта 2026Экономика",,,ru,RU
d8439db25172,lenta,https://lenta.ru/news/2026/03/22/rossiyan-predupredili-o-novoy-lovushke-s-kreditami/,2026-03-22 00:00:00,"Россиян предупредили о новой ловушке с кредитами02:30, 22 марта 2026Экономика",,,ru,RU
580a53169538,lenta,https://lenta.ru/news/2026/03/22/raskryto-vliyanie-seroy-zarplaty-na-pensiyu/,2026-03-22 00:00:00,"Раскрыто влияние «серой» зарплаты на пенсию03:01, 22 марта 2026Экономика",,,ru,RU
02a1becdad3d,lenta,https://lenta.ru/news/2026/03/22/predskazan-zatyazhnoy/,2026-03-22 00:00:00,"Предсказан затяжной энергокризис из-за иранского конфликта01:00, 22 марта 2026Экономика",,,ru,RU
23f840a5530f,lenta,https://lenta.ru/news/2026/03/22/sibal/,2026-03-22 00:00:00,"Дипломат высказался о плане Зеленского вмешаться в конфликт в Иране01:53, 22 марта 2026Мир",,,ru,RU
5d3476db3aa4,lenta,https://lenta.ru/news/2026/03/22/na-zapade-raskritikovali-plany-ukrainy-prodavat-oruzhie/,2026-03-22 00:00:00,"На Западе раскритиковали планы Украины продавать оружие02:43, 22 марта 2026Мир",,,ru,RU
d0dfe1e218b5,lenta,https://lenta.ru/news/2026/03/22/bolee-20-stran-vyrazili-gotovnost-obespechit-bezopasnyy-prohod-cherez-ormuzskiy-proliv/,2026-03-22 00:00:00,"Более 20 стран выразили готовность обеспечить безопасный проход через Ормузский пролив00:39, 22 марта 2026Мир",,,ru,RU
3b3cd37e171d,lenta,https://lenta.ru/news/2026/03/22/lider-demokratov/,2026-03-22 00:00:00,"Лидер демократов призвал к смене режима в США02:09, 22 марта 2026Мир",,,ru,RU
cca5591f03a6,lenta,https://lenta.ru/news/2026/03/22/avstria/,2026-03-22 00:00:00,"Минфин Австрии предупредил о возможных последствиях для ЕС войны на Ближнем Востоке00:55, 22 марта 2026Мир",,,ru,RU
473960006ed0,lenta,https://lenta.ru/news/2026/03/22/na-zapade-nazvali-samoe-moschnoe-oruzhie-irana-v-konflikte-s-ssha-i-izrailem/,2026-03-22 00:00:00,"На Западе назвали самое мощное оружие Ирана в конфликте с США и Израилем01:41, 22 марта 2026Мир",,,ru,RU
3bc7684524ad,lenta,https://lenta.ru/news/2026/03/22/spetspredstavitel-trampa-rasskryl-podrobnosti-peregovorov-ssha-i-ukrainy/,2026-03-22 00:00:00,"Спецпредставитель Трампа раскрыл подробности переговоров США и Украины00:54, 22 марта 2026Мир",,,ru,RU
1f45a56054e4,lenta,https://lenta.ru/news/2026/03/22/vengria/,2026-03-22 00:00:00,"Орбан заявил о невозможности запугать Венгрию01:22, 22 марта 2026Мир",,,ru,RU
040380bb508a,lenta,https://lenta.ru/news/2026/03/22/tegeran/,2026-03-22 00:00:00,"Тегеран предложил помочь Евросоюзу отстоять Гренландию00:34, 22 марта 2026Мир",,,ru,RU
3af12e0bb10c,lenta,https://lenta.ru/news/2026/03/22/trumpp/,2026-03-22 00:00:00,"Трамп пригрозил уничтожить электростанции Ирана02:55, 22 марта 2026Мир",,,ru,RU
0fd4945ac256,lenta,https://lenta.ru/news/2026/03/22/usa/,2026-03-22 00:00:00,"Стало известно о потере мощи американской армии из-за операции в Иране02:33, 22 марта 2026Мир",,,ru,RU
2ee1b128e272,lenta,https://lenta.ru/news/2026/03/22/v-chasti-kieva-propali-svet-i-voda/,2026-03-22 00:00:00,"В части Киева пропали свет и вода00:59, 22 марта 2026Бывший СССР",,,ru,RU
deaeb7c4bf39,lenta,https://lenta.ru/news/2026/03/22/v-irane-zayavili-o-novoy-faze-borby-posle-ataki-na-ob-ekt-v-dimone/,2026-03-22 00:00:00,"В Иране заявили о новой фазе борьбы после атаки на объект в Димоне00:46, 22 марта 2026Мир",,,ru,RU
66921f420c6b,lenta,https://lenta.ru/news/2026/03/22/ssha-otlozhili-sammit-s-kitaem-na-neopredelennyy-srok-iz-za-irana/,2026-03-22 00:00:00,"США отложили саммит с Китаем на неопределенный срок из-за Ирана00:20, 22 марта 2026Мир",,,ru,RU
ce9119356257,lenta,https://lenta.ru/news/2026/03/22/v-kitae-rasskazali-o-dvoynom-konfuze-makrona-pri-popytke-nadavit-na-rossiyu/,2026-03-22 00:00:00,"В Китае рассказали о двойном конфузе Макрона при попытке надавить на Россию01:33, 22 марта 2026Интернет и СМИ",,,ru,RU
7c940c747816,lenta,https://lenta.ru/news/2026/03/22/zaluzhnyy-predupredil-ssha-o-vozmozhnoy-katastrofe-iz-za-operatsii-v-irane/,2026-03-22 00:00:00,"Залужный предупредил США о возможной катастрофе из-за операции в Иране00:46, 22 марта 2026Бывший СССР",,,ru,RU
d4942c2ef28a,lenta,https://lenta.ru/tags/persons/ovechkin-aleksey/,2026-03-22 00:00:00,Алексей Овечкин,,,ru,RU
f124de93f12c,lenta,https://lenta.ru/tags/organizations/zenit/,2026-03-22 00:00:00,"клуб ""Зенит""",,,ru,RU
3b72124dd891,lenta,https://lenta.ru/news/2026/03/22/stalo-izvestno-ob-otstuplenii-vsu-iz-odnogo-naselennogo-punkta/,2026-03-22 00:00:00,"Стало известно об отступлении ВСУ из одного населенного пункта02:18, 22 марта 2026Бывший СССР",,,ru,RU
907970902a1e,lenta,https://lenta.ru/news/2026/03/22/stalo-izvestno-o/,2026-03-22 00:00:00,"Стало известно о «катастрофе на миллиард» для Вооруженных сил Германии01:48, 22 марта 2026Наука и техника",,,ru,RU
e60387aeb53a,lenta,https://lenta.ru/news/2026/03/22/v-kieve-podtverdili-soobscheniya-o/,2026-03-22 00:00:00,"В Киеве подтвердили сообщения о перебоях в электро- и водоснабжении00:32, 22 марта 2026Бывший СССР",,,ru,RU
9ec103278441,lenta,https://lenta.ru/news/2026/03/23/amerikanskie-voennye-usomnilis-v-strategii-trampa-v-otnoshenii-irana/,2026-03-23 00:00:00,"Американские военные отказались умирать за Израиль01:40, 23 марта 2026Мир",,,ru,RU
204b561ef095,lenta,https://lenta.ru/news/2026/03/23/bravada-pered-druzyami-obernulas-dlya-parnya-predatelstvom-vsego-tela/,2026-03-23 00:00:00,"Бравада перед друзьями обернулась для парня «предательством всего тела»02:28, 23 марта 2026Интернет и СМИ",,,ru,RU
e23e8b54a5b6,lenta,https://lenta.ru/news/2026/03/23/dmitriev-vysmeyal-uspehi-rusofobskoy-programmy-es/,2026-03-23 00:00:00,"Дмитриев высмеял «успехи» русофобской программы ЕС00:23, 23 марта 2026Россия",,,ru,RU
ca60fbcae75b,lenta,https://lenta.ru/news/2026/03/23/eks-sovetnik-trampa-rasskazal-o-novoy-glave-v-otnosheniyah-s-rossiey/,2026-03-23 00:00:00,"В США рассказали о «новой главе» в отношениях с Россией00:52, 23 марта 2026Мир",,,ru,RU
467c2fd23fe2,lenta,https://lenta.ru/news/2026/03/23/gitler-pobedil-zelenskogo-na-vyborah-vo-frantsii/,2026-03-23 00:00:00,"«Гитлер» победил «Зеленского» на выборах во Франции01:18, 23 марта 2026Мир",,,ru,RU
7704f3ffbe90,lenta,https://lenta.ru/news/2026/03/23/trampa-predupredili-o-katastroficheskoy-oshibke-v-otnoshenii-irana/,2026-03-23 00:00:00,"Трампа предупредили о «катастрофической» ошибке в отношении Ирана02:42, 23 марта 2026Мир",,,ru,RU
f4936bf6a2c3,lenta,https://lenta.ru/news/2026/03/23/sluhami-o-pohischennom-muzhchine-v-rabstve-u-delfinov-zainteresovalas-politsiya/,2026-03-23 00:00:00,"Слухами о похищенном мужчине в рабстве у дельфинов заинтересовалась полиция00:31, 23 марта 2026Из жизни",,,ru,RU
1edc877047ad,lenta,https://lenta.ru/news/2026/03/23/raketnuyu-opasnost-ob-yavili-v-rossiyskom-regione/,2026-03-23 00:00:00,"Ракетную опасность объявили в российском регионе00:45, 23 марта 2026Россия",,,ru,RU
bd0eca4d89c6,lenta,https://lenta.ru/news/2026/03/23/rossiyskiy-boets-likvidiroval-chetyre-baby-yagi-vsu/,2026-03-23 00:00:00,"Российский боец ликвидировал четыре «Бабы-яги» ВСУ02:16, 23 марта 2026Россия",,,ru,RU
e6e4fa2d8e23,lenta,https://lenta.ru/news/2026/03/23/sprognozirovany-katastroficheskie-posledstviya-iz-za-ultimatuma-trampa-po-iranu/,2026-03-23 00:00:00,"Спрогнозированы катастрофические последствия из-за ультиматума Трампа по Ирану00:20, 23 марта 2026Мир",,,ru,RU
f4c52a0574e8,lenta,https://lenta.ru/news/2026/03/23/srazu-v-neskolkih-regionah-rossii-zametili-polyarnoe-siyanie/,2026-03-23 00:00:00,"Сразу в нескольких регионах России заметили полярное сияние02:25, 23 марта 2026Экономика",,,ru,RU
ee13dd74f960,lenta,https://lenta.ru/news/2026/03/23/ssha-vooruzhatsya-neboesposobnymi-f-35/,2026-03-23 00:00:00,"США вооружатся небоеспособными F-3502:28, 23 марта 2026Наука и техника",,,ru,RU
b44a41a4006d,lenta,https://lenta.ru/news/2026/03/22/rossiyan-predupredili-o-sluchayah-slezhki-cherez-umnye-kolonki/,2026-03-23 00:00:00,"Россиян предупредили о случаях слежки через умные колонки00:17, 23 марта 2026Интернет и СМИ",,,ru,RU
9aa7946164d3,lenta,https://lenta.ru/news/2026/03/23/prezident-evropeyskoy-strany-neozhidanno-priletel-v-oae/,2026-03-23 00:00:00,"Президент европейской страны неожиданно прилетел в ОАЭ и сделал заявление02:37, 23 марта 2026Мир",,,ru,RU
9a81e3ab752a,lenta,https://lenta.ru/news/2026/03/23/kitayskiy-z-21-vpervye-pokazali-vblizi/,2026-03-23 00:00:00,"Китайский Z-21 впервые показали вблизи00:31, 23 марта 2026Наука и техника",,,ru,RU
3c13ed802390,lenta,https://lenta.ru/news/2026/03/19/narkolog-posovetoval-ne-zanimatsya-pyanym-seksom-i-nazval-ego-minusy/,2026-03-23 00:00:00,"Нарколог посоветовал не заниматься пьяным сексом и назвал его минусы01:00, 23 марта 2026Забота о себе",,,ru,RU
ae08225c413d,lenta,https://lenta.ru/news/2026/03/23/opros-pokazal-otnoshenie-amerikantsev-k-voyne-s-iranom/,2026-03-23 00:00:00,"Опрос показал отношение американцев к войне с Ираном01:49, 23 марта 2026Мир",,,ru,RU
2646e779e42a,lenta,https://lenta.ru/news/2026/03/23/telezvezda-snyalas-dlya-oblozhki-sports-illustrated-v-bikini-za-310-tysyach-rubley/,2026-03-23 00:00:00,"Телезвезда снялась для обложки Sports Illustrated в бикини за 310 тысяч рублей01:00, 23 марта 2026Ценности",,,ru,RU
e39d77230f12,lenta,https://lenta.ru/news/2026/03/23/v-ssha-predupredili-zelenskogo-o-nevynosimom-davlenii/,2026-03-23 00:00:00,"В США допустили невыносимое давление на Зеленского01:21, 23 марта 2026Мир",,,ru,RU
0ee1889b3a51,lenta,https://lenta.ru/news/2026/03/23/v-britanii-rasskazali-o-nervnom-sryve-u-trampa-iz-za-irana/,2026-03-23 00:00:00,"В Британии рассказали о нервном срыве у Трампа из-за Ирана02:07, 23 марта 2026Мир",,,ru,RU
583b42e9d583,lenta,https://lenta.ru/news/2026/03/23/v-evrope-zabili-trevogu-iz-za-raket-irana/,2026-03-23 00:00:00,"В Европе забили тревогу из-за баллистических ракет Ирана02:57, 23 марта 2026Интернет и СМИ",,,ru,RU
0b778293028c,lenta,https://lenta.ru/news/2026/03/23/v-irane-prigrozili-ssha-assimetrichnym-otvetom-na-ugrozy-trampa/,2026-03-23 00:00:00,"В Иране пригрозили США «ассиметричным» ответом на угрозы Трампа00:11, 23 марта 2026Мир",,,ru,RU
a7dcabdbea63,lenta,https://lenta.ru/news/2026/03/23/v-rossii-otsenili-veroyatnost-sozdaniya-cheburneta/,2026-03-23 00:00:00,"В России оценили вероятность создания «Чебурнета»00:42, 23 марта 2026Интернет и СМИ",,,ru,RU
0d8651b19aba,lenta,https://lenta.ru/news/2026/03/23/v-germanii-nazvali-pokazavshee-bespomoschnost-trampa-sobytie/,2026-03-23 00:00:00,"В Германии назвали показавшее беспомощность Трампа событие02:09, 23 марта 2026Мир",,,ru,RU
841d2b36fd0b,lenta,https://lenta.ru/news/2026/03/23/uitkoff-raskryl-podrobnosti-peregovorov-ssha-i-ukrainy/,2026-03-23 00:00:00,"Уиткофф раскрыл подробности переговоров США и Украины00:38, 23 марта 2026Мир",,,ru,RU
16edc41418f7,lenta,https://lenta.ru/news/2026/03/23/vliyatelnogomediamagnata-ulichili-v-davlenii-na-trampa-pered-atakoy-na-iran/,2026-03-23 00:00:00,"Влиятельного медиамагната уличили в давлении на Трампа перед атакой на Иран01:29, 23 марта 2026Мир",,,ru,RU
e41397750d7a,lenta,https://lenta.ru/news/2026/03/23/zhiteli-soobschili-o-vspyshkah-i-vzryvah-v-rayone-gatchiny/,2026-03-23 00:00:00,"Жители сообщили о вспышках и взрывах в районе Гатчины01:10, 23 марта 2026Россия",,,ru,RU
0ffc9ec79861,lenta,https://lenta.ru/news/2026/03/23/v-vengrii-otreagirovali-na-plany-ukrainy-prislat-nablyudateley-na-vybory/,2026-03-23 00:00:00,"В Венгрии отреагировали на планы Украины прислать наблюдателей на выборы00:26, 23 марта 2026Мир",,,ru,RU
7db61899ba0d,lenta,https://lenta.ru/news/2026/03/23/uchitelnitsa-sovratila-podrostka-i-iznasilovala-ego-v-kustah-okolo-shkoly/,2026-03-23 00:00:00,"Учительница совратила подростка и изнасиловала его в кустах около школы02:01, 23 марта 2026Из жизни",,,ru,RU
f0a7ace79415,lenta,https://lenta.ru/news/2026/03/23/v-rossiyskom-gorode-progremela/,2026-03-23 00:00:00,"В российском городе прогремела серия взрывов02:28, 23 марта 2026Россия",,,ru,RU
7b57276ad0bd,lenta,https://lenta.ru/news/2026/03/24/iz-ostrovnogo-gosudarstva-v-rossiyu-otpravili-pervyh-trudovyh-migrantov/,2026-03-24 00:00:00,"Из островного государства в Россию отправили первых трудовых мигрантов00:36, 24 марта 2026Россия",,,ru,RU
2c5cde93303b,lenta,https://lenta.ru/news/2026/03/23/v-odnoy-strane-vynuzhdeny-otkazatsya-ot-osnovnogo-promysla-iz-za-tsen-na-toplivo/,2026-03-24 00:00:00,"В одной стране вынуждены отказаться от основного промысла из-за цен на топливо00:09, 24 марта 2026Мир",,,ru,RU
824410109283,lenta,https://lenta.ru/news/2026/03/24/byvshaya-zvezda-disney-v-otkrovennom-vide-snyalas-dlya-zhurnala/,2026-03-24 00:00:00,"Бывшая звезда Disney в откровенном виде снялась для журнала01:01, 24 марта 2026Ценности",,,ru,RU
40c010ec6326,lenta,https://lenta.ru/news/2026/03/24/dmitriev-predrek-novyy-krizis-iz-za-zakrytiya-ormuzskogo-proliva/,2026-03-24 00:00:00,"Дмитриев предрек новый кризис из-за закрытия Ормузского пролива02:28, 24 марта 2026Мир",,,ru,RU
d1c6b31717a8,lenta,https://lenta.ru/news/2026/03/24/gubernator-sevastopolya-rasskazal-o-pogibshih-pri-moschnom-vzryve-v-mnogoetazhke/,2026-03-24 00:00:00,"Губернатор Севастополя рассказал о погибших при мощном взрыве в многоэтажке01:44, 24 марта 2026Россия",,,ru,RU
9a06de570823,lenta,https://lenta.ru/news/2026/03/24/houthi/,2026-03-24 00:00:00,"«Этот козырь еще не использован». Иран нашел союзника в борьбе с США. Как они могут заставить Трампа закончить войну?00:11, 24 марта 2026Мир",,,ru,RU
960475800eeb,lenta,https://lenta.ru/news/2026/03/24/kitay-podgotovitsya-k-unichtozheniyu-himars/,2026-03-24 00:00:00,"Китай подготовится к уничтожению HIMARS00:15, 24 марта 2026Наука и техника",,,ru,RU
d9c9b1988ad5,lenta,https://lenta.ru/news/2026/03/24/muzhchina-nedelyu-zhil-v-dome-s-razlagayuschimisya-ostankami-materi/,2026-03-24 00:00:00,"Мужчина неделю жил в доме с разлагающимися останками матери00:30, 24 марта 2026Из жизни",,,ru,RU
f11d124f9046,lenta,https://lenta.ru/news/2026/03/24/ksir-zayavil-ob-udare-po-dimone-i-bazam-ssha/,2026-03-24 00:00:00,"КСИР заявил об ударе по Димоне и базам США01:29, 24 марта 2026Мир",,,ru,RU
3c81f79e49b7,lenta,https://lenta.ru/news/2026/03/24/opublikovano-video-s-mesta-vzryva-v-rossiyskoy-mnogoetazhke/,2026-03-24 00:00:00,"Опубликовано видео с места взрыва в российской многоэтажке01:09, 24 марта 2026Россия",,,ru,RU
c5d4669d4eea,lenta,https://lenta.ru/news/2026/03/24/kim-chen-yn-ofitsialno-ob-yavil-vrazhdebnoe-dlya-severnoy-korei-gosudarstvo/,2026-03-24 00:00:00,"Ким Чен Ын официально объявил враждебное для Северной Кореи государство01:35, 24 марта 2026Мир",,,ru,RU
8634af6e873d,lenta,https://lenta.ru/news/2026/03/24/kim-chen-yn-nazval-printsipialno-vazhnyy-dlya-severnoy-korei-vopros/,2026-03-24 00:00:00,"Ким Чен Ын назвал принципиально важный для Северной Кореи вопрос01:23, 24 марта 2026Мир",,,ru,RU
6ae3e05110a5,lenta,https://lenta.ru/news/2026/03/24/neftyanoe-mestorozhdenie-v-sirii-atakovali/,2026-03-24 00:00:00,"Нефтяное месторождение в Сирии атаковали01:23, 24 марта 2026Мир",,,ru,RU
67cbce16373d,lenta,https://lenta.ru/news/2026/03/23/pyat-mirnyh-rossiyan-postradali-v-rezultate-atak-vsu/,2026-03-24 00:00:00,"Пять мирных россиян пострадали в результате атак ВСУ00:00, 24 марта 2026Россия",,,ru,RU
a38e4dee61a1,lenta,https://lenta.ru/news/2026/03/23/kadyrov-pokazal-kadry-unichtozheniya-vrazheskoy-tehniki-v-zone-svo/,2026-03-24 00:00:00,"Кадыров показал кадры уничтожения украинской техники в зоне СВО00:17, 24 марта 2026Бывший СССР",,,ru,RU
93c8e4c27d35,lenta,https://lenta.ru/news/2026/03/24/raskryty-podrobnosti-o-posledstviyah-vzryva-v-rossiyskom-zhilom-dome/,2026-03-24 00:00:00,"Раскрыты подробности о последствиях взрыва в российском жилом доме01:20, 24 марта 2026Россия",,,ru,RU
71dbd205540a,lenta,https://lenta.ru/news/2026/03/24/stalo-izvestno-o-polozhivshem-nachalo-voyne-s-iranom-zvonke-trampu/,2026-03-24 00:00:00,"Стало известно о положившем начало войне с Ираном звонке Трампу00:51, 24 марта 2026Мир",,,ru,RU
5b6c2d987a0f,lenta,https://lenta.ru/news/2026/03/24/stalo-izvestno-o-vzlete-bombardirovschikov-tu-95ms/,2026-03-24 00:00:00,"Стало известно о взлете бомбардировщиков Ту-95МС00:50, 24 марта 2026Россия",,,ru,RU
7c97c3b770a3,lenta,https://lenta.ru/news/2026/03/24/ukraine-predrekli-serieznye-problemy-s-dizelnym-toplivom/,2026-03-24 00:00:00,"Украине предрекли серьезные проблемы с дизельным топливом02:23, 24 марта 2026Бывший СССР",,,ru,RU
2c9f68d05f19,lenta,https://lenta.ru/news/2026/03/24/v-rossiyskom-gorode-geroe-progremel-moschnyy-vzryv-v-mnogoetazhnom-dome/,2026-03-24 00:00:00,"В российском городе-герое прогремел мощный взрыв в многоэтажном доме00:46, 24 марта 2026Россия",,,ru,RU
9477d572f6b2,lenta,https://lenta.ru/news/2026/03/24/v-ssha-zayavili-o-nevozmozhnosti-smeny-vlasti-v-irane/,2026-03-24 00:00:00,"В США заявили о невозможности смены власти в Иране01:55, 24 марта 2026Мир",,,ru,RU
4667cd09d7ab,lenta,https://lenta.ru/news/2026/03/24/vyshedshaya-zamuzh-za-gologrammu-zhenschina-raskryla-podrobnosti-intimnoy-zhizni/,2026-03-24 00:00:00,"Вышедшая замуж за голограмму женщина раскрыла подробности интимной жизни01:01, 24 марта 2026Забота о себе",,,ru,RU
2c159f985048,lenta,https://lenta.ru/news/2026/03/23/dlya-pensionerov-zahoteli-zablokirovat-zvonki-iz-za-rubezha/,2026-03-24 00:00:00,"Для пенсионеров захотели заблокировать звонки из-за рубежа00:00, 24 марта 2026Интернет и СМИ",,,ru,RU
1253e69dc78c,lenta,https://lenta.ru/news/2026/03/24/zaharova-prokommentirovala-proslushku-siyyarto/,2026-03-24 00:00:00,"Захарова прокомментировала прослушку Сийярто00:36, 24 марта 2026Мир",,,ru,RU
3641024c2a08,lenta,https://lenta.ru/news/2026/03/24/stalo-izvestno-o-massovyh-zhalobah-ukrainok-iz-za-ttsk/,2026-03-24 00:00:00,"Стало известно о массовых жалобах украинок из-за ТЦК01:33, 24 марта 2026Бывший СССР",,,ru,RU
fd5a57f5ca62,lenta,https://lenta.ru/news/2026/03/24/zhiteli-irana-vyshli-na-miting-za-prodolzhenie-voyny-s-ssha/,2026-03-24 00:00:00,"Жители Ирана вышли на митинг за продолжение войны с США00:53, 24 марта 2026Мир",,,ru,RU
0ae35e3c6632,lenta,https://lenta.ru/news/2026/03/24/sotrudnitsa-shkoly-sravnila-penis-muzha-i-13-letnego-uchenika-i-pomeshalas-na-nem/,2026-03-24 00:00:00,"Сотрудница школы сравнила пенис мужа и 13-летнего ученика и помешалась на нем02:12, 24 марта 2026Из жизни",,,ru,RU
5922e955710a,lenta,https://lenta.ru/news/2026/03/24/safonov-rasskazal-o-razdelivshem-ego-zhizn-v-parizhe-na-do-i-posle-sobytii/,2026-03-24 00:00:00,"Сафонов рассказал о разделившем его жизнь в Париже на «до и после» событии00:08, 24 марта 2026Спорт",,,ru,RU
146269a4c990,lenta,https://lenta.ru/news/2026/03/24/windows-ram/,2026-03-24 00:00:00,"Вечную проблему Windows устранят02:12, 24 марта 2026Наука и техника",,,ru,RU
5b0be2bf3040,lenta,https://lenta.ru/news/2026/03/25/efremov/,2026-03-25 00:00:00,"Ефремов впервые за более чем пять лет сыграет в спектакле00:36, 25 марта 2026Культура",,,ru,RU
db48c15f0d07,lenta,https://lenta.ru/news/2026/03/25/eks-gossekretar-ssha-nazval-sovetskogo-hokkeista-kumirom-detstva/,2026-03-25 00:00:00,"Экс-госсекретарь США назвал советского хоккеиста кумиром детства02:59, 25 марта 2026Мир",,,ru,RU
85eab4af81b0,lenta,https://lenta.ru/news/2026/03/25/es-predupredili-o-vozmozhnom-otkaze-ssha-ot-pomoschi-ukraine/,2026-03-25 00:00:00,"ЕС предупредили о возможном отказе США от помощи Украине01:20, 25 марта 2026Мир",,,ru,RU
10b15a8d272c,lenta,https://lenta.ru/news/2026/03/25/brazilskiy-futbolist-zenita-nazval-lyubimogo-russkogo-pisatelya/,2026-03-25 00:00:00,"Бразильский футболист «Зенита» назвал любимого русского писателя00:17, 25 марта 2026Спорт",,,ru,RU
67d86f3cf1e4,lenta,https://lenta.ru/news/2026/03/25/iran-obratilsya-k-rossii-i-kitayu-s-odnoy-prosboy/,2026-03-25 00:00:00,"Иран обратился к России и Китаю с просьбой01:33, 25 марта 2026Мир",,,ru,RU
f44638223813,lenta,https://lenta.ru/news/2026/03/25/intimnyy-moment-sidni-suini-na-s-emke-dlya-sobstvennogo-brenda-popal-na-foto/,2026-03-25 00:00:00,"Интимный момент Сидни Суини на съемке для собственного бренда попал на фото01:10, 25 марта 2026Ценности",,,ru,RU
7c40237e0d00,lenta,https://lenta.ru/news/2026/03/25/na-ukraine-prigrozili-trampu/,2026-03-25 00:00:00,"На Украине пригрозили Трампу00:17, 25 марта 2026Бывший СССР",,,ru,RU
23a77370637d,lenta,https://lenta.ru/news/2026/03/25/obnaruzhena-neozhidannaya-polza-privychnoy-yagody-pri-diabete/,2026-03-25 00:00:00,"Обнаружена неожиданная польза привычной ягоды при диабете02:02, 25 марта 2026Наука и техника",,,ru,RU
b6b664fc7cac,lenta,https://lenta.ru/news/2026/03/25/raskryty-15-punktov-mirnogo-plana-ssha-po-iranu/,2026-03-25 00:00:00,"Раскрыты 15 пунктов мирного плана США по Ирану01:22, 25 марта 2026Мир",,,ru,RU
0ee3e035ea06,lenta,https://lenta.ru/news/2026/03/25/moldavia/,2026-03-25 00:00:00,"Тарлев назвал разрыв Молдавии с Россией ошибкой01:27, 25 марта 2026Бывший СССР",,,ru,RU
dab7581f897a,lenta,https://lenta.ru/news/2026/03/25/muzhchinam-rasskazali-ob-opasnyh-posledstviyah-adenomy-prostaty/,2026-03-25 00:00:00,"Мужчинам рассказали об опасных последствиях аденомы простаты03:01, 25 марта 2026Забота о себе",,,ru,RU
f5ccf5433ada,lenta,https://lenta.ru/news/2026/03/25/amerikanskie-borodavochniki-nazvali-glavnym-koshmarom-vms-irana/,2026-03-25 00:00:00,"Американские «Бородавочники» назвали главным кошмаром ВМС Ирана00:16, 25 марта 2026Наука и техника",,,ru,RU
fafba7a19ded,lenta,https://lenta.ru/news/2026/03/25/rabotnitsu-pohoronnogo-byuro-nasmert-razdavila-platforma-dlya-pod-ema-tel/,2026-03-25 00:00:00,"Работницу похоронного бюро насмерть раздавила платформа для подъема тел00:32, 25 марта 2026Из жизни",,,ru,RU
3c060a1bc50a,lenta,https://lenta.ru/news/2026/03/25/70-chelovek-provalilis-skvoz-pol-na-svadbe/,2026-03-25 00:00:00,"70 человек провалились сквозь пол на свадьбе03:01, 25 марта 2026Из жизни",,,ru,RU
83a6df804c8a,lenta,https://lenta.ru/news/2026/03/25/kim-chen-yn-napravil-pismo-putinu/,2026-03-25 00:00:00,"Ким Чен Ын направил письмо Путину01:34, 25 марта 2026Мир",,,ru,RU
6b9d96d91ec7,lenta,https://lenta.ru/news/2026/03/25/stalo-izvestno-o-podgotovke-mesyachnogo-peremiriya-v-ramkah-plana-ssha-po-iranu/,2026-03-25 00:00:00,"Стало известно о подготовке месячного перемирия в рамках плана США по Ирану00:54, 25 марта 2026Интернет и СМИ",,,ru,RU
246781a2b5e2,lenta,https://lenta.ru/news/2026/03/25/tramp-prizval-podderzhat-na-vyborah-otkazavshegosya-pomogat-ukraine-lidera/,2026-03-25 00:00:00,"Трамп призвал поддержать на выборах отказавшегося помогать Украине лидера03:09, 25 марта 2026Мир",,,ru,RU
98c832ef3a4b,lenta,https://lenta.ru/news/2026/03/25/u-vsu-poyavilsya-novyy-problemnyy-uchastok-fronta/,2026-03-25 00:00:00,"У ВСУ появился новый проблемный участок фронта02:47, 25 марта 2026Бывший СССР",,,ru,RU
602048ab4416,lenta,https://lenta.ru/news/2026/03/25/uchitelnitsa-muzyki-priznalas-v-sekse-s-nesovershennoletnim/,2026-03-25 00:00:00,"Учительница музыки призналась в сексе с несовершеннолетним02:11, 25 марта 2026Из жизни",,,ru,RU
eea4659eb2d8,lenta,https://lenta.ru/news/2026/03/25/us-ir/,2026-03-25 00:00:00,"«Окно возможностей прикрылось». США пытаются начать переговоры с Ираном. Почему Тегерану это не выгодно?00:12, 25 марта 2026Мир",,,ru,RU
2061c9112eee,lenta,https://lenta.ru/news/2026/03/25/usa/,2026-03-25 00:00:00,"Стало известно о передаче Ирану американского плана по выходу из конфликта00:20, 25 марта 2026Мир",,,ru,RU
8b8ed009e27f,lenta,https://lenta.ru/news/2026/03/25/v-irane-posovetovali-ssha-poprobovat-napechatat-benzin/,2026-03-25 00:00:00,"В Иране посоветовали США попробовать «напечатать» бензин01:04, 25 марта 2026Мир",,,ru,RU
b5e9cbddff12,lenta,https://lenta.ru/news/2026/03/25/v-rossii-zahoteli-zapretit-detyam-polzovatsya-smartfonami/,2026-03-25 00:00:00,"В России захотели запретить детям пользоваться смартфонами01:07, 25 марта 2026Россия",,,ru,RU
3be23cf3c8f9,lenta,https://lenta.ru/news/2026/03/25/taina/,2026-03-25 00:00:00,"Мошенники начали тайно заражать смартфоны шпионскими софтом02:54, 25 марта 2026Интернет и СМИ",,,ru,RU
5b8876e39ba3,lenta,https://lenta.ru/news/2026/03/25/vsu-primenili-nestandartnye-chastoty-dlya-ataki-po-donetsku/,2026-03-25 00:00:00,"ВСУ применили нестандартные частоты для атаки по Донецку02:24, 25 марта 2026Бывший СССР",,,ru,RU
0daed181e4d2,lenta,https://lenta.ru/news/2026/03/25/sportsmen-bez-ruk-i-nog-zastrelil-cheloveka-vo-vremya-ssory-v-avtomobile/,2026-03-25 00:00:00,"Спортсмен без рук и ног застрелил человека во время ссоры в автомобиле02:11, 25 марта 2026Из жизни",,,ru,RU
ef08b880dddd,lenta,https://lenta.ru/news/2026/03/24/netanyahu-poruchil-pomoschniku-sledit-za-peregovorami-ssha-i-irana/,2026-03-25 00:00:00,"Нетаньяху поручил помощнику следить за переговорами США и Ирана00:34, 25 марта 2026Мир",,,ru,RU
ebcdf76b36be,lenta,https://lenta.ru/news/2026/03/25/zhenschiny-nazvali-samuyu-razdrazhayuschuyu-frazu-muzhchin-v-posteli/,2026-03-25 00:00:00,"Женщины назвали самую раздражающую фразу мужчин в постели01:02, 25 марта 2026Забота о себе",,,ru,RU
94e9acccf622,lenta,https://lenta.ru/tags/geo/kronshtadt/,2026-03-25 00:00:00,Кронштадта,,,ru,RU
5f2166468799,lenta,https://lenta.ru/news/2026/03/25/svyaz-s-zhenatym-muzhchinoy-zakonchilas-dlya-sotrudnitsy-kafe-taynym-unizheniem/,2026-03-25 00:00:00,"Связь с женатым мужчиной закончилась для сотрудницы кафе тайным унижением02:32, 25 марта 2026Интернет и СМИ",,,ru,RU
7da4bf2b8d3d,lenta,https://lenta.ru/news/2026/03/26/chetyrehmetrovogo-predvestnika-kataklizmov-obnaruzhili-na-beregu-morya/,2026-03-26 00:00:00,"Четырехметрового предвестника катаклизмов обнаружили на берегу моря00:30, 26 марта 2026Из жизни",,,ru,RU
0761f370a255,lenta,https://lenta.ru/news/2026/03/26/eks-sovetnik-trampa-ispugalsya-ekstremalnyh-deystviy-ssha-iz-za-irana/,2026-03-26 00:00:00,"Экс-советник Трампа испугался «экстремальных» действий США из-за Ирана01:51, 26 марта 2026Мир",,,ru,RU
238ce57552f9,lenta,https://lenta.ru/news/2026/03/26/ekstrennye-sluzhby-pribyli-na-mesto-padeniya-oblomkov-sbitogo-bpla-v-novoy-moskve/,2026-03-26 00:00:00,"Экстренные службы прибыли на место падения обломков сбитого при подлете к Москве БПЛА00:47, 26 марта 2026Россия",,,ru,RU
4ff1bd679291,lenta,https://lenta.ru/news/2026/03/26/gigantskiy-kit-okazalsya-v-smertelnoy-lovushke-v-baltiyskom-more/,2026-03-26 00:00:00,"Гигантский кит оказался в смертельной ловушке в Балтийском море00:31, 26 марта 2026Из жизни",,,ru,RU
de6be609bd90,lenta,https://lenta.ru/news/2026/03/26/hollywood-face/,2026-03-26 00:00:00,"Звезды Голливуда внезапно стали выглядеть одинаково. Что с ними произошло?00:01, 26 марта 2026Ценности",,,ru,RU
8f5ed75e59e5,lenta,https://lenta.ru/news/2026/03/26/mihalkov-poblagodaril-putina-za-vozvraschenie-na-stsenu-mihaila-efremova/,2026-03-26 00:00:00,"Михалков поблагодарил Путина за возвращение Михаила Ефремова на сцену02:44, 26 марта 2026Культура",,,ru,RU
bf98fbf84f6f,lenta,https://lenta.ru/news/2026/03/26/minfin-vyskazalsya-o-dopolnitelnom-nds-na-bankovskie-perevody/,2026-03-26 00:00:00,"Минфин высказался о дополнительном НДС на банковские переводы02:11, 26 марта 2026Экономика",,,ru,RU
8f377d8a666b,lenta,https://lenta.ru/news/2026/03/26/nekotorye-vidy-alkogolya-svyazali-s-povyshennym-riskom-prezhdevremennoy-smerti/,2026-03-26 00:00:00,"Некоторые виды алкоголя связали с повышенным риском преждевременной смерти02:01, 26 марта 2026Наука и техника",,,ru,RU
7f790f8eb34d,lenta,https://lenta.ru/news/2026/03/26/netanyahu-otdal-rasporyazhenie-po-iranu-posle-polucheniya-plana-trampa/,2026-03-26 00:00:00,"Нетаньяху отдал распоряжение по Ирану00:20, 26 марта 2026Мир",,,ru,RU
d81b66ede6a9,lenta,https://lenta.ru/news/2026/03/26/raskryta-zaschischayuschaya-ot-dementsii-poza-dlya-sna/,2026-03-26 00:00:00,"Раскрыта защищающая от деменции поза для сна01:00, 26 марта 2026Забота о себе",,,ru,RU
cf20d1638121,lenta,https://lenta.ru/news/2026/03/26/55-letnyaya-televeduschaya-snyalas-v-kroshechnom-bikini-dlya-sports-illustrated/,2026-03-26 00:00:00,"55-летняя телеведущая снялась в крошечном бикини для Sports Illustrated01:00, 26 марта 2026Ценности",,,ru,RU
37b8d6a43cb1,lenta,https://lenta.ru/news/2026/03/26/komandir-vsu-posovetoval-boytsu-zaschititsya-ot-rossiyskih-dronov-kakoy-nibud-tryapkoy/,2026-03-26 00:00:00,"Командир ВСУ дал бойцу убийственный совет по защите от дронов01:56, 26 марта 2026Бывший СССР",,,ru,RU
08c65967e845,lenta,https://lenta.ru/news/2026/03/26/nazvana-summa-ukradennyh-moshennikami-u-rossiyan-s-pomoschyu-detey-deneg/,2026-03-26 00:00:00,"Названа сумма украденных мошенниками у россиян с помощью детей денег00:15, 26 марта 2026Интернет и СМИ",,,ru,RU
461564e7143f,lenta,https://lenta.ru/news/2026/03/26/nazvano-samoe-udachnoe-vooruzhenie-nochnogo-superohotnika/,2026-03-26 00:00:00,"Названо самое удачное вооружение «Ночного суперохотника»00:15, 26 марта 2026Наука и техника",,,ru,RU
f5ce187a3669,lenta,https://lenta.ru/news/2026/03/26/rossiyanam-rasskazali-o-vozmozhnosti-poluchit-kompensatsiyu-za-vrednuyu-privychku-soseda/,2026-03-26 00:00:00,"Россиянам рассказали о возможности получить компенсацию за вредную привычку соседа02:39, 26 марта 2026Россия",,,ru,RU
a2ce91dcb4c9,lenta,https://lenta.ru/news/2026/03/26/rossiyskiy-gubernator-soobschil-ob-opasnosti-prileta-bpla/,2026-03-26 00:00:00,"Российский губернатор сообщил об опасности прилета БПЛА01:19, 26 марта 2026Россия",,,ru,RU
43eeacd17dd8,lenta,https://lenta.ru/news/2026/03/25/bukmekery-nazvali-favorita-edinoy-ligi-vtb-po-basketbolu/,2026-03-26 00:00:00,"Букмекеры назвали фаворита Единой лиги ВТБ по баскетболу01:12, 26 марта 2026Спорт",,,ru,RU
f9fafa233a21,lenta,https://lenta.ru/news/2026/03/26/v-ssha-raskryli-sroki-nachala-nazemnoy-operatsii-v-irane/,2026-03-26 00:00:00,"В США раскрыли сроки начала наземной операции в Иране02:19, 26 марта 2026Мир",,,ru,RU
6ae158f28aad,lenta,https://lenta.ru/news/2026/03/26/v-irane-vydvinuli-uslovie-po-prekrascheniyu-ognya/,2026-03-26 00:00:00,"В Иране выдвинули условие по прекращению огня00:49, 26 марта 2026Мир",,,ru,RU
81a773f0a727,lenta,https://lenta.ru/news/2026/03/26/v-kongresse-ssha-prizvali-zelenskogo-zaklyuchit-sdelku-s-rossiey/,2026-03-26 00:00:00,"В Конгрессе США призвали Зеленского заключить сделку с Россией00:16, 26 марта 2026Мир",,,ru,RU
434391d5f467,lenta,https://lenta.ru/news/2026/03/26/v-odesse-uklonist-rasstrelyal-politseyskih-iz-avtomata/,2026-03-26 00:00:00,"В Одессе уклонист расстрелял полицейских из автомата00:57, 26 марта 2026Бывший СССР",,,ru,RU
5f079ecc88cc,lenta,https://lenta.ru/news/2026/03/26/v-peterburge-vladelitsa-sportkara-napala-na-zhurnalistov-i-poplatilas/,2026-03-26 00:00:00,"В Петербурге владелица спорткара напала на журналистов и поплатилась00:31, 26 марта 2026Силовые структуры",,,ru,RU
750099e6f08f,lenta,https://lenta.ru/news/2026/03/26/v-mid-nazvali-chislo-pogibshih-ot-deystviy-vsu-rossiyan-s-2022-goda/,2026-03-26 00:00:00,"В МИД назвали число погибших от действий ВСУ россиян с 2022 года01:17, 26 марта 2026Бывший СССР",,,ru,RU
379fa013a3bd,lenta,https://lenta.ru/news/2026/03/26/vsu-atakovali-krym/,2026-03-26 00:00:00,"ВСУ атаковали Крым00:55, 26 марта 2026Россия",,,ru,RU
92f2ec2ba25c,lenta,https://lenta.ru/news/2026/03/26/stalo-izvestno-o-davlenii-na-trampa-iz-za-irana/,2026-03-26 00:00:00,"Стало известно о давлении на Трампа из-за Ирана01:25, 26 марта 2026Мир",,,ru,RU
17ef2965eaec,lenta,https://lenta.ru/news/2026/03/26/zhivogo-cheloveka-nashli-sredi-gor-musora-v-kvartire-umershey-zhenschiny/,2026-03-26 00:00:00,"Живого человека нашли среди гор мусора в квартире умершей женщины01:05, 26 марта 2026Россия",,,ru,RU
5d24ed9dd823,lenta,https://lenta.ru/news/2026/03/26/za-stoyaschimi-milliony-rubley-oskolkami-dragotsennogo-meteorita-nachalas-ohota/,2026-03-26 00:00:00,"За стоящими миллионы рублей осколками драгоценного метеорита началась охота02:01, 26 марта 2026Из жизни",,,ru,RU
105b5b23690b,lenta,https://lenta.ru/news/2026/03/26/sprognozirovano-izmenenie-pozitsii-kieva-na-peregovorah/,2026-03-26 00:00:00,"Спрогнозировано изменение позиции Киева на переговорах01:27, 26 марта 2026Бывший СССР",,,ru,RU
c3ea76c3957a,lenta,https://lenta.ru/news/2026/03/26/v-ssha-obespokoilis-bezzhalostnym-shagom-irana/,2026-03-26 00:00:00,"В США обеспокоились «безжалостным» шагом Ирана00:20, 26 марта 2026Мир",,,ru,RU
e54bbbed327a,lenta,https://lenta.ru/news/2026/03/27/drony-kamikadze-atakovali-dva-porta-v-leningradskoy-oblasti/,2026-03-27 00:00:00,"Дроны-камикадзе атаковали два порта в Ленинградской области02:19, 27 марта 2026Россия",,,ru,RU
77a6ad0b4123,lenta,https://lenta.ru/news/2026/03/27/ad/,2026-03-27 00:00:00,"«Он готов устроить ад». Трамп хочет уничтожить ядерные объекты Ирана. Какие силы он использует и какова вероятность катастрофы?00:10, 27 марта 2026Мир",,,ru,RU
12a2f9e355b4,lenta,https://lenta.ru/news/2026/03/27/britanskaya-armiya-vyvedet-iz-ekspluatatsii-land-rover/,2026-03-27 00:00:00,"Британская армия выведет из эксплуатации Land Rover00:15, 27 марта 2026Наука и техника",,,ru,RU
35aa651e1d1b,lenta,https://lenta.ru/news/2026/03/27/deputaty-gosdumy-obsudili-v-ssha-vizy-dlya-rossiyan/,2026-03-27 00:00:00,"Депутаты Госдумы обсудили в США визы для россиян00:02, 27 марта 2026Россия",,,ru,RU
2e25f55ca937,lenta,https://lenta.ru/news/2026/03/27/ginekologov-podvergli-kritike-za-populyarnyy-sovet-zhenschinam/,2026-03-27 00:00:00,"Гинекологов подвергли критике за популярный совет женщинам01:01, 27 марта 2026Забота о себе",,,ru,RU
38d33fd810ac,lenta,https://lenta.ru/news/2026/03/27/15-letnego-syna-milliardera-ne-stalo-pri-neyasnyh-obstoyatelstvah/,2026-03-27 00:00:00,"15-летнего сына миллиардера не стало при неясных обстоятельствах00:45, 27 марта 2026Из жизни",,,ru,RU
ece7b3b91955,lenta,https://lenta.ru/news/2026/03/27/iranskie-voennye-poluchili-nachinennye-vzryvchatkoy-konservy-s-tuntsom/,2026-03-27 00:00:00,"Иранские военные получили начиненные взрывчаткой консервы с тунцом01:26, 27 марта 2026Мир",,,ru,RU
346a8e11c5d7,lenta,https://lenta.ru/news/2026/03/27/lavrov-prokommentiroval-plany-britanii-i-frantsii-peredat-ukraine-yadernoe-oruzhie/,2026-03-27 00:00:00,"Лавров прокомментировал планы Британии и Франции передать Украине ядерное оружие00:30, 27 марта 2026Мир",,,ru,RU
4c0f38dc3032,lenta,https://lenta.ru/news/2026/03/27/lavrov-rasskazal-ob-otnosheniyah-putina-i-makrona/,2026-03-27 00:00:00,"Лавров рассказал об отношениях Путина и Макрона00:34, 27 марта 2026Мир",,,ru,RU
e33b5996c17d,lenta,https://lenta.ru/news/2026/03/27/lavrov-sdelal-zhestkoe-zayavlenie-o-zelenskom/,2026-03-27 00:00:00,"Лавров сделал жесткое заявление о Зеленском00:14, 27 марта 2026Бывший СССР",,,ru,RU
3045d873d98e,lenta,https://lenta.ru/news/2026/03/27/doch-dzhonni-deppa-rasstegnula-nadetuyu-na-goloe-telo-kurtku-pered-kameroy/,2026-03-27 00:00:00,"Дочь Джонни Деппа расстегнула надетую на голое тело куртку перед камерой01:01, 27 марта 2026Ценности",,,ru,RU
e37854b96aef,lenta,https://lenta.ru/news/2026/03/27/heung/,2026-03-27 00:00:00,"Миллиардер лишил сыновей денег. Его отец был крестным отцом мафии, его жена погубила Брюса Ли, а сам он снимал знаменитые боевики00:01, 27 марта 2026Из жизни",,,ru,RU
72fb86d838eb,lenta,https://lenta.ru/news/2026/03/26/ochevidtsy-vspomnili-begstvo-zriteley-s-pervogo-legalnogo-kontserta-gruppy-kino/,2026-03-27 00:00:00,"Очевидцы вспомнили бегство зрителей с первого легального концерта группы «Кино»00:15, 27 марта 2026Культура",,,ru,RU
88c4461fa294,lenta,https://lenta.ru/news/2026/03/26/v-evrope-ispugalis-odnogo-deystviya-rossii-po-konfliktu-na-blizhnem-vostoke/,2026-03-27 00:00:00,"В Европе испугались одного действия России по конфликту на Ближнем Востоке01:01, 27 марта 2026Интернет и СМИ",,,ru,RU
2dde2217582d,lenta,https://lenta.ru/news/2026/03/27/lavrov-soobschil-o-podvergnutyh-popytke-reyderskogo-zahvata-rossiyskih-kompaniyah/,2026-03-27 00:00:00,"Лавров заявил о попытке рейдерского захвата российских нефтяных компаний00:26, 27 марта 2026Мир",,,ru,RU
65ee6e34591f,lenta,https://lenta.ru/news/2026/03/27/moshenniki-natselilis-na-odnu-kategoriyu-pokupateley-na-marketpleysah/,2026-03-27 00:00:00,"Мошенники нацелились на одну категорию покупателей на маркетплейсах00:15, 27 марта 2026Интернет и СМИ",,,ru,RU
3e6d170d09cc,lenta,https://lenta.ru/news/2026/03/27/na-eks-zhenu-izvestnogo-futbolista-napisali-zayavlenie-v-politsiyu/,2026-03-27 00:00:00,"На экс-жену известного футболиста написали заявление в полицию01:10, 27 марта 2026Ценности",,,ru,RU
4d18fdee9542,lenta,https://lenta.ru/news/2026/03/27/saldo-zayavil-o-nervoznosti-zelenskogo-v-odnom-voprose/,2026-03-27 00:00:00,"Сальдо заявил о нервозности Зеленского в одном вопросе01:53, 27 марта 2026Бывший СССР",,,ru,RU
98760e3b9ba0,lenta,https://lenta.ru/news/2026/03/27/sbornaya-ukrainy-ne-sygraet-na-chm-po-futbolu/,2026-03-27 00:00:00,"Сборная Украины не сыграет на ЧМ по футболу01:45, 27 марта 2026Спорт",,,ru,RU
359c5a37ad0c,lenta,https://lenta.ru/news/2026/03/27/uchitelnitsa-sovratila-13-letnego-shkolnika-i-iznasilovala-ego-v-mashine/,2026-03-27 00:00:00,"Учительница совратила 13-летнего школьника и изнасиловала его в машине02:00, 27 марта 2026Из жизни",,,ru,RU
b90fcf2bebd5,lenta,https://lenta.ru/news/2026/03/27/v-sevastopole-srabotala-sistema-pvo/,2026-03-27 00:00:00,"В Севастополе сработала система ПВО02:50, 27 марта 2026Россия",,,ru,RU
cc1885f4badd,lenta,https://lenta.ru/news/2026/03/27/tramp-ostavit-svoy-sled-na-100-dollarovoy-kupyure/,2026-03-27 00:00:00,"Трамп оставит свой след на 100-долларовой купюре02:54, 27 марта 2026Экономика",,,ru,RU
c7963a8b5be1,lenta,https://lenta.ru/news/2026/03/27/makron-obvinili-v-zhelanii-okkupirovat-ukrainu/,2026-03-27 00:00:00,"Макрона обвинили в желании оккупировать Украину00:11, 27 марта 2026Мир",,,ru,RU
d65c1c657ec1,lenta,https://lenta.ru/news/2026/03/27/windows-problem/,2026-03-27 00:00:00,"Описан ключевой недостаток ноутбуков на Windows02:01, 27 марта 2026Наука и техника",,,ru,RU
0e487cd90b38,lenta,https://lenta.ru/news/2026/03/27/lavrov-vyskazalsya-o-snyatii-sanktsiy-s-rossii/,2026-03-27 00:00:00,"Лавров высказался о снятии санкций с России00:32, 27 марта 2026Мир",,,ru,RU
d23bc6d8c198,lenta,https://lenta.ru/news/2026/03/27/lavrov-ulichil-ssha-v-tsinizme/,2026-03-27 00:00:00,"Лавров уличил США в цинизме00:59, 27 марта 2026Мир",,,ru,RU
e97b78bfb503,lenta,https://lenta.ru/news/2026/03/26/lavrov-prokommentiroval-situatsiyu-s-rossiyskimi-neftyanymi-tankerami/,2026-03-27 00:00:00,"Лавров прокомментировал ситуацию с российскими нефтяными танкерами00:21, 27 марта 2026Мир",,,ru,RU
14bd9d94848c,lenta,https://lenta.ru/news/2026/03/27/v-vengrii-nazvali-poryadok-vstupleniya-stran-v-es/,2026-03-27 00:00:00,"В Венгрии назвали порядок вступления стран в ЕС01:26, 27 марта 2026Мир",,,ru,RU
0e210653e805,lenta,https://lenta.ru/news/2026/03/28/nikonov-otvetil-na-vopros-o-duhe-ankoridzha-po-itogam-vizita-v-ssha/,2026-03-28 00:00:00,"Никонов ответил на вопрос о «духе Анкориджа» по итогам визита в США01:08, 28 марта 2026Россия",,,ru,RU
a83d02b7bf9d,lenta,https://lenta.ru/news/2026/03/28/deystviya-ssha-v-otnoshenii-irana-nazvali-nedopustimymi/,2026-03-28 00:00:00,"Действия США в отношении Ирана назвали недопустимыми00:18, 28 марта 2026Мир",,,ru,RU
f083809831bc,lenta,https://lenta.ru/news/2026/03/28/fbr-predlozhilo-nagradu-za-informatsiyu-o-vzlomavshih-pochtu-ego-glavy-hakerah/,2026-03-28 00:00:00,"ФБР предложило награду за информацию о взломавших почту его главы хакерах02:03, 28 марта 2026Интернет и СМИ",,,ru,RU
1be58e9bf272,lenta,https://lenta.ru/news/2026/03/28/izrail-i-ssha-v-ocherednoy-raz-atakovali-aes-v-bushere/,2026-03-28 00:00:00,"Израиль и США в очередной раз атаковали АЭС в Бушере00:48, 28 марта 2026Мир",,,ru,RU
cbace6c5f54e,lenta,https://lenta.ru/news/2026/03/28/na-zapade-obvinili-pentagon-vo-lzhi-ob-uspehe-operatsii-v-irane/,2026-03-28 00:00:00,"На Западе обвинили Пентагон во лжи об успехе операции в Иране01:13, 28 марта 2026Мир",,,ru,RU
87d8bfe6d99e,lenta,https://lenta.ru/news/2026/03/28/nikonov-nazval-istoricheskim-vizit-delegatsii-gosdumy-v-ssha/,2026-03-28 00:00:00,"Никонов назвал историческим визит делегации Госдумы в США00:51, 28 марта 2026Россия",,,ru,RU
be2cd2acd69d,lenta,https://lenta.ru/news/2026/03/28/on-lzhet-eto-priskorbno-ssha-obvinili-zelenskogo-vo-vranie-o-pozitsii-vashingtona-po-donbassu/,2026-03-28 00:00:00,"«Он лжет, это прискорбно». США обвинили Зеленского во вранье о позиции Вашингтона по Донбассу00:20, 28 марта 2026Бывший СССР",,,ru,RU
68234832e60a,lenta,https://lenta.ru/news/2026/03/28/proriv/,2026-03-28 00:00:00,"Никонов высказался об ожиданиях от визита российской делегации в США00:56, 28 марта 2026Мир",,,ru,RU
b0525548d195,lenta,https://lenta.ru/news/2026/03/28/tanker/,2026-03-28 00:00:00,"«Это опасная игра». Могут ли Турция и Украина разругаться из-за ударов по танкерам в Черном море и чем это обернется для России?00:20, 28 марта 2026Мир",,,ru,RU
f4302a686e23,lenta,https://lenta.ru/news/2026/03/28/norvegia/,2026-03-28 00:00:00,"Норвегия ужесточила правила пребывания для украинцев00:19, 28 марта 2026Мир",,,ru,RU
160cdba4b092,lenta,https://lenta.ru/news/2026/03/28/nikonov-usomnilsya-v-otmene-sanktsiy-protiv-rossii-vo-vremya-prezidentstva-trampa/,2026-03-28 00:00:00,"Никонов усомнился в отмене санкций против России во время президентства Трампа01:27, 28 марта 2026Россия",,,ru,RU
50d2e82a2c2b,lenta,https://lenta.ru/news/2026/03/28/nikonov-soobschil-o-gotovnosti-ssha-reshat-nekotorye-voprosy-s-rossiey-bez-privyazki-k-ukraine/,2026-03-28 00:00:00,"Никонов сообщил о готовности США решать некоторые вопросы с Россией без привязки к Украине00:41, 28 марта 2026Россия",,,ru,RU
afcb492c914e,lenta,https://lenta.ru/news/2026/03/28/china/,2026-03-28 00:00:00,"Трамп призвал к уважению к Китаю02:29, 28 марта 2026Мир",,,ru,RU
a92f77c211b0,lenta,https://lenta.ru/news/2026/03/28/putin/,2026-03-28 00:00:00,"Девочка из Дагестана прочитала Путину стихотворение02:13, 28 марта 2026Россия",,,ru,RU
3d4378490473,lenta,https://lenta.ru/news/2026/03/28/amerikanskie-soldaty-postradali-pri-udare-irana-po-baze-v-saudovskoy-aravii/,2026-03-28 00:00:00,"Американские солдаты пострадали при ударе Ирана по базе в Саудовской Аравии01:00, 28 марта 2026Мир",,,ru,RU
2c2089f8057c,lenta,https://lenta.ru/news/2026/03/28/tramp-na-forume-v-mayami-predlozhil-auditorii-pogovorit-o-sekse/,2026-03-28 00:00:00,"Трамп на форуме в Майами предложил аудитории поговорить о сексе02:19, 28 марта 2026Мир",,,ru,RU
7183f6eb1d61,lenta,https://lenta.ru/news/2026/03/28/tramp-dopustil-prekraschenie-podderzhki-nato-iz-za-deystviy-alyansa/,2026-03-28 00:00:00,"Трамп допустил прекращение поддержки НАТО из-за действий альянса01:54, 28 марта 2026Мир",,,ru,RU
f89e9f23ee8a,lenta,https://lenta.ru/news/2026/03/28/tramp-rasskazal-o-svoih-ozhidaniyah-ot-peregovorov-s-iranom/,2026-03-28 00:00:00,"Трамп рассказал о своих ожиданиях от переговоров с Ираном01:33, 28 марта 2026Мир",,,ru,RU
cc4b38c82ed5,lenta,https://lenta.ru/news/2026/03/28/tramp-sravnil-demokratov-s-iranom/,2026-03-28 00:00:00,"Трамп сравнил демократов с Ираном01:40, 28 марта 2026Мир",,,ru,RU
b09807a74e05,lenta,https://lenta.ru/news/2026/03/28/tramp-v-shutku-nazval-zablokirovannyy-iranom-ormuzskiy-proliv-svoim-imenem/,2026-03-28 00:00:00,"Трамп в шутку назвал заблокированный Ираном Ормузский пролив своим именем01:18, 28 марта 2026Мир",,,ru,RU
8ad8a8d30c8f,lenta,https://lenta.ru/news/2026/03/28/trumpp/,2026-03-28 00:00:00,"Трамп назвал число целей США в Иране01:42, 28 марта 2026Мир",,,ru,RU
62178ce0d91e,lenta,https://lenta.ru/news/2026/03/28/turisti/,2026-03-28 00:00:00,"«Это сущий ад, пусть убираются домой». Почему европейцы возненавидели туристов и грозят им насилием?00:01, 28 марта 2026Путешествия",,,ru,RU
3ecc692551e3,lenta,https://lenta.ru/news/2026/03/28/ushedshiy-iz-rossii-tehnicheskiy-gigant-zahotel-zaregistrirovat-novyy-tovarnyy-znak/,2026-03-28 00:00:00,"Ушедший из России технический гигант захотел зарегистрировать новый товарный знак01:52, 28 марта 2026Экономика",,,ru,RU
9684c116b652,lenta,https://lenta.ru/news/2026/03/28/v-britanii-rasskazali-o-svoem-natsionalnom-pozore/,2026-03-28 00:00:00,"В Британии рассказали о своем национальном позоре01:23, 28 марта 2026Интернет и СМИ",,,ru,RU
614e86fd94cd,lenta,https://lenta.ru/tags/geo/vashington/,2026-03-28 00:00:00,Вашингтона,,,ru,RU
a7224244f3e8,lenta,https://lenta.ru/news/2026/03/28/tramp-predskazal-sudbu-kuby/,2026-03-28 00:00:00,"Трамп предсказал судьбу Кубы01:21, 28 марта 2026Мир",,,ru,RU
e391b28cb8a2,lenta,https://lenta.ru/news/2026/03/28/vsuu/,2026-03-28 00:00:00,"В Раде заявили о высокой смертности от болезней в одном из полков ВСУ01:20, 28 марта 2026Бывший СССР",,,ru,RU
dd4da4ec8edd,lenta,https://lenta.ru/news/2026/03/28/tramp-nazval-baydena-chelovekom-s-ochen-nizkim-iq-iz-za-pomoschi-kievu/,2026-03-28 00:00:00,"Трамп назвал Байдена человеком с очень низким IQ из-за помощи Киеву01:57, 28 марта 2026Мир",,,ru,RU
602856bac5bd,lenta,https://lenta.ru/news/2026/03/27/chempionku-mira-po-figurnomu-kataniyu-porezali-konkom-na-ledovom-shou/,2026-03-28 00:00:00,"Чемпионку мира по фигурному катанию порезали коньком на ледовом шоу00:22, 28 марта 2026Спорт",,,ru,RU
f3b82d1b4e37,lenta,https://lenta.ru/news/2026/03/28/v-minzdrave-nazvali-srednyuyu-prodolzhitelnost-zhizni-v-rossii/,2026-03-28 00:00:00,"В Минздраве назвали среднюю продолжительность жизни в России02:38, 28 марта 2026Наука и техника",,,ru,RU
0dab34dfbcfd,lenta,https://lenta.ru/news/2026/03/29/fermer-sdelal-zhutkuyu-nahodku-vo-vremya-rabot-na-uchastke/,2026-03-29 00:00:00,Фермер сделал жуткую находку во время работ на участке00:48Из жизни,,,ru,RU
da9326e5adb7,lenta,https://lenta.ru/news/2026/03/29/google-pereputala-belyy-dom-s-ostrovom-epshteyna/,2026-03-29 00:00:00,Google перепутала Белый дом с островом Эпштейна00:19Интернет и СМИ,,,ru,RU
de2a801ad351,lenta,https://lenta.ru/news/2026/03/29/iran-opredelil-vuzy-ssha-i-izrailya-zakonnymi-tselyami-dlya-udarov/,2026-03-29 00:00:00,Иран определил вузы США и Израиля законными целями для ударов03:08Мир,,,ru,RU
2bd457b18be0,lenta,https://lenta.ru/news/2026/03/29/dron-vsu-udaril-po-avtomobilyu-i-ubil-rossiyanina/,2026-03-29 00:00:00,Дрон ВСУ ударил по автомобилю и убил россиянина01:29Россия,,,ru,RU
f6f938ea30a1,lenta,https://lenta.ru/news/2026/03/29/izrailskih-letchikov-ulichili-v-imitatsii-moschnyh-udarov-nad-beyrutom/,2026-03-29 00:00:00,Израильских летчиков уличили в имитации мощных ударов над Бейрутом00:34Мир,,,ru,RU
7ba84fa00f9c,lenta,https://lenta.ru/news/2026/03/29/mezhdu-popytkoy-vzryva-v-parizhe-i-konfliktom-na-blizhnem-vostoke-uvideli-svyaz/,2026-03-29 00:00:00,Между попыткой взрыва в Париже и конфликтом на Ближнем Востоке увидели связь01:52Мир,,,ru,RU
c076c65c2914,lenta,https://lenta.ru/news/2026/03/29/raskryty-novye-dannye-o-porazhennyh-ssha-tselyah-v-voyne-s-iranom/,2026-03-29 00:00:00,Раскрыты новые данные о пораженных США целях в войне с Ираном01:09Мир,,,ru,RU
15a5b5d735d2,lenta,https://lenta.ru/news/2026/03/29/prezident-polshi-zhestko-raskritikoval-es/,2026-03-29 00:00:00,Президент Польши жестко раскритиковал ЕС01:36Мир,,,ru,RU
e99ed9ca7515,lenta,https://lenta.ru/news/2026/03/29/rossiyan-prizvali-otkazatsya-ot-umnyh-kolonok/,2026-03-29 00:00:00,Россиян призвали отказаться от умных колонок02:50Интернет и СМИ,,,ru,RU
e32e6e988ec2,lenta,https://lenta.ru/news/2026/03/29/rossiyskie-deputaty-prizemlilis-v-nyu-yorke/,2026-03-29 00:00:00,Российские депутаты приземлились в Нью-Йорке03:26Мир,,,ru,RU
5d629fff17c6,lenta,https://lenta.ru/news/2026/03/29/iran-zahotel-vyyti-iz-dogovora-o-nerasprostranenii-yadernogo-oruzhiya/,2026-03-29 00:00:00,Иран захотел выйти из договора о нераспространении ядерного оружия04:21Мир,,,ru,RU
028784a976d4,lenta,https://lenta.ru/news/2026/03/28/ssha-zadumalis-uvelichit-kolichestvo-voennyh-u-irana-do-17-000/,2026-03-29 00:00:00,США задумались направить еще 10 тысяч военных для операции в Иране01:38Мир,,,ru,RU
2c346ad61a16,lenta,https://lenta.ru/news/2026/03/29/mid-predupredil-ob-ohote-spetssluzhb-ssha-na-rossiyan/,2026-03-29 00:00:00,МИД предупредил об охоте спецслужб США на россиян02:10Мир,,,ru,RU
b68f2fe914a7,lenta,https://lenta.ru/news/2026/03/29/sobyanin-soobschil-ob-unichtozhenii-letevshego-na-moskvu-bpla/,2026-03-29 00:00:00,Собянин сообщил об уничтожении летевшего на Москву БПЛА02:30Россия,,,ru,RU
a1afe4813e3e,lenta,https://lenta.ru/news/2026/03/29/v-germanii-obratilis-k-orbanu-s-derzkim-predlozheniem-po-ukraine/,2026-03-29 00:00:00,В Германии обратились к Орбану с дерзким предложением по Украине02:28Мир,,,ru,RU
e622b8e27f8a,lenta,https://lenta.ru/news/2026/03/29/na-ukraine-otvergli-ultimatum-ssha/,2026-03-29 00:00:00,На Украине отвергли ультиматум США01:19Бывший СССР,,,ru,RU
e4245cc80c04,lenta,https://lenta.ru/news/2026/03/29/ssha-nachali-gotovitsya-k-zatyazhnoy-nazemnoy-operatsii-protiv-irana/,2026-03-29 00:00:00,США начали готовиться к «затяжной» наземной операции против Ирана04:09Мир,,,ru,RU
57fe1da0b85c,lenta,https://lenta.ru/news/2026/03/29/v-ssha-zayavili-ob-otchayanii-iz-za-irana/,2026-03-29 00:00:00,В США заявили об «отчаянии» из-за Ирана и России00:56Мир,,,ru,RU
569630cc1948,lenta,https://lenta.ru/news/2026/03/29/tri-tysyachi-morpehov-ssha-pribyli-na-blizhniy-vostok-iran-prigrozil-vtorym-vietnamom/,2026-03-29 00:00:00,Три тысячи морпехов США прибыли на Ближний Восток перед возможной новой операцией. Иран пригрозил Вашингтону «вторым Вьетнамом»03:17Мир,,,ru,RU
49965ec484b1,lenta,https://lenta.ru/news/2026/03/29/zhiteli-rossiyskogo-goroda-soobschili-o-vzryvah-i-vspyshkah/,2026-03-29 00:00:00,Жители российского города сообщили о взрывах и вспышках03:47Россия,,,ru,RU
a09942653058,lenta,https://lenta.ru/news/2026/03/29/vrach-raskryla-edinstvennuyu-poleznuyu-dietu/,2026-03-29 00:00:00,Врач раскрыла единственную полезную диету03:57Забота о себе,,,ru,RU
ae93baddc93e,lenta,https://lenta.ru/news/2026/03/29/v-ssha-sprognozirovali-dalneyshiy-hod-voyny-s-iranom/,2026-03-29 00:00:00,В США спрогнозировали дальнейший ход войны с Ираном01:46Мир,,,ru,RU
60c8964d32b9,lenta,https://lenta.ru/news/2026/03/29/v-ssha-rasskazali-o-podtolknuvshem-ukrainu-k-miru-s-rossiey-sobytii/,2026-03-29 00:00:00,В США рассказали о подтолкнувшем Украину к миру с Россией событии02:26Мир,,,ru,RU
cbec2ec9cad6,lenta,https://lenta.ru/news/2026/03/29/v-ssha-ne-odobrili-shag-ukrainy-protiv-rossii/,2026-03-29 00:00:00,В США не одобрили шаг Украины против России00:44Мир,,,ru,RU
c21e5ac61899,lenta,https://lenta.ru/news/2026/03/29/v-kremle-otsenili-vizit-parlamentariev-v-ssha/,2026-03-29 00:00:00,В Кремле оценили визит парламентариев в США03:34Россия,,,ru,RU
d64fb513b865,lenta,https://lenta.ru/news/2026/03/29/v-kongresse-ssha-zhestko-otvetili-na-kritiku-posle-vizita-delegatsii-rossii/,2026-03-29 00:00:00,В Конгрессе США жестко ответили на критику после визита делегации России04:27Мир,,,ru,RU
a91cbae0d971,lenta,https://lenta.ru/news/2026/03/29/v-ssha-sdelali-neozhidannoe-priznanie-o-konflikte-s-iranom/,2026-03-29 00:00:00,В США сделали неожиданное признание о конфликте с Ираном03:47Мир,,,ru,RU
5fc4aaf51c34,lenta,https://lenta.ru/news/2026/03/29/sluzhivshego-v-vsu-komika-likvidirovali-v-harkovskoy-oblasti/,2026-03-29 00:00:00,Служившего в ВСУ комика ликвидировали в Харьковской области02:53Бывший СССР,,,ru,RU
c81e7a6789f1,lenta,https://lenta.ru/news/2026/03/29/v-germanii-nazvali-uslovie-poteri-vlasti-mertsem/,2026-03-29 04:34:46,В Германии назвали условие потери власти Мерцем,,Мир,ru,RU
d79e3eb64015,lenta,https://lenta.ru/news/2026/03/29/plennyy-rasskazal-o-massovoy-gibeli-propavshih-bez-vesti-soldat-vsu/,2026-03-29 04:36:00,Пленный рассказал о массовой гибели пропавших без вести солдат ВСУ,,Бывший СССР,ru,RU
2d21795d2ddc,lenta,https://lenta.ru/news/2026/03/29/fanaty-nazvali-sbornuyu-ukrainy-po-futbolu-ubozhestvom-za-nepopadanie-na-chempionat-mira/,2026-03-29 04:50:00,Фанаты назвали сборную Украины по футболу убожеством за непопадание на чемпионат мира,,Спорт,ru,RU
94924bb45adb,lenta,https://lenta.ru/news/2026/03/29/spetspredstavitel-putina-podderzhal-stolknuvshuyusya-s-kritikoy-kongressvumen/,2026-03-29 04:53:00,Дмитриев поддержал столкнувшуюся с критикой за встречу с делегацией Госдумы конгрессвумен,,Мир,ru,RU
783526a1ce66,lenta,https://lenta.ru/news/2026/03/29/vsu-nashli-ob-yasnenie-suschestvennym-poteryam-u-sum/,2026-03-29 05:02:00,ВСУ нашли объяснение существенным потерям у Сум,,Бывший СССР,ru,RU
004467cbcde7,lenta,https://lenta.ru/news/2026/03/29/dmitriev-poironiziroval-nad-kallas-iz-za-ee-spora-s-rubio-o-rossii/,2026-03-29 05:05:16,Дмитриев поиронизировал над Каллас из-за ее спора с Рубио о России,,Мир,ru,RU
fbb03dd2ed68,lenta,https://lenta.ru/news/2026/03/29/maduro-vystupil-s-obrascheniem-iz-amerikanskoy-tyurmy/,2026-03-29 05:12:00,Мадуро выступил с обращением из американской тюрьмы,,Мир,ru,RU
c6db2fb6fbe2,lenta,https://lenta.ru/news/2026/03/29/ukraina-vypustila-bolshe-200-bespilotnikov-po-regionam-rossii-za-noch/,2026-03-29 05:19:00,Украина выпустила больше 200 беспилотников по регионам России за ночь,,Россия,ru,RU
33d00e4c6bb8,lenta,https://lenta.ru/news/2026/03/29/saldo-pozhalovalsya-na-prevraschenie-hersona-v-voennuyu-zonu/,2026-03-29 05:30:00,Сальдо пожаловался на превращение Херсона в «военную зону»,,Бывший СССР,ru,RU
77ac140a439c,lenta,https://lenta.ru/news/2026/03/29/bezhenka-soobschila-o-verbovke-molodezhi-iz-finlyandii-v-ryady-vsu/,2026-03-29 05:34:00,Беженка сообщила о вербовке молодежи из Финляндии в ряды ВСУ,,Бывший СССР,ru,RU
41b65ae306a6,lenta,https://lenta.ru/news/2026/03/29/na-ukraine-professora-vuza-uvolili-iz-za-ispolzovaniya-russkogo-yazyka/,2026-03-29 05:55:00,На Украине профессора вуза уволили из-за использования русского языка,,Бывший СССР,ru,RU
c76507619f05,lenta,https://lenta.ru/news/2026/03/29/kuba-osudila-ubiystvo-zhurnalistov-v-rezultate-udarov-izrailya-po-livanu/,2026-03-29 05:59:04,Куба осудила убийство журналистов в результате ударов Израиля по Ливану,,Мир,ru,RU
0410825eef73,lenta,https://lenta.ru/news/2026/03/29/moskvicham-poobeschali-mayskoe-teplo-v-nachale-sleduyuschey-nedeli/,2026-03-29 06:19:44,Москвичам пообещали майское тепло в начале следующей недели,,Экономика,ru,RU
05c817dc9068,lenta,https://lenta.ru/news/2026/03/29/nedalnovidno/,2026-03-29 06:26:00,Мерцу указали на недальновидность из-за его слов о России,,Мир,ru,RU
a6c8444952a9,lenta,https://lenta.ru/news/2026/03/29/vsu-atakovali-promyshlennoe-predpriyatie-v-rossiyskom-regione/,2026-03-29 06:27:00,ВСУ атаковали промышленное предприятие в российском регионе,,Россия,ru,RU
8c2b22be92a2,lenta,https://lenta.ru/news/2026/03/29/rospotrebnadzor-vyskazalsya-o-rasprostranenii-novogo-varianta-covid-19-v-rossii/,2026-03-29 06:30:00,Роспотребнадзор высказался о распространении нового варианта COVID-19 в России,,Россия,ru,RU
e57e19cb7864,lenta,https://lenta.ru/news/2026/03/29/na-podlete-k-moskve-sbili-shestoy-za-sutki-bpla/,2026-03-29 06:33:00,На подлете к Москве сбили шестой за сутки БПЛА,,Россия,ru,RU
63d69b773db4,lenta,https://lenta.ru/news/2026/03/29/vsu-proveli-masshtabnoe-minirovanie-kanala-severskiy-donets-donbass/,2026-03-29 06:44:00,ВСУ провели масштабное минирование канала Северский Донец — Донбасс,,Бывший СССР,ru,RU
b6fa1d4c2e21,lenta,https://lenta.ru/news/2026/03/29/golevaya-peredacha-ovechkina-pomogla-vashingtonu-oderzhat-pobedu-v-matche-nhl/,2026-03-29 06:49:00,Голевая передача Овечкина помогла «Вашингтону» одержать победу в матче НХЛ,,Спорт,ru,RU
6d7b18e5b77b,lenta,https://lenta.ru/news/2026/03/29/v-rukah-rossiyanina-vzorvalas-naydennaya-korobka/,2026-03-29 06:52:00,В руках россиянина взорвалась найденная коробка,,Россия,ru,RU
36180925868e,lenta,https://lenta.ru/news/2026/03/29/tsygane-obokrali-vsu/,2026-03-29 06:59:00,Цыгане обокрали ВСУ,,Бывший СССР,ru,RU
9f364c5ce801,lenta,https://lenta.ru/news/2026/03/29/kirkorov-vozmutil-rossiyan-svoim-povedeniem-v-aeroportu/,2026-03-29 07:12:00,Киркоров возмутил россиян своим поведением в аэропорту,,Культура,ru,RU
441aee7bac38,lenta,https://lenta.ru/news/2026/03/29/bolee-100-reysov-zaderzhali-i-otmenili-v-rossiyskom-gorode/,2026-03-29 07:19:00,Более 100 рейсов задержали и отменили в российском городе,,Путешествия,ru,RU
bc17025cda92,lenta,https://lenta.ru/news/2026/03/29/stalo-izvestno-o-povrezhdenii-energoob-ekta-v-odesskoy-oblasti/,2026-03-29 07:31:00,Стало известно о повреждении энергообъекта в Одесской области,,Бывший СССР,ru,RU
0d370e5d8e58,lenta,https://lenta.ru/news/2026/03/29/evropeets-opisal-den-olenevoda-v-rossii-frazoy-napomnil-mne-olimpiyskie-igry/,2026-03-29 07:33:00,Европеец описал День оленевода в России фразой «напомнил мне Олимпийские игры»,,Путешествия,ru,RU
70c4173e55ad,lenta,https://lenta.ru/news/2026/03/29/v-kremle-vyskazalis-o-sozdannom-trampom-sovete-mira/,2026-03-29 07:36:00,В Кремле высказались о созданном Трампом Совете мира,,Мир,ru,RU
e77590c7c76d,lenta,https://lenta.ru/news/2026/03/29/v-kremle-nazvali-gubitelnymi-dlya-mirovoy-ekonomiki-posledstviya-ataki-ssha-na-iran/,2026-03-29 07:45:00,В Кремле назвали губительными для мировой экономики последствия атаки США на Иран,,Мир,ru,RU
eda234465401,lenta,https://lenta.ru/news/2026/03/29/stalo-izvestno-o-vklyuchenii-ukrainy-v-voennyy-shengen-dlya-udarov-po-rossii/,2026-03-29 07:46:00,Стало известно о включении Украины в «военный шенген» для ударов по России,,Бывший СССР,ru,RU
1e07a41dced4,lenta,https://lenta.ru/news/2026/03/29/prezident-ibu-vystupil-protiv-dopuska-biatlonistov-iz-rossii/,2026-03-29 07:49:00,Президент IBU выступил против допуска биатлонистов из России,,Спорт,ru,RU
dbbf051fb8b8,lenta,https://lenta.ru/news/2026/03/29/zamglavy-chelyabinska-arestovali-po-delu-o-zloupotreblenii-polnomochiyami/,2026-03-29 07:59:00,Замглавы Челябинска арестовали по делу о злоупотреблении полномочиями,,Силовые структуры,ru,RU
eda72d4a0aa5,lenta,https://lenta.ru/news/2026/03/29/v-odesse-proizoshlo-chastichnoe-otklyuchenie-sveta-i-vody/,2026-03-29 08:02:00,В Одессе произошло частичное отключение света и воды,,Бывший СССР,ru,RU
c08c9a933025,lenta,https://lenta.ru/news/2026/03/29/kiev-gotovit-k-mobilizatsii-zhenschin/,2026-03-29 08:04:00,В Киеве начали готовиться к мобилизации женщин,,Бывший СССР,ru,RU
5286e8d5ddc3,lenta,https://lenta.ru/news/2026/03/29/iran-nanes-udary-po-svyazannym-s-ssha-zavodam/,2026-03-29 08:15:00,Иран нанес удары по связанным с США заводам,,Мир,ru,RU
8b8eedf2d995,lenta,https://lenta.ru/news/2026/03/29/v-spch-otsenili-veroyatnost-vozobnovleniya-raboty-telegram-v-rossii/,2026-03-29 08:18:00,В СПЧ оценили вероятность возобновления работы Telegram в России,,Интернет и СМИ,ru,RU
77480e1b41f5,lenta,https://lenta.ru/news/2026/03/29/zhelayuschim-nakopit-rossiyanam-dali-neozhidannyy-sovet/,2026-03-29 08:23:00,Желающим накопить россиянам дали неожиданный совет,,Экономика,ru,RU
84d4e9a1e0a9,lenta,https://lenta.ru/news/2026/03/29/v-germanii-rasskazali-o-deystviyah-zelenskogo-ot-bezyshodnosti/,2026-03-29 08:40:00,В Германии рассказали о действиях Зеленского от безысходности,,Мир,ru,RU
f353f698fe6c,lenta,https://lenta.ru/news/2026/03/29/siriya-zakryla-vozdushnoe-prostranstvo/,2026-03-29 08:43:00,Сирия закрыла воздушное пространство,,Мир,ru,RU
4457befa4cdb,lenta,https://lenta.ru/news/2026/03/29/rossiyan-predosteregli-ot-odnogo-deystviya-posle-chashki-kofe/,2026-03-29 08:46:00,Россиян предостерегли от одного действия после чашки кофе,,Забота о себе,ru,RU
98f52b91df17,lenta,https://lenta.ru/news/2026/03/29/v-gosdume-otvetili-na-raskrytyy-dodikom-plan-nato-po-napadeniyu-na-rossiyu/,2026-03-29 08:46:00,В Госдуме ответили на раскрытый Додиком план НАТО по нападению на Россию,,Россия,ru,RU
4e83cb698f96,lenta,https://lenta.ru/news/2026/03/29/v-irane-raskryli-plany-nazemnoy-operatsii-ssha/,2026-03-29 08:50:00,В Иране раскрыли планы наземной операции США,,Мир,ru,RU
68ab84aa868b,lenta,https://lenta.ru/news/2026/03/29/otseneny-shansy-sbornoy-rossii-po-futbolu-obygrat-mali/,2026-03-29 08:51:00,Оценены шансы сборной России по футболу обыграть Мали,,Спорт,ru,RU
11c536453f8e,lenta,https://lenta.ru/news/2026/03/29/vazhneyshiy-samolet-ssha-okazalsya-fakticheski-unichtozhen/,2026-03-29 09:02:00,«Важнейший» самолет США оказался фактически уничтожен,,Мир,ru,RU
cd8b09d9e113,lenta,https://lenta.ru/news/2026/03/29/v-rossii-vyskazalis-o-vozmozhnosti-zhenschin-rozhat-neogranichennoe-chislo-detey/,2026-03-29 09:09:00,В России высказались о возможности женщин рожать неограниченное число детей,,Россия,ru,RU
72e9bf1c86a0,lenta,https://lenta.ru/news/2026/03/29/v-ssha-zayavili-o-vozmozhnom-nastuplenii-novoy-yadernoy-ery/,2026-03-29 09:14:00,В США заявили о возможном наступлении новой ядерной эры,,Мир,ru,RU
a1f274485137,lenta,https://lenta.ru/news/2026/03/29/vs-rossii-udarili-po-skladu-raket-flamingo/,2026-03-29 09:15:00,ВС России ударили по складу ракет «Фламинго»,,Россия,ru,RU
560dff5a4c56,lenta,https://lenta.ru/news/2026/03/29/zelenskogo-potrebovali-prigovorit-k-vysshey-mere-nakazaniya/,2026-03-29 09:16:00,Зеленского потребовали приговорить к высшей мере наказания,,Россия,ru,RU
d062e718e7d1,lenta,https://lenta.ru/news/2026/03/29/rossiyskie-voennye-vzyali-pod-kontrol-naselennyy-punkt-v-harkovskoy-oblasti/,2026-03-29 09:19:00,Российские военные взяли под контроль населенный пункт в Харьковской области,,Россия,ru,RU
f19570fa72f2,lenta,https://lenta.ru/news/2026/03/29/vs-rossii-udarili-po-baze-vsu-s-samoletami-nato/,2026-03-29 09:21:00,ВС России ударили по базе ВСУ с самолетами НАТО,,Бывший СССР,ru,RU
7f8779009316,lenta,https://lenta.ru/news/2026/03/29/stalo-izvestno-o-popytke-ukrainskih-diversantov-pod-narkotikami-poyti-v-ataku/,2026-03-29 09:22:00,Стало известно о попытке украинских диверсантов под наркотиками пойти в атаку,,Бывший СССР,ru,RU
21743aae6045,lenta,https://lenta.ru/news/2026/03/29/v-rossiyskoy-respublike-vveli-rezhim-chs-iz-za-livney/,2026-03-29 09:28:00,В российской республике ввели режим ЧС из-за ливней,,Экономика,ru,RU
44c7d3f221f3,lenta,https://lenta.ru/news/2026/03/29/v-finlyandii-nachali-verbovat-molodezh-v-ryady-vsu/,2026-03-29 09:32:00,В Финляндии начали вербовать молодежь в ряды ВСУ,,Мир,ru,RU
e555cfe678f6,lenta,https://lenta.ru/news/2026/03/29/rossiyanka-opisala-kurort-vietnama-frazoy-ostrov-obrusel/,2026-03-29 09:33:00,Россиянка описала курорт Вьетнама фразой «остров обрусел»,,Путешествия,ru,RU
50c30e1ce47f,lenta,https://lenta.ru/news/2026/03/29/zapadnye-strany-zabili-trevogu-iz-za-novogo-zayavleniya-zelenskogo/,2026-03-29 09:43:00,Западные страны забили тревогу из-за нового заявления Зеленского,,Бывший СССР,ru,RU
db59b599999c,lenta,https://lenta.ru/news/2026/03/29/umer-plenivshiy-paulyusa-uchastnik-bitvy-za-stalingrad/,2026-03-29 09:44:00,Умер пленивший Паулюса участник битвы за Сталинград,,Бывший СССР,ru,RU
1726d0a54407,lenta,https://lenta.ru/news/2026/03/29/za-spinoy/,2026-03-29 09:53:00,Зеленский пожаловался на действия за его спиной,,Бывший СССР,ru,RU
46088d7008c8,lenta,https://lenta.ru/news/2026/03/29/putin-zayavil-o-gotovnosti-rossii-provesti-olimpiyskie-igry/,2026-03-29 09:55:00,Путин заявил о готовности России провести Олимпийские игры,,Спорт,ru,RU
fafc08d4985d,lenta,https://lenta.ru/news/2026/03/29/zelenskiy-raskryl-masshtab-udarov-vs-rf-po-ukraine-za-nedelyu/,2026-03-29 09:59:00,Зеленский раскрыл число ударов ВС России по Украине за неделю,,Бывший СССР,ru,RU
3445a57f95d6,lenta,https://lenta.ru/news/2026/03/29/na-foto-popal-unichtozhennyy-iranskoy-raketoy-boeing-e-3-sentry/,2026-03-29 10:01:00,На фото попал уничтоженный иранской ракетой Boeing E-3 Sentry,,Мир,ru,RU
33d8cfa5055b,lenta,https://lenta.ru/news/2026/03/29/severnaya-koreya-ispytala-dvigatel-dlya-sposobnoy-dostich-ssha-rakety/,2026-03-29 10:06:00,Северная Корея испытала двигатель для способной достичь США ракеты,,Наука и техника,ru,RU
8f86f705544d,lenta,https://lenta.ru/news/2026/03/29/ukrainskiy-naftogaz-soobschil-ob-obstrele-svoih-ob-ektov/,2026-03-29 10:25:00,Украинский «Нафтогаз» сообщил об обстреле своих объектов,,Бывший СССР,ru,RU
6650dd8f0061,lenta,https://lenta.ru/news/2026/03/29/vs-rossii-udarili-po-tsentru-podgotovki-elitnogo-batalona-vsu/,2026-03-29 10:27:00,ВС России ударили по центру подготовки элитного батальона ВСУ,,Бывший СССР,ru,RU
aaf990e7f409,lenta,https://lenta.ru/news/2026/03/29/doktor-myasnikov-otchital-gostyu-peredachi-s-zhalobami-na-sudorogi/,2026-03-29 10:31:00,Доктор Мясников отчитал гостью передачи с жалобами на судороги,,Интернет и СМИ,ru,RU
b253391b1685,lenta,https://lenta.ru/news/2026/03/29/bolee-polumilliarda-rubley-potratili-dlya-predotvrascheniya-navodneniya-v-dagestane/,2026-03-29 10:33:00,Более полумиллиарда рублей потратили для предотвращения наводнения в Дагестане,,Экономика,ru,RU
bbb18f6e4509,lenta,https://lenta.ru/news/2026/03/29/stalo-izvestno-o-namerenii-moldavii-otmenit-esche-60-soglasheniy-s-sng/,2026-03-29 10:35:00,Стало известно о намерении Молдавии отменить еще 60 соглашений с СНГ,,Бывший СССР,ru,RU
b86bc9f6c09f,lenta,https://lenta.ru/news/2026/03/29/stalo-izvestno-ob-ugroze-popadaniya-kerosina-v-pitievuyu-vodu-v-odnom-iz-gorodov-rossii/,2026-03-29 10:35:00,Стало известно об угрозе попадания керосина в питьевую воду в одном из городов России,,Экономика,ru,RU
3cb4d92b6f2b,lenta,https://lenta.ru/news/2026/03/29/v-kremle-prizvali-ssha-povliyat-na-ukrainu/,2026-03-29 10:41:00,В Кремле призвали США повлиять на Украину,,Мир,ru,RU
0eadc45dcfac,lenta,https://lenta.ru/news/2026/03/29/nochyu-29-marta-rossiyane-smogut-uvidet-krasivoe-yavlenie-na-nebe/,2026-03-29 10:47:00,Ночью 29 марта россияне смогут увидеть красивое явление на небе,,Экономика,ru,RU
edaaba4a05e2,lenta,https://lenta.ru/news/2026/03/29/oshibka-ufc-s-pobeditelem-boya-prinesla-igroku-5-5-milliona-rubley/,2026-03-29 10:48:00,"Ошибка UFC с победителем боя принесла игроку 5,5 миллиона рублей",,Спорт,ru,RU
3c76b32191b7,lenta,https://lenta.ru/news/2026/03/29/v-finlyandii-upalo-nlo/,2026-03-29 10:51:00,В Финляндии упал НЛО,,Мир,ru,RU
4f0564bc321c,lenta,https://lenta.ru/news/2026/03/29/rossiya-pozhelala-udachi-ssha/,2026-03-29 10:52:00,Россия пожелала удачи США,,Мир,ru,RU
3e8dbd515ec7,lenta,https://lenta.ru/news/2026/03/29/nazvano-uslovie-dlya-lisheniya-rumynii-chlenstva-v-evrosoyuze/,2026-03-29 10:59:00,Названо условие для лишения Румынии членства в Евросоюзе,,Мир,ru,RU
c9c29fd436fa,lenta,https://lenta.ru/news/2026/03/29/v-yuar-pohitili-i-ubili-spetsialista-po-svyazyam-afriki-i-rossii/,2026-03-29 11:07:00,В ЮАР похитили и убили специалиста по связям Африки и России,,Мир,ru,RU
31799bb30533,lenta,https://lenta.ru/news/2026/03/29/voennyy-vyskazalsya-o-posledstviyah-udara-po-skladam-s-samoletami-nato-dlya-vsu/,2026-03-29 11:09:00,Военный высказался о последствиях удара по складам с самолетами НАТО для ВСУ,,Наука и техника,ru,RU
d31a599e5891,lenta,https://lenta.ru/news/2026/03/29/na-ukraine-zayavili-o-vzyatii-es-v-zalozhniki/,2026-03-29 11:11:00,На Украине заявили о взятии ЕС в заложники,,Бывший СССР,ru,RU
192f75759738,lenta,https://lenta.ru/news/2026/03/29/v-rossii-pogovorkoy-otvetili-na-vopros-o-zarubezhnyh-partnerah/,2026-03-29 11:15:00,В России поговоркой ответили на вопрос о зарубежных партнерах,,Россия,ru,RU
97ef6613a417,lenta,https://lenta.ru/news/2026/03/29/mihalkov-raskryl-sudbonosnyy-dlya-efremova-dialog-s-putinym/,2026-03-29 11:20:00,Михалков раскрыл судьбоносный для Ефремова диалог с Путиным,,Культура,ru,RU
f685ba69aa07,lenta,https://lenta.ru/news/2026/03/29/v-rossii-sprognozirovali-energeticheskie-lokdauny-v-evrope/,2026-03-29 11:32:00,В России спрогнозировали энергетические локдауны в Европе,,Россия,ru,RU
acf9b68fc381,lenta,https://lenta.ru/news/2026/03/29/ksir-porazil-amerikanskie-sklady-na-blizhnem-vostoke/,2026-03-29 11:33:00,КСИР поразил американские склады на Ближнем Востоке,,Мир,ru,RU
0a177a8b132f,lenta,https://lenta.ru/news/2026/03/29/putin-sdelal-zayavlenie-o-svoem-sopernike-na-vyborah/,2026-03-29 11:34:00,Путин сделал заявление о своем сопернике на выборах,,Россия,ru,RU
8871abf34ccf,lenta,https://lenta.ru/news/2026/03/29/105-letnyaya-dolgozhitelnitsa-raskryla-alkogolnyy-sekret-dolgoletiya/,2026-03-29 11:35:00,105-летняя долгожительница раскрыла алкогольный секрет долголетия,,Из жизни,ru,RU
532468eacf1f,lenta,https://lenta.ru/news/2026/03/29/semya-pogibshego-uchastnika-svo-ostalas-bez-vseh-vyplat-i-nasledstva/,2026-03-29 11:40:00,Семья погибшего участника СВО осталась без всех выплат и наследства,,Россия,ru,RU
b225200c4ff2,lenta,https://lenta.ru/news/2026/03/29/dmitriev-predskazal-defitsit-vo-vseh-klyuchevyh-sektorah-es/,2026-03-29 11:48:00,Дмитриев предсказал дефицит во всех ключевых секторах ЕС,,Экономика,ru,RU
b95d5f39540a,lenta,https://lenta.ru/news/2026/03/29/byvshego-trenera-zenita-ekstrenno-gospitalizirovali-pered-trenirovkoy/,2026-03-29 11:51:00,Бывшего тренера «Зенита» экстренно госпитализировали перед тренировкой,,Спорт,ru,RU
9984fc81843e,lenta,https://lenta.ru/news/2026/03/29/los-pollos-hermanos/,2026-03-29 11:51:00,В США заявили о продаже арсеналов Асада в обмен на кокаин,,Мир,ru,RU
4fd2648a186d,lenta,https://lenta.ru/news/2026/03/29/nazvany-usloviya-dlya-uregulirovaniya-konflikta-na-blizhnem-vostoke/,2026-03-29 11:54:00,Названы условия для урегулирования конфликта на Ближнем Востоке,,Мир,ru,RU
b6a68eb2ce3c,lenta,https://lenta.ru/news/2026/03/29/rossiyanka-lishilas-mercedes-iz-za-nezhelaniya-proyti-medosvidetelstvovanie/,2026-03-29 11:56:00,Россиянка лишилась Mercedes из-за нежелания пройти медосвидетельствование,,Силовые структуры,ru,RU
0753f1d12318,lenta,https://lenta.ru/news/2026/03/29/stalo-izvestno-o-predstoyaschih-mezhdunarodnyh-kontaktah-putina/,2026-03-29 11:56:00,Стало известно о предстоящих международных контактах Путина,,Россия,ru,RU
5484658f45f8,lenta,https://lenta.ru/news/2026/03/29/zhena-obvinila-zvezdu-fizruka-v-izmenah-i-vspomnila-megan-foks/,2026-03-29 11:58:00,Жена обвинила звезду «Физрука» в изменах и вспомнила Меган Фокс,,Культура,ru,RU
e33f2dd80d85,lenta,https://lenta.ru/news/2026/03/29/rossiyskiy-bespilotnik-vyrval-goryaschee-serdtse-dronu-vsu/,2026-03-29 11:59:34,Российский беспилотник вырвал «горящее сердце» дрону ВСУ,,Бывший СССР,ru,RU
b8b3421b4f62,lenta,https://lenta.ru/news/2026/03/29/v-irane-zahoteli-nakormit-akul-amerikanskimi-voennymi/,2026-03-29 12:05:00,В Иране захотели накормить акул американскими военными,,Мир,ru,RU
0f2eed36fd28,lenta,https://lenta.ru/news/2026/03/29/velikobritaniya-mozhet-napravit-voennyy-korabl-dlya-raschistki-ormuzskogo-proliva/,2026-03-29 12:21:00,Великобритания захотела направить военный корабль для расчистки Ормузского пролива,,Мир,ru,RU
350bf9b084b5,lenta,https://lenta.ru/news/2026/03/29/deripaska-sravnil-konflikt-na-blizhnem-vostoke-s-vremenami-koronavirusa/,2026-03-29 12:26:00,Дерипаска сравнил конфликт на Ближнем Востоке с временами коронавируса,,Экономика,ru,RU
2e83cea88593,lenta,https://lenta.ru/news/2026/03/29/izrail-vpervye-za-stoletiya-ne-pustil-patriarha-v-hram-groba-gospodnya/,2026-03-29 12:27:00,Израиль впервые за столетия не пустил патриарха в храм Гроба Господня,,Мир,ru,RU
3df05642d2f3,lenta,https://lenta.ru/news/2026/03/29/voennyy-raskryl-osobennosti-atakovannyh-rossiey-ukrainskih-raket-flamingo/,2026-03-29 12:28:00,Военный раскрыл особенности атакованных Россией украинских ракет «Фламинго»,,Наука и техника,ru,RU
3dc8a6df9620,lenta,https://lenta.ru/news/2026/03/29/vrach-razveyala-populyarnyy-mif-o-defekatsii/,2026-03-29 12:32:00,Врач развеяла популярный миф о дефекации,,Забота о себе,ru,RU
3cda7b7b75df,lenta,https://lenta.ru/news/2026/03/29/trener-sbornoy-frantsii-nazval-problemy-ssha-pered-chempionatom-mira-po-futbolu/,2026-03-29 12:47:00,Тренер сборной Франции назвал проблемы США перед чемпионатом мира по футболу,,Спорт,ru,RU
c16287eebea7,lenta,https://lenta.ru/news/2026/03/29/v-bundestage-sochli-napadenie-ssha-i-izrailya-na-iran-narusheniem-mezhdunarodnogo-prava/,2026-03-29 12:49:00,В бундестаге сочли нападение США и Израиля на Иран нарушением международного права,,Мир,ru,RU
e2e19c3f45f6,lenta,https://lenta.ru/news/2026/03/29/mid-italii-vyzval-posla-izrailya-iz-za-otkaza-patriarhu-voyti-v-hram-groba-gospodnya/,2026-03-29 12:52:00,МИД Италии вызвал посла Израиля из-за отказа патриарху войти в храм Гроба Господня,,Мир,ru,RU
0304e182ff92,lenta,https://lenta.ru/news/2026/03/29/poyavilos-video-intsidenta-s-pashinyanom-v-tserkvi-erevana/,2026-03-29 12:59:00,Появилось видео инцидента с Пашиняном в церкви Еревана,,Бывший СССР,ru,RU
8e6ea11ffe90,lenta,https://lenta.ru/news/2026/03/29/v-finlyandii-zayavili-o-narushenii-territorialnoy-tselostnosti-so-storony-ukrainy/,2026-03-29 13:02:00,В Финляндии заявили о нарушении территориальной целостности со стороны Украины,,Мир,ru,RU
f5a0e74248bd,lenta,https://lenta.ru/news/2026/03/29/na-zapade-nazvali-otvet-zelenskogo-na-obvinenie-rubio-bessvyaznymi-brednyami/,2026-03-29 13:08:00,На Западе назвали ответ Зеленского на обвинение Рубио бессвязными бреднями,,Интернет и СМИ,ru,RU
b04a6561498d,lenta,https://lenta.ru/news/2026/03/29/kirkorov-opravdalsya-za-kurenie-v-aeroportu/,2026-03-29 13:09:00,Киркоров оправдался за курение в аэропорту,,Культура,ru,RU
ec772ecdfa44,lenta,https://lenta.ru/news/2026/03/29/papa-rimskiy/,2026-03-29 13:11:00,Папа Римский жестко высказался о ведущих конфликты лидерах,,Мир,ru,RU
4d1b467bc94a,lenta,https://lenta.ru/news/2026/03/29/v-rade-zayavili-o-zhelanii-ukraintsev-govorit-na-russkom-yazyke/,2026-03-29 13:15:00,В Раде заявили о желании украинцев говорить на русском языке,,Бывший СССР,ru,RU
6cc4c08b2d22,lenta,https://lenta.ru/news/2026/03/29/v-ssha-odnim-slovom-vyskazalis-ob-operatsii-v-irane/,2026-03-29 13:22:00,В США одним словом высказались об операции в Иране,,Мир,ru,RU
a38b837ba2fe,lenta,https://lenta.ru/news/2026/03/29/v-rossii-vyskazalis-o-zelenskom-posle-ego-slov-o-yadernom-oruzhii/,2026-03-29 13:32:00,В России высказались о Зеленском после его слов о ядерном оружии,,Россия,ru,RU
00ab824704f2,lenta,https://lenta.ru/news/2026/03/29/blogersha-pokazala-legkiy-sposob-preobrazit-tipichnyy-obraz-milleniala/,2026-03-29 13:36:00,Блогерша показала легкий способ преобразить типичный образ миллениала,,Ценности,ru,RU
8822efca373a,lenta,https://lenta.ru/news/2026/03/29/stala-izvestna-stoimost-avtomobilnyh-nomerov-svo/,2026-03-29 13:45:00,Стала известна стоимость автомобильных номеров «СВО»,,Экономика,ru,RU
e4acb2baf0e1,lenta,https://lenta.ru/news/2026/03/29/rossiyan-perestali-vypuskat-iz-tailanda-iz-za-populyarnyh-korzin-s-fruktami/,2026-03-29 13:49:00,Россиян перестали выпускать из Таиланда из-за популярных корзин с фруктами,,Путешествия,ru,RU
ca46b7d16e0f,lenta,https://lenta.ru/news/2026/03/29/otseneny-shansy-kucherova-vyigrat-bombardirskuyu-gonku-nhl/,2026-03-29 13:53:00,Оценены шансы Кучерова выиграть бомбардирскую гонку НХЛ,,Спорт,ru,RU
629bfd617844,lenta,https://lenta.ru/news/2026/03/29/vitse-premier-kuby-raskryl-zhestkie-posledstviya-blokady-ssha/,2026-03-29 13:54:00,Вице-премьер Кубы раскрыл жесткие последствия блокады США,,Мир,ru,RU
5d2e15491816,lenta,https://lenta.ru/news/2026/03/29/za-vyraschivanie-odnogo-izvestnogo-vida-travy-mogut-lishit-svobody-na-vosem-let/,2026-03-29 13:56:00,Россиян предупредили о лишении свободы на восемь лет за выращивание одного вида травы,,Силовые структуры,ru,RU
89093e827329,lenta,https://lenta.ru/news/2026/03/29/sibiga-zayavil-o-garantiyah-ot-vashingtona-po-postavkam-oruzhiya/,2026-03-29 14:00:00,Сибига заявил о гарантиях от Вашингтона по поставкам оружия,,Бывший СССР,ru,RU
551a4b431f77,lenta,https://lenta.ru/news/2026/03/29/makron-osudil-reshenie-politsii-izrailya-ne-puskat-latinskogo-patriarha-v-hram-v-ierusalime/,2026-03-29 14:02:00,Макрон осудил решение полиции Израиля не пускать латинского патриарха в храм в Иерусалиме,,Мир,ru,RU
27d4832bd1b7,lenta,https://lenta.ru/news/2026/03/29/na-zapade-uzhasnulis-nasilnoy-mobilizatsii-ukraintsev/,2026-03-29 14:12:00,На Западе ужаснулись насильственной мобилизации украинцев,,Мир,ru,RU
415610d71b7d,lenta,https://lenta.ru/news/2026/03/29/v-mid-rf-vyzvali-vremennuyu-poverennuyu-v-delah-britanii/,2026-03-29 14:13:00,В МИД РФ вызвали временную поверенную в делах Британии,,Мир,ru,RU
3366e1609ed7,lenta,https://lenta.ru/news/2026/03/29/raskryt-prevedshiy-k-potere-vazhneyshego-samoleta-ssha-proschet/,2026-03-29 14:17:00,Раскрыт приведший к потере важнейшего самолета США просчет,,Россия,ru,RU
08490ab7bc4a,lenta,https://lenta.ru/news/2026/03/29/na-ukraine-zayavili-o-vozmozhnom-perezahoronenii-bandery/,2026-03-29 14:23:00,На Украине заявили о возможном перезахоронении Бандеры,,Бывший СССР,ru,RU
08d48535f080,lenta,https://lenta.ru/news/2026/03/29/sleduyuschiy-sezon-evroligi-snova-proydet-bez-rossiyskih-klubov/,2026-03-29 14:30:00,Следующий сезон Евролиги снова пройдет без российских клубов,,Спорт,ru,RU
d238725a683e,lenta,https://lenta.ru/news/2026/03/29/rossiyan-prizvali-ne-spat-pod-televizor-iz-za-riska-opasnyh-bolezney/,2026-03-29 14:30:00,Россиян призвали не спать под телевизор из-за риска опасных болезней,,Забота о себе,ru,RU
c016748d2347,lenta,https://lenta.ru/news/2026/03/29/pevitsa-zivert-na-foto-bez-makiyazha-i-s-sedymi-volosami-pokazala-razbitoe-litso/,2026-03-29 14:33:00,Певица Zivert на фото без макияжа и с седыми волосами показала разбитое лицо,,Ценности,ru,RU
6dfeced8242d,lenta,https://lenta.ru/news/2026/03/29/iran-udaril-po-ob-ektu-vpk-izrailya/,2026-03-29 14:34:00,Иран ударил по объекту ВПК Израиля,,Мир,ru,RU
9449993361a0,lenta,https://lenta.ru/news/2026/03/29/nazvano-maksimalno-dopustimoe-vremya-ostavleniya-prigotovlennoy-edy-vne-holodilnika/,2026-03-29 14:44:00,Названо максимально допустимое время оставления приготовленной еды вне холодильника,,Забота о себе,ru,RU
607b023814aa,lenta,https://lenta.ru/news/2026/03/29/stalo-izvestno-ob-antirossiyskom-psihoze-v-rumynii/,2026-03-29 14:49:00,Стало известно об «антироссийском психозе» в Румынии,,Мир,ru,RU
b6d4426016c2,lenta,https://lenta.ru/news/2026/03/29/gorod-sputnik-zaes-okazalsya-obestochen-iz-za-udara-vsu/,2026-03-29 14:56:00,Город-спутник ЗАЭС оказался обесточен из-за удара ВСУ,,Бывший СССР,ru,RU
ac0d84666588,lenta,https://lenta.ru/news/2026/03/29/medvedev-na-cherno-belom-video-zadal-vsego-odin-vopros-zelenskomu/,2026-03-29 15:00:00,Медведев на черно-белом видео задал всего один вопрос Зеленскому,,Россия,ru,RU
b4ec1dab751a,lenta,https://lenta.ru/news/2026/03/29/nazvana-prichina-poteri-ssha-samoleta-f-35-vo-vremya-voyny-s-iranom/,2026-03-29 15:03:00,Названа причина потери США самолета F-35 во время войны с Ираном,,Мир,ru,RU
2c6d17365cba,lenta,https://lenta.ru/news/2026/03/29/zelenskogo-obvinili-v-postoyannom-finansirovanii-vengerskoy-oppozitsii/,2026-03-29 15:10:00,Зеленского обвинили в постоянном финансировании венгерской оппозиции,,Бывший СССР,ru,RU
7d622173712f,lenta,https://lenta.ru/news/2026/03/29/otstranivshiy-rossiyu-prezident-mezhdunarodnoy-federatsii-hokkeya-uydet-so-svoego-posta/,2026-03-29 15:20:00,Отстранивший Россию президент Международной федерации хоккея уйдет со своего поста,,Спорт,ru,RU
a7dfcd4639a1,lenta,https://lenta.ru/news/2026/03/29/podozrevaemye-v-ubiystve-spetsialista-po-svyazyam-afriki-i-rossii-otvetyat-pered-sudom/,2026-03-29 15:29:00,Подозреваемые в убийстве специалиста по связям Африки и России ответят перед судом,,Мир,ru,RU
c12f4f5e70e7,lenta,https://lenta.ru/news/2026/03/29/tsahal-zayavil-o-novoy-volne-iranskih-raket/,2026-03-29 15:34:00,ЦАХАЛ заявил о новой волне иранских ракет,,Мир,ru,RU
10f1e86f3304,lenta,https://lenta.ru/news/2026/03/29/medvedev-vysmeyal-poehavshego-po-stranam-persidskogo-zaliva-zelenskogo/,2026-03-29 15:38:00,Медведев высмеял поехавшего по странам Персидского залива Зеленского,,Россия,ru,RU
132d75337da9,lenta,https://lenta.ru/news/2026/03/29/prepodavatel-predlozhil-studentke-vyyti-za-nego-zamuzh-i-postradal-ot-poboev/,2026-03-29 15:39:00,Преподаватель предложил студентке выйти за него замуж и пострадал от побоев,,Из жизни,ru,RU
42b73e3c60c9,lenta,https://lenta.ru/news/2026/03/29/finlyandiya-raskryla-detali-zaleta-ukrainskih-bpla/,2026-03-29 15:48:00,Финляндия раскрыла детали залета украинских БПЛА,,Мир,ru,RU
7e4dd63ac7b0,lenta,https://lenta.ru/news/2026/03/29/ofis-telekanala-al-araby-v-irane-podvergsya-obstrelu/,2026-03-29 15:50:00,Офис телеканала Al Araby в Иране подвергся обстрелу,,Мир,ru,RU
cb06f8ac60b5,lenta,https://lenta.ru/news/2026/03/29/spasayut-tonuschih-v-dagestane-zhivotnyh/,2026-03-29 15:53:00,Спасение россиянами тонущих в Дагестане животных попало на видео,,Россия,ru,RU
c91ff92a8358,lenta,https://lenta.ru/news/2026/03/29/video-s-kuryaschim-v-aeroportu-kirkorovym-proveryat-na-altae/,2026-03-29 15:56:00,Видео с курящим в аэропорту Киркоровым проверят на Алтае,,Культура,ru,RU
0a7efda7654d,lenta,https://lenta.ru/news/2026/03/29/ofis-netanyahu-ob-yasnil-pervyy-za-sotni-let-nedopusk-patriarha-v-hram-groba-gospodnya/,2026-03-29 15:59:00,Офис Нетаньяху объяснил первый за сотни лет недопуск патриарха в храм Гроба Господня,,Мир,ru,RU
ed8eea086b49,lenta,https://lenta.ru/news/2026/03/29/v-spch-predpolozhili-o-davlenii-tretih-stran-na-telegram-iz-za/,2026-03-29 16:11:00,В СПЧ предположили давление третьих стран на Telegram из-за российских требований,,Интернет и СМИ,ru,RU
e04b1095913b,lenta,https://lenta.ru/news/2026/03/29/netanyahu-otdal-prikaz-voennym-v-livane/,2026-03-29 16:15:00,Нетаньяху отдал приказ военным в Ливане,,Мир,ru,RU
56c2d99fbe92,lenta,https://lenta.ru/news/2026/03/29/popytka-udarit-pashinyana-zakonchilas-ugolovnym-delom/,2026-03-29 16:19:00,Попытка ударить Пашиняна закончилась уголовным делом,,Бывший СССР,ru,RU
30f69a8f24a7,lenta,https://lenta.ru/news/2026/03/29/eks-hokkeist-bure-rasskazal-ob-opasnostyah-zhizni-v-rossii/,2026-03-29 16:22:00,Экс-хоккеист Буре рассказал об опасностях жизни в России,,Спорт,ru,RU
58aa57c2b03f,lenta,https://lenta.ru/news/2026/03/29/voditel-naehal-na-8-letnego-rebenka-vo-dvore-zhilogo-doma-v-rossii/,2026-03-29 16:26:00,Водитель наехал на 8-летнего ребенка во дворе жилого дома в России,,Россия,ru,RU
1ec52a7020e8,lenta,https://lenta.ru/news/2026/03/29/na-ukraine-sotrudniki-voenkomata-pereshli-k-novoy-taktike/,2026-03-29 16:32:00,На Украине сотрудники военкомата перешли к новой тактике,,Бывший СССР,ru,RU
59f090ef0971,lenta,https://lenta.ru/news/2026/03/29/vozgoranie-v-lenoblasti-iz-za-bespilotnikov-lokalizovano/,2026-03-29 16:34:00,Возгорание в Ленобласти из-за беспилотников локализовано,,Россия,ru,RU
49840a808c96,lenta,https://lenta.ru/news/2026/03/29/iran-poobeschal-novye-udary-po-tsennym-ob-ektam-ssha/,2026-03-29 16:37:00,Иран пообещал новые удары по ценным объектам США,,Мир,ru,RU
eb706b336aad,lenta,https://lenta.ru/news/2026/03/29/blogera-prozvali-hottabychem-iz-za-detali-vo-vneshnosti/,2026-03-29 16:39:00,Блогера прозвали Хоттабычем из-за детали во внешности,,Ценности,ru,RU
ee4140a08268,lenta,https://lenta.ru/news/2026/03/29/reshetova-pokazala-vneshnost-posle-udaleniya-fillera-iz-gub/,2026-03-29 16:46:00,Решетова показала внешность после удаления филлера из губ,,Ценности,ru,RU
92e012843030,lenta,https://lenta.ru/news/2026/03/29/pushilin-otsenil-shansy-vsu-v-krasnom-limane/,2026-03-29 16:53:00,Пушилин оценил шансы ВСУ в Красном Лимане,,Бывший СССР,ru,RU
a390b86315d5,lenta,https://lenta.ru/news/2026/03/29/byvshiy-forvard-spartaka-uravnyal-chempionat-sssr-s-ligoy-chempionov/,2026-03-29 17:01:00,Бывший форвард «Спартака» уравнял чемпионат СССР с Лигой чемпионов,,Спорт,ru,RU
c1f82a27c671,lenta,https://lenta.ru/news/2026/03/29/shkola-v-gorlovke-popala-pod-obstrel-vsu/,2026-03-29 17:08:00,Школа в Горловке попала под обстрел ВСУ,,Бывший СССР,ru,RU
4ad33ff0569b,lenta,https://lenta.ru/news/2026/03/29/v-dnr-soobschili-o-gorodskih-boyah-v-belitskom/,2026-03-29 17:12:00,В ДНР сообщили о городских боях в Белицком,,Бывший СССР,ru,RU
22efac4d2d62,lenta,https://lenta.ru/news/2026/03/29/v-rossii-vyskazalis-po-povodu-obvineniy-moskvy-vo-vmeshatelstve-v-amerikanskie-vybory/,2026-03-29 17:17:00,В России высказались по поводу обвинений Москвы во вмешательстве в американские выборы,,Россия,ru,RU
878885a7e3a3,lenta,https://lenta.ru/news/2026/03/29/zhena-zelenskogo-pozhalovalas-na-odno-obstoyatelstvo/,2026-03-29 17:23:00,Жена Зеленского пожаловалась на одно обстоятельство,,Бывший СССР,ru,RU
afce8bcf95e4,lenta,https://lenta.ru/news/2026/03/29/zelenskomu-pozhalovalis-na-armiyu/,2026-03-29 17:32:00,Зеленскому пожаловались на армию,,Мир,ru,RU
20f353f5cb63,lenta,https://lenta.ru/news/2026/03/29/mid-pakistana-ob-yavili-o-peregovorah-ssha-i-irana/,2026-03-29 17:36:00,МИД Пакистана объявил о месте переговоров США и Ирана,,Мир,ru,RU
7900621c8332,lenta,https://lenta.ru/news/2026/03/29/v-finlyandii-prizvali-k-rezkim-meram-protiv-ukrainy-za-intsident-s-bpla/,2026-03-29 17:40:00,В Финляндии призвали к резким мерам против Украины за инцидент с БПЛА,,Мир,ru,RU
e229a30650db,lenta,https://lenta.ru/news/2026/03/29/voenkor-soobschil-o-massirovannom-raketnom-udare-po-rossiyskomu-regionu/,2026-03-29 17:47:00,Военкор сообщил о массированном ракетном ударе по российскому региону,,Россия,ru,RU
0babc01cca49,lenta,https://lenta.ru/news/2026/03/29/futbolist-tsska-glebov-stal-odnim-iz-samyh-bystryh-igrokov-mira/,2026-03-29 17:50:00,Футболист ЦСКА Глебов стал одним из самых быстрых игроков мира,,Спорт,ru,RU
eb595cf64997,lenta,https://lenta.ru/news/2026/03/29/amerikanskiy-analitik-zayavil-o-nevozmozhnosti-ssha/,2026-03-29 17:57:00,Американский аналитик высказался о невозможности США объявить о победе над Ираном,,Мир,ru,RU
c13ab273cfbe,lenta,https://lenta.ru/news/2026/03/29/na-novyh-sputnikovyh-snimkah-podbitogo-boeing-e-3-sentry-zametili-vazhnuyu-detal/,2026-03-29 17:59:00,На новых спутниковых снимках подбитого Boeing E-3 Sentry заметили важную деталь,,Россия,ru,RU
7c76a481165d,lenta,https://lenta.ru/news/2026/03/29/fns-nazvala-riskuyuschie-stolknutsya-s-blokirovkoy-schetov-gruppy/,2026-03-29 18:05:00,ФНС назвала рискующие столкнуться с блокировкой счетов группы,,Экономика,ru,RU
a500b40a9127,lenta,https://lenta.ru/news/2026/03/30/zhena-zelenskogo-pozhalovalas-na-ustalost-ot-vlasti/,2026-03-29 18:07:00,Жена Зеленского пожаловалась на усталость от власти,,Бывший СССР,ru,RU
d087eefc5b3c,lenta,https://lenta.ru/news/2026/03/29/v-izraile-vspyhnul-pozhar-na-himzavode-posle-moschnogo-udara-irana/,2026-03-29 18:21:00,В Израиле вспыхнул пожар на химзаводе после мощного удара Ирана,,Мир,ru,RU
e00354430d14,lenta,https://lenta.ru/news/2026/03/30/voenkor-rasskazal-ob-udare-po-frantsuzskim-spetsialistam-v-zhitomirskoy-oblasti/,2026-03-29 18:23:00,Военкор рассказал об ударе по французским специалистам в Житомирской области,,Бывший СССР,ru,RU
94e3b2ca4e43,lenta,https://lenta.ru/news/2026/03/29/nazvano-chislo-pogibshih-s-nachala-konflikta-detey-v-irane/,2026-03-29 18:26:00,Названо число погибших с начала конфликта детей в Иране,,Мир,ru,RU
1031b21afef4,lenta,https://lenta.ru/news/2026/03/30/raskryty-podrobnosti-naleta-vsu-na-rossiyskiy-region/,2026-03-29 18:31:00,Раскрыты подробности налета ВСУ на российский регион,,Россия,ru,RU
90ea4ed96cf7,lenta,https://lenta.ru/news/2026/03/29/sprognozirovana-novaya-gonka-yadernyh-vooruzheniy/,2026-03-29 18:41:00,Спрогнозирована новая гонка ядерных вооружений,,Мир,ru,RU
1fbda4eb761f,lenta,https://lenta.ru/news/2026/03/29/rossiyskie-voennye-podoshli-k-klyuchevomu-uzlu-oborony-vsu/,2026-03-29 18:45:00,Российские военные подошли к ключевому узлу обороны ВСУ,,Бывший СССР,ru,RU
ff471fd67082,lenta,https://lenta.ru/news/2026/03/30/nad-rossiyskim-gorodom-progremelo-bolee-desyati-vzryvov/,2026-03-29 18:46:00,Над российским городом прогремело более десяти взрывов,,Россия,ru,RU
c0e2a0f71972,lenta,https://lenta.ru/news/2026/03/30/prezident-finlyandii-podtverdil-padenie-ukrainskogo-drona-na-territorii-strany/,2026-03-29 18:49:00,Президент Финляндии подтвердил падение украинского дрона на территории страны,,Мир,ru,RU
fd438c78f464,lenta,https://lenta.ru/news/2026/03/29/podpolie-soobschilo-ob-udare-kinzhalami-po-podzemnoy-infrastrukture-vsu/,2026-03-29 18:51:00,Подполье сообщило об ударе «Кинжалами» по подземной инфраструктуре ВСУ,,Бывший СССР,ru,RU
ed3d17771775,lenta,https://lenta.ru/news/2026/03/29/eks-forvard-sbornoy-argentiny-nazval-byvshego-igroka-zenita-naslednikom-messi/,2026-03-29 18:54:00,Экс-форвард сборной Аргентины назвал бывшего игрока «Зенита» наследником Месси,,Спорт,ru,RU
f331deeb5fd4,lenta,https://lenta.ru/news/2026/03/30/ssha-predrekli-polnyy-proval-v-sluchae-provedeniya-nazemnoy-operatsii-v-irane/,2026-03-29 18:57:00,США предрекли полный провал в случае проведения наземной операции в Иране,,Мир,ru,RU
4d6ceb4a3841,lenta,https://lenta.ru/news/2026/03/29/v-britanii-predupredili-o-riske-vozniknoveniya-vtoroy-belorussii/,2026-03-29 18:59:00,В Британии предупредили о риске возникновения «второй Белоруссии»,,Бывший СССР,ru,RU
69cc195461cb,lenta,https://lenta.ru/news/2026/03/29/estontsy-zahoteli-uehat-iz-strany-iz-za-odnoy-problemy-so-storony-ukrainy/,2026-03-29 19:05:00,Эстонцы захотели уехать из страны из-за одной проблемы со стороны Украины,,Бывший СССР,ru,RU
83377b7e36d9,lenta,https://lenta.ru/news/2026/03/30/v-irane-raskryli-vozmozhnyy-plan-trampa-otnositelno-voennoy-operatsii-v-strane/,2026-03-29 19:08:00,В Иране раскрыли возможный план Трампа относительно военной операции в стране,,Мир,ru,RU
2a9a46499453,lenta,https://lenta.ru/news/2026/03/29/otseneny-vozmozhnosti-ssha-i-izrailya-oderzhat-pobedu-nad-iranom/,2026-03-29 19:17:00,Оценены возможности США и Израиля одержать победу над Ираном,,Мир,ru,RU
d9b4d551d1f5,lenta,https://lenta.ru/news/2026/03/29/popadanie-po-alyuminievomu-zavodu-v-oae-snyali-na-video-iz-samoleta/,2026-03-29 19:24:00,Попадание по алюминиевому заводу в ОАЭ сняли на видео из самолета,,Мир,ru,RU
7634b9ab8d0b,lenta,https://lenta.ru/news/2026/03/29/politolog-zayavil-o-bolshom-strahe-finlyandii-iz-za-ukrainy/,2026-03-29 19:26:00,Политолог заявил о большом страхе Финляндии из-за Украины,,Мир,ru,RU
916fbd4fed7b,lenta,https://lenta.ru/news/2026/03/30/v-ssha-priznali-nalichie-u-irana-rychaga-davleniya-na-vashington/,2026-03-29 19:26:00,В США признали наличие у Ирана рычага давления на Вашингтон,,Мир,ru,RU
211d7fc92c5d,lenta,https://lenta.ru/news/2026/03/30/stalo-izvestno-o-pozhare-v-rossiyskoy-shkole-iz-za-udara-ukrainskogo-bespilotnika/,2026-03-29 19:33:00,Стало известно о пожаре в российской школе из-за удара украинского беспилотника,,Россия,ru,RU
0052fe9cc3f1,lenta,https://lenta.ru/news/2026/03/29/v-dubae-unichtozhili-dva-desyatka-ukrainskih-boytsov/,2026-03-29 19:39:00,В Дубае уничтожили два десятка украинских бойцов,,Мир,ru,RU
70cc1791cf56,lenta,https://lenta.ru/news/2026/03/30/rossiyanin-postradal-pri-atake-vsu/,2026-03-29 19:43:00,Россиянин пострадал при атаке ВСУ,,Россия,ru,RU
ddae655e12dd,lenta,https://lenta.ru/news/2026/03/30/na-ukraine-vernuvshemusya-iz-plena-soldatu-otkazali-v-polozhennyh-vyplatah/,2026-03-29 19:51:00,На Украине вернувшемуся из плена солдату отказали в положенных выплатах,,Бывший СССР,ru,RU
2366c981ca8f,lenta,https://lenta.ru/news/2026/03/29/nazvany-predpolozhitelnye-sroki-nachala-nazemnoy-operatsii-ssha-v-irane/,2026-03-29 19:51:00,Названы предположительные сроки начала наземной операции США в Иране,,Мир,ru,RU
45bbefad1493,lenta,https://lenta.ru/news/2026/03/29/na-zapade-zayavili-o-nedootsenke-posledstviy-krizisa-iz-za-voyny-na-blizhnem-vostoke/,2026-03-29 19:55:00,На Западе заявили о недооценке последствий кризиса из-за войны на Ближнем Востоке,,Экономика,ru,RU
b7d6dcf62f16,lenta,https://lenta.ru/news/2026/03/30/ukraintsam-dali-sovet-po-vyzhivaniyu-sleduyuschey-zimoy/,2026-03-29 19:59:00,Украинцам дали совет по выживанию следующей зимой,,Бывший СССР,ru,RU
e67e2cb303e0,lenta,https://lenta.ru/news/2026/03/30/odin-chelovek-pogib-pri-atake-vsu-na-taganrog/,2026-03-29 20:00:00,Один человек погиб при атаке ВСУ на Таганрог,,Россия,ru,RU
9e50eab5bc57,lenta,https://lenta.ru/news/2026/03/29/v-ssha-obratilis-k-trampu-s-trevozhnym-soobscheniem-ob-irane/,2026-03-29 20:05:00,В США обратились к Трампу с тревожным сообщением об Иране,,Мир,ru,RU
c694ea01259a,lenta,https://lenta.ru/news/2026/03/30/na-zapade-dopustili-ataku-ssha-na-grazhdanskie-tseli-v-irane/,2026-03-29 20:13:00,На Западе допустили атаку США на гражданские цели в Иране,,Мир,ru,RU
f995c6507c12,lenta,https://lenta.ru/news/2026/03/29/deputat-gosdumy-valuev-vyskazalsya-protiv-vozvrascheniya-piva-na-stadiony/,2026-03-29 20:14:00,Депутат Госдумы Валуев высказался против возвращения пива на стадионы,,Спорт,ru,RU
826d9137ed24,lenta,https://lenta.ru/news/2026/03/29/v-italii-lyudi-v-maskah-ukrali-tri-kartiny-znamenityh-hudozhnikov/,2026-03-29 20:17:00,В Италии люди в масках украли три картины знаменитых художников,,Из жизни,ru,RU
aca084fbf1c1,lenta,https://lenta.ru/news/2026/03/29/v-ssha-priznali-preimuschestvo-rossii-v-konflikte-s-ukrainoy/,2026-03-29 20:21:00,В США признали преимущество России в конфликте с Украиной,,Мир,ru,RU
c0319096234a,lenta,https://lenta.ru/news/2026/03/30/prezident-irana-nazval-izrailskih-koroley-pravitelyami-demokratii-v-ssha/,2026-03-29 20:23:00,Президент Ирана назвал «израильских королей» правителями демократии в США,,Мир,ru,RU
63d0aa7f143d,lenta,https://lenta.ru/news/2026/03/29/v-ssha-zasekli-bespilotnik-ryadom-s-vzletayuschim-bortom-trampa/,2026-03-29 20:25:05,В США засекли беспилотник рядом с взлетающим бортом Трампа,,Мир,ru,RU
